[    0.000000] microcode: microcode updated early to revision 0x104, date = 2024-11-14
[    0.000000] Linux version 5.15.0-157-generic (buildd@lcy02-amd64-039) (gcc (Ubuntu 9.4.0-1ubuntu1~20.04.2) 9.4.0, GNU ld (GNU Binutils for Ubuntu) 2.34) #167~20.04.1-Ubuntu SMP Mon Sep 22 10:27:31 UTC 2025 (Ubuntu 5.15.0-157.167~20.04.1-generic 5.15.189)
[    0.000000] Command line: BOOT_IMAGE=/boot/vmlinuz-5.15.0-157-generic root=UUID=60880869-b24a-4812-a662-cba892c8c40b ro quiet splash usbcore.autosuspend=-1 vt.handoff=7
[    0.000000] KERNEL supported cpus:
[    0.000000]   Intel GenuineIntel
[    0.000000]   AMD AuthenticAMD
[    0.000000]   Hygon HygonGenuine
[    0.000000]   Centaur CentaurHauls
[    0.000000]   zhaoxin   Shanghai  
[    0.000000] BIOS-provided physical RAM map:
[    0.000000] BIOS-e820: [mem 0x0000000000000000-0x000000000009efff] usable
[    0.000000] BIOS-e820: [mem 0x000000000009f000-0x00000000000fffff] reserved
[    0.000000] BIOS-e820: [mem 0x0000000000100000-0x000000007a7e7fff] usable
[    0.000000] BIOS-e820: [mem 0x000000007a7e8000-0x000000007b96cfff] reserved
[    0.000000] BIOS-e820: [mem 0x000000007b96d000-0x000000007b9e9fff] ACPI data
[    0.000000] BIOS-e820: [mem 0x000000007b9ea000-0x000000007bb66fff] ACPI NVS
[    0.000000] BIOS-e820: [mem 0x000000007bb67000-0x000000007cc0efff] reserved
[    0.000000] BIOS-e820: [mem 0x000000007cc0f000-0x000000007cc0ffff] usable
[    0.000000] BIOS-e820: [mem 0x000000007cc10000-0x000000007fffffff] reserved
[    0.000000] BIOS-e820: [mem 0x00000000e0000000-0x00000000efffffff] reserved
[    0.000000] BIOS-e820: [mem 0x00000000fe000000-0x00000000fe010fff] reserved
[    0.000000] BIOS-e820: [mem 0x00000000fec00000-0x00000000fec00fff] reserved
[    0.000000] BIOS-e820: [mem 0x00000000fed00000-0x00000000fed03fff] reserved
[    0.000000] BIOS-e820: [mem 0x00000000fee00000-0x00000000fee00fff] reserved
[    0.000000] BIOS-e820: [mem 0x00000000ff000000-0x00000000ffffffff] reserved
[    0.000000] BIOS-e820: [mem 0x0000000100000000-0x000000047bffffff] usable
[    0.000000] NX (Execute Disable) protection: active
[    0.000000] e820: update [mem 0x6c787018-0x6c7ad857] usable ==> usable
[    0.000000] e820: update [mem 0x6c787018-0x6c7ad857] usable ==> usable
[    0.000000] e820: update [mem 0x6c776018-0x6c786e57] usable ==> usable
[    0.000000] e820: update [mem 0x6c776018-0x6c786e57] usable ==> usable
[    0.000000] extended physical RAM map:
[    0.000000] reserve setup_data: [mem 0x0000000000000000-0x000000000009efff] usable
[    0.000000] reserve setup_data: [mem 0x000000000009f000-0x00000000000fffff] reserved
[    0.000000] reserve setup_data: [mem 0x0000000000100000-0x000000006c776017] usable
[    0.000000] reserve setup_data: [mem 0x000000006c776018-0x000000006c786e57] usable
[    0.000000] reserve setup_data: [mem 0x000000006c786e58-0x000000006c787017] usable
[    0.000000] reserve setup_data: [mem 0x000000006c787018-0x000000006c7ad857] usable
[    0.000000] reserve setup_data: [mem 0x000000006c7ad858-0x000000007a7e7fff] usable
[    0.000000] reserve setup_data: [mem 0x000000007a7e8000-0x000000007b96cfff] reserved
[    0.000000] reserve setup_data: [mem 0x000000007b96d000-0x000000007b9e9fff] ACPI data
[    0.000000] reserve setup_data: [mem 0x000000007b9ea000-0x000000007bb66fff] ACPI NVS
[    0.000000] reserve setup_data: [mem 0x000000007bb67000-0x000000007cc0efff] reserved
[    0.000000] reserve setup_data: [mem 0x000000007cc0f000-0x000000007cc0ffff] usable
[    0.000000] reserve setup_data: [mem 0x000000007cc10000-0x000000007fffffff] reserved
[    0.000000] reserve setup_data: [mem 0x00000000e0000000-0x00000000efffffff] reserved
[    0.000000] reserve setup_data: [mem 0x00000000fe000000-0x00000000fe010fff] reserved
[    0.000000] reserve setup_data: [mem 0x00000000fec00000-0x00000000fec00fff] reserved
[    0.000000] reserve setup_data: [mem 0x00000000fed00000-0x00000000fed03fff] reserved
[    0.000000] reserve setup_data: [mem 0x00000000fee00000-0x00000000fee00fff] reserved
[    0.000000] reserve setup_data: [mem 0x00000000ff000000-0x00000000ffffffff] reserved
[    0.000000] reserve setup_data: [mem 0x0000000100000000-0x000000047bffffff] usable
[    0.000000] efi: EFI v2.70 by American Megatrends
[    0.000000] efi: ACPI 2.0=0x7ba49000 ACPI=0x7ba49000 TPMFinalLog=0x7bab2000 SMBIOS=0x7c9d0000 SMBIOS 3.0=0x7c9cf000 MEMATTR=0x77a5b018 ESRT=0x772a0f18 MOKvar=0x7c9e6000 RNG=0x7b9e9018 TPMEventLog=0x7b9e5018 
[    0.000000] random: crng init done
[    0.000000] secureboot: Secure boot disabled
[    0.000000] SMBIOS 3.2.0 present.
[    0.000000] DMI: NEXCOM aROK8110/aROK8110, BIOS MR80-012 11/17/2020
[    0.000000] tsc: Detected 3400.000 MHz processor
[    0.000000] tsc: Detected 3399.906 MHz TSC
[    0.000575] e820: update [mem 0x00000000-0x00000fff] usable ==> reserved
[    0.000577] e820: remove [mem 0x000a0000-0x000fffff] usable
[    0.000586] last_pfn = 0x47c000 max_arch_pfn = 0x400000000
[    0.000748] x86/PAT: Configuration [0-7]: WB  WC  UC- UC  WB  WP  UC- WT  
[    0.001625] last_pfn = 0x7cc10 max_arch_pfn = 0x400000000
[    0.017115] esrt: Reserving ESRT space from 0x00000000772a0f18 to 0x00000000772a0f50.
[    0.017121] e820: update [mem 0x772a0000-0x772a0fff] usable ==> reserved
[    0.017139] Using GB pages for direct mapping
[    0.017454] secureboot: Secure boot disabled
[    0.017455] RAMDISK: [mem 0x6c7ae000-0x7201efff]
[    0.017460] ACPI: Early table checksum verification disabled
[    0.017463] ACPI: RSDP 0x000000007BA49000 000024 (v02 ALASKA)
[    0.017467] ACPI: XSDT 0x000000007BA490B0 0000E4 (v01 ALASKA A M I    01072009 AMI  00010013)
[    0.017472] ACPI: FACP 0x000000007BA86578 000114 (v06 ALASKA A M I    01072009 AMI  00010013)
[    0.017477] ACPI: DSDT 0x000000007BA49230 03D342 (v02 ALASKA A M I    01072009 INTL 20160527)
[    0.017480] ACPI: FACS 0x000000007BB66080 000040
[    0.017482] ACPI: APIC 0x000000007BA86690 00012C (v04 ALASKA A M I    01072009 AMI  00010013)
[    0.017485] ACPI: FPDT 0x000000007BA867C0 000044 (v01 ALASKA A M I    01072009 AMI  00010013)
[    0.017488] ACPI: FIDT 0x000000007BA86808 00009C (v01 ALASKA A M I    01072009 AMI  00010013)
[    0.017491] ACPI: MCFG 0x000000007BA868A8 00003C (v01 ALASKA A M I    01072009 MSFT 00000097)
[    0.017494] ACPI: SSDT 0x000000007BA868E8 001B60 (v02 CpuRef CpuSsdt  00003000 INTL 20160527)
[    0.017497] ACPI: SSDT 0x000000007BA88448 0031C6 (v02 SaSsdt SaSsdt   00003000 INTL 20160527)
[    0.017500] ACPI: SSDT 0x000000007BA8B610 002710 (v02 PegSsd PegSsdt  00001000 INTL 20160527)
[    0.017503] ACPI: HPET 0x000000007BA8DD20 000038 (v01 ALASKA A M I    00000002      01000013)
[    0.017505] ACPI: SSDT 0x000000007BA8DD58 001CD5 (v02 ALASKA CflS_Rvp 00001000 INTL 20160527)
[    0.017508] ACPI: SSDT 0x000000007BA8FA30 000FAE (v02 ALASKA Ther_Rvp 00001000 INTL 20160527)
[    0.017511] ACPI: SSDT 0x000000007BA909E0 002FCE (v02 INTEL  xh_cfsd4 00000000 INTL 20160527)
[    0.017514] ACPI: UEFI 0x000000007BA939B0 000042 (v01 ALASKA A M I    00000002      01000013)
[    0.017517] ACPI: LPIT 0x000000007BA939F8 000094 (v01 ALASKA A M I    00000002      01000013)
[    0.017520] ACPI: SSDT 0x000000007BA93A90 0027DE (v02 ALASKA PtidDevc 00001000 INTL 20160527)
[    0.017523] ACPI: SSDT 0x000000007BA96270 0014E2 (v02 ALASKA TbtTypeC 00000000 INTL 20160527)
[    0.017525] ACPI: DBGP 0x000000007BA97758 000034 (v01 ALASKA A M I    00000002      01000013)
[    0.017528] ACPI: DBG2 0x000000007BA97790 000054 (v00 ALASKA A M I    00000002      01000013)
[    0.017531] ACPI: SSDT 0x000000007BA977E8 001B67 (v02 ALASKA UsbCTabl 00001000 INTL 20160527)
[    0.017534] ACPI: DMAR 0x000000007BA99350 0000C8 (v01 INTEL  EDK2     00000002      01000013)
[    0.017537] ACPI: SSDT 0x000000007BA99418 000144 (v02 Intel  ADebTabl 00001000 INTL 20160527)
[    0.017540] ACPI: TPM2 0x000000007BA99560 000034 (v04 ALASKA A M I    00000001 AMI  00000000)
[    0.017542] ACPI: ASF! 0x000000007BA99598 000074 (v32 ALASKA A M I    00000002      01000013)
[    0.017545] ACPI: WSMT 0x000000007BA99610 000028 (v01 ALASKA A M I    01072009 AMI  00010013)
[    0.017548] ACPI: Reserving FACP table memory at [mem 0x7ba86578-0x7ba8668b]
[    0.017549] ACPI: Reserving DSDT table memory at [mem 0x7ba49230-0x7ba86571]
[    0.017550] ACPI: Reserving FACS table memory at [mem 0x7bb66080-0x7bb660bf]
[    0.017551] ACPI: Reserving APIC table memory at [mem 0x7ba86690-0x7ba867bb]
[    0.017552] ACPI: Reserving FPDT table memory at [mem 0x7ba867c0-0x7ba86803]
[    0.017553] ACPI: Reserving FIDT table memory at [mem 0x7ba86808-0x7ba868a3]
[    0.017554] ACPI: Reserving MCFG table memory at [mem 0x7ba868a8-0x7ba868e3]
[    0.017555] ACPI: Reserving SSDT table memory at [mem 0x7ba868e8-0x7ba88447]
[    0.017556] ACPI: Reserving SSDT table memory at [mem 0x7ba88448-0x7ba8b60d]
[    0.017557] ACPI: Reserving SSDT table memory at [mem 0x7ba8b610-0x7ba8dd1f]
[    0.017558] ACPI: Reserving HPET table memory at [mem 0x7ba8dd20-0x7ba8dd57]
[    0.017559] ACPI: Reserving SSDT table memory at [mem 0x7ba8dd58-0x7ba8fa2c]
[    0.017560] ACPI: Reserving SSDT table memory at [mem 0x7ba8fa30-0x7ba909dd]
[    0.017561] ACPI: Reserving SSDT table memory at [mem 0x7ba909e0-0x7ba939ad]
[    0.017562] ACPI: Reserving UEFI table memory at [mem 0x7ba939b0-0x7ba939f1]
[    0.017563] ACPI: Reserving LPIT table memory at [mem 0x7ba939f8-0x7ba93a8b]
[    0.017564] ACPI: Reserving SSDT table memory at [mem 0x7ba93a90-0x7ba9626d]
[    0.017565] ACPI: Reserving SSDT table memory at [mem 0x7ba96270-0x7ba97751]
[    0.017566] ACPI: Reserving DBGP table memory at [mem 0x7ba97758-0x7ba9778b]
[    0.017567] ACPI: Reserving DBG2 table memory at [mem 0x7ba97790-0x7ba977e3]
[    0.017568] ACPI: Reserving SSDT table memory at [mem 0x7ba977e8-0x7ba9934e]
[    0.017569] ACPI: Reserving DMAR table memory at [mem 0x7ba99350-0x7ba99417]
[    0.017570] ACPI: Reserving SSDT table memory at [mem 0x7ba99418-0x7ba9955b]
[    0.017571] ACPI: Reserving TPM2 table memory at [mem 0x7ba99560-0x7ba99593]
[    0.017572] ACPI: Reserving ASF! table memory at [mem 0x7ba99598-0x7ba9960b]
[    0.017573] ACPI: Reserving WSMT table memory at [mem 0x7ba99610-0x7ba99637]
[    0.017899] No NUMA configuration found
[    0.017900] Faking a node at [mem 0x0000000000000000-0x000000047bffffff]
[    0.017909] NODE_DATA(0) allocated [mem 0x47bfd6000-0x47bffffff]
[    0.018153] Zone ranges:
[    0.018154]   DMA      [mem 0x0000000000001000-0x0000000000ffffff]
[    0.018156]   DMA32    [mem 0x0000000001000000-0x00000000ffffffff]
[    0.018157]   Normal   [mem 0x0000000100000000-0x000000047bffffff]
[    0.018159]   Device   empty
[    0.018160] Movable zone start for each node
[    0.018162] Early memory node ranges
[    0.018163]   node   0: [mem 0x0000000000001000-0x000000000009efff]
[    0.018164]   node   0: [mem 0x0000000000100000-0x000000007a7e7fff]
[    0.018165]   node   0: [mem 0x000000007cc0f000-0x000000007cc0ffff]
[    0.018166]   node   0: [mem 0x0000000100000000-0x000000047bffffff]
[    0.018169] Initmem setup node 0 [mem 0x0000000000001000-0x000000047bffffff]
[    0.018173] On node 0, zone DMA: 1 pages in unavailable ranges
[    0.018190] On node 0, zone DMA: 97 pages in unavailable ranges
[    0.020410] On node 0, zone DMA32: 9255 pages in unavailable ranges
[    0.036806] On node 0, zone Normal: 13296 pages in unavailable ranges
[    0.037011] On node 0, zone Normal: 16384 pages in unavailable ranges
[    0.037307] ACPI: PM-Timer IO Port: 0x1808
[    0.037314] ACPI: LAPIC_NMI (acpi_id[0x01] high edge lint[0x1])
[    0.037316] ACPI: LAPIC_NMI (acpi_id[0x02] high edge lint[0x1])
[    0.037317] ACPI: LAPIC_NMI (acpi_id[0x03] high edge lint[0x1])
[    0.037317] ACPI: LAPIC_NMI (acpi_id[0x04] high edge lint[0x1])
[    0.037318] ACPI: LAPIC_NMI (acpi_id[0x05] high edge lint[0x1])
[    0.037319] ACPI: LAPIC_NMI (acpi_id[0x06] high edge lint[0x1])
[    0.037320] ACPI: LAPIC_NMI (acpi_id[0x07] high edge lint[0x1])
[    0.037321] ACPI: LAPIC_NMI (acpi_id[0x08] high edge lint[0x1])
[    0.037321] ACPI: LAPIC_NMI (acpi_id[0x09] high edge lint[0x1])
[    0.037322] ACPI: LAPIC_NMI (acpi_id[0x0a] high edge lint[0x1])
[    0.037323] ACPI: LAPIC_NMI (acpi_id[0x0b] high edge lint[0x1])
[    0.037324] ACPI: LAPIC_NMI (acpi_id[0x0c] high edge lint[0x1])
[    0.037325] ACPI: LAPIC_NMI (acpi_id[0x0d] high edge lint[0x1])
[    0.037325] ACPI: LAPIC_NMI (acpi_id[0x0e] high edge lint[0x1])
[    0.037326] ACPI: LAPIC_NMI (acpi_id[0x0f] high edge lint[0x1])
[    0.037327] ACPI: LAPIC_NMI (acpi_id[0x10] high edge lint[0x1])
[    0.037368] IOAPIC[0]: apic_id 2, version 32, address 0xfec00000, GSI 0-119
[    0.037370] ACPI: INT_SRC_OVR (bus 0 bus_irq 0 global_irq 2 dfl dfl)
[    0.037372] ACPI: INT_SRC_OVR (bus 0 bus_irq 9 global_irq 9 high level)
[    0.037375] ACPI: Using ACPI (MADT) for SMP configuration information
[    0.037377] ACPI: HPET id: 0x8086a201 base: 0xfed00000
[    0.037379] TSC deadline timer available
[    0.037380] smpboot: Allowing 16 CPUs, 0 hotplug CPUs
[    0.037396] PM: hibernation: Registered nosave memory: [mem 0x00000000-0x00000fff]
[    0.037398] PM: hibernation: Registered nosave memory: [mem 0x0009f000-0x000fffff]
[    0.037400] PM: hibernation: Registered nosave memory: [mem 0x772a0000-0x772a0fff]
[    0.037402] PM: hibernation: Registered nosave memory: [mem 0x7a7e8000-0x7cc0efff]
[    0.037403] PM: hibernation: Registered nosave memory: [mem 0x7cc10000-0xffffffff]
[    0.037405] [mem 0x80000000-0xdfffffff] available for PCI devices
[    0.037406] Booting paravirtualized kernel on bare hardware
[    0.037408] clocksource: refined-jiffies: mask: 0xffffffff max_cycles: 0xffffffff, max_idle_ns: 7645519600211568 ns
[    0.037414] setup_percpu: NR_CPUS:8192 nr_cpumask_bits:16 nr_cpu_ids:16 nr_node_ids:1
[    0.037702] percpu: Embedded 62 pages/cpu s217088 r8192 d28672 u262144
[    0.037709] pcpu-alloc: s217088 r8192 d28672 u262144 alloc=1*2097152
[    0.037711] pcpu-alloc: [0] 00 01 02 03 04 05 06 07 [0] 08 09 10 11 12 13 14 15 
[    0.037742] Built 1 zonelists, mobility grouping on.  Total pages: 4090185
[    0.037744] Policy zone: Normal
[    0.037745] Kernel command line: BOOT_IMAGE=/boot/vmlinuz-5.15.0-157-generic root=UUID=60880869-b24a-4812-a662-cba892c8c40b ro quiet splash usbcore.autosuspend=-1 vt.handoff=7
[    0.037829] Unknown kernel command line parameters "splash BOOT_IMAGE=/boot/vmlinuz-5.15.0-157-generic", will be passed to user space.
[    0.038469] Dentry cache hash table entries: 2097152 (order: 12, 16777216 bytes, linear)
[    0.038810] Inode-cache hash table entries: 1048576 (order: 11, 8388608 bytes, linear)
[    0.038997] mem auto-init: stack:off, heap alloc:on, heap free:off
[    0.074361] Memory: 16031648K/16621084K available (16394K kernel code, 4393K rwdata, 10896K rodata, 3288K init, 18784K bss, 589176K reserved, 0K cma-reserved)
[    0.074489] SLUB: HWalign=64, Order=0-3, MinObjects=0, CPUs=16, Nodes=1
[    0.074510] ftrace: allocating 50369 entries in 197 pages
[    0.098208] ftrace: allocated 197 pages with 4 groups
[    0.098318] rcu: Hierarchical RCU implementation.
[    0.098319] rcu: 	RCU restricting CPUs from NR_CPUS=8192 to nr_cpu_ids=16.
[    0.098320] 	Rude variant of Tasks RCU enabled.
[    0.098321] 	Tracing variant of Tasks RCU enabled.
[    0.098321] rcu: RCU calculated value of scheduler-enlistment delay is 25 jiffies.
[    0.098322] rcu: Adjusting geometry for rcu_fanout_leaf=16, nr_cpu_ids=16
[    0.102618] NR_IRQS: 524544, nr_irqs: 2184, preallocated irqs: 16
[    0.103053] Console: colour dummy device 80x25
[    0.103067] printk: console [tty0] enabled
[    0.103086] ACPI: Core revision 20210730
[    0.103277] hpet: HPET dysfunctional in PC10. Force disabled.
[    0.103316] APIC: Switch to symmetric I/O mode setup
[    0.103318] DMAR: Host address width 39
[    0.103319] DMAR: DRHD base: 0x000000fed90000 flags: 0x0
[    0.103323] DMAR: dmar0: reg_base_addr fed90000 ver 1:0 cap 1c0000c40660462 ecap 19e2ff0505e
[    0.103325] DMAR: DRHD base: 0x000000fed91000 flags: 0x1
[    0.103328] DMAR: dmar1: reg_base_addr fed91000 ver 1:0 cap d2008c40660462 ecap f050da
[    0.103330] DMAR: RMRR base: 0x0000007c304000 end: 0x0000007c54dfff
[    0.103332] DMAR: RMRR base: 0x0000007d800000 end: 0x0000007fffffff
[    0.103332] DMAR: RMRR base: 0x0000007b8ec000 end: 0x0000007b96bfff
[    0.103334] DMAR-IR: IOAPIC id 2 under DRHD base  0xfed91000 IOMMU 1
[    0.103335] DMAR-IR: HPET id 0 under DRHD base 0xfed91000
[    0.103336] DMAR-IR: Queued invalidation will be enabled to support x2apic and Intr-remapping.
[    0.104961] DMAR-IR: Enabled IRQ remapping in x2apic mode
[    0.104963] x2apic enabled
[    0.104986] Switched APIC routing to cluster x2apic.
[    0.109490] clocksource: tsc-early: mask: 0xffffffffffffffff max_cycles: 0x3101f59f5e6, max_idle_ns: 440795259996 ns
[    0.109496] Calibrating delay loop (skipped), value calculated using timer frequency.. 6799.81 BogoMIPS (lpj=13599624)
[    0.109513] x86/cpu: SGX disabled by BIOS.
[    0.109519] CPU0: Thermal monitoring enabled (TM1)
[    0.109575] process: using mwait in idle threads
[    0.109576] Last level iTLB entries: 4KB 64, 2MB 8, 4MB 8
[    0.109577] Last level dTLB entries: 4KB 64, 2MB 32, 4MB 32, 1GB 4
[    0.109581] Spectre V1 : Mitigation: usercopy/swapgs barriers and __user pointer sanitization
[    0.109583] Spectre V2 : Spectre BHI mitigation: SW BHB clearing on vm exit
[    0.109583] Spectre V2 : Spectre BHI mitigation: SW BHB clearing on syscall
[    0.109584] Spectre V2 : Mitigation: Enhanced / Automatic IBRS
[    0.109584] Spectre V2 : Spectre v2 / PBRSB-eIBRS: Retire a single CALL on VMEXIT
[    0.109585] RETBleed: Mitigation: Enhanced IBRS
[    0.109586] Spectre V2 : mitigation: Enabling conditional Indirect Branch Prediction Barrier
[    0.109588] Speculative Store Bypass: Mitigation: Speculative Store Bypass disabled via prctl and seccomp
[    0.109591] TAA: Mitigation: TSX disabled
[    0.109591] MMIO Stale Data: Mitigation: Clear CPU buffers
[    0.109594] SRBDS: Mitigation: Microcode
[    0.109598] GDS: Mitigation: Microcode
[    0.109599] ITS: Mitigation: Aligned branch/return thunks
[    0.109606] x86/fpu: Supporting XSAVE feature 0x001: 'x87 floating point registers'
[    0.109607] x86/fpu: Supporting XSAVE feature 0x002: 'SSE registers'
[    0.109608] x86/fpu: Supporting XSAVE feature 0x004: 'AVX registers'
[    0.109609] x86/fpu: Supporting XSAVE feature 0x008: 'MPX bounds registers'
[    0.109609] x86/fpu: Supporting XSAVE feature 0x010: 'MPX CSR'
[    0.109611] x86/fpu: xstate_offset[2]:  576, xstate_sizes[2]:  256
[    0.109612] x86/fpu: xstate_offset[3]:  832, xstate_sizes[3]:   64
[    0.109613] x86/fpu: xstate_offset[4]:  896, xstate_sizes[4]:   64
[    0.109614] x86/fpu: Enabled xstate features 0x1f, context size is 960 bytes, using 'compacted' format.
[    0.113493] Freeing SMP alternatives memory: 44K
[    0.113493] pid_max: default: 32768 minimum: 301
[    0.113493] LSM: Security Framework initializing
[    0.113493] landlock: Up and running.
[    0.113493] Yama: becoming mindful.
[    0.113493] AppArmor: AppArmor initialized
[    0.113493] Mount-cache hash table entries: 32768 (order: 6, 262144 bytes, linear)
[    0.113493] Mountpoint-cache hash table entries: 32768 (order: 6, 262144 bytes, linear)
[    0.113493] smpboot: Estimated ratio of average max frequency by base frequency (times 1024): 1445
[    0.113493] smpboot: CPU0: Intel(R) Xeon(R) E-2278G CPU @ 3.40GHz (family: 0x6, model: 0x9e, stepping: 0xd)
[    0.113493] Performance Events: PEBS fmt3+, Skylake events, 32-deep LBR, full-width counters, Intel PMU driver.
[    0.113493] ... version:                4
[    0.113493] ... bit width:              48
[    0.113493] ... generic registers:      4
[    0.113493] ... value mask:             0000ffffffffffff
[    0.113493] ... max period:             00007fffffffffff
[    0.113493] ... fixed-purpose events:   3
[    0.113493] ... event mask:             000000070000000f
[    0.113493] signal: max sigframe size: 2032
[    0.113493] rcu: Hierarchical SRCU implementation.
[    0.113493] NMI watchdog: Enabled. Permanently consumes one hw-PMU counter.
[    0.113493] smp: Bringing up secondary CPUs ...
[    0.113493] x86: Booting SMP configuration:
[    0.113493] .... node  #0, CPUs:        #1  #2  #3  #4  #5  #6  #7  #8
[    0.126712] Transient Scheduler Attacks: MMIO Stale Data CPU bug present and SMT on, data leak possible. See https://www.kernel.org/doc/html/latest/admin-guide/hw-vuln/processor_mmio_stale_data.html for more details.
[    0.126712]   #9 #10 #11 #12 #13 #14 #15
[    0.130066] smp: Brought up 1 node, 16 CPUs
[    0.130066] smpboot: Max logical packages: 1
[    0.130066] smpboot: Total of 16 processors activated (108796.99 BogoMIPS)
[    0.134044] devtmpfs: initialized
[    0.134044] x86/mm: Memory block size: 128MB
[    0.134392] ACPI: PM: Registering ACPI NVS region [mem 0x7b9ea000-0x7bb66fff] (1560576 bytes)
[    0.134392] clocksource: jiffies: mask: 0xffffffff max_cycles: 0xffffffff, max_idle_ns: 7645041785100000 ns
[    0.134392] futex hash table entries: 4096 (order: 6, 262144 bytes, linear)
[    0.134392] pinctrl core: initialized pinctrl subsystem
[    0.134392] PM: RTC time: 02:24:59, date: 2025-10-10
[    0.134392] NET: Registered PF_NETLINK/PF_ROUTE protocol family
[    0.134392] DMA: preallocated 2048 KiB GFP_KERNEL pool for atomic allocations
[    0.134392] DMA: preallocated 2048 KiB GFP_KERNEL|GFP_DMA pool for atomic allocations
[    0.134392] DMA: preallocated 2048 KiB GFP_KERNEL|GFP_DMA32 pool for atomic allocations
[    0.134392] audit: initializing netlink subsys (disabled)
[    0.134392] audit: type=2000 audit(1760063099.024:1): state=initialized audit_enabled=0 res=1
[    0.134392] thermal_sys: Registered thermal governor 'fair_share'
[    0.134392] thermal_sys: Registered thermal governor 'bang_bang'
[    0.134392] thermal_sys: Registered thermal governor 'step_wise'
[    0.134392] thermal_sys: Registered thermal governor 'user_space'
[    0.134392] thermal_sys: Registered thermal governor 'power_allocator'
[    0.134392] cpuidle: using governor ladder
[    0.134392] cpuidle: using governor menu
[    0.134392] ACPI: bus type PCI registered
[    0.134392] acpiphp: ACPI Hot Plug PCI Controller Driver version: 0.5
[    0.134392] PCI: MMCONFIG for domain 0000 [bus 00-ff] at [mem 0xe0000000-0xefffffff] (base 0xe0000000)
[    0.134392] PCI: MMCONFIG at [mem 0xe0000000-0xefffffff] reserved in E820
[    0.134392] PCI: Using configuration type 1 for base access
[    0.134392] ENERGY_PERF_BIAS: Set to 'normal', was 'performance'
[    0.137824] kprobes: kprobe jump-optimization is enabled. All kprobes are optimized if possible.
[    0.137828] HugeTLB registered 1.00 GiB page size, pre-allocated 0 pages
[    0.137828] HugeTLB registered 2.00 MiB page size, pre-allocated 0 pages
[    0.137828] fbcon: Taking over console
[    0.137828] ACPI: Added _OSI(Module Device)
[    0.137828] ACPI: Added _OSI(Processor Device)
[    0.137828] ACPI: Added _OSI(Processor Aggregator Device)
[    0.137828] ACPI: Added _OSI(Linux-Dell-Video)
[    0.137828] ACPI: Added _OSI(Linux-Lenovo-NV-HDMI-Audio)
[    0.137828] ACPI: Added _OSI(Linux-HPI-Hybrid-Graphics)
[    0.206127] ACPI: 11 ACPI AML tables successfully acquired and loaded
[    0.213426] ACPI: Dynamic OEM Table Load:
[    0.213432] ACPI: SSDT 0xFFFF9F320022CA00 0000F4 (v02 PmRef  Cpu0Psd  00003000 INTL 20160527)
[    0.214450] ACPI: \_SB_.PR00: _OSC native thermal LVT Acked
[    0.216190] ACPI: Dynamic OEM Table Load:
[    0.216195] ACPI: SSDT 0xFFFF9F3201A2F400 000400 (v02 PmRef  Cpu0Cst  00003001 INTL 20160527)
[    0.217308] ACPI: Dynamic OEM Table Load:
[    0.217313] ACPI: SSDT 0xFFFF9F3201A3D800 000689 (v02 PmRef  Cpu0Ist  00003000 INTL 20160527)
[    0.218520] ACPI: Dynamic OEM Table Load:
[    0.218524] ACPI: SSDT 0xFFFF9F3200B42600 000149 (v02 PmRef  Cpu0Hwp  00003000 INTL 20160527)
[    0.219543] ACPI: Dynamic OEM Table Load:
[    0.219547] ACPI: SSDT 0xFFFF9F3201A38000 000724 (v02 PmRef  HwpLvt   00003000 INTL 20160527)
[    0.220790] ACPI: Dynamic OEM Table Load:
[    0.220795] ACPI: SSDT 0xFFFF9F3201A3A800 0005FC (v02 PmRef  ApIst    00003000 INTL 20160527)
[    0.221960] ACPI: Dynamic OEM Table Load:
[    0.221964] ACPI: SSDT 0xFFFF9F3201A2B000 000317 (v02 PmRef  ApHwp    00003000 INTL 20160527)
[    0.223124] ACPI: Dynamic OEM Table Load:
[    0.223129] ACPI: SSDT 0xFFFF9F320018C000 000AB0 (v02 PmRef  ApPsd    00003000 INTL 20160527)
[    0.224798] ACPI: Dynamic OEM Table Load:
[    0.224802] ACPI: SSDT 0xFFFF9F3201A2C800 00030A (v02 PmRef  ApCst    00003000 INTL 20160527)
[    0.232976] ACPI: Interpreter enabled
[    0.233008] ACPI: PM: (supports S0 S3 S4 S5)
[    0.233009] ACPI: Using IOAPIC for interrupt routing
[    0.233042] PCI: Using host bridge windows from ACPI; if necessary, use "pci=nocrs" and report a bug
[    0.233043] PCI: Using E820 reservations for host bridge windows
[    0.234404] ACPI: Enabled 9 GPEs in block 00 to 7F
[    0.250652] ACPI: PM: Power Resource [USBC]
[    0.250803] ACPI: PM: Power Resource [PAUD]
[    0.253370] ACPI: PM: Power Resource [SPR5]
[    0.253586] ACPI: PM: Power Resource [V0PR]
[    0.253964] ACPI: PM: Power Resource [V1PR]
[    0.254334] ACPI: PM: Power Resource [V2PR]
[    0.256942] ACPI: PM: Power Resource [PXTC]
[    0.260102] ACPI: PM: Power Resource [WRST]
[    0.262920] ACPI: PM: Power Resource [FN00]
[    0.262988] ACPI: PM: Power Resource [FN01]
[    0.263054] ACPI: PM: Power Resource [FN02]
[    0.263118] ACPI: PM: Power Resource [FN03]
[    0.263187] ACPI: PM: Power Resource [FN04]
[    0.263729] ACPI: PM: Power Resource [PIN]
[    0.263832] ACPI: PM: Power Resource [SPR0]
[    0.263847] ACPI: PM: Power Resource [SPR1]
[    0.263861] ACPI: PM: Power Resource [SPR2]
[    0.263874] ACPI: PM: Power Resource [SPR3]
[    0.263888] ACPI: PM: Power Resource [ZPDR]
[    0.264174] ACPI: PCI Root Bridge [PCI0] (domain 0000 [bus 00-fe])
[    0.264181] acpi PNP0A08:00: _OSC: OS supports [ExtendedConfig ASPM ClockPM Segments MSI EDR HPX-Type3]
[    0.266150] acpi PNP0A08:00: _OSC: OS now controls [PCIeHotplug SHPCHotplug PME AER PCIeCapability LTR DPC]
[    0.266917] PCI host bridge to bus 0000:00
[    0.266919] pci_bus 0000:00: root bus resource [io  0x0000-0x0cf7 window]
[    0.266921] pci_bus 0000:00: root bus resource [io  0x0d00-0xffff window]
[    0.266922] pci_bus 0000:00: root bus resource [mem 0x000a0000-0x000bffff window]
[    0.266923] pci_bus 0000:00: root bus resource [mem 0x000e0000-0x000fffff window]
[    0.266925] pci_bus 0000:00: root bus resource [mem 0x80000000-0xdfffffff window]
[    0.266926] pci_bus 0000:00: root bus resource [mem 0xfc800000-0xfe7fffff window]
[    0.266927] pci_bus 0000:00: root bus resource [bus 00-fe]
[    0.267060] pci 0000:00:00.0: [8086:3e31] type 00 class 0x060000
[    0.267344] pci 0000:00:01.0: [8086:1901] type 01 class 0x060400
[    0.267378] pci 0000:00:01.0: PME# supported from D0 D3hot D3cold
[    0.267986] pci 0000:00:02.0: [8086:3e9a] type 00 class 0x038000
[    0.267999] pci 0000:00:02.0: reg 0x10: [mem 0xa7000000-0xa7ffffff 64bit]
[    0.268001] pci 0000:00:02.0: reg 0x18: [mem 0x80000000-0x8fffffff 64bit pref]
[    0.268003] pci 0000:00:02.0: reg 0x20: [io  0xb000-0xb03f]
[    0.268220] pci 0000:00:08.0: [8086:1911] type 00 class 0x088000
[    0.268234] pci 0000:00:08.0: reg 0x10: [mem 0xad83f000-0xad83ffff 64bit]
[    0.268443] pci 0000:00:12.0: [8086:a379] type 00 class 0x118000
[    0.268479] pci 0000:00:12.0: reg 0x10: [mem 0xad83e000-0xad83efff 64bit]
[    0.268751] pci 0000:00:14.0: [8086:a36d] type 00 class 0x0c0330
[    0.268780] pci 0000:00:14.0: reg 0x10: [mem 0xad820000-0xad82ffff 64bit]
[    0.268811] pci 0000:00:14.0: PME# supported from D3hot D3cold
[    0.270411] pci 0000:00:14.2: [8086:a36f] type 00 class 0x050000
[    0.270447] pci 0000:00:14.2: reg 0x10: [mem 0xad836000-0xad837fff 64bit]
[    0.270451] pci 0000:00:14.2: reg 0x18: [mem 0xad83d000-0xad83dfff 64bit]
[    0.270703] pci 0000:00:16.0: [8086:a360] type 00 class 0x078000
[    0.270746] pci 0000:00:16.0: reg 0x10: [mem 0xad83c000-0xad83cfff 64bit]
[    0.270792] pci 0000:00:16.0: PME# supported from D3hot
[    0.271290] pci 0000:00:16.3: [8086:a363] type 00 class 0x070002
[    0.271319] pci 0000:00:16.3: reg 0x10: [io  0xb0a0-0xb0a7]
[    0.271321] pci 0000:00:16.3: reg 0x14: [mem 0xad83b000-0xad83bfff]
[    0.271571] pci 0000:00:17.0: [8086:a352] type 00 class 0x010601
[    0.271601] pci 0000:00:17.0: reg 0x10: [mem 0xad834000-0xad835fff]
[    0.271603] pci 0000:00:17.0: reg 0x14: [mem 0xad83a000-0xad83a0ff]
[    0.271605] pci 0000:00:17.0: reg 0x18: [io  0xb090-0xb097]
[    0.271606] pci 0000:00:17.0: reg 0x1c: [io  0xb080-0xb083]
[    0.271608] pci 0000:00:17.0: reg 0x20: [io  0xb060-0xb07f]
[    0.271610] pci 0000:00:17.0: reg 0x24: [mem 0xad839000-0xad8397ff]
[    0.271639] pci 0000:00:17.0: PME# supported from D3hot
[    0.272093] pci 0000:00:1b.0: [8086:a32c] type 01 class 0x060400
[    0.272174] pci 0000:00:1b.0: PME# supported from D0 D3hot D3cold
[    0.272200] pci 0000:00:1b.0: PTM enabled (root), 4ns granularity
[    0.272989] pci 0000:00:1b.6: [8086:a32e] type 01 class 0x060400
[    0.273069] pci 0000:00:1b.6: PME# supported from D0 D3hot D3cold
[    0.273095] pci 0000:00:1b.6: PTM enabled (root), 4ns granularity
[    0.273874] pci 0000:00:1c.0: [8086:a338] type 01 class 0x060400
[    0.273955] pci 0000:00:1c.0: PME# supported from D0 D3hot D3cold
[    0.273981] pci 0000:00:1c.0: PTM enabled (root), 4ns granularity
[    0.274763] pci 0000:00:1c.4: [8086:a33c] type 01 class 0x060400
[    0.274843] pci 0000:00:1c.4: PME# supported from D0 D3hot D3cold
[    0.274869] pci 0000:00:1c.4: PTM enabled (root), 4ns granularity
[    0.275646] pci 0000:00:1d.0: [8086:a330] type 01 class 0x060400
[    0.275718] pci 0000:00:1d.0: PME# supported from D0 D3hot D3cold
[    0.275741] pci 0000:00:1d.0: PTM enabled (root), 4ns granularity
[    0.276505] pci 0000:00:1d.5: [8086:a335] type 01 class 0x060400
[    0.276577] pci 0000:00:1d.5: PME# supported from D0 D3hot D3cold
[    0.276600] pci 0000:00:1d.5: PTM enabled (root), 4ns granularity
[    0.277361] pci 0000:00:1d.6: [8086:a336] type 01 class 0x060400
[    0.277433] pci 0000:00:1d.6: PME# supported from D0 D3hot D3cold
[    0.277455] pci 0000:00:1d.6: PTM enabled (root), 4ns granularity
[    0.278230] pci 0000:00:1f.0: [8086:a309] type 00 class 0x060100
[    0.278702] pci 0000:00:1f.3: [8086:a348] type 00 class 0x040300
[    0.278772] pci 0000:00:1f.3: reg 0x10: [mem 0xad830000-0xad833fff 64bit]
[    0.278783] pci 0000:00:1f.3: reg 0x20: [mem 0xa9100000-0xa91fffff 64bit]
[    0.278850] pci 0000:00:1f.3: PME# supported from D3hot D3cold
[    0.282030] pci 0000:00:1f.4: [8086:a323] type 00 class 0x0c0500
[    0.282072] pci 0000:00:1f.4: reg 0x10: [mem 0xad838000-0xad8380ff 64bit]
[    0.282083] pci 0000:00:1f.4: reg 0x20: [io  0xefa0-0xefbf]
[    0.282386] pci 0000:00:1f.5: [8086:a324] type 00 class 0x0c8000
[    0.282426] pci 0000:00:1f.5: reg 0x10: [mem 0xfe010000-0xfe010fff]
[    0.282650] pci 0000:00:1f.6: [8086:15bb] type 00 class 0x020000
[    0.282725] pci 0000:00:1f.6: reg 0x10: [mem 0xad800000-0xad81ffff]
[    0.282795] pci 0000:00:1f.6: PME# supported from D0 D3hot D3cold
[    0.282908] pci 0000:01:00.0: [10de:2216] type 00 class 0x030000
[    0.282962] pci 0000:01:00.0: reg 0x10: [mem 0xa8000000-0xa8ffffff]
[    0.282966] pci 0000:01:00.0: reg 0x14: [mem 0x90000000-0x9fffffff 64bit pref]
[    0.282970] pci 0000:01:00.0: reg 0x1c: [mem 0xa0000000-0xa1ffffff 64bit pref]
[    0.282972] pci 0000:01:00.0: reg 0x24: [io  0xa000-0xa07f]
[    0.282975] pci 0000:01:00.0: reg 0x30: [mem 0xa9000000-0xa907ffff pref]
[    0.283003] pci 0000:01:00.0: Video device with shadowed ROM at [mem 0x000c0000-0x000dffff]
[    0.283056] pci 0000:01:00.0: PME# supported from D0 D3hot
[    0.283108] pci 0000:01:00.0: 126.016 Gb/s available PCIe bandwidth, limited by 8.0 GT/s PCIe x16 link at 0000:00:01.0 (capable of 252.048 Gb/s with 16.0 GT/s PCIe x16 link)
[    0.283177] pci 0000:01:00.1: [10de:1aef] type 00 class 0x040300
[    0.283228] pci 0000:01:00.1: reg 0x10: [mem 0xa9080000-0xa9083fff]
[    0.283378] pci 0000:00:01.0: PCI bridge to [bus 01]
[    0.283381] pci 0000:00:01.0:   bridge window [io  0xa000-0xafff]
[    0.283383] pci 0000:00:01.0:   bridge window [mem 0xa8000000-0xa90fffff]
[    0.283385] pci 0000:00:01.0:   bridge window [mem 0x90000000-0xa1ffffff 64bit pref]
[    0.283458] pci 0000:00:1b.0: PCI bridge to [bus 02]
[    0.283461] pci 0000:00:1b.0:   bridge window [io  0x9000-0x9fff]
[    0.283463] pci 0000:00:1b.0:   bridge window [mem 0xace00000-0xad7fffff]
[    0.283467] pci 0000:00:1b.0:   bridge window [mem 0xa5d00000-0xa66fffff 64bit pref]
[    0.283529] pci 0000:00:1b.6: PCI bridge to [bus 03]
[    0.283532] pci 0000:00:1b.6:   bridge window [io  0x8000-0x8fff]
[    0.283534] pci 0000:00:1b.6:   bridge window [mem 0xac400000-0xacdfffff]
[    0.283538] pci 0000:00:1b.6:   bridge window [mem 0xa5300000-0xa5cfffff 64bit pref]
[    0.283597] pci 0000:00:1c.0: PCI bridge to [bus 04]
[    0.283600] pci 0000:00:1c.0:   bridge window [io  0x7000-0x7fff]
[    0.283602] pci 0000:00:1c.0:   bridge window [mem 0xaba00000-0xac3fffff]
[    0.283606] pci 0000:00:1c.0:   bridge window [mem 0xa4900000-0xa52fffff 64bit pref]
[    0.283667] pci 0000:00:1c.4: PCI bridge to [bus 05]
[    0.283670] pci 0000:00:1c.4:   bridge window [io  0x6000-0x6fff]
[    0.283672] pci 0000:00:1c.4:   bridge window [mem 0xab000000-0xab9fffff]
[    0.283676] pci 0000:00:1c.4:   bridge window [mem 0xa3f00000-0xa48fffff 64bit pref]
[    0.283754] pci 0000:06:00.0: [1b21:2142] type 00 class 0x0c0330
[    0.283801] pci 0000:06:00.0: reg 0x10: [mem 0xaa600000-0xaa607fff 64bit]
[    0.283814] pci 0000:06:00.0: enabling Extended Tags
[    0.283883] pci 0000:06:00.0: PME# supported from D0 D3hot D3cold
[    0.283993] pci 0000:00:1d.0: PCI bridge to [bus 06]
[    0.283996] pci 0000:00:1d.0:   bridge window [io  0x5000-0x5fff]
[    0.283998] pci 0000:00:1d.0:   bridge window [mem 0xaa600000-0xaaffffff]
[    0.284002] pci 0000:00:1d.0:   bridge window [mem 0xa3500000-0xa3efffff 64bit pref]
[    0.284094] pci 0000:07:00.0: working around ROM BAR overlap defect
[    0.284095] pci 0000:07:00.0: [8086:1533] type 00 class 0x020000
[    0.284159] pci 0000:07:00.0: reg 0x10: [mem 0xa9d00000-0xa9dfffff]
[    0.284163] pci 0000:07:00.0: reg 0x18: [io  0x4000-0x401f]
[    0.284166] pci 0000:07:00.0: reg 0x1c: [mem 0xa9e00000-0xa9e03fff]
[    0.284173] pci 0000:07:00.0: reg 0x30: [mem 0xa9c00000-0xa9cfffff pref]
[    0.284272] pci 0000:07:00.0: PME# supported from D0 D3hot D3cold
[    0.284403] pci 0000:00:1d.5: PCI bridge to [bus 07]
[    0.284406] pci 0000:00:1d.5:   bridge window [io  0x4000-0x4fff]
[    0.284408] pci 0000:00:1d.5:   bridge window [mem 0xa9c00000-0xaa5fffff]
[    0.284412] pci 0000:00:1d.5:   bridge window [mem 0xa2b00000-0xa34fffff 64bit pref]
[    0.284470] pci 0000:00:1d.6: PCI bridge to [bus 08]
[    0.284473] pci 0000:00:1d.6:   bridge window [io  0x3000-0x3fff]
[    0.284475] pci 0000:00:1d.6:   bridge window [mem 0xa9200000-0xa9bfffff]
[    0.284479] pci 0000:00:1d.6:   bridge window [mem 0xa2100000-0xa2afffff 64bit pref]
[    0.287490] ACPI: PCI: Interrupt link LNKA configured for IRQ 0
[    0.287566] ACPI: PCI: Interrupt link LNKB configured for IRQ 1
[    0.287641] ACPI: PCI: Interrupt link LNKC configured for IRQ 0
[    0.287715] ACPI: PCI: Interrupt link LNKD configured for IRQ 0
[    0.287789] ACPI: PCI: Interrupt link LNKE configured for IRQ 0
[    0.287863] ACPI: PCI: Interrupt link LNKF configured for IRQ 0
[    0.287937] ACPI: PCI: Interrupt link LNKG configured for IRQ 0
[    0.288012] ACPI: PCI: Interrupt link LNKH configured for IRQ 0
[    0.294119] iommu: Default domain type: Translated 
[    0.294119] iommu: DMA domain TLB invalidation policy: lazy mode 
[    0.294119] SCSI subsystem initialized
[    0.294119] libata version 3.00 loaded.
[    0.294119] pci 0000:01:00.0: vgaarb: setting as boot VGA device
[    0.294119] pci 0000:01:00.0: vgaarb: VGA device added: decodes=io+mem,owns=io+mem,locks=none
[    0.294119] pci 0000:01:00.0: vgaarb: bridge control possible
[    0.294119] vgaarb: loaded
[    0.294119] ACPI: bus type USB registered
[    0.294119] usbcore: registered new interface driver usbfs
[    0.294119] usbcore: registered new interface driver hub
[    0.294119] usbcore: registered new device driver usb
[    0.294119] pps_core: LinuxPPS API ver. 1 registered
[    0.294119] pps_core: Software ver. 5.3.6 - Copyright 2005-2007 Rodolfo Giometti <giometti@linux.it>
[    0.294119] PTP clock support registered
[    0.294119] EDAC MC: Ver: 3.0.0
[    0.294119] Registered efivars operations
[    0.294119] NetLabel: Initializing
[    0.294119] NetLabel:  domain hash size = 128
[    0.294119] NetLabel:  protocols = UNLABELED CIPSOv4 CALIPSO
[    0.294119] NetLabel:  unlabeled traffic allowed by default
[    0.294119] PCI: Using ACPI for IRQ routing
[    0.336984] PCI: pci_cache_line_size set to 64 bytes
[    0.337061] e820: reserve RAM buffer [mem 0x0009f000-0x0009ffff]
[    0.337062] e820: reserve RAM buffer [mem 0x6c776018-0x6fffffff]
[    0.337063] e820: reserve RAM buffer [mem 0x6c787018-0x6fffffff]
[    0.337064] e820: reserve RAM buffer [mem 0x772a0000-0x77ffffff]
[    0.337065] e820: reserve RAM buffer [mem 0x7a7e8000-0x7bffffff]
[    0.337066] e820: reserve RAM buffer [mem 0x7cc10000-0x7fffffff]
[    0.338987] clocksource: Switched to clocksource tsc-early
[    0.345270] VFS: Disk quotas dquot_6.6.0
[    0.345281] VFS: Dquot-cache hash table entries: 512 (order 0, 4096 bytes)
[    0.345364] AppArmor: AppArmor Filesystem Enabled
[    0.345388] pnp: PnP ACPI init
[    0.345465] system 00:00: [mem 0x40000000-0x403fffff] could not be reserved
[    0.345698] system 00:01: [io  0x0a00-0x0a2f] has been reserved
[    0.345701] system 00:01: [io  0x0a30-0x0a3f] has been reserved
[    0.345702] system 00:01: [io  0x0a40-0x0a4f] has been reserved
[    0.346421] pnp 00:02: [dma 0 disabled]
[    0.347179] ACPI: IRQ 4 override to edge, high
[    0.347182] pnp 00:03: [dma 0 disabled]
[    0.347736] ACPI: IRQ 3 override to edge, high
[    0.347738] pnp 00:04: [dma 0 disabled]
[    0.348272] ACPI: IRQ 7 override to edge, high
[    0.348274] pnp 00:05: [dma 0 disabled]
[    0.348797] ACPI: IRQ 5 override to edge, high
[    0.348799] pnp 00:06: [dma 0 disabled]
[    0.349337] ACPI: IRQ 6 override to edge, high
[    0.349339] pnp 00:07: [dma 0 disabled]
[    0.349873] ACPI: IRQ 10 override to edge, high
[    0.349875] pnp 00:08: [dma 0 disabled]
[    0.349993] system 00:09: [io  0x0680-0x069f] has been reserved
[    0.349995] system 00:09: [io  0x164e-0x164f] has been reserved
[    0.350109] system 00:0a: [io  0x1854-0x1857] has been reserved
[    0.350283] system 00:0b: [mem 0xfed10000-0xfed17fff] has been reserved
[    0.350285] system 00:0b: [mem 0xfed18000-0xfed18fff] has been reserved
[    0.350287] system 00:0b: [mem 0xfed19000-0xfed19fff] has been reserved
[    0.350288] system 00:0b: [mem 0xe0000000-0xefffffff] has been reserved
[    0.350289] system 00:0b: [mem 0xfed20000-0xfed3ffff] has been reserved
[    0.350291] system 00:0b: [mem 0xfed90000-0xfed93fff] could not be reserved
[    0.350292] system 00:0b: [mem 0xfed45000-0xfed8ffff] has been reserved
[    0.350293] system 00:0b: [mem 0xfee00000-0xfeefffff] could not be reserved
[    0.350512] system 00:0c: [io  0x1800-0x18fe] could not be reserved
[    0.350514] system 00:0c: [mem 0xfd000000-0xfd69ffff] has been reserved
[    0.350516] system 00:0c: [mem 0xfd6c0000-0xfd6cffff] has been reserved
[    0.350517] system 00:0c: [mem 0xfd6f0000-0xfdffffff] has been reserved
[    0.350518] system 00:0c: [mem 0xfe000000-0xfe01ffff] could not be reserved
[    0.350520] system 00:0c: [mem 0xfe200000-0xfe7fffff] has been reserved
[    0.350521] system 00:0c: [mem 0xff000000-0xffffffff] has been reserved
[    0.350809] system 00:0d: [io  0x2000-0x20fe] has been reserved
[    0.352812] pnp: PnP ACPI: found 15 devices
[    0.358126] clocksource: acpi_pm: mask: 0xffffff max_cycles: 0xffffff, max_idle_ns: 2085701024 ns
[    0.358174] NET: Registered PF_INET protocol family
[    0.358289] IP idents hash table entries: 262144 (order: 9, 2097152 bytes, linear)
[    0.359746] tcp_listen_portaddr_hash hash table entries: 8192 (order: 5, 131072 bytes, linear)
[    0.359770] Table-perturb hash table entries: 65536 (order: 6, 262144 bytes, linear)
[    0.359830] TCP established hash table entries: 131072 (order: 8, 1048576 bytes, linear)
[    0.359962] TCP bind hash table entries: 65536 (order: 8, 1048576 bytes, linear)
[    0.360014] TCP: Hash tables configured (established 131072 bind 65536)
[    0.360080] MPTCP token hash table entries: 16384 (order: 6, 393216 bytes, linear)
[    0.360126] UDP hash table entries: 8192 (order: 6, 262144 bytes, linear)
[    0.360159] UDP-Lite hash table entries: 8192 (order: 6, 262144 bytes, linear)
[    0.360210] NET: Registered PF_UNIX/PF_LOCAL protocol family
[    0.360214] NET: Registered PF_XDP protocol family
[    0.360223] pci 0000:00:01.0: PCI bridge to [bus 01]
[    0.360225] pci 0000:00:01.0:   bridge window [io  0xa000-0xafff]
[    0.360228] pci 0000:00:01.0:   bridge window [mem 0xa8000000-0xa90fffff]
[    0.360230] pci 0000:00:01.0:   bridge window [mem 0x90000000-0xa1ffffff 64bit pref]
[    0.360233] pci 0000:00:1b.0: PCI bridge to [bus 02]
[    0.360239] pci 0000:00:1b.0:   bridge window [io  0x9000-0x9fff]
[    0.360242] pci 0000:00:1b.0:   bridge window [mem 0xace00000-0xad7fffff]
[    0.360244] pci 0000:00:1b.0:   bridge window [mem 0xa5d00000-0xa66fffff 64bit pref]
[    0.360249] pci 0000:00:1b.6: PCI bridge to [bus 03]
[    0.360250] pci 0000:00:1b.6:   bridge window [io  0x8000-0x8fff]
[    0.360253] pci 0000:00:1b.6:   bridge window [mem 0xac400000-0xacdfffff]
[    0.360256] pci 0000:00:1b.6:   bridge window [mem 0xa5300000-0xa5cfffff 64bit pref]
[    0.360260] pci 0000:00:1c.0: PCI bridge to [bus 04]
[    0.360261] pci 0000:00:1c.0:   bridge window [io  0x7000-0x7fff]
[    0.360264] pci 0000:00:1c.0:   bridge window [mem 0xaba00000-0xac3fffff]
[    0.360267] pci 0000:00:1c.0:   bridge window [mem 0xa4900000-0xa52fffff 64bit pref]
[    0.360271] pci 0000:00:1c.4: PCI bridge to [bus 05]
[    0.360272] pci 0000:00:1c.4:   bridge window [io  0x6000-0x6fff]
[    0.360275] pci 0000:00:1c.4:   bridge window [mem 0xab000000-0xab9fffff]
[    0.360278] pci 0000:00:1c.4:   bridge window [mem 0xa3f00000-0xa48fffff 64bit pref]
[    0.360282] pci 0000:00:1d.0: PCI bridge to [bus 06]
[    0.360284] pci 0000:00:1d.0:   bridge window [io  0x5000-0x5fff]
[    0.360286] pci 0000:00:1d.0:   bridge window [mem 0xaa600000-0xaaffffff]
[    0.360289] pci 0000:00:1d.0:   bridge window [mem 0xa3500000-0xa3efffff 64bit pref]
[    0.360293] pci 0000:00:1d.5: PCI bridge to [bus 07]
[    0.360294] pci 0000:00:1d.5:   bridge window [io  0x4000-0x4fff]
[    0.360297] pci 0000:00:1d.5:   bridge window [mem 0xa9c00000-0xaa5fffff]
[    0.360299] pci 0000:00:1d.5:   bridge window [mem 0xa2b00000-0xa34fffff 64bit pref]
[    0.360303] pci 0000:00:1d.6: PCI bridge to [bus 08]
[    0.360305] pci 0000:00:1d.6:   bridge window [io  0x3000-0x3fff]
[    0.360307] pci 0000:00:1d.6:   bridge window [mem 0xa9200000-0xa9bfffff]
[    0.360310] pci 0000:00:1d.6:   bridge window [mem 0xa2100000-0xa2afffff 64bit pref]
[    0.360314] pci_bus 0000:00: resource 4 [io  0x0000-0x0cf7 window]
[    0.360315] pci_bus 0000:00: resource 5 [io  0x0d00-0xffff window]
[    0.360317] pci_bus 0000:00: resource 6 [mem 0x000a0000-0x000bffff window]
[    0.360318] pci_bus 0000:00: resource 7 [mem 0x000e0000-0x000fffff window]
[    0.360319] pci_bus 0000:00: resource 8 [mem 0x80000000-0xdfffffff window]
[    0.360320] pci_bus 0000:00: resource 9 [mem 0xfc800000-0xfe7fffff window]
[    0.360321] pci_bus 0000:01: resource 0 [io  0xa000-0xafff]
[    0.360322] pci_bus 0000:01: resource 1 [mem 0xa8000000-0xa90fffff]
[    0.360323] pci_bus 0000:01: resource 2 [mem 0x90000000-0xa1ffffff 64bit pref]
[    0.360325] pci_bus 0000:02: resource 0 [io  0x9000-0x9fff]
[    0.360326] pci_bus 0000:02: resource 1 [mem 0xace00000-0xad7fffff]
[    0.360327] pci_bus 0000:02: resource 2 [mem 0xa5d00000-0xa66fffff 64bit pref]
[    0.360328] pci_bus 0000:03: resource 0 [io  0x8000-0x8fff]
[    0.360329] pci_bus 0000:03: resource 1 [mem 0xac400000-0xacdfffff]
[    0.360330] pci_bus 0000:03: resource 2 [mem 0xa5300000-0xa5cfffff 64bit pref]
[    0.360331] pci_bus 0000:04: resource 0 [io  0x7000-0x7fff]
[    0.360332] pci_bus 0000:04: resource 1 [mem 0xaba00000-0xac3fffff]
[    0.360334] pci_bus 0000:04: resource 2 [mem 0xa4900000-0xa52fffff 64bit pref]
[    0.360335] pci_bus 0000:05: resource 0 [io  0x6000-0x6fff]
[    0.360336] pci_bus 0000:05: resource 1 [mem 0xab000000-0xab9fffff]
[    0.360337] pci_bus 0000:05: resource 2 [mem 0xa3f00000-0xa48fffff 64bit pref]
[    0.360338] pci_bus 0000:06: resource 0 [io  0x5000-0x5fff]
[    0.360339] pci_bus 0000:06: resource 1 [mem 0xaa600000-0xaaffffff]
[    0.360340] pci_bus 0000:06: resource 2 [mem 0xa3500000-0xa3efffff 64bit pref]
[    0.360341] pci_bus 0000:07: resource 0 [io  0x4000-0x4fff]
[    0.360342] pci_bus 0000:07: resource 1 [mem 0xa9c00000-0xaa5fffff]
[    0.360343] pci_bus 0000:07: resource 2 [mem 0xa2b00000-0xa34fffff 64bit pref]
[    0.360345] pci_bus 0000:08: resource 0 [io  0x3000-0x3fff]
[    0.360346] pci_bus 0000:08: resource 1 [mem 0xa9200000-0xa9bfffff]
[    0.360347] pci_bus 0000:08: resource 2 [mem 0xa2100000-0xa2afffff 64bit pref]
[    0.360746] pci 0000:01:00.1: D0 power state depends on 0000:01:00.0
[    0.360753] pci 0000:06:00.0: PME# does not work under D0, disabling it
[    0.360991] PCI: CLS 64 bytes, default 64
[    0.361015] PCI-DMA: Using software bounce buffering for IO (SWIOTLB)
[    0.361016] software IO TLB: mapped [mem 0x0000000068776000-0x000000006c776000] (64MB)
[    0.361025] Trying to unpack rootfs image as initramfs...
[    0.361243] platform rtc_cmos: registered platform RTC device (no PNP device found)
[    0.361671] Initialise system trusted keyrings
[    0.361677] Key type blacklist registered
[    0.361705] workingset: timestamp_bits=36 max_order=22 bucket_order=0
[    0.362665] zbud: loaded
[    0.362857] squashfs: version 4.0 (2009/01/31) Phillip Lougher
[    0.362958] fuse: init (API version 7.34)
[    0.363079] integrity: Platform Keyring initialized
[    0.369638] Key type asymmetric registered
[    0.369640] Asymmetric key parser 'x509' registered
[    0.369659] Block layer SCSI generic (bsg) driver version 0.4 loaded (major 243)
[    0.369690] io scheduler mq-deadline registered
[    0.370039] pcieport 0000:00:01.0: PME: Signaling with IRQ 122
[    0.370092] pcieport 0000:00:01.0: AER: enabled with IRQ 122
[    0.370292] pcieport 0000:00:1b.0: PME: Signaling with IRQ 123
[    0.370343] pcieport 0000:00:1b.0: AER: enabled with IRQ 123
[    0.370364] pcieport 0000:00:1b.0: pciehp: Slot #24 AttnBtn- PwrCtrl- MRL- AttnInd- PwrInd- HotPlug+ Surprise+ Interlock- NoCompl+ IbPresDis- LLActRep+
[    0.370441] pcieport 0000:00:1b.0: DPC: enabled with IRQ 123
[    0.370443] pcieport 0000:00:1b.0: DPC: error containment capabilities: Int Msg #0, RPExt+ PoisonedTLP+ SwTrigger+ RP PIO Log 4, DL_ActiveErr+
[    0.370668] pcieport 0000:00:1b.6: PME: Signaling with IRQ 124
[    0.370717] pcieport 0000:00:1b.6: AER: enabled with IRQ 124
[    0.370736] pcieport 0000:00:1b.6: pciehp: Slot #26 AttnBtn- PwrCtrl- MRL- AttnInd- PwrInd- HotPlug+ Surprise+ Interlock- NoCompl+ IbPresDis- LLActRep+
[    0.370807] pcieport 0000:00:1b.6: DPC: enabled with IRQ 124
[    0.370809] pcieport 0000:00:1b.6: DPC: error containment capabilities: Int Msg #0, RPExt+ PoisonedTLP+ SwTrigger+ RP PIO Log 4, DL_ActiveErr+
[    0.371008] pcieport 0000:00:1c.0: PME: Signaling with IRQ 125
[    0.371056] pcieport 0000:00:1c.0: AER: enabled with IRQ 125
[    0.371074] pcieport 0000:00:1c.0: pciehp: Slot #4 AttnBtn- PwrCtrl- MRL- AttnInd- PwrInd- HotPlug+ Surprise+ Interlock- NoCompl+ IbPresDis- LLActRep+
[    0.371145] pcieport 0000:00:1c.0: DPC: enabled with IRQ 125
[    0.371146] pcieport 0000:00:1c.0: DPC: error containment capabilities: Int Msg #0, RPExt+ PoisonedTLP+ SwTrigger+ RP PIO Log 4, DL_ActiveErr+
[    0.371349] pcieport 0000:00:1c.4: PME: Signaling with IRQ 126
[    0.371401] pcieport 0000:00:1c.4: AER: enabled with IRQ 126
[    0.371422] pcieport 0000:00:1c.4: pciehp: Slot #8 AttnBtn- PwrCtrl- MRL- AttnInd- PwrInd- HotPlug+ Surprise+ Interlock- NoCompl+ IbPresDis- LLActRep+
[    0.371493] pcieport 0000:00:1c.4: DPC: enabled with IRQ 126
[    0.371494] pcieport 0000:00:1c.4: DPC: error containment capabilities: Int Msg #0, RPExt+ PoisonedTLP+ SwTrigger+ RP PIO Log 4, DL_ActiveErr+
[    0.371604] pcieport 0000:00:1d.0: PME: Signaling with IRQ 127
[    0.371653] pcieport 0000:00:1d.0: AER: enabled with IRQ 127
[    0.371670] pcieport 0000:00:1d.0: pciehp: Slot #12 AttnBtn- PwrCtrl- MRL- AttnInd- PwrInd- HotPlug+ Surprise+ Interlock- NoCompl+ IbPresDis- LLActRep+
[    0.371736] pcieport 0000:00:1d.0: DPC: enabled with IRQ 127
[    0.371738] pcieport 0000:00:1d.0: DPC: error containment capabilities: Int Msg #0, RPExt+ PoisonedTLP+ SwTrigger+ RP PIO Log 4, DL_ActiveErr+
[    0.371942] pcieport 0000:00:1d.5: PME: Signaling with IRQ 128
[    0.371990] pcieport 0000:00:1d.5: AER: enabled with IRQ 128
[    0.372009] pcieport 0000:00:1d.5: pciehp: Slot #17 AttnBtn- PwrCtrl- MRL- AttnInd- PwrInd- HotPlug+ Surprise+ Interlock- NoCompl+ IbPresDis- LLActRep+
[    0.372082] pcieport 0000:00:1d.5: DPC: enabled with IRQ 128
[    0.372084] pcieport 0000:00:1d.5: DPC: error containment capabilities: Int Msg #0, RPExt+ PoisonedTLP+ SwTrigger+ RP PIO Log 4, DL_ActiveErr+
[    0.372270] pcieport 0000:00:1d.6: PME: Signaling with IRQ 129
[    0.372318] pcieport 0000:00:1d.6: AER: enabled with IRQ 129
[    0.372337] pcieport 0000:00:1d.6: pciehp: Slot #18 AttnBtn- PwrCtrl- MRL- AttnInd- PwrInd- HotPlug+ Surprise+ Interlock- NoCompl+ IbPresDis- LLActRep+
[    0.372408] pcieport 0000:00:1d.6: DPC: enabled with IRQ 129
[    0.372409] pcieport 0000:00:1d.6: DPC: error containment capabilities: Int Msg #0, RPExt+ PoisonedTLP+ SwTrigger+ RP PIO Log 4, DL_ActiveErr+
[    0.372493] shpchp: Standard Hot Plug PCI Controller Driver version: 0.4
[    0.373390] input: Sleep Button as /devices/LNXSYSTM:00/LNXSYBUS:00/PNP0C0E:00/input/input0
[    0.373408] ACPI: button: Sleep Button [SLPB]
[    0.373430] input: Power Button as /devices/LNXSYSTM:00/LNXSYBUS:00/PNP0C0C:00/input/input1
[    0.373442] ACPI: button: Power Button [PWRB]
[    0.373462] input: Power Button as /devices/LNXSYSTM:00/LNXPWRBN:00/input/input2
[    0.373485] ACPI: button: Power Button [PWRF]
[    0.373678] smpboot: Estimated ratio of average max frequency by base frequency (times 1024): 1445
[    0.375533] ACPI: thermal: [Firmware Bug]: No valid trip found
[    0.375641] Serial: 8250/16550 driver, 32 ports, IRQ sharing enabled
[    0.396788] 00:03: ttyS0 at I/O 0x3f8 (irq = 4, base_baud = 115200) is a 16550A
[    0.419337] 00:04: ttyS1 at I/O 0x2f8 (irq = 3, base_baud = 115200) is a 16550A
[    0.441895] 00:05: ttyS2 at I/O 0x3e8 (irq = 7, base_baud = 115200) is a 16550A
[    0.464458] 00:06: ttyS3 at I/O 0x2e8 (irq = 5, base_baud = 115200) is a 16550A
[    0.487015] 00:07: ttyS4 at I/O 0x2f0 (irq = 6, base_baud = 115200) is a 16550A
[    0.509570] 00:08: ttyS5 at I/O 0x2e0 (irq = 10, base_baud = 115200) is a 16550A
[    0.511968] serial 0000:00:16.3: enabling device (0000 -> 0003)
[    0.515559] Freeing initrd memory: 90564K
[    0.532630] 0000:00:16.3: ttyS6 at I/O 0xb0a0 (irq = 19, base_baud = 115200) is a 16550A
[    0.532921] hpet_acpi_add: no address or irqs in _CRS
[    0.532975] Linux agpgart interface v0.103
[    0.538466] tpm_tis MSFT0101:00: 2.0 TPM (device-id 0x1A, rev-id 16)
[    0.543778] tpm tpm0: [Firmware Bug]: TPM interrupt not working, polling instead
[    0.571993] loop: module loaded
[    0.572189] tun: Universal TUN/TAP device driver, 1.6
[    0.572211] PPP generic driver version 2.4.2
[    0.572247] VFIO - User Level meta-driver version: 0.3
[    0.572328] ehci_hcd: USB 2.0 'Enhanced' Host Controller (EHCI) Driver
[    0.572331] ehci-pci: EHCI PCI platform driver
[    0.572339] ehci-platform: EHCI generic platform driver
[    0.572344] ohci_hcd: USB 1.1 'Open' Host Controller (OHCI) Driver
[    0.572346] ohci-pci: OHCI PCI platform driver
[    0.572351] ohci-platform: OHCI generic platform driver
[    0.572355] uhci_hcd: USB Universal Host Controller Interface driver
[    0.572388] i8042: PNP: No PS/2 controller found.
[    0.572389] i8042: Probing ports directly.
[    0.573518] i8042: No controller found
[    0.573560] mousedev: PS/2 mouse device common for all mice
[    0.573645] rtc_cmos rtc_cmos: RTC can wake from S4
[    0.574413] rtc_cmos rtc_cmos: registered as rtc0
[    0.574600] rtc_cmos rtc_cmos: setting system clock to 2025-10-10T02:25:00 UTC (1760063100)
[    0.574622] rtc_cmos rtc_cmos: alarms up to one month, y3k, 114 bytes nvram
[    0.574627] i2c_dev: i2c /dev entries driver
[    0.575210] device-mapper: core: CONFIG_IMA_DISABLE_HTABLE is disabled. Duplicate IMA measurements will not be recorded in the IMA log.
[    0.575228] device-mapper: uevent: version 1.0.3
[    0.575263] device-mapper: ioctl: 4.45.0-ioctl (2021-03-22) initialised: dm-devel@redhat.com
[    0.575266] intel_pstate: Intel P-state driver initializing
[    0.576295] intel_pstate: Disabling energy efficiency optimization
[    0.576296] intel_pstate: HWP enabled
[    0.576395] ledtrig-cpu: registered to indicate activity on CPUs
[    0.576413] EFI Variables Facility v0.08 2004-May-17
[    0.580903] intel_pmc_core INT33A1:00:  initialized
[    0.580949] drop_monitor: Initializing network drop monitor service
[    0.581060] NET: Registered PF_INET6 protocol family
[    0.586078] Segment Routing with IPv6
[    0.586084] In-situ OAM (IOAM) with IPv6
[    0.586099] NET: Registered PF_PACKET protocol family
[    0.586186] Key type dns_resolver registered
[    0.587283] microcode: sig=0x906ed, pf=0x2, revision=0x104
[    0.587723] microcode: Microcode Update Driver: v2.2.
[    0.587726] IPI shorthand broadcast: enabled
[    0.587738] sched_clock: Marking stable (580740228, 6492850)->(725295571, -138062493)
[    0.588137] registered taskstats version 1
[    0.589118] Loading compiled-in X.509 certificates
[    0.589733] Loaded X.509 cert 'Build time autogenerated kernel key: f6cd673c2bab77a962a62cd6e45c82b3e00088d2'
[    0.590158] Loaded X.509 cert 'Canonical Ltd. Live Patch Signing 2025 Kmod: d541cef61dc7e793b7eb7e899970a2eef0b5dc8c'
[    0.590601] Loaded X.509 cert 'Canonical Ltd. Live Patch Signing: 14df34d1a87cf37625abec039ef2bf521249b969'
[    0.591040] Loaded X.509 cert 'Canonical Ltd. Kernel Module Signing: 88f752e560a1e0737e31163a466ad7b70a850c19'
[    0.591040] blacklist: Loading compiled-in revocation X.509 certificates
[    0.591053] Loaded X.509 cert 'Canonical Ltd. Secure Boot Signing: 61482aa2830d0ab2ad5af10b7250da9033ddcef0'
[    0.591064] Loaded X.509 cert 'Canonical Ltd. Secure Boot Signing (2017): 242ade75ac4a15e50d50c84b0d45ff3eae707a03'
[    0.591075] Loaded X.509 cert 'Canonical Ltd. Secure Boot Signing (ESM 2018): 365188c1d374d6b07c3c8f240f8ef722433d6a8b'
[    0.591086] Loaded X.509 cert 'Canonical Ltd. Secure Boot Signing (2019): c0746fd6c5da3ae827864651ad66ae47fe24b3e8'
[    0.591097] Loaded X.509 cert 'Canonical Ltd. Secure Boot Signing (2021 v1): a8d54bbb3825cfb94fa13c9f8a594a195c107b8d'
[    0.591108] Loaded X.509 cert 'Canonical Ltd. Secure Boot Signing (2021 v2): 4cf046892d6fd3c9a5b03f98d845f90851dc6a8c'
[    0.591121] Loaded X.509 cert 'Canonical Ltd. Secure Boot Signing (2021 v3): 100437bb6de6e469b581e61cd66bce3ef4ed53af'
[    0.591132] Loaded X.509 cert 'Canonical Ltd. Secure Boot Signing (Ubuntu Core 2019): c1d57b8f6b743f23ee41f4f7ee292f06eecadfb9'
[    0.591410] zswap: loaded using pool lzo/zbud
[    0.592344] Key type .fscrypt registered
[    0.592345] Key type fscrypt-provisioning registered
[    0.592372] Key type trusted registered
[    0.594411] Key type encrypted registered
[    0.594414] AppArmor: AppArmor sha1 policy hashing enabled
[    0.594623] integrity: Loading X.509 certificate: UEFI:MokListRT (MOKvar table)
[    0.594821] integrity: Loaded X.509 cert 'Canonical Ltd. Master Certificate Authority: ad91990bc22ab1f517048c23b6655a268e345a63'
[    0.594824] Loading compiled-in module X.509 certificates
[    0.595256] Loaded X.509 cert 'Build time autogenerated kernel key: f6cd673c2bab77a962a62cd6e45c82b3e00088d2'
[    0.595257] ima: Allocated hash algorithm: sha1
[    0.643618] ima: No architecture policies found
[    0.643647] evm: Initialising EVM extended attributes:
[    0.643649] evm: security.selinux
[    0.643651] evm: security.SMACK64
[    0.643653] evm: security.SMACK64EXEC
[    0.643654] evm: security.SMACK64TRANSMUTE
[    0.643656] evm: security.SMACK64MMAP
[    0.643657] evm: security.apparmor
[    0.643658] evm: security.ima
[    0.643660] evm: security.capability
[    0.643661] evm: HMAC attrs: 0x1
[    0.644349] PM:   Magic number: 13:359:409
[    0.644429] acpi INT34B1:00: hash matches
[    0.644772] RAS: Correctable Errors collector initialized.
[    0.644802] clk: Disabling unused clocks
[    0.646780] Freeing unused decrypted memory: 2036K
[    0.647785] Freeing unused kernel image (initmem) memory: 3288K
[    0.647789] Write protecting the kernel read-only data: 30720k
[    0.648803] Freeing unused kernel image (text/rodata gap) memory: 2036K
[    0.649323] Freeing unused kernel image (rodata/data gap) memory: 1392K
[    0.677152] x86/mm: Checked W+X mappings: passed, no W+X pages found.
[    0.677158] Run /init as init process
[    0.677159]   with arguments:
[    0.677160]     /init
[    0.677161]     splash
[    0.677162]   with environment:
[    0.677163]     HOME=/
[    0.677164]     TERM=linux
[    0.677165]     BOOT_IMAGE=/boot/vmlinuz-5.15.0-157-generic
[    0.742711] dca service started, version 1.12.1
[    0.745989] ahci 0000:00:17.0: version 3.0
[    0.746309] i801_smbus 0000:00:1f.4: SPD Write Disable is set
[    0.746364] xhci_hcd 0000:00:14.0: xHCI Host Controller
[    0.746369] xhci_hcd 0000:00:14.0: new USB bus registered, assigned bus number 1
[    0.746389] i801_smbus 0000:00:1f.4: SMBus using PCI interrupt
[    0.747448] xhci_hcd 0000:00:14.0: hcc params 0x200077c1 hci version 0x110 quirks 0x0000000000009810
[    0.747761] xhci_hcd 0000:00:14.0: xHCI Host Controller
[    0.747765] xhci_hcd 0000:00:14.0: new USB bus registered, assigned bus number 2
[    0.747767] xhci_hcd 0000:00:14.0: Host supports USB 3.1 Enhanced SuperSpeed
[    0.747789] ACPI: video: Video Device [GFX0] (multi-head: yes  rom: no  post: no)
[    0.747802] usb usb1: New USB device found, idVendor=1d6b, idProduct=0002, bcdDevice= 5.15
[    0.747805] usb usb1: New USB device strings: Mfr=3, Product=2, SerialNumber=1
[    0.747806] usb usb1: Product: xHCI Host Controller
[    0.747808] usb usb1: Manufacturer: Linux 5.15.0-157-generic xhci-hcd
[    0.747809] usb usb1: SerialNumber: 0000:00:14.0
[    0.747995] hub 1-0:1.0: USB hub found
[    0.748013] hub 1-0:1.0: 16 ports detected
[    0.751001] igb: Intel(R) Gigabit Ethernet Network Driver
[    0.751002] igb: Copyright (c) 2007-2014 Intel Corporation.
[    0.751023] igb 0000:07:00.0: enabling device (0000 -> 0002)
[    0.751185] e1000e: Intel(R) PRO/1000 Network Driver
[    0.751186] e1000e: Copyright(c) 1999 - 2015 Intel Corporation.
[    0.751216] e1000e 0000:00:1f.6: enabling device (0000 -> 0002)
[    0.751524] e1000e 0000:00:1f.6: Interrupt Throttling Rate (ints/sec) set to dynamic conservative mode
[    0.753405] usb usb2: New USB device found, idVendor=1d6b, idProduct=0003, bcdDevice= 5.15
[    0.753408] usb usb2: New USB device strings: Mfr=3, Product=2, SerialNumber=1
[    0.753409] usb usb2: Product: xHCI Host Controller
[    0.753411] usb usb2: Manufacturer: Linux 5.15.0-157-generic xhci-hcd
[    0.753412] usb usb2: SerialNumber: 0000:00:14.0
[    0.753524] hub 2-0:1.0: USB hub found
[    0.753539] hub 2-0:1.0: 10 ports detected
[    0.756539] ahci 0000:00:17.0: AHCI 0001.0301 32 slots 5 ports 6 Gbps 0xf8 impl SATA mode
[    0.756542] ahci 0000:00:17.0: flags: 64bit ncq sntf pm clo only pio slum part ems deso sadm sds apst 
[    0.758484] xhci_hcd 0000:06:00.0: xHCI Host Controller
[    0.758498] xhci_hcd 0000:06:00.0: new USB bus registered, assigned bus number 3
[    0.758923] acpi device:0f: registered as cooling_device21
[    0.759075] input: Video Bus as /devices/LNXSYSTM:00/LNXSYBUS:00/PNP0A08:00/LNXVIDEO:00/input/input3
[    0.759141] i2c i2c-0: 2/4 memory slots populated (from DMI)
[    0.759601] i2c i2c-0: Successfully instantiated SPD at 0x50
[    0.760366] i2c i2c-0: Successfully instantiated SPD at 0x52
[    0.782680] igb 0000:07:00.0: added PHC on eth0
[    0.782704] igb 0000:07:00.0: Intel(R) Gigabit Ethernet Network Connection
[    0.782705] igb 0000:07:00.0: eth0: (PCIe:2.5Gb/s:Width x1) 00:10:f3:af:41:30
[    0.782764] igb 0000:07:00.0: eth0: PBA No: 000300-000
[    0.782765] igb 0000:07:00.0: Using MSI-X interrupts. 4 rx queue(s), 4 tx queue(s)
[    0.783434] igb 0000:07:00.0 ens17: renamed from eth0
[    0.811191] scsi host0: ahci
[    0.811420] scsi host1: ahci
[    0.811643] scsi host2: ahci
[    0.811814] scsi host3: ahci
[    0.811916] scsi host4: ahci
[    0.812094] scsi host5: ahci
[    0.812265] scsi host6: ahci
[    0.812345] scsi host7: ahci
[    0.812370] ata1: DUMMY
[    0.812371] ata2: DUMMY
[    0.812372] ata3: DUMMY
[    0.812373] ata4: SATA max UDMA/133 abar m2048@0xad839000 port 0xad839280 irq 130
[    0.812375] ata5: SATA max UDMA/133 abar m2048@0xad839000 port 0xad839300 irq 130
[    0.812375] ata6: SATA max UDMA/133 abar m2048@0xad839000 port 0xad839380 irq 130
[    0.812376] ata7: SATA max UDMA/133 abar m2048@0xad839000 port 0xad839400 irq 130
[    0.812378] ata8: SATA max UDMA/133 abar m2048@0xad839000 port 0xad839480 irq 130
[    0.813439] xhci_hcd 0000:06:00.0: hcc params 0x0200ef80 hci version 0x110 quirks 0x0000000000800010
[    0.813657] xhci_hcd 0000:06:00.0: xHCI Host Controller
[    0.813660] xhci_hcd 0000:06:00.0: new USB bus registered, assigned bus number 4
[    0.813662] xhci_hcd 0000:06:00.0: Host supports USB 3.1 Enhanced SuperSpeed
[    0.813703] usb usb3: New USB device found, idVendor=1d6b, idProduct=0002, bcdDevice= 5.15
[    0.813705] usb usb3: New USB device strings: Mfr=3, Product=2, SerialNumber=1
[    0.813706] usb usb3: Product: xHCI Host Controller
[    0.813707] usb usb3: Manufacturer: Linux 5.15.0-157-generic xhci-hcd
[    0.813708] usb usb3: SerialNumber: 0000:06:00.0
[    0.813781] hub 3-0:1.0: USB hub found
[    0.813791] hub 3-0:1.0: 2 ports detected
[    0.813850] usb usb4: We don't know the algorithms for LPM for this host, disabling LPM.
[    0.813858] usb usb4: New USB device found, idVendor=1d6b, idProduct=0003, bcdDevice= 5.15
[    0.813860] usb usb4: New USB device strings: Mfr=3, Product=2, SerialNumber=1
[    0.813861] usb usb4: Product: xHCI Host Controller
[    0.813861] usb usb4: Manufacturer: Linux 5.15.0-157-generic xhci-hcd
[    0.813862] usb usb4: SerialNumber: 0000:06:00.0
[    0.813924] hub 4-0:1.0: USB hub found
[    0.813933] hub 4-0:1.0: 2 ports detected
[    0.825470] e1000e 0000:00:1f.6 0000:00:1f.6 (uninitialized): registered PHC clock
[    0.896787] e1000e 0000:00:1f.6 eth0: (PCI Express:2.5GT/s:Width x1) 00:10:f3:af:41:2f
[    0.896797] e1000e 0000:00:1f.6 eth0: Intel(R) PRO/1000 Network Connection
[    0.896882] e1000e 0000:00:1f.6 eth0: MAC: 13, PHY: 12, PBA No: FFFFFF-0FF
[    1.090572] usb 1-1: new high-speed USB device number 2 using xhci_hcd
[    1.126940] ata5: SATA link down (SStatus 0 SControl 300)
[    1.126973] ata6: SATA link up 6.0 Gbps (SStatus 133 SControl 300)
[    1.127002] ata4: SATA link down (SStatus 0 SControl 300)
[    1.127030] ata7: SATA link down (SStatus 0 SControl 300)
[    1.127058] ata8: SATA link down (SStatus 0 SControl 300)
[    1.127177] ata6.00: ATA-10: TS1TSSD470K-I, 22Z3V4EI, max UDMA/133
[    1.127290] ata6.00: 2000409264 sectors, multi 16: LBA48 NCQ (depth 32), AA
[    1.127628] ata6.00: configured for UDMA/133
[    1.127967] scsi 5:0:0:0: Direct-Access     ATA      TS1TSSD470K-I    V4EI PQ: 0 ANSI: 5
[    1.128461] sd 5:0:0:0: Attached scsi generic sg0 type 0
[    1.128760] sd 5:0:0:0: [sda] 2000409264 512-byte logical blocks: (1.02 TB/954 GiB)
[    1.128808] sd 5:0:0:0: [sda] Write Protect is off
[    1.128815] sd 5:0:0:0: [sda] Mode Sense: 00 3a 00 00
[    1.128863] sd 5:0:0:0: [sda] Write cache: enabled, read cache: enabled, doesn't support DPO or FUA
[    1.131567]  sda: sda1 sda2
[    1.132425] sd 5:0:0:0: [sda] Attached SCSI disk
[    1.141142] e1000e 0000:00:1f.6 eno1: renamed from eth0
[    1.240800] usb 1-1: New USB device found, idVendor=2109, idProduct=2817, bcdDevice=90.23
[    1.240812] usb 1-1: New USB device strings: Mfr=1, Product=2, SerialNumber=0
[    1.240818] usb 1-1: Product: USB2.0 Hub             
[    1.240822] usb 1-1: Manufacturer: VIA Labs, Inc.         
[    1.241695] hub 1-1:1.0: USB hub found
[    1.241819] hub 1-1:1.0: 4 ports detected
[    1.366757] usb 2-1: new SuperSpeed USB device number 2 using xhci_hcd
[    1.386846] tsc: Refined TSC clocksource calibration: 3408.008 MHz
[    1.386869] clocksource: tsc: mask: 0xffffffffffffffff max_cycles: 0x311fdc0cd74, max_idle_ns: 440795347145 ns
[    1.386995] clocksource: Switched to clocksource tsc
[    1.388544] usb 2-1: New USB device found, idVendor=2109, idProduct=0817, bcdDevice=90.23
[    1.388556] usb 2-1: New USB device strings: Mfr=1, Product=2, SerialNumber=0
[    1.388561] usb 2-1: Product: USB3.0 Hub             
[    1.388566] usb 2-1: Manufacturer: VIA Labs, Inc.         
[    1.390176] hub 2-1:1.0: USB hub found
[    1.390349] hub 2-1:1.0: 4 ports detected
[    1.514822] usb 1-2: new full-speed USB device number 3 using xhci_hcd
[    1.667140] usb 1-2: New USB device found, idVendor=046d, idProduct=c52b, bcdDevice=24.11
[    1.667153] usb 1-2: New USB device strings: Mfr=1, Product=2, SerialNumber=0
[    1.667159] usb 1-2: Product: USB Receiver
[    1.667163] usb 1-2: Manufacturer: Logitech
[    1.790636] usb 2-5: new SuperSpeed USB device number 3 using xhci_hcd
[    1.813938] usb 2-5: New USB device found, idVendor=2109, idProduct=0817, bcdDevice=90.23
[    1.813951] usb 2-5: New USB device strings: Mfr=1, Product=2, SerialNumber=0
[    1.813957] usb 2-5: Product: USB3.0 Hub             
[    1.813961] usb 2-5: Manufacturer: VIA Labs, Inc.         
[    1.815659] hub 2-5:1.0: USB hub found
[    1.815836] hub 2-5:1.0: 4 ports detected
[    1.938829] usb 1-5: new high-speed USB device number 4 using xhci_hcd
[    2.089441] usb 1-5: New USB device found, idVendor=2109, idProduct=2817, bcdDevice=90.23
[    2.089454] usb 1-5: New USB device strings: Mfr=1, Product=2, SerialNumber=0
[    2.089459] usb 1-5: Product: USB2.0 Hub             
[    2.089463] usb 1-5: Manufacturer: VIA Labs, Inc.         
[    2.090618] hub 1-5:1.0: USB hub found
[    2.090752] hub 1-5:1.0: 4 ports detected
[    2.214652] usb 2-6: new SuperSpeed Plus Gen 2x1 USB device number 4 using xhci_hcd
[    2.236835] usb 2-6: New USB device found, idVendor=2c7c, idProduct=0800, bcdDevice= 4.14
[    2.236847] usb 2-6: New USB device strings: Mfr=1, Product=2, SerialNumber=3
[    2.236852] usb 2-6: Product: RM500Q-GL
[    2.236856] usb 2-6: Manufacturer: Quectel
[    2.236860] usb 2-6: SerialNumber: 3659bca1
[    2.245009] usb 2-6: Enable of device-initiated U1 failed.
[    2.245376] usb 2-6: Enable of device-initiated U2 failed.
[    2.318795] usb 2-1.1: new SuperSpeed USB device number 5 using xhci_hcd
[    2.339286] usb 2-1.1: LPM exit latency is zeroed, disabling LPM.
[    2.339678] usb 2-1.1: New USB device found, idVendor=2bdf, idProduct=0001, bcdDevice= 1.00
[    2.339689] usb 2-1.1: New USB device strings: Mfr=5, Product=3, SerialNumber=6
[    2.339694] usb 2-1.1: Product: MV-CH100-60UC
[    2.339698] usb 2-1.1: Manufacturer: Hikrobot
[    2.339701] usb 2-1.1: SerialNumber: DA5148683
[    2.466823] usb 1-10: new full-speed USB device number 5 using xhci_hcd
[    2.615966] usb 1-10: New USB device found, idVendor=067b, idProduct=23d3, bcdDevice= 4.05
[    2.615979] usb 1-10: New USB device strings: Mfr=1, Product=2, SerialNumber=3
[    2.615984] usb 1-10: Product: USB-Serial Controller 
[    2.615988] usb 1-10: Manufacturer: Prolific Technology Inc. 
[    2.615992] usb 1-10: SerialNumber: BJBCk19B617
[    2.694932] usb 2-5.1: new SuperSpeed USB device number 6 using xhci_hcd
[    2.715514] usb 2-5.1: LPM exit latency is zeroed, disabling LPM.
[    2.715888] usb 2-5.1: New USB device found, idVendor=2bdf, idProduct=0001, bcdDevice= 1.00
[    2.715897] usb 2-5.1: New USB device strings: Mfr=5, Product=3, SerialNumber=6
[    2.715902] usb 2-5.1: Product: MV-CH100-60UC
[    2.715906] usb 2-5.1: Manufacturer: Hikrobot
[    2.715910] usb 2-5.1: SerialNumber: DA5324645
[    2.794877] usb 2-1.2: new SuperSpeed USB device number 7 using xhci_hcd
[    2.815386] usb 2-1.2: LPM exit latency is zeroed, disabling LPM.
[    2.815782] usb 2-1.2: New USB device found, idVendor=2bdf, idProduct=0001, bcdDevice= 1.00
[    2.815793] usb 2-1.2: New USB device strings: Mfr=5, Product=3, SerialNumber=6
[    2.815799] usb 2-1.2: Product: MV-CH100-60UC
[    2.815804] usb 2-1.2: Manufacturer: Hikrobot
[    2.815808] usb 2-1.2: SerialNumber: DA5324655
[    2.942728] usb 1-13: new full-speed USB device number 6 using xhci_hcd
[    3.092125] usb 1-13: New USB device found, idVendor=067b, idProduct=23d3, bcdDevice= 4.05
[    3.092139] usb 1-13: New USB device strings: Mfr=1, Product=2, SerialNumber=3
[    3.092145] usb 1-13: Product: USB-Serial Controller 
[    3.092150] usb 1-13: Manufacturer: Prolific Technology Inc. 
[    3.092154] usb 1-13: SerialNumber: BJARk19B617
[    3.218819] usb 1-5.3: new full-speed USB device number 7 using xhci_hcd
[    3.367894] usb 1-5.3: New USB device found, idVendor=1546, idProduct=01a9, bcdDevice= 1.00
[    3.367907] usb 1-5.3: New USB device strings: Mfr=1, Product=2, SerialNumber=0
[    3.367913] usb 1-5.3: Product: u-blox GNSS receiver
[    3.367917] usb 1-5.3: Manufacturer: u-blox AG - www.u-blox.com
[    3.446945] usb 2-5.2: new SuperSpeed USB device number 8 using xhci_hcd
[    3.467562] usb 2-5.2: LPM exit latency is zeroed, disabling LPM.
[    3.467976] usb 2-5.2: New USB device found, idVendor=2bdf, idProduct=0001, bcdDevice= 1.00
[    3.467985] usb 2-5.2: New USB device strings: Mfr=5, Product=3, SerialNumber=6
[    3.467990] usb 2-5.2: Product: MV-CH100-60UC
[    3.467994] usb 2-5.2: Manufacturer: Hikrobot
[    3.467998] usb 2-5.2: SerialNumber: DA4930148
[    3.550866] usb 2-1.4: new SuperSpeed USB device number 9 using xhci_hcd
[    3.571345] usb 2-1.4: LPM exit latency is zeroed, disabling LPM.
[    3.571732] usb 2-1.4: New USB device found, idVendor=2bdf, idProduct=0001, bcdDevice= 1.00
[    3.571742] usb 2-1.4: New USB device strings: Mfr=5, Product=3, SerialNumber=6
[    3.571748] usb 2-1.4: Product: MV-CH100-60UC
[    3.571752] usb 2-1.4: Manufacturer: Hikrobot
[    3.571756] usb 2-1.4: SerialNumber: DA5148680
[    3.698732] usb 1-14: new full-speed USB device number 8 using xhci_hcd
[    3.848169] usb 1-14: New USB device found, idVendor=067b, idProduct=23d3, bcdDevice= 4.05
[    3.848183] usb 1-14: New USB device strings: Mfr=1, Product=2, SerialNumber=3
[    3.848189] usb 1-14: Product: USB-Serial Controller 
[    3.848193] usb 1-14: Manufacturer: Prolific Technology Inc. 
[    3.848198] usb 1-14: SerialNumber: BJBHk19B617
[    3.878240] hid: raw HID events driver (C) Jiri Kosina
[    3.886159] usbcore: registered new interface driver usbhid
[    3.886161] usbhid: USB HID core driver
[    3.888041] input: Logitech USB Receiver as /devices/pci0000:00/0000:00:14.0/usb1/1-2/1-2:1.0/0003:046D:C52B.0001/input/input4
[    3.930821] usb 2-5.4: new SuperSpeed USB device number 10 using xhci_hcd
[    3.946929] hid-generic 0003:046D:C52B.0001: input,hidraw0: USB HID v1.11 Keyboard [Logitech USB Receiver] on usb-0000:00:14.0-2/input0
[    3.947294] input: Logitech USB Receiver Mouse as /devices/pci0000:00/0000:00:14.0/usb1/1-2/1-2:1.1/0003:046D:C52B.0002/input/input5
[    3.947465] input: Logitech USB Receiver Consumer Control as /devices/pci0000:00/0000:00:14.0/usb1/1-2/1-2:1.1/0003:046D:C52B.0002/input/input6
[    3.951416] usb 2-5.4: LPM exit latency is zeroed, disabling LPM.
[    3.951799] usb 2-5.4: New USB device found, idVendor=2bdf, idProduct=0001, bcdDevice= 1.00
[    3.951805] usb 2-5.4: New USB device strings: Mfr=5, Product=3, SerialNumber=6
[    3.951809] usb 2-5.4: Product: MV-CH100-60UC
[    3.951812] usb 2-5.4: Manufacturer: Hikrobot
[    3.951815] usb 2-5.4: SerialNumber: DA6102933
[    4.006866] input: Logitech USB Receiver System Control as /devices/pci0000:00/0000:00:14.0/usb1/1-2/1-2:1.1/0003:046D:C52B.0002/input/input7
[    4.006927] hid-generic 0003:046D:C52B.0002: input,hiddev0,hidraw1: USB HID v1.11 Mouse [Logitech USB Receiver] on usb-0000:00:14.0-2/input1
[    4.007033] hid-generic 0003:046D:C52B.0003: hiddev1,hidraw2: USB HID v1.11 Device [Logitech USB Receiver] on usb-0000:00:14.0-2/input2
[    4.208735] logitech-djreceiver 0003:046D:C52B.0003: hiddev0,hidraw0: USB HID v1.11 Device [Logitech USB Receiver] on usb-0000:00:14.0-2/input2
[    4.329368] input: Logitech Wireless Device PID:404d Keyboard as /devices/pci0000:00/0000:00:14.0/usb1/1-2/1-2:1.2/0003:046D:C52B.0003/0003:046D:404D.0004/input/input9
[    4.329665] input: Logitech Wireless Device PID:404d Mouse as /devices/pci0000:00/0000:00:14.0/usb1/1-2/1-2:1.2/0003:046D:C52B.0003/0003:046D:404D.0004/input/input10
[    4.330095] hid-generic 0003:046D:404D.0004: input,hidraw1: USB HID v1.11 Keyboard [Logitech Wireless Device PID:404d] on usb-0000:00:14.0-2/input2:1
[    4.482815] input: Logitech K400 Plus as /devices/pci0000:00/0000:00:14.0/usb1/1-2/1-2:1.2/0003:046D:C52B.0003/0003:046D:404D.0004/input/input14
[    4.483397] logitech-hidpp-device 0003:046D:404D.0004: input,hidraw1: USB HID v1.11 Keyboard [Logitech K400 Plus] on usb-0000:00:14.0-2/input2:1
[    4.603967] EXT4-fs (sda2): mounted filesystem with ordered data mode. Opts: (null). Quota mode: none.
[    4.817872] systemd[1]: Inserted module 'autofs4'
[    4.862804] systemd[1]: systemd 245.4-4ubuntu3.24+esm1 running in system mode. (+PAM +AUDIT +SELINUX +IMA +APPARMOR +SMACK +SYSVINIT +UTMP +LIBCRYPTSETUP +GCRYPT +GNUTLS +ACL +XZ +LZ4 +SECCOMP +BLKID +ELFUTILS +KMOD +IDN2 -IDN +PCRE2 default-hierarchy=hybrid)
[    4.882912] systemd[1]: Detected architecture x86-64.
[    4.923923] systemd[1]: Set hostname to <kodifly-aROK8110>.
[    5.029951] systemd[1]: Configuration file /run/systemd/system/netplan-ovs-cleanup.service is marked world-inaccessible. This has no effect as configuration data is accessible via APIs without restrictions. Proceeding anyway.
[    5.049421] systemd[1]: /lib/systemd/system/snapd.service:23: Unknown key name 'RestartMode' in section 'Service', ignoring.
[    5.082375] systemd[1]: /etc/systemd/system/cloudflared.service:21: Failed to parse StartLimitAction=, ignoring: restart
[    5.085607] systemd[1]: /etc/systemd/system/anydesk.service:9: PIDFile= references a path below legacy directory /var/run/, updating /var/run/anydesk.pid → /run/anydesk.pid; please update the unit file accordingly.
[    5.115551] systemd[1]: Created slice system-modprobe.slice.
[    5.115839] systemd[1]: Created slice system-postgresql.slice.
[    5.116110] systemd[1]: Created slice system-systemd\x2dfsck.slice.
[    5.116381] systemd[1]: Created slice User and Session Slice.
[    5.116432] systemd[1]: Started Forward Password Requests to Wall Directory Watch.
[    5.116569] systemd[1]: Set up automount Arbitrary Executable File Formats File System Automount Point.
[    5.116612] systemd[1]: Reached target User and Group Name Lookups.
[    5.116623] systemd[1]: Reached target Remote File Systems.
[    5.116633] systemd[1]: Reached target Slices.
[    5.116647] systemd[1]: Reached target Mounting snaps.
[    5.116752] systemd[1]: Listening on Syslog Socket.
[    5.116821] systemd[1]: Listening on fsck to fsckd communication Socket.
[    5.116862] systemd[1]: Listening on initctl Compatibility Named Pipe.
[    5.117379] systemd[1]: Listening on Journal Audit Socket.
[    5.117442] systemd[1]: Listening on Journal Socket (/dev/log).
[    5.117514] systemd[1]: Listening on Journal Socket.
[    5.117595] systemd[1]: Listening on udev Control Socket.
[    5.117642] systemd[1]: Listening on udev Kernel Socket.
[    5.118334] systemd[1]: Mounting Huge Pages File System...
[    5.119165] systemd[1]: Mounting POSIX Message Queue File System...
[    5.120018] systemd[1]: Mounting Kernel Debug File System...
[    5.120809] systemd[1]: Mounting Kernel Trace File System...
[    5.122154] systemd[1]: Starting Journal Service...
[    5.123116] systemd[1]: Starting Set the console keyboard layout...
[    5.123988] systemd[1]: Starting Create list of static device nodes for the current kernel...
[    5.124678] systemd[1]: Starting Load Kernel Module chromeos_pstore...
[    5.125300] systemd[1]: Starting Load Kernel Module drm...
[    5.125836] systemd[1]: Starting Load Kernel Module efi_pstore...
[    5.126289] systemd[1]: Starting Load Kernel Module pstore_blk...
[    5.126766] systemd[1]: Starting Load Kernel Module pstore_zone...
[    5.127237] systemd[1]: Starting Load Kernel Module ramoops...
[    5.128236] systemd[1]: Condition check resulted in Set Up Additional Binary Formats being skipped.
[    5.128253] systemd[1]: Condition check resulted in File System Check on Root Device being skipped.
[    5.132004] systemd[1]: Starting Load Kernel Modules...
[    5.132580] systemd[1]: Starting Remount Root and Kernel File Systems...
[    5.133176] systemd[1]: Starting udev Coldplug all Devices...
[    5.133753] systemd[1]: Starting Uncomplicated firewall...
[    5.134616] systemd[1]: Mounted Huge Pages File System.
[    5.134682] systemd[1]: Mounted POSIX Message Queue File System.
[    5.134738] systemd[1]: Mounted Kernel Debug File System.
[    5.134797] systemd[1]: Mounted Kernel Trace File System.
[    5.135142] systemd[1]: Finished Create list of static device nodes for the current kernel.
[    5.135285] systemd[1]: modprobe@pstore_blk.service: Succeeded.
[    5.135437] systemd[1]: Finished Load Kernel Module pstore_blk.
[    5.135548] systemd[1]: modprobe@pstore_zone.service: Succeeded.
[    5.135710] systemd[1]: Finished Load Kernel Module pstore_zone.
[    5.135820] systemd[1]: modprobe@ramoops.service: Succeeded.
[    5.135970] systemd[1]: Finished Load Kernel Module ramoops.
[    5.136382] systemd[1]: Finished Uncomplicated firewall.
[    5.138514] pstore: Using crash dump compression: deflate
[    5.138517] pstore: Registered efi as persistent store backend
[    5.138776] systemd[1]: modprobe@efi_pstore.service: Succeeded.
[    5.138921] systemd[1]: Finished Load Kernel Module efi_pstore.
[    5.139036] systemd[1]: modprobe@drm.service: Succeeded.
[    5.139176] systemd[1]: Finished Load Kernel Module drm.
[    5.142107] EXT4-fs (sda2): re-mounted. Opts: errors=remount-ro. Quota mode: none.
[    5.142937] systemd[1]: Finished Remount Root and Kernel File Systems.
[    5.143513] systemd[1]: Activating swap /swapfile...
[    5.144507] systemd[1]: Condition check resulted in Rebuild Hardware Database being skipped.
[    5.145183] systemd[1]: Starting Load/Save Random Seed...
[    5.145979] systemd[1]: Starting Create System Users...
[    5.154447] lp: driver loaded but no devices found
[    5.158979] Adding 67108860k swap on /swapfile.  Priority:-2 extents:128 across:983818240k SSFS
[    5.159048] systemd[1]: Activated swap /swapfile.
[    5.159081] systemd[1]: Reached target Swap.
[    5.160547] ppdev: user-space parallel port driver
[    5.166372] systemd[1]: Finished Set the console keyboard layout.
[    5.167389] systemd[1]: Finished Load/Save Random Seed.
[    5.168387] parport_pc 00:02: reported by Plug and Play ACPI
[    5.168498] parport0: PC-style at 0x378, irq 15 [PCSPP,TRISTATE]
[    5.171042] systemd[1]: Finished Create System Users.
[    5.171618] systemd[1]: Starting Create Static Device Nodes in /dev...
[    5.182140] systemd[1]: Finished Create Static Device Nodes in /dev.
[    5.182203] systemd[1]: Reached target Local File Systems (Pre).
[    5.183704] systemd[1]: Mounting Mount unit for bare, revision 5...
[    5.184480] systemd[1]: Mounting Mount unit for canonical-livepatch, revision 359...
[    5.185114] systemd[1]: Mounting Mount unit for canonical-livepatch, revision 364...
[    5.185698] loop0: detected capacity change from 0 to 8
[    5.185991] systemd[1]: Mounting Mount unit for chromium, revision 3251...
[    5.186698] systemd[1]: Mounting Mount unit for chromium, revision 3259...
[    5.187406] systemd[1]: Mounting Mount unit for code, revision 208...
[    5.188002] systemd[1]: Mounting Mount unit for code, revision 209...
[    5.188754] systemd[1]: Mounting Mount unit for core18, revision 2947...
[    5.189384] systemd[1]: Mounting Mount unit for core18, revision 2952...
[    5.190433] systemd[1]: Mounting Mount unit for core20, revision 2599...
[    5.191102] systemd[1]: Mounting Mount unit for core20, revision 2669...
[    5.191799] systemd[1]: Mounting Mount unit for core22, revision 2111...
[    5.192449] systemd[1]: Mounting Mount unit for core22, revision 2133...
[    5.193213] systemd[1]: Mounting Mount unit for cups, revision 1100...
[    5.193822] systemd[1]: Mounting Mount unit for cups, revision 1112...
[    5.194695] systemd[1]: Mounting Mount unit for gnome-3-38-2004, revision 119...
[    5.195354] systemd[1]: Mounting Mount unit for gnome-3-38-2004, revision 143...
[    5.196088] systemd[1]: Mounting Mount unit for gnome-42-2204, revision 202...
[    5.196711] systemd[1]: Mounting Mount unit for gnome-42-2204, revision 226...
[    5.197457] systemd[1]: Mounting Mount unit for gtk-common-themes, revision 1535...
[    5.198219] systemd[1]: Mounting Mount unit for slack, revision 215...
[    5.198898] systemd[1]: Mounting Mount unit for slack, revision 216...
[    5.199639] systemd[1]: Mounting Mount unit for snap-store, revision 1216...
[    5.200224] systemd[1]: Mounting Mount unit for snap-store, revision 638...
[    5.201132] systemd[1]: Mounting Mount unit for snapd, revision 24792...
[    5.201751] systemd[1]: Mounting Mount unit for snapd, revision 25202...
[    5.202593] systemd[1]: Mounting Mount unit for zerotier, revision 192...
[    5.203476] systemd[1]: Starting udev Kernel Device Manager...
[    5.204040] systemd[1]: Finished udev Coldplug all Devices.
[    5.214617] loop1: detected capacity change from 0 to 27424
[    5.214663] loop2: detected capacity change from 0 to 380376
[    5.214705] loop3: detected capacity change from 0 to 113640
[    5.216040] systemd[1]: Mounted Mount unit for bare, revision 5.
[    5.222820] systemd[1]: modprobe@chromeos_pstore.service: Succeeded.
[    5.222979] systemd[1]: Finished Load Kernel Module chromeos_pstore.
[    5.223041] systemd[1]: Condition check resulted in Platform Persistent Storage Archival being skipped.
[    5.242643] loop4: detected capacity change from 0 to 130592
[    5.242666] loop5: detected capacity change from 0 to 130608
[    5.242727] loop6: detected capacity change from 0 to 151384
[    5.242776] loop7: detected capacity change from 0 to 151392
[    5.243097] loop8: detected capacity change from 0 to 137568
[    5.243207] loop9: detected capacity change from 0 to 716176
[    5.243219] loop10: detected capacity change from 0 to 97448
[    5.243232] loop11: detected capacity change from 0 to 709280
[    5.243323] loop12: detected capacity change from 0 to 1056784
[    5.243378] loop13: detected capacity change from 0 to 1057184
[    5.243530] loop15: detected capacity change from 0 to 187776
[    5.243531] loop17: detected capacity change from 0 to 24984
[    5.243546] loop18: detected capacity change from 0 to 94064
[    5.243546] loop14: detected capacity change from 0 to 263848
[    5.243559] loop20: detected capacity change from 0 to 100952
[    5.243563] loop21: detected capacity change from 0 to 1728
[    5.243579] loop19: detected capacity change from 0 to 103976
[    5.243580] loop16: detected capacity change from 0 to 263992
[    5.245179] systemd[1]: Mounted Mount unit for chromium, revision 3259.
[    5.245244] systemd[1]: Mounted Mount unit for core18, revision 2952.
[    5.251669] systemd[1]: Started udev Kernel Device Manager.
[    5.252233] systemd[1]: Starting Show Plymouth Boot Screen...
[    5.255373] loop22: detected capacity change from 0 to 380920
[    5.255374] loop23: detected capacity change from 0 to 27104
[    5.257717] systemd[1]: Mounted Mount unit for canonical-livepatch, revision 364.
[    5.257788] systemd[1]: Received SIGRTMIN+20 from PID 714 (plymouthd).
[    5.270462] systemd[1]: Started Show Plymouth Boot Screen.
[    5.270603] systemd[1]: Condition check resulted in Dispatch Password Requests to Console Directory Watch being skipped.
[    5.270675] systemd[1]: Started Forward Password Requests to Plymouth Directory Watch.
[    5.270707] systemd[1]: Reached target Local Encrypted Volumes.
[    5.270722] lp0: using parport0 (interrupt-driven).
[    5.271722] systemd[1]: Started Journal Service.
[    5.275837] systemd-journald[639]: Received client request to flush runtime journal.
[    5.291080] loop24: detected capacity change from 0 to 113640
[    5.291133] loop26: detected capacity change from 0 to 674920
[    5.291134] loop25: detected capacity change from 0 to 674920
[    5.336023] EDAC MC0: Giving out device to module ie31200_edac controller IE31200: DEV 0000:00:00.0 (POLLED)
[    5.336543] intel_pch_thermal 0000:00:12.0: enabling device (0000 -> 0002)
[    5.346422] mei_me 0000:00:16.0: enabling device (0000 -> 0002)
[    5.390229] ee1004 0-0050: 512 byte EE1004-compliant SPD EEPROM, read-only
[    5.390254] ee1004 0-0052: 512 byte EE1004-compliant SPD EEPROM, read-only
[    5.452348] cdc_acm 1-5.3:1.0: ttyACM0: USB ACM device
[    5.452405] usbcore: registered new interface driver cdc_acm
[    5.452407] cdc_acm: USB Abstract Control Model driver for USB modems and ISDN adapters
[    5.479920] usbcore: registered new interface driver usbserial_generic
[    5.479928] usbserial: USB Serial support registered for generic
[    5.480855] RAPL PMU: API unit is 2^-32 Joules, 4 fixed counters, 655360 ms ovfl timer
[    5.480857] RAPL PMU: hw unit of domain pp0-core 2^-14 Joules
[    5.480858] RAPL PMU: hw unit of domain package 2^-14 Joules
[    5.480859] RAPL PMU: hw unit of domain dram 2^-14 Joules
[    5.480860] RAPL PMU: hw unit of domain pp1-gpu 2^-14 Joules
[    5.486073] i915 0000:00:02.0: enabling device (0000 -> 0003)
[    5.490422] usbcore: registered new interface driver pl2303
[    5.490428] usbserial: USB Serial support registered for pl2303
[    5.490443] pl2303 1-10:1.0: pl2303 converter detected
[    5.490477] usb 1-10: pl2303 converter now attached to ttyUSB0
[    5.490501] pl2303 1-13:1.0: pl2303 converter detected
[    5.490527] usb 1-13: pl2303 converter now attached to ttyUSB1
[    5.490542] pl2303 1-14:1.0: pl2303 converter detected
[    5.490564] usb 1-14: pl2303 converter now attached to ttyUSB2
[    5.494104] cryptd: max_cpu_qlen set to 1000
[    5.509816] usbcore: registered new interface driver option
[    5.509823] usbserial: USB Serial support registered for GSM modem (1-port)
[    5.509916] option 2-6:1.0: GSM modem (1-port) converter detected
[    5.509940] usbcore: registered new interface driver cdc_wdm
[    5.509974] usb 2-6: GSM modem (1-port) converter now attached to ttyUSB3
[    5.509999] option 2-6:1.1: GSM modem (1-port) converter detected
[    5.510035] usb 2-6: GSM modem (1-port) converter now attached to ttyUSB4
[    5.510056] option 2-6:1.2: GSM modem (1-port) converter detected
[    5.510083] usb 2-6: GSM modem (1-port) converter now attached to ttyUSB5
[    5.510103] option 2-6:1.3: GSM modem (1-port) converter detected
[    5.510168] usb 2-6: GSM modem (1-port) converter now attached to ttyUSB6
[    5.524758] i915 0000:00:02.0: [drm] Finished loading DMC firmware i915/kbl_dmc_ver1_04.bin (v1.4)
[    5.533812] AVX2 version of gcm_enc/dec engaged.
[    5.533839] AES CTR mode by8 optimization enabled
[    5.534069] qmi_wwan 2-6:1.4: cdc-wdm1: USB WDM device
[    5.538631] qmi_wwan 2-6:1.4 wwan0: register 'qmi_wwan' at usb-0000:00:14.0-6, WWAN/QMI device, 9a:21:a1:b9:0f:f8
[    5.538925] usb 2-6: Enable of device-initiated U1 failed.
[    5.539232] usb 2-6: Enable of device-initiated U2 failed.
[    5.539352] usbcore: registered new interface driver qmi_wwan
[    5.582580] mei_hdcp 0000:00:16.0-b638ab7e-94e2-4ea2-a552-d1c54b627f04: bound 0000:00:02.0 (ops i915_hdcp_component_ops [i915])
[    5.639085] snd_hda_intel 0000:00:1f.3: enabling device (0000 -> 0002)
[    5.639307] snd_hda_intel 0000:01:00.1: enabling device (0000 -> 0002)
[    5.639389] snd_hda_intel 0000:01:00.1: Disabling MSI
[    5.639396] snd_hda_intel 0000:01:00.1: Handle vga_switcheroo audio client
[    5.696182] input: HDA NVidia HDMI/DP,pcm=3 as /devices/pci0000:00/0000:00:01.0/0000:01:00.1/sound/card1/input15
[    5.696232] input: HDA NVidia HDMI/DP,pcm=7 as /devices/pci0000:00/0000:00:01.0/0000:01:00.1/sound/card1/input16
[    5.696280] input: HDA NVidia HDMI/DP,pcm=8 as /devices/pci0000:00/0000:00:01.0/0000:01:00.1/sound/card1/input17
[    5.696320] input: HDA NVidia HDMI/DP,pcm=9 as /devices/pci0000:00/0000:00:01.0/0000:01:00.1/sound/card1/input18
[    5.696365] input: HDA NVidia HDMI/DP,pcm=10 as /devices/pci0000:00/0000:00:01.0/0000:01:00.1/sound/card1/input19
[    5.696411] input: HDA NVidia HDMI/DP,pcm=11 as /devices/pci0000:00/0000:00:01.0/0000:01:00.1/sound/card1/input20
[    5.696459] input: HDA NVidia HDMI/DP,pcm=12 as /devices/pci0000:00/0000:00:01.0/0000:01:00.1/sound/card1/input21
[    5.768846] i915 0000:00:02.0: [drm] failed to retrieve link info, disabling eDP
[    5.768974] i915 0000:00:02.0: [drm] [ENCODER:94:DDI B/PHY B] is disabled/in DSI mode with an ungated DDI clock, gate it
[    5.768976] i915 0000:00:02.0: [drm] [ENCODER:104:DDI C/PHY C] is disabled/in DSI mode with an ungated DDI clock, gate it
[    6.231503] nvidia: loading out-of-tree module taints kernel.
[    6.231528] nvidia: module license 'NVIDIA' taints kernel.
[    6.231529] Disabling lock debugging due to kernel taint
[    6.233127] intel_tcc_cooling: Programmable TCC Offset detected
[    6.233133] [drm] Initialized i915 1.6.0 20201103 for 0000:00:02.0 on minor 0
[    6.234154] snd_hda_intel 0000:00:1f.3: bound 0000:00:02.0 (ops i915_audio_component_bind_ops [i915])
[    6.240676] intel_rapl_common: Found RAPL domain package
[    6.240692] intel_rapl_common: Found RAPL domain core
[    6.240693] intel_rapl_common: Found RAPL domain uncore
[    6.240694] intel_rapl_common: Found RAPL domain dram
[    6.245530] i915 0000:00:02.0: [drm] Cannot find any crtc or sizes
[    6.255761] i915 0000:00:02.0: [drm] Cannot find any crtc or sizes
[    6.265077] i915 0000:00:02.0: [drm] Cannot find any crtc or sizes
[    6.267187] nvidia: module verification failed: signature and/or required key missing - tainting kernel
[    6.274463] snd_hda_codec_realtek hdaudioC0D0: autoconfig for ALC888-VD: line_outs=1 (0x15/0x0/0x0/0x0/0x0) type:line
[    6.274467] snd_hda_codec_realtek hdaudioC0D0:    speaker_outs=0 (0x0/0x0/0x0/0x0/0x0)
[    6.274468] snd_hda_codec_realtek hdaudioC0D0:    hp_outs=1 (0x14/0x0/0x0/0x0/0x0)
[    6.274469] snd_hda_codec_realtek hdaudioC0D0:    mono: mono_out=0x0
[    6.274470] snd_hda_codec_realtek hdaudioC0D0:    inputs:
[    6.274471] snd_hda_codec_realtek hdaudioC0D0:      Mic=0x18
[    6.274472] snd_hda_codec_realtek hdaudioC0D0:      Line=0x1a
[    6.280559] nvidia-nvlink: Nvlink Core is being initialized, major device number 510

[    6.281851] nvidia 0000:01:00.0: vgaarb: changed VGA decodes: olddecodes=io+mem,decodes=none:owns=io+mem
[    6.290219] input: HDA Intel PCH Mic as /devices/pci0000:00/0000:00:1f.3/sound/card0/input22
[    6.290248] input: HDA Intel PCH Line Out as /devices/pci0000:00/0000:00:1f.3/sound/card0/input23
[    6.290283] input: HDA Intel PCH Headphone as /devices/pci0000:00/0000:00:1f.3/sound/card0/input24
[    6.290305] input: HDA Intel PCH HDMI/DP,pcm=3 as /devices/pci0000:00/0000:00:1f.3/sound/card0/input25
[    6.290327] input: HDA Intel PCH HDMI/DP,pcm=7 as /devices/pci0000:00/0000:00:1f.3/sound/card0/input26
[    6.290348] input: HDA Intel PCH HDMI/DP,pcm=8 as /devices/pci0000:00/0000:00:1f.3/sound/card0/input27
[    6.290374] input: HDA Intel PCH HDMI/DP,pcm=9 as /devices/pci0000:00/0000:00:1f.3/sound/card0/input28
[    6.290395] input: HDA Intel PCH HDMI/DP,pcm=10 as /devices/pci0000:00/0000:00:1f.3/sound/card0/input29
[    6.327161] NVRM: loading NVIDIA UNIX x86_64 Kernel Module  570.172.08  Tue Jul  8 18:31:33 UTC 2025
[    6.397464] nvidia-modeset: Loading NVIDIA Kernel Mode Setting Driver for UNIX platforms  570.172.08  Tue Jul  8 17:57:10 UTC 2025
[    6.402946] [drm] [nvidia-drm] [GPU ID 0x00000100] Loading driver
[    6.616876] audit: type=1400 audit(1760063106.536:2): apparmor="STATUS" operation="profile_load" profile="unconfined" name="lsb_release" pid=1275 comm="apparmor_parser"
[    6.616916] audit: type=1400 audit(1760063106.536:3): apparmor="STATUS" operation="profile_load" profile="unconfined" name="ippusbxd" pid=1281 comm="apparmor_parser"
[    6.617325] audit: type=1400 audit(1760063106.536:4): apparmor="STATUS" operation="profile_load" profile="unconfined" name="nvidia_modprobe" pid=1274 comm="apparmor_parser"
[    6.617327] audit: type=1400 audit(1760063106.536:5): apparmor="STATUS" operation="profile_load" profile="unconfined" name="nvidia_modprobe//kmod" pid=1274 comm="apparmor_parser"
[    6.617864] audit: type=1400 audit(1760063106.536:6): apparmor="STATUS" operation="profile_load" profile="unconfined" name="/usr/bin/man" pid=1279 comm="apparmor_parser"
[    6.617868] audit: type=1400 audit(1760063106.536:7): apparmor="STATUS" operation="profile_load" profile="unconfined" name="man_filter" pid=1279 comm="apparmor_parser"
[    6.617871] audit: type=1400 audit(1760063106.536:8): apparmor="STATUS" operation="profile_load" profile="unconfined" name="man_groff" pid=1279 comm="apparmor_parser"
[    6.618608] audit: type=1400 audit(1760063106.540:9): apparmor="STATUS" operation="profile_load" profile="unconfined" name="/usr/sbin/cups-browsed" pid=1277 comm="apparmor_parser"
[    6.618958] audit: type=1400 audit(1760063106.540:10): apparmor="STATUS" operation="profile_load" profile="unconfined" name="/usr/sbin/gpsd" pid=1285 comm="apparmor_parser"
[    6.619084] audit: type=1400 audit(1760063106.540:11): apparmor="STATUS" operation="profile_load" profile="unconfined" name="/usr/sbin/clamd" pid=1269 comm="apparmor_parser"
[    6.920555] into InitSkeleton
[    6.920557] Module skeleton init
[    6.920560] success adding s_devChar!
[    6.920561] begin InitModuleDevice
[    6.920597] end InitModuleDevice, nRet: 0
[    6.920598] into InitHook
[    6.920598] linux version 50fbd
[    6.920599] not Defined ALLOW_GPL
[    6.920599] using LFT_ModuleHookV4
[    6.967114] [InitModule:595]:GIGE Driver Enter: Version[2.5.0.3 build 20241128]
[    6.996720] [InitModule:585]:CXP Driver Enter: Version[2.5.0.3 build 20241128]
[    7.024159] [InitModule:585]:XOF Driver Enter: Version[2.5.0.3 build 20241128]
[    7.048495] [InitModule:591]:CL Driver Enter: Version[2.5.0.3 build 20241128]
[    7.071943] [InitModule:1134]:Vir Serial Driver Enter: Version[2.5.0.3 build 20241128]
[    7.752248] resource sanity check: requesting [mem 0x000c8000-0x000effff], which spans more than PCI Bus 0000:00 [mem 0x000e0000-0x000fffff window]
[    7.752253] caller os_map_kernel_space+0xa0/0x100 [nvidia] mapping multiple BARs
[    7.879810] [drm] Initialized nvidia-drm 0.0.0 20160202 for 0000:01:00.0 on minor 1
[    7.879818] nvidia 0000:01:00.0: vgaarb: deactivate vga console
[    7.881002] nvidia 0000:01:00.0: [drm] Cannot find any crtc or sizes
[    8.330582] bpfilter: Loaded bpfilter_umh pid 2058
[    8.330906] Started bpfilter
[    8.530764] aufs 5.15.5-20211129
[    9.303834] loop27: detected capacity change from 0 to 8
[   10.941095] e1000e 0000:00:1f.6 eno1: NIC Link is Up 1000 Mbps Full Duplex, Flow Control: Rx/Tx
[   10.941114] IPv6: ADDRCONF(NETDEV_CHANGE): eno1: link becomes ready
[   12.348241] rfkill: input handler disabled
[   12.609142] nvidia_uvm: module uses symbols from proprietary module nvidia, inheriting taint.
[   28.506687] e1000e 0000:00:1f.6 eno1: NIC Link is Down
[   31.269001] e1000e 0000:00:1f.6 eno1: NIC Link is Up 1000 Mbps Full Duplex, Flow Control: Rx/Tx
[   38.229026] Initializing XFRM netlink socket
[   38.372629] bridge: filtering via arp/ip/ip6tables is no longer available by default. Update your scripts to load br_netfilter if you need this.
[   38.864373] docker0: port 1(veth3f5c631) entered blocking state
[   38.864376] docker0: port 1(veth3f5c631) entered disabled state
[   38.864424] device veth3f5c631 entered promiscuous mode
[   38.864606] docker0: port 1(veth3f5c631) entered blocking state
[   38.864608] docker0: port 1(veth3f5c631) entered forwarding state
[   38.864622] IPv6: ADDRCONF(NETDEV_CHANGE): docker0: link becomes ready
[   38.864699] docker0: port 1(veth3f5c631) entered disabled state
[   38.895126] docker0: port 2(vetha81c1f1) entered blocking state
[   38.895129] docker0: port 2(vetha81c1f1) entered disabled state
[   38.895171] device vetha81c1f1 entered promiscuous mode
[   38.895235] docker0: port 2(vetha81c1f1) entered blocking state
[   38.895237] docker0: port 2(vetha81c1f1) entered forwarding state
[   38.895522] br-c69cba0c056a: port 1(veth6ee5486) entered blocking state
[   38.895524] br-c69cba0c056a: port 1(veth6ee5486) entered disabled state
[   38.895562] device veth6ee5486 entered promiscuous mode
[   38.895668] br-c69cba0c056a: port 1(veth6ee5486) entered blocking state
[   38.895670] br-c69cba0c056a: port 1(veth6ee5486) entered forwarding state
[   38.895707] br-c69cba0c056a: port 1(veth6ee5486) entered disabled state
[   38.895765] docker0: port 2(vetha81c1f1) entered disabled state
[   38.910061] eth0: renamed from veth98a362a
[   38.955581] IPv6: ADDRCONF(NETDEV_CHANGE): veth3f5c631: link becomes ready
[   38.955712] docker0: port 1(veth3f5c631) entered blocking state
[   38.955721] docker0: port 1(veth3f5c631) entered forwarding state
[   38.963309] eth0: renamed from veth04104aa
[   38.995968] IPv6: ADDRCONF(NETDEV_CHANGE): vetha81c1f1: link becomes ready
[   38.996107] docker0: port 2(vetha81c1f1) entered blocking state
[   38.996118] docker0: port 2(vetha81c1f1) entered forwarding state
[   39.036280] eth0: renamed from veth84c2ae4
[   39.083799] IPv6: ADDRCONF(NETDEV_CHANGE): veth6ee5486: link becomes ready
[   39.083967] br-c69cba0c056a: port 1(veth6ee5486) entered blocking state
[   39.083979] br-c69cba0c056a: port 1(veth6ee5486) entered forwarding state
[   39.084163] IPv6: ADDRCONF(NETDEV_CHANGE): br-c69cba0c056a: link becomes ready
[   46.557777] usb 1-5: USB disconnect, device number 4
[   46.557780] usb 1-5.3: USB disconnect, device number 7
[   50.646573] usb usb2-port5: Cannot enable. Maybe the USB cable is bad?
[   50.646597] usb 2-5: USB disconnect, device number 3
[   50.646598] usb 2-5.1: USB disconnect, device number 6
[   50.647348] usb 2-5.2: USB disconnect, device number 8
[   50.648026] usb 2-5.4: USB disconnect, device number 10
[   54.938569] usb usb2-port5: Cannot enable. Maybe the USB cable is bad?
[   56.166813] usb 2-1.2: reset SuperSpeed USB device number 7 using xhci_hcd
[   56.186951] usb 2-1.2: LPM exit latency is zeroed, disabling LPM.
[   56.646808] usb 2-1.2: reset SuperSpeed USB device number 7 using xhci_hcd
[   56.666966] usb 2-1.2: LPM exit latency is zeroed, disabling LPM.
[   57.110798] usb 2-1.2: reset SuperSpeed USB device number 7 using xhci_hcd
[   57.130948] usb 2-1.2: LPM exit latency is zeroed, disabling LPM.
[   57.526803] usb 2-1.2: reset SuperSpeed USB device number 7 using xhci_hcd
[   57.546943] usb 2-1.2: LPM exit latency is zeroed, disabling LPM.
[   57.949616] usb 2-1.2: Device not responding to setup address.
[   58.161117] usb 2-1.2: Device not responding to setup address.
[   58.366563] usb 2-1.2: device not accepting address 7, error -71
[   58.694640] usb 2-1.2: reset SuperSpeed USB device number 7 using xhci_hcd
[   58.714936] usb 2-1.2: LPM exit latency is zeroed, disabling LPM.
[   59.042810] usb 2-1.4: reset SuperSpeed USB device number 9 using xhci_hcd
[   59.062941] usb 2-1.4: LPM exit latency is zeroed, disabling LPM.
[   59.222569] usb usb2-port5: Cannot enable. Maybe the USB cable is bad?
[   59.390816] usb 2-1.1: reset SuperSpeed USB device number 5 using xhci_hcd
[   59.410910] usb 2-1.1: LPM exit latency is zeroed, disabling LPM.
[   59.953584] usb 2-1.2: Device not responding to setup address.
[   60.165117] usb 2-1.2: Device not responding to setup address.
[   60.370506] usb 2-1.2: device not accepting address 7, error -71
[   61.471372] usb 2-1-port2: Cannot enable. Maybe the USB cable is bad?
[   61.650559] usb 2-1.2: USB disconnect, device number 7
[   62.759447] usb 2-1-port2: Cannot enable. Maybe the USB cable is bad?
[   63.518732] usb usb2-port5: Cannot enable. Maybe the USB cable is bad?
[   67.802618] usb usb2-port5: Cannot enable. Maybe the USB cable is bad?
[   72.098626] usb usb2-port5: Cannot enable. Maybe the USB cable is bad?
[   73.931880] usb 1-1: USB disconnect, device number 2
[   74.154645] usb 2-1: USB disconnect, device number 2
[   74.154648] usb 2-1.1: USB disconnect, device number 5
[   74.155250] usb 2-1.4: USB disconnect, device number 9
[   74.426723] usb 2-1: new SuperSpeed USB device number 12 using xhci_hcd
[   74.447992] usb 2-1: New USB device found, idVendor=2109, idProduct=0817, bcdDevice=90.23
[   74.447996] usb 2-1: New USB device strings: Mfr=1, Product=2, SerialNumber=0
[   74.447998] usb 2-1: Product: USB3.0 Hub             
[   74.447998] usb 2-1: Manufacturer: VIA Labs, Inc.         
[   74.449428] hub 2-1:1.0: USB hub found
[   74.449572] hub 2-1:1.0: 4 ports detected
[   74.722684] usb 2-5: new SuperSpeed USB device number 13 using xhci_hcd
[   74.744078] usb 2-5: New USB device found, idVendor=2109, idProduct=0817, bcdDevice=90.23
[   74.744080] usb 2-5: New USB device strings: Mfr=1, Product=2, SerialNumber=0
[   74.744081] usb 2-5: Product: USB3.0 Hub             
[   74.744082] usb 2-5: Manufacturer: VIA Labs, Inc.         
[   74.745603] hub 2-5:1.0: USB hub found
[   74.745845] hub 2-5:1.0: 4 ports detected
[   75.010619] usb 2-1.1: new SuperSpeed USB device number 14 using xhci_hcd
[   75.031265] usb 2-1.1: LPM exit latency is zeroed, disabling LPM.
[   75.031736] usb 2-1.1: New USB device found, idVendor=2bdf, idProduct=0001, bcdDevice= 1.00
[   75.031738] usb 2-1.1: New USB device strings: Mfr=5, Product=3, SerialNumber=6
[   75.031739] usb 2-1.1: Product: MV-CH100-60UC
[   75.031740] usb 2-1.1: Manufacturer: Hikrobot
[   75.031741] usb 2-1.1: SerialNumber: DA5148683
[   75.114669] usb 2-1.2: new SuperSpeed USB device number 15 using xhci_hcd
[   75.135257] usb 2-1.2: LPM exit latency is zeroed, disabling LPM.
[   75.135710] usb 2-1.2: New USB device found, idVendor=2bdf, idProduct=0001, bcdDevice= 1.00
[   75.135723] usb 2-1.2: New USB device strings: Mfr=5, Product=3, SerialNumber=6
[   75.135728] usb 2-1.2: Product: MV-CH100-60UC
[   75.135732] usb 2-1.2: Manufacturer: Hikrobot
[   75.135736] usb 2-1.2: SerialNumber: DA5324655
[   75.218681] usb 2-1.4: new SuperSpeed USB device number 16 using xhci_hcd
[   75.239209] usb 2-1.4: LPM exit latency is zeroed, disabling LPM.
[   75.239661] usb 2-1.4: New USB device found, idVendor=2bdf, idProduct=0001, bcdDevice= 1.00
[   75.239673] usb 2-1.4: New USB device strings: Mfr=5, Product=3, SerialNumber=6
[   75.239679] usb 2-1.4: Product: MV-CH100-60UC
[   75.239683] usb 2-1.4: Manufacturer: Hikrobot
[   75.239687] usb 2-1.4: SerialNumber: DA5148680
[   75.970657] usb 1-1: new high-speed USB device number 9 using xhci_hcd
[   76.120080] usb 1-1: New USB device found, idVendor=2109, idProduct=2817, bcdDevice=90.23
[   76.120095] usb 1-1: New USB device strings: Mfr=1, Product=2, SerialNumber=0
[   76.120102] usb 1-1: Product: USB2.0 Hub             
[   76.120106] usb 1-1: Manufacturer: VIA Labs, Inc.         
[   76.121323] hub 1-1:1.0: USB hub found
[   76.121440] hub 1-1:1.0: 4 ports detected
[   79.218605] usb 1-5: new high-speed USB device number 10 using xhci_hcd
[   79.367638] usb 1-5: New USB device found, idVendor=2109, idProduct=2817, bcdDevice=90.23
[   79.367653] usb 1-5: New USB device strings: Mfr=1, Product=2, SerialNumber=0
[   79.367659] usb 1-5: Product: USB2.0 Hub             
[   79.367664] usb 1-5: Manufacturer: VIA Labs, Inc.         
[   79.368870] hub 1-5:1.0: USB hub found
[   79.368994] hub 1-5:1.0: 4 ports detected
[   80.201711] hub 2-1:1.0: hub_ext_port_status failed (err = -71)
[   80.382629] usb 2-1: USB disconnect, device number 12
[   81.226761] xhci_hcd 0000:00:14.0: WARN Set TR Deq Ptr cmd failed due to incorrect slot or ep state.
[   81.226787] usb 2-1-port2: cannot warm reset (err = -110)
[   81.226828] usb 2-1.1: USB disconnect, device number 14
[   81.228420] usb 2-1.2: USB disconnect, device number 15
[   81.231372] usb 2-1.4: USB disconnect, device number 16
[   81.234047] xhci_hcd 0000:00:14.0: WARN Set TR Deq Ptr cmd failed due to incorrect slot or ep state.
[   81.354801] usb 1-5.3: new full-speed USB device number 11 using xhci_hcd
[   81.503830] usb 1-5.3: New USB device found, idVendor=1546, idProduct=01a9, bcdDevice= 1.00
[   81.503844] usb 1-5.3: New USB device strings: Mfr=1, Product=2, SerialNumber=0
[   81.503851] usb 1-5.3: Product: u-blox GNSS receiver
[   81.503856] usb 1-5.3: Manufacturer: u-blox AG - www.u-blox.com
[   81.512635] cdc_acm 1-5.3:1.0: ttyACM0: USB ACM device
[   81.630944] usb 2-1: new SuperSpeed USB device number 17 using xhci_hcd
[   81.652617] usb 2-1: New USB device found, idVendor=2109, idProduct=0817, bcdDevice=90.23
[   81.652632] usb 2-1: New USB device strings: Mfr=1, Product=2, SerialNumber=0
[   81.652639] usb 2-1: Product: USB3.0 Hub             
[   81.652644] usb 2-1: Manufacturer: VIA Labs, Inc.         
[   81.654569] hub 2-1:1.0: USB hub found
[   81.654707] hub 2-1:1.0: 4 ports detected
[   82.210666] usb 2-1.1: new SuperSpeed USB device number 18 using xhci_hcd
[   82.231303] usb 2-1.1: LPM exit latency is zeroed, disabling LPM.
[   82.231719] usb 2-1.1: New USB device found, idVendor=2bdf, idProduct=0001, bcdDevice= 1.00
[   82.231728] usb 2-1.1: New USB device strings: Mfr=5, Product=3, SerialNumber=6
[   82.231734] usb 2-1.1: Product: MV-CH100-60UC
[   82.231738] usb 2-1.1: Manufacturer: Hikrobot
[   82.231743] usb 2-1.1: SerialNumber: DA5148683
[   82.314900] usb 2-1.2: new SuperSpeed USB device number 19 using xhci_hcd
[   82.339502] usb 2-1.2: LPM exit latency is zeroed, disabling LPM.
[   82.339988] usb 2-1.2: New USB device found, idVendor=2bdf, idProduct=0001, bcdDevice= 1.00
[   82.340001] usb 2-1.2: New USB device strings: Mfr=5, Product=3, SerialNumber=6
[   82.340007] usb 2-1.2: Product: MV-CH100-60UC
[   82.340012] usb 2-1.2: Manufacturer: Hikrobot
[   82.340016] usb 2-1.2: SerialNumber: DA5324655
[   82.422829] usb 2-1.4: new SuperSpeed USB device number 20 using xhci_hcd
[   82.443267] usb 2-1.4: LPM exit latency is zeroed, disabling LPM.
[   82.443737] usb 2-1.4: New USB device found, idVendor=2bdf, idProduct=0001, bcdDevice= 1.00
[   82.443740] usb 2-1.4: New USB device strings: Mfr=5, Product=3, SerialNumber=6
[   82.443742] usb 2-1.4: Product: MV-CH100-60UC
[   82.443744] usb 2-1.4: Manufacturer: Hikrobot
[   82.443746] usb 2-1.4: SerialNumber: DA5148680
[   83.226658] usb 2-5.2: new SuperSpeed USB device number 21 using xhci_hcd
[   83.247183] usb 2-5.2: LPM exit latency is zeroed, disabling LPM.
[   83.247608] usb 2-5.2: New USB device found, idVendor=2bdf, idProduct=0001, bcdDevice= 1.00
[   83.247621] usb 2-5.2: New USB device strings: Mfr=5, Product=3, SerialNumber=6
[   83.247628] usb 2-5.2: Product: MV-CH100-60UC
[   83.247632] usb 2-5.2: Manufacturer: Hikrobot
[   83.247636] usb 2-5.2: SerialNumber: DA4930148
[   83.478653] usb 2-5.4: new SuperSpeed USB device number 22 using xhci_hcd
[   83.499094] usb 2-5.4: LPM exit latency is zeroed, disabling LPM.
[   83.499467] usb 2-5.4: New USB device found, idVendor=2bdf, idProduct=0001, bcdDevice= 1.00
[   83.499477] usb 2-5.4: New USB device strings: Mfr=5, Product=3, SerialNumber=6
[   83.499484] usb 2-5.4: Product: MV-CH100-60UC
[   83.499488] usb 2-5.4: Manufacturer: Hikrobot
[   83.499493] usb 2-5.4: SerialNumber: DA6102933
[   83.726652] usb 2-5.1: new SuperSpeed USB device number 23 using xhci_hcd
[   83.747216] usb 2-5.1: LPM exit latency is zeroed, disabling LPM.
[   83.747649] usb 2-5.1: New USB device found, idVendor=2bdf, idProduct=0001, bcdDevice= 1.00
[   83.747662] usb 2-5.1: New USB device strings: Mfr=5, Product=3, SerialNumber=6
[   83.747669] usb 2-5.1: Product: MV-CH100-60UC
[   83.747674] usb 2-5.1: Manufacturer: Hikrobot
[   83.747678] usb 2-5.1: SerialNumber: DA5324645
[   91.462600] usb 1-1: USB disconnect, device number 9
[  105.011080] wireguard: WireGuard 1.0.0 loaded. See www.wireguard.com for information.
[  105.011082] wireguard: Copyright (C) 2015-2019 Jason A. Donenfeld <Jason@zx2c4.com>. All Rights Reserved.
[  152.624113] logitech-hidpp-device 0003:046D:404D.0004: HID++ 4.1 device connected.
[  166.195275] usb 2-1.4: reset SuperSpeed USB device number 20 using xhci_hcd
[  166.215129] usb 2-1.4: LPM exit latency is zeroed, disabling LPM.
[  166.218996] usb 2-1.4: usbfs: process 6805 (grabImgWithTrig) did not claim interface 2 before use
[  166.303181] usb 2-1.1: reset SuperSpeed USB device number 18 using xhci_hcd
[  166.323394] usb 2-1.1: LPM exit latency is zeroed, disabling LPM.
[  166.327231] usb 2-1.1: usbfs: process 6809 (grabImgWithTrig) did not claim interface 2 before use
[  166.435072] usb 2-1.2: reset SuperSpeed USB device number 19 using xhci_hcd
[  166.455346] usb 2-1.2: LPM exit latency is zeroed, disabling LPM.
[  166.459327] usb 2-1.2: usbfs: process 6807 (grabImgWithTrig) did not claim interface 2 before use
[  166.538783] usb 2-5.1: reset SuperSpeed USB device number 23 using xhci_hcd
[  166.562834] usb 2-5.1: LPM exit latency is zeroed, disabling LPM.
[  166.566255] usb 2-5.1: usbfs: process 6836 (grabImgWithTrig) did not claim interface 2 before use
[  166.646687] usb 2-5.4: reset SuperSpeed USB device number 22 using xhci_hcd
[  166.670737] usb 2-5.4: LPM exit latency is zeroed, disabling LPM.
[  166.674031] usb 2-5.4: usbfs: process 6834 (grabImgWithTrig) did not claim interface 2 before use
[  166.754624] usb 2-5.2: reset SuperSpeed USB device number 21 using xhci_hcd
[  166.778679] usb 2-5.2: LPM exit latency is zeroed, disabling LPM.
[  166.782133] usb 2-5.2: usbfs: process 6816 (grabImgWithTrig) did not claim interface 2 before use
[  192.918333] show_signal_msg: 12 callbacks suppressed
[  192.918335] nodelet[7804]: segfault at 7fd500000001 ip 00007fd500000001 sp 00007fd5b2bfcb88 error 14
[  192.918340] Code: Unable to access opcode bytes at RIP 0x7fd4ffffffd7.
[  281.680624] usb 2-5.4: reset SuperSpeed USB device number 22 using xhci_hcd
[  281.700697] usb 2-5.4: LPM exit latency is zeroed, disabling LPM.
[  281.704058] usb 2-5.4: usbfs: process 9136 (grabImgWithTrig) did not claim interface 2 before use
[  281.784617] usb 2-1.1: reset SuperSpeed USB device number 18 using xhci_hcd
[  281.804620] usb 2-1.1: LPM exit latency is zeroed, disabling LPM.
[  281.808191] usb 2-1.1: usbfs: process 9134 (grabImgWithTrig) did not claim interface 2 before use
[  281.936693] usb 2-5.1: reset SuperSpeed USB device number 23 using xhci_hcd
[  281.960752] usb 2-5.1: LPM exit latency is zeroed, disabling LPM.
[  281.964254] usb 2-5.1: usbfs: process 9137 (grabImgWithTrig) did not claim interface 2 before use
[  282.072545] usb 2-1.4: reset SuperSpeed USB device number 20 using xhci_hcd
[  282.092658] usb 2-1.4: LPM exit latency is zeroed, disabling LPM.
[  282.095884] usb 2-1.4: usbfs: process 9132 (grabImgWithTrig) did not claim interface 2 before use
[  282.176665] usb 2-5.2: reset SuperSpeed USB device number 21 using xhci_hcd
[  282.196619] usb 2-5.2: LPM exit latency is zeroed, disabling LPM.
[  282.199944] usb 2-5.2: usbfs: process 9135 (grabImgWithTrig) did not claim interface 2 before use
[  282.276612] usb 2-1.2: reset SuperSpeed USB device number 19 using xhci_hcd
[  282.296759] usb 2-1.2: LPM exit latency is zeroed, disabling LPM.
[  282.300165] usb 2-1.2: usbfs: process 9133 (grabImgWithTrig) did not claim interface 2 before use
[  526.046629] usb 2-5.4: reset SuperSpeed USB device number 22 using xhci_hcd
[  526.066723] usb 2-5.4: LPM exit latency is zeroed, disabling LPM.
[  526.070125] usb 2-5.4: usbfs: process 10817 (grabImgWithTrig) did not claim interface 2 before use
[  526.186712] usb 2-1.2: reset SuperSpeed USB device number 19 using xhci_hcd
[  526.206863] usb 2-1.2: LPM exit latency is zeroed, disabling LPM.
[  526.210518] usb 2-1.2: usbfs: process 10814 (grabImgWithTrig) did not claim interface 2 before use
[  526.338713] usb 2-1.4: reset SuperSpeed USB device number 20 using xhci_hcd
[  526.358596] usb 2-1.4: LPM exit latency is zeroed, disabling LPM.
[  526.362095] usb 2-1.4: usbfs: process 10813 (grabImgWithTrig) did not claim interface 2 before use
[  526.442716] usb 2-5.1: reset SuperSpeed USB device number 23 using xhci_hcd
[  526.462706] usb 2-5.1: LPM exit latency is zeroed, disabling LPM.
[  526.466058] usb 2-5.1: usbfs: process 10818 (grabImgWithTrig) did not claim interface 2 before use
[  526.542601] usb 2-1.1: reset SuperSpeed USB device number 18 using xhci_hcd
[  526.562657] usb 2-1.1: LPM exit latency is zeroed, disabling LPM.
[  526.565960] usb 2-1.1: usbfs: process 10815 (grabImgWithTrig) did not claim interface 2 before use
[  526.646628] usb 2-5.2: reset SuperSpeed USB device number 21 using xhci_hcd
[  526.666689] usb 2-5.2: LPM exit latency is zeroed, disabling LPM.
[  526.670062] usb 2-5.2: usbfs: process 10816 (grabImgWithTrig) did not claim interface 2 before use
[  640.932610] usb 2-5.1: reset SuperSpeed USB device number 23 using xhci_hcd
[  640.957933] usb 2-5.1: LPM exit latency is zeroed, disabling LPM.
[  640.961084] usb 2-5.1: usbfs: process 11194 (grabImgWithTrig) did not claim interface 2 before use
[  640.961193] usb 2-5-port1: config error
[  640.961937] usb 2-5.1: usbfs: process 11194 (grabImgWithTrig) did not claim interface 0 before use
[  647.212237] usb 2-5.2: reset SuperSpeed USB device number 21 using xhci_hcd
[  647.232336] usb 2-5.2: LPM exit latency is zeroed, disabling LPM.
[  647.235806] usb 2-5.2: usbfs: process 12061 (grabImgWithTrig) did not claim interface 2 before use
[  647.364153] usb 2-1.1: reset SuperSpeed USB device number 18 using xhci_hcd
[  647.384501] usb 2-1.1: LPM exit latency is zeroed, disabling LPM.
[  647.387876] usb 2-1.1: usbfs: process 12060 (grabImgWithTrig) did not claim interface 2 before use
[  647.468099] usb 2-1.2: reset SuperSpeed USB device number 19 using xhci_hcd
[  647.492435] usb 2-1.2: LPM exit latency is zeroed, disabling LPM.
[  647.495995] usb 2-1.2: usbfs: process 12059 (grabImgWithTrig) did not claim interface 2 before use
[  647.576194] usb 2-5.4: reset SuperSpeed USB device number 22 using xhci_hcd
[  647.596351] usb 2-5.4: LPM exit latency is zeroed, disabling LPM.
[  647.599797] usb 2-5.4: usbfs: process 12062 (grabImgWithTrig) did not claim interface 2 before use
[  647.680122] usb 2-1.4: reset SuperSpeed USB device number 20 using xhci_hcd
[  647.700184] usb 2-1.4: LPM exit latency is zeroed, disabling LPM.
[  647.703590] usb 2-1.4: usbfs: process 12058 (grabImgWithTrig) did not claim interface 2 before use
[  647.784121] usb 2-5.1: reset SuperSpeed USB device number 23 using xhci_hcd
[  647.808327] usb 2-5.1: LPM exit latency is zeroed, disabling LPM.
[  647.811820] usb 2-5.1: usbfs: process 12063 (grabImgWithTrig) did not claim interface 2 before use
[ 1106.732732] usb 2-1.2: reset SuperSpeed USB device number 19 using xhci_hcd
[ 1106.752823] usb 2-1.2: LPM exit latency is zeroed, disabling LPM.
[ 1106.756271] usb 2-1.2: usbfs: process 13602 (grabImgWithTrig) did not claim interface 2 before use
[ 1106.840612] usb 2-1.4: reset SuperSpeed USB device number 20 using xhci_hcd
[ 1106.860613] usb 2-1.4: LPM exit latency is zeroed, disabling LPM.
[ 1106.864169] usb 2-1.4: usbfs: process 13601 (grabImgWithTrig) did not claim interface 2 before use
[ 1106.984590] usb 2-1.1: reset SuperSpeed USB device number 18 using xhci_hcd
[ 1107.004662] usb 2-1.1: LPM exit latency is zeroed, disabling LPM.
[ 1107.008259] usb 2-1.1: usbfs: process 13603 (grabImgWithTrig) did not claim interface 2 before use
[ 1107.092629] usb 2-5.2: reset SuperSpeed USB device number 21 using xhci_hcd
[ 1107.112729] usb 2-5.2: LPM exit latency is zeroed, disabling LPM.
[ 1107.116261] usb 2-5.2: usbfs: process 13604 (grabImgWithTrig) did not claim interface 2 before use
[ 1107.192717] usb 2-5.1: reset SuperSpeed USB device number 23 using xhci_hcd
[ 1107.212735] usb 2-5.1: LPM exit latency is zeroed, disabling LPM.
[ 1107.216632] usb 2-5.1: usbfs: process 13606 (grabImgWithTrig) did not claim interface 2 before use
[ 1107.296753] usb 2-5.4: reset SuperSpeed USB device number 22 using xhci_hcd
[ 1107.320716] usb 2-5.4: LPM exit latency is zeroed, disabling LPM.
[ 1107.324146] usb 2-5.4: usbfs: process 13605 (grabImgWithTrig) did not claim interface 2 before use
[ 1114.675612] perf: interrupt took too long (2511 > 2500), lowering kernel.perf_event_max_sample_rate to 79500
[ 1300.299627] usb 2-5.1: USB disconnect, device number 23
[ 1305.110998] usb 2-5.4: reset SuperSpeed USB device number 22 using xhci_hcd
[ 1305.131108] usb 2-5.4: LPM exit latency is zeroed, disabling LPM.
[ 1305.134501] usb 2-5.4: usbfs: process 14461 (grabImgWithTrig) did not claim interface 2 before use
[ 1305.306893] usb 2-1.4: reset SuperSpeed USB device number 20 using xhci_hcd
[ 1305.331179] usb 2-1.4: LPM exit latency is zeroed, disabling LPM.
[ 1305.334637] usb 2-1.4: usbfs: process 14457 (grabImgWithTrig) did not claim interface 2 before use
[ 1305.455033] usb 2-5.2: reset SuperSpeed USB device number 21 using xhci_hcd
[ 1305.475026] usb 2-5.2: LPM exit latency is zeroed, disabling LPM.
[ 1305.478380] usb 2-5.2: usbfs: process 14460 (grabImgWithTrig) did not claim interface 2 before use
[ 1305.559034] usb 2-1.2: reset SuperSpeed USB device number 19 using xhci_hcd
[ 1305.579214] usb 2-1.2: LPM exit latency is zeroed, disabling LPM.
[ 1305.582590] usb 2-1.2: usbfs: process 14458 (grabImgWithTrig) did not claim interface 2 before use
[ 1305.663004] usb 2-1.1: reset SuperSpeed USB device number 18 using xhci_hcd
[ 1305.683252] usb 2-1.1: LPM exit latency is zeroed, disabling LPM.
[ 1305.686667] usb 2-1.1: usbfs: process 14459 (grabImgWithTrig) did not claim interface 2 before use
[ 1309.990618] usb 2-5.1: new SuperSpeed USB device number 24 using xhci_hcd
[ 1310.032730] usb 2-5.1: LPM exit latency is zeroed, disabling LPM.
[ 1310.033245] usb 2-5.1: New USB device found, idVendor=2bdf, idProduct=0001, bcdDevice= 1.00
[ 1310.033247] usb 2-5.1: New USB device strings: Mfr=5, Product=3, SerialNumber=6
[ 1310.033249] usb 2-5.1: Product: MV-CH100-60UC
[ 1310.033250] usb 2-5.1: Manufacturer: Hikrobot
[ 1310.033251] usb 2-5.1: SerialNumber: DA5324645
[ 1310.710860] usb 2-5.1: reset SuperSpeed USB device number 24 using xhci_hcd
[ 1310.735947] usb 2-5.1: LPM exit latency is zeroed, disabling LPM.
[ 1310.740066] usb 2-5.1: usbfs: process 14984 (grabImgWithTrig) did not claim interface 2 before use
[ 1411.664054] perf: interrupt took too long (3169 > 3138), lowering kernel.perf_event_max_sample_rate to 63000
[ 1465.339944] usb 2-1: USB disconnect, device number 17
[ 1465.339948] usb 2-1.1: USB disconnect, device number 18
[ 1465.340721] usb 2-1.2: USB disconnect, device number 19
[ 1465.341648] usb 2-1.4: USB disconnect, device number 20
[ 1466.904330] usb 1-5: clear tt 3 (91d2) error -71
[ 1466.904390] usb 1-5: USB disconnect, device number 10
[ 1466.904396] usb 1-5.3: USB disconnect, device number 11
[ 1470.987918] usb usb2-port5: Cannot enable. Maybe the USB cable is bad?
[ 1470.987950] usb 2-5: USB disconnect, device number 13
[ 1470.987956] usb 2-5.1: USB disconnect, device number 24
[ 1470.989229] usb 2-5.2: USB disconnect, device number 21
[ 1470.999193] usb 2-5.4: USB disconnect, device number 22
[ 1473.399801] usb 1-1: new high-speed USB device number 12 using xhci_hcd
[ 1473.553018] usb 1-1: New USB device found, idVendor=2109, idProduct=2817, bcdDevice=90.23
[ 1473.553021] usb 1-1: New USB device strings: Mfr=1, Product=2, SerialNumber=0
[ 1473.553022] usb 1-1: Product: USB2.0 Hub             
[ 1473.553023] usb 1-1: Manufacturer: VIA Labs, Inc.         
[ 1473.553755] hub 1-1:1.0: USB hub found
[ 1473.553876] hub 1-1:1.0: 4 ports detected
[ 1474.267804] usb 1-1.3: new full-speed USB device number 13 using xhci_hcd
[ 1474.416935] usb 1-1.3: New USB device found, idVendor=1546, idProduct=01a9, bcdDevice= 1.00
[ 1474.416954] usb 1-1.3: New USB device strings: Mfr=1, Product=2, SerialNumber=0
[ 1474.416962] usb 1-1.3: Product: u-blox GNSS receiver
[ 1474.416968] usb 1-1.3: Manufacturer: u-blox AG - www.u-blox.com
[ 1474.424807] cdc_acm 1-1.3:1.0: ttyACM1: USB ACM device
[ 1475.275817] usb usb2-port5: Cannot enable. Maybe the USB cable is bad?
[ 1475.547855] usb 2-1: new SuperSpeed USB device number 25 using xhci_hcd
[ 1475.569391] usb 2-1: New USB device found, idVendor=2109, idProduct=0817, bcdDevice=90.23
[ 1475.569394] usb 2-1: New USB device strings: Mfr=1, Product=2, SerialNumber=0
[ 1475.569396] usb 2-1: Product: USB3.0 Hub             
[ 1475.569397] usb 2-1: Manufacturer: VIA Labs, Inc.         
[ 1475.570910] hub 2-1:1.0: USB hub found
[ 1475.571022] hub 2-1:1.0: 4 ports detected
[ 1476.055992] usb 2-1-port1: config error
[ 1477.008399] usb 2-1-port1: Cannot enable. Maybe the USB cable is bad?
[ 1478.108587] usb 2-1-port1: Cannot enable. Maybe the USB cable is bad?
[ 1478.187814] usb 2-1.2: new SuperSpeed USB device number 27 using xhci_hcd
[ 1478.207987] usb 2-1.2: LPM exit latency is zeroed, disabling LPM.
[ 1478.208444] usb 2-1.2: New USB device found, idVendor=2bdf, idProduct=0001, bcdDevice= 1.00
[ 1478.208447] usb 2-1.2: New USB device strings: Mfr=5, Product=3, SerialNumber=6
[ 1478.208449] usb 2-1.2: Product: MV-CH100-60UC
[ 1478.208450] usb 2-1.2: Manufacturer: Hikrobot
[ 1478.208451] usb 2-1.2: SerialNumber: DA4930148
[ 1478.291832] usb 2-1.4: new SuperSpeed USB device number 28 using xhci_hcd
[ 1478.312115] usb 2-1.4: LPM exit latency is zeroed, disabling LPM.
[ 1478.312529] usb 2-1.4: New USB device found, idVendor=2bdf, idProduct=0001, bcdDevice= 1.00
[ 1478.312539] usb 2-1.4: New USB device strings: Mfr=5, Product=3, SerialNumber=6
[ 1478.312544] usb 2-1.4: Product: MV-CH100-60UC
[ 1478.312548] usb 2-1.4: Manufacturer: Hikrobot
[ 1478.312552] usb 2-1.4: SerialNumber: DA6102933
[ 1478.316544] usb 2-1-port1: config error
[ 1479.268368] usb 2-1-port1: Cannot enable. Maybe the USB cable is bad?
[ 1479.268628] usb 2-1-port1: config error
[ 1479.559731] usb 1-5: new high-speed USB device number 14 using xhci_hcd
[ 1479.655752] usb usb2-port5: Cannot enable. Maybe the USB cable is bad?
[ 1479.709098] usb 1-5: New USB device found, idVendor=2109, idProduct=2817, bcdDevice=90.23
[ 1479.709111] usb 1-5: New USB device strings: Mfr=1, Product=2, SerialNumber=0
[ 1479.709116] usb 1-5: Product: USB2.0 Hub             
[ 1479.709120] usb 1-5: Manufacturer: VIA Labs, Inc.         
[ 1479.710399] hub 1-5:1.0: USB hub found
[ 1479.710554] hub 1-5:1.0: 4 ports detected
[ 1480.220335] usb 2-1-port1: Cannot enable. Maybe the USB cable is bad?
[ 1480.220597] usb 2-1-port1: config error
[ 1481.176371] usb 2-1-port1: Cannot enable. Maybe the USB cable is bad?
[ 1481.178933] usb 2-1-port1: config error
[ 1482.128286] usb 2-1-port1: Cannot enable. Maybe the USB cable is bad?
[ 1482.128541] usb 2-1-port1: config error
[ 1483.084435] usb 2-1-port1: Cannot enable. Maybe the USB cable is bad?
[ 1483.084643] usb 2-1-port1: config error
[ 1483.963693] usb usb2-port5: Cannot enable. Maybe the USB cable is bad?
[ 1484.040228] usb 2-1-port1: Cannot enable. Maybe the USB cable is bad?
[ 1484.040492] usb 2-1-port1: config error
[ 1484.992269] usb 2-1-port1: Cannot enable. Maybe the USB cable is bad?
[ 1484.992626] usb 2-1-port1: config error
[ 1485.948371] usb 2-1-port1: Cannot enable. Maybe the USB cable is bad?
[ 1485.948570] usb 2-1-port1: config error
[ 1486.904183] usb 2-1-port1: Cannot enable. Maybe the USB cable is bad?
[ 1486.904446] usb 2-1-port1: config error
[ 1487.856160] usb 2-1-port1: Cannot enable. Maybe the USB cable is bad?
[ 1487.856418] usb 2-1-port1: config error
[ 1488.255640] usb usb2-port5: Cannot enable. Maybe the USB cable is bad?
[ 1488.808321] usb 2-1-port1: Cannot enable. Maybe the USB cable is bad?
[ 1488.808559] usb 2-1-port1: config error
[ 1489.768265] usb 2-1-port1: Cannot enable. Maybe the USB cable is bad?
[ 1489.769732] usb 2-1-port1: config error
[ 1490.728189] usb 2-1-port1: Cannot enable. Maybe the USB cable is bad?
[ 1490.728447] usb 2-1-port1: config error
[ 1491.684223] usb 2-1-port1: Cannot enable. Maybe the USB cable is bad?
[ 1491.690910] usb 2-1-port1: config error
[ 1492.555576] usb usb2-port5: Cannot enable. Maybe the USB cable is bad?
[ 1492.644193] usb 2-1-port1: Cannot enable. Maybe the USB cable is bad?
[ 1492.644451] usb 2-1-port1: config error
[ 1493.596258] usb 2-1-port1: Cannot enable. Maybe the USB cable is bad?
[ 1493.600683] usb 2-1-port1: config error
[ 1494.976556] usb 2-1-port1: config error
[ 1496.863532] usb usb2-port5: Cannot enable. Maybe the USB cable is bad?
[ 1501.155479] usb usb2-port5: Cannot enable. Maybe the USB cable is bad?
[ 1501.279960] usb 2-1.4: reset SuperSpeed USB device number 28 using xhci_hcd
[ 1501.300013] usb 2-1.4: LPM exit latency is zeroed, disabling LPM.
[ 1501.303620] usb 2-1.4: usbfs: process 16629 (grabImgWithTrig) did not claim interface 2 before use
[ 1501.379687] usb 2-1.2: reset SuperSpeed USB device number 27 using xhci_hcd
[ 1501.403838] usb 2-1.2: LPM exit latency is zeroed, disabling LPM.
[ 1501.407176] usb 2-1.2: usbfs: process 16639 (grabImgWithTrig) did not claim interface 2 before use
[ 1503.867483] usb 2-1.1: new SuperSpeed USB device number 29 using xhci_hcd
[ 1503.891641] usb 2-1.1: LPM exit latency is zeroed, disabling LPM.
[ 1503.892101] usb 2-1.1: New USB device found, idVendor=2bdf, idProduct=0001, bcdDevice= 1.00
[ 1503.892104] usb 2-1.1: New USB device strings: Mfr=5, Product=3, SerialNumber=6
[ 1503.892105] usb 2-1.1: Product: MV-CH100-60UC
[ 1503.892107] usb 2-1.1: Manufacturer: Hikrobot
[ 1503.892108] usb 2-1.1: SerialNumber: DA5324645
[ 1505.447590] usb usb2-port5: Cannot enable. Maybe the USB cable is bad?
[ 1509.755378] usb usb2-port5: Cannot enable. Maybe the USB cable is bad?
[ 1514.051306] usb usb2-port5: Cannot enable. Maybe the USB cable is bad?
[ 1514.167724] usb 2-1.4: reset SuperSpeed USB device number 28 using xhci_hcd
[ 1514.187693] usb 2-1.4: LPM exit latency is zeroed, disabling LPM.
[ 1514.191180] usb 2-1.4: usbfs: process 17292 (grabImgWithTrig) did not claim interface 2 before use
[ 1514.271612] usb 2-1.1: reset SuperSpeed USB device number 29 using xhci_hcd
[ 1514.295672] usb 2-1.1: LPM exit latency is zeroed, disabling LPM.
[ 1514.298816] usb 2-1.1: usbfs: process 17293 (grabImgWithTrig) did not claim interface 2 before use
[ 1514.379517] usb 2-1.2: reset SuperSpeed USB device number 27 using xhci_hcd
[ 1514.399573] usb 2-1.2: LPM exit latency is zeroed, disabling LPM.
[ 1514.402873] usb 2-1.2: usbfs: process 17291 (grabImgWithTrig) did not claim interface 2 before use
[ 1518.355262] usb usb2-port5: Cannot enable. Maybe the USB cable is bad?
[ 1522.663251] usb usb2-port5: Cannot enable. Maybe the USB cable is bad?
[ 1526.963180] usb usb2-port5: Cannot enable. Maybe the USB cable is bad?
[ 1531.275078] usb usb2-port5: Cannot enable. Maybe the USB cable is bad?
[ 1535.563135] usb usb2-port5: Cannot enable. Maybe the USB cable is bad?
[ 1536.684742] usb 1-5: USB disconnect, device number 14
[ 1538.743179] usb 2-5: new SuperSpeed USB device number 30 using xhci_hcd
[ 1538.764504] usb 2-5: New USB device found, idVendor=2109, idProduct=0817, bcdDevice=90.23
[ 1538.764511] usb 2-5: New USB device strings: Mfr=1, Product=2, SerialNumber=0
[ 1538.764515] usb 2-5: Product: USB3.0 Hub             
[ 1538.764517] usb 2-5: Manufacturer: VIA Labs, Inc.         
[ 1538.766284] hub 2-5:1.0: USB hub found
[ 1538.766378] hub 2-5:1.0: 4 ports detected
[ 1539.339005] usb 2-5.1: new SuperSpeed USB device number 31 using xhci_hcd
[ 1539.363546] usb 2-5.1: LPM exit latency is zeroed, disabling LPM.
[ 1539.364064] usb 2-5.1: New USB device found, idVendor=2bdf, idProduct=0001, bcdDevice= 1.00
[ 1539.364069] usb 2-5.1: New USB device strings: Mfr=5, Product=3, SerialNumber=6
[ 1539.364071] usb 2-5.1: Product: MV-CH100-60UC
[ 1539.364072] usb 2-5.1: Manufacturer: Hikrobot
[ 1539.364074] usb 2-5.1: SerialNumber: DA5148683
[ 1539.447096] usb 2-5.2: new SuperSpeed USB device number 32 using xhci_hcd
[ 1539.467456] usb 2-5.2: LPM exit latency is zeroed, disabling LPM.
[ 1539.467796] usb 2-5.2: New USB device found, idVendor=2bdf, idProduct=0001, bcdDevice= 1.00
[ 1539.467802] usb 2-5.2: New USB device strings: Mfr=5, Product=3, SerialNumber=6
[ 1539.467805] usb 2-5.2: Product: MV-CH100-60UC
[ 1539.467808] usb 2-5.2: Manufacturer: Hikrobot
[ 1539.467810] usb 2-5.2: SerialNumber: DA5324655
[ 1539.551091] usb 2-5.4: new SuperSpeed USB device number 33 using xhci_hcd
[ 1539.571342] usb 2-5.4: LPM exit latency is zeroed, disabling LPM.
[ 1539.571803] usb 2-5.4: New USB device found, idVendor=2bdf, idProduct=0001, bcdDevice= 1.00
[ 1539.571806] usb 2-5.4: New USB device strings: Mfr=5, Product=3, SerialNumber=6
[ 1539.571808] usb 2-5.4: Product: MV-CH100-60UC
[ 1539.571810] usb 2-5.4: Manufacturer: Hikrobot
[ 1539.571811] usb 2-5.4: SerialNumber: DA5148680
[ 1540.287048] usb 1-5: new high-speed USB device number 15 using xhci_hcd
[ 1540.436153] usb 1-5: New USB device found, idVendor=2109, idProduct=2817, bcdDevice=90.23
[ 1540.436157] usb 1-5: New USB device strings: Mfr=1, Product=2, SerialNumber=0
[ 1540.436159] usb 1-5: Product: USB2.0 Hub             
[ 1540.436160] usb 1-5: Manufacturer: VIA Labs, Inc.         
[ 1540.437293] hub 1-5:1.0: USB hub found
[ 1540.437385] hub 1-5:1.0: 4 ports detected
[ 1554.463178] usb 2-5.2: reset SuperSpeed USB device number 32 using xhci_hcd
[ 1554.483227] usb 2-5.2: LPM exit latency is zeroed, disabling LPM.
[ 1554.487055] usb 2-5.2: usbfs: process 18511 (grabImgWithTrig) did not claim interface 2 before use
[ 1554.619176] usb 2-1.2: reset SuperSpeed USB device number 27 using xhci_hcd
[ 1554.639369] usb 2-1.2: LPM exit latency is zeroed, disabling LPM.
[ 1554.643032] usb 2-1.2: usbfs: process 18513 (grabImgWithTrig) did not claim interface 2 before use
[ 1554.719106] usb 2-5.4: reset SuperSpeed USB device number 33 using xhci_hcd
[ 1554.739349] usb 2-5.4: LPM exit latency is zeroed, disabling LPM.
[ 1554.742930] usb 2-5.4: usbfs: process 18510 (grabImgWithTrig) did not claim interface 2 before use
[ 1554.827179] usb 2-5.1: reset SuperSpeed USB device number 31 using xhci_hcd
[ 1554.847311] usb 2-5.1: LPM exit latency is zeroed, disabling LPM.
[ 1554.850796] usb 2-5.1: usbfs: process 18512 (grabImgWithTrig) did not claim interface 2 before use
[ 1554.931051] usb 2-1.4: reset SuperSpeed USB device number 28 using xhci_hcd
[ 1554.951251] usb 2-1.4: LPM exit latency is zeroed, disabling LPM.
[ 1554.954829] usb 2-1.4: usbfs: process 18515 (grabImgWithTrig) did not claim interface 2 before use
[ 1555.059053] usb 2-1.1: reset SuperSpeed USB device number 29 using xhci_hcd
[ 1555.079150] usb 2-1.1: LPM exit latency is zeroed, disabling LPM.
[ 1555.082887] usb 2-1.1: usbfs: process 18516 (grabImgWithTrig) did not claim interface 2 before use
[ 1758.669448] usb 2-1.2: reset SuperSpeed USB device number 27 using xhci_hcd
[ 1758.689565] usb 2-1.2: LPM exit latency is zeroed, disabling LPM.
[ 1758.693330] usb 2-1.2: usbfs: process 19512 (grabImgWithTrig) did not claim interface 2 before use
[ 1758.813408] usb 2-5.1: reset SuperSpeed USB device number 31 using xhci_hcd
[ 1758.833554] usb 2-5.1: LPM exit latency is zeroed, disabling LPM.
[ 1758.837075] usb 2-5.1: usbfs: process 19511 (grabImgWithTrig) did not claim interface 2 before use
[ 1758.925476] usb 2-5.2: reset SuperSpeed USB device number 32 using xhci_hcd
[ 1758.945516] usb 2-5.2: LPM exit latency is zeroed, disabling LPM.
[ 1758.949139] usb 2-5.2: usbfs: process 19510 (grabImgWithTrig) did not claim interface 2 before use
[ 1759.029389] usb 2-5.4: reset SuperSpeed USB device number 33 using xhci_hcd
[ 1759.049485] usb 2-5.4: LPM exit latency is zeroed, disabling LPM.
[ 1759.052973] usb 2-5.4: usbfs: process 19509 (grabImgWithTrig) did not claim interface 2 before use
[ 1759.133480] usb 2-1.4: reset SuperSpeed USB device number 28 using xhci_hcd
[ 1759.153600] usb 2-1.4: LPM exit latency is zeroed, disabling LPM.
[ 1759.157217] usb 2-1.4: usbfs: process 19513 (grabImgWithTrig) did not claim interface 2 before use
[ 1759.237442] usb 2-1.1: reset SuperSpeed USB device number 29 using xhci_hcd
[ 1759.261479] usb 2-1.1: LPM exit latency is zeroed, disabling LPM.
[ 1759.264982] usb 2-1.1: usbfs: process 19514 (grabImgWithTrig) did not claim interface 2 before use
[ 1933.448860] usb 2-1-port1: Cannot enable. Maybe the USB cable is bad?
[ 1933.449275] usb 2-1-port1: config error
[ 1933.628142] usb 2-1.1: USB disconnect, device number 29
[ 1933.708134] usb 2-1.1: new SuperSpeed USB device number 34 using xhci_hcd
[ 1933.728489] usb 2-1.1: LPM exit latency is zeroed, disabling LPM.
[ 1933.728977] usb 2-1.1: New USB device found, idVendor=2bdf, idProduct=0001, bcdDevice= 1.00
[ 1933.728980] usb 2-1.1: New USB device strings: Mfr=5, Product=3, SerialNumber=6
[ 1933.728982] usb 2-1.1: Product: MV-CH100-60UC
[ 1933.728984] usb 2-1.1: Manufacturer: Hikrobot
[ 1933.728985] usb 2-1.1: SerialNumber: DA5324645
[ 2157.502903] usb 2-5.2: reset SuperSpeed USB device number 32 using xhci_hcd
[ 2157.526887] usb 2-5.2: LPM exit latency is zeroed, disabling LPM.
[ 2157.530577] usb 2-5.2: usbfs: process 26286 (grabImgWithTrig) did not claim interface 2 before use
[ 2157.610952] usb 2-1.4: reset SuperSpeed USB device number 28 using xhci_hcd
[ 2157.630915] usb 2-1.4: LPM exit latency is zeroed, disabling LPM.
[ 2157.634550] usb 2-1.4: usbfs: process 26289 (grabImgWithTrig) did not claim interface 2 before use
[ 2157.714959] usb 2-5.1: reset SuperSpeed USB device number 31 using xhci_hcd
[ 2157.735095] usb 2-5.1: LPM exit latency is zeroed, disabling LPM.
[ 2157.738673] usb 2-5.1: usbfs: process 26287 (grabImgWithTrig) did not claim interface 2 before use
[ 2157.814948] usb 2-1.2: reset SuperSpeed USB device number 27 using xhci_hcd
[ 2157.838972] usb 2-1.2: LPM exit latency is zeroed, disabling LPM.
[ 2157.842556] usb 2-1.2: usbfs: process 26288 (grabImgWithTrig) did not claim interface 2 before use
[ 2157.926832] usb 2-1.1: reset SuperSpeed USB device number 34 using xhci_hcd
[ 2157.947072] usb 2-1.1: LPM exit latency is zeroed, disabling LPM.
[ 2157.950554] usb 2-1.1: usbfs: process 26290 (grabImgWithTrig) did not claim interface 2 before use
[ 2158.030827] usb 2-5.4: reset SuperSpeed USB device number 33 using xhci_hcd
[ 2158.050944] usb 2-5.4: LPM exit latency is zeroed, disabling LPM.
[ 2158.054495] usb 2-5.4: usbfs: process 26285 (grabImgWithTrig) did not claim interface 2 before use
[ 2312.675210] perf: interrupt took too long (3964 > 3961), lowering kernel.perf_event_max_sample_rate to 50250
[ 2365.710759] usb 2-1.1: reset SuperSpeed USB device number 34 using xhci_hcd
[ 2365.730828] usb 2-1.1: LPM exit latency is zeroed, disabling LPM.
[ 2365.734367] usb 2-1.1: usbfs: process 27605 (grabImgWithTrig) did not claim interface 2 before use
[ 2365.826631] usb 2-5.4: reset SuperSpeed USB device number 33 using xhci_hcd
[ 2365.846735] usb 2-5.4: LPM exit latency is zeroed, disabling LPM.
[ 2365.850197] usb 2-5.4: usbfs: process 27600 (grabImgWithTrig) did not claim interface 2 before use
[ 2365.974682] usb 2-5.1: reset SuperSpeed USB device number 31 using xhci_hcd
[ 2365.994766] usb 2-5.1: LPM exit latency is zeroed, disabling LPM.
[ 2365.998242] usb 2-5.1: usbfs: process 27602 (grabImgWithTrig) did not claim interface 2 before use
[ 2366.078725] usb 2-1.2: reset SuperSpeed USB device number 27 using xhci_hcd
[ 2366.098796] usb 2-1.2: LPM exit latency is zeroed, disabling LPM.
[ 2366.102228] usb 2-1.2: usbfs: process 27603 (grabImgWithTrig) did not claim interface 2 before use
[ 2366.178773] usb 2-1.4: reset SuperSpeed USB device number 28 using xhci_hcd
[ 2366.198716] usb 2-1.4: LPM exit latency is zeroed, disabling LPM.
[ 2366.202063] usb 2-1.4: usbfs: process 27604 (grabImgWithTrig) did not claim interface 2 before use
[ 2366.282632] usb 2-5.2: reset SuperSpeed USB device number 32 using xhci_hcd
[ 2366.306743] usb 2-5.2: LPM exit latency is zeroed, disabling LPM.
[ 2366.310181] usb 2-5.2: usbfs: process 27601 (grabImgWithTrig) did not claim interface 2 before use
[ 2437.856943] usb 2-1-port1: Cannot enable. Maybe the USB cable is bad?
[ 2437.857331] usb 2-1-port1: config error
[ 2438.036169] usb 2-1.1: USB disconnect, device number 34
[ 2438.120225] usb 2-1.1: new SuperSpeed USB device number 35 using xhci_hcd
[ 2438.140527] usb 2-1.1: LPM exit latency is zeroed, disabling LPM.
[ 2438.140985] usb 2-1.1: New USB device found, idVendor=2bdf, idProduct=0001, bcdDevice= 1.00
[ 2438.140987] usb 2-1.1: New USB device strings: Mfr=5, Product=3, SerialNumber=6
[ 2438.140988] usb 2-1.1: Product: MV-CH100-60UC
[ 2438.140990] usb 2-1.1: Manufacturer: Hikrobot
[ 2438.140990] usb 2-1.1: SerialNumber: DA5324645
[ 2451.352080] usb 2-1.4: reset SuperSpeed USB device number 28 using xhci_hcd
[ 2451.372162] usb 2-1.4: LPM exit latency is zeroed, disabling LPM.
[ 2451.376052] usb 2-1.4: usbfs: process 28257 (grabImgWithTrig) did not claim interface 2 before use
[ 2451.496030] usb 2-5.4: reset SuperSpeed USB device number 33 using xhci_hcd
[ 2451.516179] usb 2-5.4: LPM exit latency is zeroed, disabling LPM.
[ 2451.519870] usb 2-5.4: usbfs: process 28253 (grabImgWithTrig) did not claim interface 2 before use
[ 2451.595997] usb 2-5.1: reset SuperSpeed USB device number 31 using xhci_hcd
[ 2451.615992] usb 2-5.1: LPM exit latency is zeroed, disabling LPM.
[ 2451.619465] usb 2-5.1: usbfs: process 28255 (grabImgWithTrig) did not claim interface 2 before use
[ 2451.704004] usb 2-5.2: reset SuperSpeed USB device number 32 using xhci_hcd
[ 2451.724124] usb 2-5.2: LPM exit latency is zeroed, disabling LPM.
[ 2451.727691] usb 2-5.2: usbfs: process 28254 (grabImgWithTrig) did not claim interface 2 before use
[ 2451.808055] usb 2-1.2: reset SuperSpeed USB device number 27 using xhci_hcd
[ 2451.828146] usb 2-1.2: LPM exit latency is zeroed, disabling LPM.
[ 2451.831745] usb 2-1.2: usbfs: process 28256 (grabImgWithTrig) did not claim interface 2 before use
[ 2451.911908] usb 2-1.1: reset SuperSpeed USB device number 35 using xhci_hcd
[ 2451.932041] usb 2-1.1: LPM exit latency is zeroed, disabling LPM.
[ 2451.935547] usb 2-1.1: usbfs: process 28258 (grabImgWithTrig) did not claim interface 2 before use
[ 2503.310611] usb 2-1.1: reset SuperSpeed USB device number 35 using xhci_hcd
[ 2503.330699] usb 2-1.1: LPM exit latency is zeroed, disabling LPM.
[ 2503.333589] usb 2-1-port1: config error
[ 2503.333606] usb 2-1.1: usbfs: process 28647 (grabImgWithTrig) did not claim interface 0 before use
[ 2503.427469] usb 2-1.1: usbfs: process 28647 (grabImgWithTrig) did not claim interface 2 before use
[ 2523.882161] usb 1-5: USB disconnect, device number 15
[ 2525.797644] usb 1-1: clear tt 3 (9272) error -71
[ 2525.797860] usb 1-1: clear tt 3 (9272) error -71
[ 2525.798016] usb 1-1: clear tt 3 (9272) error -71
[ 2525.798175] usb 1-1: clear tt 3 (9272) error -71
[ 2525.798327] usb 1-1: USB disconnect, device number 12
[ 2525.798328] usb 1-1.3: USB disconnect, device number 13
[ 2525.798377] usb 1-1: clear tt 3 (9272) error -71
[ 2527.969722] usb usb2-port5: Cannot enable. Maybe the USB cable is bad?
[ 2527.969753] usb 2-5: USB disconnect, device number 30
[ 2527.969760] usb 2-5.1: USB disconnect, device number 31
[ 2527.971649] usb 2-5.2: USB disconnect, device number 32
[ 2527.974601] usb 2-5.4: USB disconnect, device number 33
[ 2528.121696] usb 2-1: USB disconnect, device number 25
[ 2528.121709] usb 2-1.1: USB disconnect, device number 35
[ 2528.123283] usb 2-1.2: USB disconnect, device number 27
[ 2528.126048] usb 2-1.4: USB disconnect, device number 28
[ 2532.337552] usb 1-1: new high-speed USB device number 16 using xhci_hcd
[ 2532.349544] usb usb2-port5: Cannot enable. Maybe the USB cable is bad?
[ 2532.490684] usb 1-1: New USB device found, idVendor=2109, idProduct=2817, bcdDevice=90.23
[ 2532.490697] usb 1-1: New USB device strings: Mfr=1, Product=2, SerialNumber=0
[ 2532.490703] usb 1-1: Product: USB2.0 Hub             
[ 2532.490707] usb 1-1: Manufacturer: VIA Labs, Inc.         
[ 2532.491830] hub 1-1:1.0: USB hub found
[ 2532.491924] hub 1-1:1.0: 4 ports detected
[ 2532.625569] usb 2-1: new SuperSpeed USB device number 36 using xhci_hcd
[ 2532.646923] usb 2-1: New USB device found, idVendor=2109, idProduct=0817, bcdDevice=90.23
[ 2532.646928] usb 2-1: New USB device strings: Mfr=1, Product=2, SerialNumber=0
[ 2532.646930] usb 2-1: Product: USB3.0 Hub             
[ 2532.646932] usb 2-1: Manufacturer: VIA Labs, Inc.         
[ 2532.648621] hub 2-1:1.0: USB hub found
[ 2532.648734] hub 2-1:1.0: 4 ports detected
[ 2533.205520] usb 2-1.1: new SuperSpeed USB device number 37 using xhci_hcd
[ 2533.230033] usb 2-1.1: LPM exit latency is zeroed, disabling LPM.
[ 2533.230491] usb 2-1.1: New USB device found, idVendor=2bdf, idProduct=0001, bcdDevice= 1.00
[ 2533.230495] usb 2-1.1: New USB device strings: Mfr=5, Product=3, SerialNumber=6
[ 2533.230497] usb 2-1.1: Product: MV-CH100-60UC
[ 2533.230498] usb 2-1.1: Manufacturer: Hikrobot
[ 2533.230500] usb 2-1.1: SerialNumber: DA5148683
[ 2533.317509] usb 2-1.2: new SuperSpeed USB device number 38 using xhci_hcd
[ 2533.342055] usb 2-1.2: LPM exit latency is zeroed, disabling LPM.
[ 2533.342480] usb 2-1.2: New USB device found, idVendor=2bdf, idProduct=0001, bcdDevice= 1.00
[ 2533.342485] usb 2-1.2: New USB device strings: Mfr=5, Product=3, SerialNumber=6
[ 2533.342488] usb 2-1.2: Product: MV-CH100-60UC
[ 2533.342490] usb 2-1.2: Manufacturer: Hikrobot
[ 2533.342492] usb 2-1.2: SerialNumber: DA5324655
[ 2533.425563] usb 2-1.4: new SuperSpeed USB device number 39 using xhci_hcd
[ 2533.445963] usb 2-1.4: LPM exit latency is zeroed, disabling LPM.
[ 2533.446446] usb 2-1.4: New USB device found, idVendor=2bdf, idProduct=0001, bcdDevice= 1.00
[ 2533.446450] usb 2-1.4: New USB device strings: Mfr=5, Product=3, SerialNumber=6
[ 2533.446452] usb 2-1.4: Product: MV-CH100-60UC
[ 2533.446454] usb 2-1.4: Manufacturer: Hikrobot
[ 2533.446456] usb 2-1.4: SerialNumber: DA5148680
[ 2536.417143] usb 1-2: USB disconnect, device number 3
[ 2536.733430] usb usb2-port5: Cannot enable. Maybe the USB cable is bad?
[ 2541.017279] usb usb2-port5: Cannot enable. Maybe the USB cable is bad?
[ 2542.489261] usb 1-11: new full-speed USB device number 17 using xhci_hcd
[ 2542.640404] usb 1-11: New USB device found, idVendor=046d, idProduct=c52b, bcdDevice=24.11
[ 2542.640410] usb 1-11: New USB device strings: Mfr=1, Product=2, SerialNumber=0
[ 2542.640413] usb 1-11: Product: USB Receiver
[ 2542.640415] usb 1-11: Manufacturer: Logitech
[ 2542.651006] logitech-djreceiver 0003:046D:C52B.0007: hiddev0,hidraw0: USB HID v1.11 Device [Logitech USB Receiver] on usb-0000:00:14.0-11/input2
[ 2542.784696] input: Logitech K400 Plus as /devices/pci0000:00/0000:00:14.0/usb1/1-11/1-11:1.2/0003:046D:C52B.0007/0003:046D:404D.0008/input/input30
[ 2542.897404] logitech-hidpp-device 0003:046D:404D.0008: input,hidraw1: USB HID v1.11 Keyboard [Logitech K400 Plus] on usb-0000:00:14.0-11/input2:1
[ 2545.317224] usb usb2-port5: Cannot enable. Maybe the USB cable is bad?
[ 2548.489329] usb 2-5: new SuperSpeed USB device number 40 using xhci_hcd
[ 2548.510650] usb 2-5: New USB device found, idVendor=2109, idProduct=0817, bcdDevice=90.23
[ 2548.510656] usb 2-5: New USB device strings: Mfr=1, Product=2, SerialNumber=0
[ 2548.510658] usb 2-5: Product: USB3.0 Hub             
[ 2548.510660] usb 2-5: Manufacturer: VIA Labs, Inc.         
[ 2548.512712] hub 2-5:1.0: USB hub found
[ 2548.512913] hub 2-5:1.0: 4 ports detected
[ 2549.757073] usb 1-5: new high-speed USB device number 18 using xhci_hcd
[ 2549.906209] usb 1-5: New USB device found, idVendor=2109, idProduct=2817, bcdDevice=90.23
[ 2549.906217] usb 1-5: New USB device strings: Mfr=1, Product=2, SerialNumber=0
[ 2549.906220] usb 1-5: Product: USB2.0 Hub             
[ 2549.906223] usb 1-5: Manufacturer: VIA Labs, Inc.         
[ 2549.907296] hub 1-5:1.0: USB hub found
[ 2549.907473] hub 1-5:1.0: 4 ports detected
[ 2550.093068] usb 2-5.1: new SuperSpeed USB device number 41 using xhci_hcd
[ 2550.113502] usb 2-5.1: LPM exit latency is zeroed, disabling LPM.
[ 2550.113983] usb 2-5.1: New USB device found, idVendor=2bdf, idProduct=0001, bcdDevice= 1.00
[ 2550.113987] usb 2-5.1: New USB device strings: Mfr=5, Product=3, SerialNumber=6
[ 2550.113989] usb 2-5.1: Product: MV-CH100-60UC
[ 2550.113990] usb 2-5.1: Manufacturer: Hikrobot
[ 2550.113992] usb 2-5.1: SerialNumber: DA5324645
[ 2550.345089] usb 2-5.2: new SuperSpeed USB device number 42 using xhci_hcd
[ 2550.365586] usb 2-5.2: LPM exit latency is zeroed, disabling LPM.
[ 2550.366001] usb 2-5.2: New USB device found, idVendor=2bdf, idProduct=0001, bcdDevice= 1.00
[ 2550.366014] usb 2-5.2: New USB device strings: Mfr=5, Product=3, SerialNumber=6
[ 2550.366021] usb 2-5.2: Product: MV-CH100-60UC
[ 2550.366025] usb 2-5.2: Manufacturer: Hikrobot
[ 2550.366030] usb 2-5.2: SerialNumber: DA4930148
[ 2550.629056] usb 1-5.3: new full-speed USB device number 19 using xhci_hcd
[ 2550.777940] usb 1-5.3: New USB device found, idVendor=1546, idProduct=01a9, bcdDevice= 1.00
[ 2550.777948] usb 1-5.3: New USB device strings: Mfr=1, Product=2, SerialNumber=0
[ 2550.777950] usb 1-5.3: Product: u-blox GNSS receiver
[ 2550.777952] usb 1-5.3: Manufacturer: u-blox AG - www.u-blox.com
[ 2550.786079] cdc_acm 1-5.3:1.0: ttyACM0: USB ACM device
[ 2550.857079] usb 2-5.4: new SuperSpeed USB device number 43 using xhci_hcd
[ 2550.877275] usb 2-5.4: LPM exit latency is zeroed, disabling LPM.
[ 2550.877742] usb 2-5.4: New USB device found, idVendor=2bdf, idProduct=0001, bcdDevice= 1.00
[ 2550.877746] usb 2-5.4: New USB device strings: Mfr=5, Product=3, SerialNumber=6
[ 2550.877748] usb 2-5.4: Product: MV-CH100-60UC
[ 2550.877750] usb 2-5.4: Manufacturer: Hikrobot
[ 2550.877752] usb 2-5.4: SerialNumber: DA6102933
[ 2561.674288] logitech-hidpp-device 0003:046D:404D.0008: HID++ 4.1 device connected.
[ 2570.596816] usb 2-1.4: reset SuperSpeed USB device number 39 using xhci_hcd
[ 2570.616935] usb 2-1.4: LPM exit latency is zeroed, disabling LPM.
[ 2570.620564] usb 2-1.4: usbfs: process 29352 (grabImgWithTrig) did not claim interface 2 before use
[ 2570.724721] usb 2-1.1: reset SuperSpeed USB device number 37 using xhci_hcd
[ 2570.744881] usb 2-1.1: LPM exit latency is zeroed, disabling LPM.
[ 2570.748300] usb 2-1.1: usbfs: process 29354 (grabImgWithTrig) did not claim interface 2 before use
[ 2570.836688] usb 2-5.4: reset SuperSpeed USB device number 43 using xhci_hcd
[ 2570.856761] usb 2-5.4: LPM exit latency is zeroed, disabling LPM.
[ 2570.860075] usb 2-5.4: usbfs: process 29356 (grabImgWithTrig) did not claim interface 2 before use
[ 2570.940679] usb 2-5.1: reset SuperSpeed USB device number 41 using xhci_hcd
[ 2570.964756] usb 2-5.1: LPM exit latency is zeroed, disabling LPM.
[ 2570.968190] usb 2-5.1: usbfs: process 29357 (grabImgWithTrig) did not claim interface 2 before use
[ 2571.052819] usb 2-5.2: reset SuperSpeed USB device number 42 using xhci_hcd
[ 2571.076912] usb 2-5.2: LPM exit latency is zeroed, disabling LPM.
[ 2571.080762] usb 2-5.2: usbfs: process 29355 (grabImgWithTrig) did not claim interface 2 before use
[ 2571.156823] usb 2-1.2: reset SuperSpeed USB device number 38 using xhci_hcd
[ 2571.180874] usb 2-1.2: LPM exit latency is zeroed, disabling LPM.
[ 2571.184541] usb 2-1.2: usbfs: process 29353 (grabImgWithTrig) did not claim interface 2 before use
[ 3291.218364] perf: interrupt took too long (4991 > 4955), lowering kernel.perf_event_max_sample_rate to 40000
[ 3464.330368] usb 2-1.2: reset SuperSpeed USB device number 38 using xhci_hcd
[ 3464.350296] usb 2-1.2: LPM exit latency is zeroed, disabling LPM.
[ 3464.354105] usb 2-1.2: usbfs: process 35155 (grabImgWithTrig) did not claim interface 2 before use
[ 3464.482384] usb 2-5.4: reset SuperSpeed USB device number 43 using xhci_hcd
[ 3464.502368] usb 2-5.4: LPM exit latency is zeroed, disabling LPM.
[ 3464.505808] usb 2-5.4: usbfs: process 35158 (grabImgWithTrig) did not claim interface 2 before use
[ 3464.582426] usb 2-5.2: reset SuperSpeed USB device number 42 using xhci_hcd
[ 3464.602468] usb 2-5.2: LPM exit latency is zeroed, disabling LPM.
[ 3464.606126] usb 2-5.2: usbfs: process 35157 (grabImgWithTrig) did not claim interface 2 before use
[ 3464.686347] usb 2-5.1: reset SuperSpeed USB device number 41 using xhci_hcd
[ 3464.706388] usb 2-5.1: LPM exit latency is zeroed, disabling LPM.
[ 3464.709842] usb 2-5.1: usbfs: process 35159 (grabImgWithTrig) did not claim interface 2 before use
[ 3464.790388] usb 2-1.1: reset SuperSpeed USB device number 37 using xhci_hcd
[ 3464.814490] usb 2-1.1: LPM exit latency is zeroed, disabling LPM.
[ 3464.817962] usb 2-1.1: usbfs: process 35156 (grabImgWithTrig) did not claim interface 2 before use
[ 3464.894364] usb 2-1.4: reset SuperSpeed USB device number 39 using xhci_hcd
[ 3464.914455] usb 2-1.4: LPM exit latency is zeroed, disabling LPM.
[ 3464.917979] usb 2-1.4: usbfs: process 35154 (grabImgWithTrig) did not claim interface 2 before use
[ 3687.171067] usb 2-5-port1: Cannot enable. Maybe the USB cable is bad?
[ 3687.180819] usb 2-5-port1: config error
[ 3687.363709] usb 2-5.1: USB disconnect, device number 41
[ 3687.459770] usb 2-5.1: new SuperSpeed USB device number 44 using xhci_hcd
[ 3687.480665] usb 2-5.1: LPM exit latency is zeroed, disabling LPM.
[ 3687.481101] usb 2-5.1: New USB device found, idVendor=2bdf, idProduct=0001, bcdDevice= 1.00
[ 3687.481104] usb 2-5.1: New USB device strings: Mfr=5, Product=3, SerialNumber=6
[ 3687.481106] usb 2-5.1: Product: MV-CH100-60UC
[ 3687.481107] usb 2-5.1: Manufacturer: Hikrobot
[ 3687.481108] usb 2-5.1: SerialNumber: DA5324645
[ 3730.243458] usb 2-1.4: reset SuperSpeed USB device number 39 using xhci_hcd
[ 3730.267827] usb 2-1.4: LPM exit latency is zeroed, disabling LPM.
[ 3730.271559] usb 2-1.4: usbfs: process 36705 (grabImgWithTrig) did not claim interface 2 before use
[ 3730.403525] usb 2-1.2: reset SuperSpeed USB device number 38 using xhci_hcd
[ 3730.423514] usb 2-1.2: LPM exit latency is zeroed, disabling LPM.
[ 3730.427204] usb 2-1.2: usbfs: process 36706 (grabImgWithTrig) did not claim interface 2 before use
[ 3730.511599] usb 2-5.1: reset SuperSpeed USB device number 44 using xhci_hcd
[ 3730.531658] usb 2-5.1: LPM exit latency is zeroed, disabling LPM.
[ 3730.535062] usb 2-5.1: usbfs: process 36710 (grabImgWithTrig) did not claim interface 2 before use
[ 3730.619514] usb 2-5.2: reset SuperSpeed USB device number 42 using xhci_hcd
[ 3730.639636] usb 2-5.2: LPM exit latency is zeroed, disabling LPM.
[ 3730.643170] usb 2-5.2: usbfs: process 36708 (grabImgWithTrig) did not claim interface 2 before use
[ 3730.723475] usb 2-5.4: reset SuperSpeed USB device number 43 using xhci_hcd
[ 3730.743832] usb 2-5.4: LPM exit latency is zeroed, disabling LPM.
[ 3730.747509] usb 2-5.4: usbfs: process 36709 (grabImgWithTrig) did not claim interface 2 before use
[ 3730.823472] usb 2-1.1: reset SuperSpeed USB device number 37 using xhci_hcd
[ 3730.843654] usb 2-1.1: LPM exit latency is zeroed, disabling LPM.
[ 3730.847593] usb 2-1.1: usbfs: process 36707 (grabImgWithTrig) did not claim interface 2 before use
[ 4087.564771] usb 1-5: clear tt 3 (93f2) error -71
[ 4087.564947] usb 1-5: clear tt 3 (93f2) error -71
[ 4087.564966] usb 1-5: USB disconnect, device number 18
[ 4087.564968] usb 1-5.3: USB disconnect, device number 19
[ 4087.661402] xhci_hcd 0000:00:14.0: WARN Set TR Deq Ptr cmd failed due to incorrect slot or ep state.
[ 4088.154996] usb 2-5.1: usbfs: usb_submit_urb returned -19
[ 4088.155088] usb 2-5.1: usbfs: usb_submit_urb returned -19
[ 4088.155093] usb 2-5.1: usbfs: usb_submit_urb returned -19
[ 4088.155109] usb 2-5.1: usbfs: usb_submit_urb returned -19
[ 4088.155112] usb 2-5.1: usbfs: usb_submit_urb returned -19
[ 4088.155124] usb 2-5.1: usbfs: usb_submit_urb returned -19
[ 4088.155126] usb 2-5.1: usbfs: usb_submit_urb returned -19
[ 4088.155138] usb 2-5.1: usbfs: usb_submit_urb returned -19
[ 4088.155140] usb 2-5.1: usbfs: usb_submit_urb returned -19
[ 4088.155151] usb 2-5.1: usbfs: usb_submit_urb returned -19
[ 4088.155154] usb 2-5.1: usbfs: usb_submit_urb returned -19
[ 4088.155165] usb 2-5.1: usbfs: usb_submit_urb returned -19
[ 4088.155168] usb 2-5.1: usbfs: usb_submit_urb returned -19
[ 4088.740341] usb 1-11: USB disconnect, device number 17
[ 4091.675843] usb usb2-port5: Cannot enable. Maybe the USB cable is bad?
[ 4091.675876] usb 2-5: USB disconnect, device number 40
[ 4091.675879] usb 2-5.1: USB disconnect, device number 44
[ 4091.677368] usb 2-5.2: USB disconnect, device number 42
[ 4091.678292] usb 2-5.4: USB disconnect, device number 43
[ 4094.279790] usb 1-2: new full-speed USB device number 20 using xhci_hcd
[ 4094.431073] usb 1-2: New USB device found, idVendor=046d, idProduct=c52b, bcdDevice=24.11
[ 4094.431077] usb 1-2: New USB device strings: Mfr=1, Product=2, SerialNumber=0
[ 4094.431078] usb 1-2: Product: USB Receiver
[ 4094.431079] usb 1-2: Manufacturer: Logitech
[ 4094.441253] logitech-djreceiver 0003:046D:C52B.000B: hiddev0,hidraw0: USB HID v1.11 Device [Logitech USB Receiver] on usb-0000:00:14.0-2/input2
[ 4094.572834] input: Logitech K400 Plus as /devices/pci0000:00/0000:00:14.0/usb1/1-2/1-2:1.2/0003:046D:C52B.000B/0003:046D:404D.000C/input/input31
[ 4094.691919] logitech-hidpp-device 0003:046D:404D.000C: input,hidraw1: USB HID v1.11 Keyboard [Logitech K400 Plus] on usb-0000:00:14.0-2/input2:1
[ 4098.602643] logitech-hidpp-device 0003:046D:404D.000C: HID++ 4.1 device connected.
[ 4107.691723] usb 2-5: new SuperSpeed USB device number 45 using xhci_hcd
[ 4107.717194] usb 2-5: New USB device found, idVendor=2109, idProduct=0817, bcdDevice=90.23
[ 4107.717197] usb 2-5: New USB device strings: Mfr=1, Product=2, SerialNumber=0
[ 4107.717198] usb 2-5: Product: USB3.0 Hub             
[ 4107.717199] usb 2-5: Manufacturer: VIA Labs, Inc.         
[ 4107.718787] hub 2-5:1.0: USB hub found
[ 4107.719019] hub 2-5:1.0: 4 ports detected
[ 4109.279681] usb 1-5: new high-speed USB device number 21 using xhci_hcd
[ 4109.428864] usb 1-5: New USB device found, idVendor=2109, idProduct=2817, bcdDevice=90.23
[ 4109.428867] usb 1-5: New USB device strings: Mfr=1, Product=2, SerialNumber=0
[ 4109.428869] usb 1-5: Product: USB2.0 Hub             
[ 4109.428869] usb 1-5: Manufacturer: VIA Labs, Inc.         
[ 4109.429776] hub 1-5:1.0: USB hub found
[ 4109.429885] hub 1-5:1.0: 4 ports detected
[ 4109.611715] usb 2-5.1: new SuperSpeed USB device number 46 using xhci_hcd
[ 4109.632047] usb 2-5.1: LPM exit latency is zeroed, disabling LPM.
[ 4109.632500] usb 2-5.1: New USB device found, idVendor=2bdf, idProduct=0001, bcdDevice= 1.00
[ 4109.632502] usb 2-5.1: New USB device strings: Mfr=5, Product=3, SerialNumber=6
[ 4109.632504] usb 2-5.1: Product: MV-CH100-60UC
[ 4109.632504] usb 2-5.1: Manufacturer: Hikrobot
[ 4109.632505] usb 2-5.1: SerialNumber: DA5324645
[ 4109.859722] usb 2-5.2: new SuperSpeed USB device number 47 using xhci_hcd
[ 4109.880002] usb 2-5.2: LPM exit latency is zeroed, disabling LPM.
[ 4109.880454] usb 2-5.2: New USB device found, idVendor=2bdf, idProduct=0001, bcdDevice= 1.00
[ 4109.880455] usb 2-5.2: New USB device strings: Mfr=5, Product=3, SerialNumber=6
[ 4109.880457] usb 2-5.2: Product: MV-CH100-60UC
[ 4109.880458] usb 2-5.2: Manufacturer: Hikrobot
[ 4109.880458] usb 2-5.2: SerialNumber: DA4930148
[ 4110.107735] usb 2-5.4: new SuperSpeed USB device number 48 using xhci_hcd
[ 4110.127884] usb 2-5.4: LPM exit latency is zeroed, disabling LPM.
[ 4110.128342] usb 2-5.4: New USB device found, idVendor=2bdf, idProduct=0001, bcdDevice= 1.00
[ 4110.128343] usb 2-5.4: New USB device strings: Mfr=5, Product=3, SerialNumber=6
[ 4110.128345] usb 2-5.4: Product: MV-CH100-60UC
[ 4110.128345] usb 2-5.4: Manufacturer: Hikrobot
[ 4110.128346] usb 2-5.4: SerialNumber: DA6102933
[ 4110.255669] usb 1-5.3: new full-speed USB device number 22 using xhci_hcd
[ 4110.404502] usb 1-5.3: New USB device found, idVendor=1546, idProduct=01a9, bcdDevice= 1.00
[ 4110.404505] usb 1-5.3: New USB device strings: Mfr=1, Product=2, SerialNumber=0
[ 4110.404507] usb 1-5.3: Product: u-blox GNSS receiver
[ 4110.404507] usb 1-5.3: Manufacturer: u-blox AG - www.u-blox.com
[ 4110.412599] cdc_acm 1-5.3:1.0: ttyACM1: USB ACM device
[ 4128.599682] usb 2-1.2: reset SuperSpeed USB device number 38 using xhci_hcd
[ 4128.619861] usb 2-1.2: LPM exit latency is zeroed, disabling LPM.
[ 4128.623312] usb 2-1.2: usbfs: process 39013 (grabImgWithTrig) did not claim interface 2 before use
[ 4128.759798] usb 2-1.4: reset SuperSpeed USB device number 39 using xhci_hcd
[ 4128.779922] usb 2-1.4: LPM exit latency is zeroed, disabling LPM.
[ 4128.783425] usb 2-1.4: usbfs: process 39012 (grabImgWithTrig) did not claim interface 2 before use
[ 4128.867708] usb 2-5.2: reset SuperSpeed USB device number 47 using xhci_hcd
[ 4128.887840] usb 2-5.2: LPM exit latency is zeroed, disabling LPM.
[ 4128.891400] usb 2-5.2: usbfs: process 39015 (grabImgWithTrig) did not claim interface 2 before use
[ 4128.975750] usb 2-5.1: reset SuperSpeed USB device number 46 using xhci_hcd
[ 4128.995814] usb 2-5.1: LPM exit latency is zeroed, disabling LPM.
[ 4128.999412] usb 2-5.1: usbfs: process 39017 (grabImgWithTrig) did not claim interface 2 before use
[ 4129.075765] usb 2-5.4: reset SuperSpeed USB device number 48 using xhci_hcd
[ 4129.095721] usb 2-5.4: LPM exit latency is zeroed, disabling LPM.
[ 4129.099131] usb 2-5.4: usbfs: process 39016 (grabImgWithTrig) did not claim interface 2 before use
[ 4129.179760] usb 2-1.1: reset SuperSpeed USB device number 37 using xhci_hcd
[ 4129.199763] usb 2-1.1: LPM exit latency is zeroed, disabling LPM.
[ 4129.203422] usb 2-1.1: usbfs: process 39014 (grabImgWithTrig) did not claim interface 2 before use
[ 4506.296443] perf: interrupt took too long (6323 > 6238), lowering kernel.perf_event_max_sample_rate to 31500
[ 4874.172255] nodelet[8955]: segfault at 7f4c00000001 ip 00007f4c00000001 sp 00007f4ca4f2db88 error 14
[ 4874.172261] Code: Unable to access opcode bytes at RIP 0x7f4bffffffd7.
[ 5012.375618] usb 2-1.1: reset SuperSpeed USB device number 37 using xhci_hcd
[ 5012.395755] usb 2-1.1: LPM exit latency is zeroed, disabling LPM.
[ 5012.399335] usb 2-1.1: usbfs: process 45792 (grabImgWithTrig) did not claim interface 2 before use
[ 5012.483536] usb 2-5.2: reset SuperSpeed USB device number 47 using xhci_hcd
[ 5012.503622] usb 2-5.2: LPM exit latency is zeroed, disabling LPM.
[ 5012.507078] usb 2-5.2: usbfs: process 45793 (grabImgWithTrig) did not claim interface 2 before use
[ 5012.627431] usb 2-1.2: reset SuperSpeed USB device number 38 using xhci_hcd
[ 5012.651475] usb 2-1.2: LPM exit latency is zeroed, disabling LPM.
[ 5012.655010] usb 2-1.2: usbfs: process 45791 (grabImgWithTrig) did not claim interface 2 before use
[ 5012.743591] usb 2-5.4: reset SuperSpeed USB device number 48 using xhci_hcd
[ 5012.763589] usb 2-5.4: LPM exit latency is zeroed, disabling LPM.
[ 5012.767192] usb 2-5.4: usbfs: process 45794 (grabImgWithTrig) did not claim interface 2 before use
[ 5012.843453] usb 2-5.1: reset SuperSpeed USB device number 46 using xhci_hcd
[ 5012.863534] usb 2-5.1: LPM exit latency is zeroed, disabling LPM.
[ 5012.867114] usb 2-5.1: usbfs: process 45795 (grabImgWithTrig) did not claim interface 2 before use
[ 5012.971489] usb 2-1.4: reset SuperSpeed USB device number 39 using xhci_hcd
[ 5012.991807] usb 2-1.4: LPM exit latency is zeroed, disabling LPM.
[ 5012.995856] usb 2-1.4: usbfs: process 45790 (grabImgWithTrig) did not claim interface 2 before use
[ 5416.594951] usb 2-5.1: reset SuperSpeed USB device number 46 using xhci_hcd
[ 5416.715518] usb 2-5.1: LPM exit latency is zeroed, disabling LPM.
[ 5416.719461] usb 2-5.1: usbfs: process 47966 (grabImgWithTrig) did not claim interface 2 before use
[ 5416.847023] usb 2-1.2: reset SuperSpeed USB device number 38 using xhci_hcd
[ 5416.867042] usb 2-1.2: LPM exit latency is zeroed, disabling LPM.
[ 5416.870796] usb 2-1.2: usbfs: process 47962 (grabImgWithTrig) did not claim interface 2 before use
[ 5416.959019] usb 2-1.1: reset SuperSpeed USB device number 37 using xhci_hcd
[ 5416.979121] usb 2-1.1: LPM exit latency is zeroed, disabling LPM.
[ 5416.982710] usb 2-1.1: usbfs: process 47963 (grabImgWithTrig) did not claim interface 2 before use
[ 5417.058882] usb 2-5.4: reset SuperSpeed USB device number 48 using xhci_hcd
[ 5417.078941] usb 2-5.4: LPM exit latency is zeroed, disabling LPM.
[ 5417.082261] usb 2-5.4: usbfs: process 47965 (grabImgWithTrig) did not claim interface 2 before use
[ 5417.158986] usb 2-1.4: reset SuperSpeed USB device number 39 using xhci_hcd
[ 5417.178916] usb 2-1.4: LPM exit latency is zeroed, disabling LPM.
[ 5417.182398] usb 2-1.4: usbfs: process 47961 (grabImgWithTrig) did not claim interface 2 before use
[ 5417.258960] usb 2-5.2: reset SuperSpeed USB device number 47 using xhci_hcd
[ 5417.282906] usb 2-5.2: LPM exit latency is zeroed, disabling LPM.
[ 5417.286329] usb 2-5.2: usbfs: process 47964 (grabImgWithTrig) did not claim interface 2 before use
[ 5602.160167] usb 2-5-port1: Cannot enable. Maybe the USB cable is bad?
[ 5602.160555] usb 2-5-port1: config error
[ 5602.339374] usb 2-5.1: USB disconnect, device number 46
[ 5602.423415] usb 2-5.1: new SuperSpeed USB device number 49 using xhci_hcd
[ 5602.443755] usb 2-5.1: LPM exit latency is zeroed, disabling LPM.
[ 5602.444207] usb 2-5.1: New USB device found, idVendor=2bdf, idProduct=0001, bcdDevice= 1.00
[ 5602.444209] usb 2-5.1: New USB device strings: Mfr=5, Product=3, SerialNumber=6
[ 5602.444210] usb 2-5.1: Product: MV-CH100-60UC
[ 5602.444211] usb 2-5.1: Manufacturer: Hikrobot
[ 5602.444212] usb 2-5.1: SerialNumber: DA5324645
[ 5608.439548] usb 2-1.1: reset SuperSpeed USB device number 37 using xhci_hcd
[ 5608.459584] usb 2-1.1: LPM exit latency is zeroed, disabling LPM.
[ 5608.462972] usb 2-1.1: usbfs: process 49143 (grabImgWithTrig) did not claim interface 2 before use
[ 5608.615435] usb 2-5.2: reset SuperSpeed USB device number 47 using xhci_hcd
[ 5608.635759] usb 2-5.2: LPM exit latency is zeroed, disabling LPM.
[ 5608.639327] usb 2-5.2: usbfs: process 49144 (grabImgWithTrig) did not claim interface 2 before use
[ 5608.719610] usb 2-5.1: reset SuperSpeed USB device number 49 using xhci_hcd
[ 5608.739527] usb 2-5.1: LPM exit latency is zeroed, disabling LPM.
[ 5608.742987] usb 2-5.1: usbfs: process 49146 (grabImgWithTrig) did not claim interface 2 before use
[ 5608.819478] usb 2-5.4: reset SuperSpeed USB device number 48 using xhci_hcd
[ 5608.839625] usb 2-5.4: LPM exit latency is zeroed, disabling LPM.
[ 5608.843157] usb 2-5.4: usbfs: process 49145 (grabImgWithTrig) did not claim interface 2 before use
[ 5608.919488] usb 2-1.2: reset SuperSpeed USB device number 38 using xhci_hcd
[ 5608.939579] usb 2-1.2: LPM exit latency is zeroed, disabling LPM.
[ 5608.943132] usb 2-1.2: usbfs: process 49142 (grabImgWithTrig) did not claim interface 2 before use
[ 5609.023581] usb 2-1.4: reset SuperSpeed USB device number 39 using xhci_hcd
[ 5609.047700] usb 2-1.4: LPM exit latency is zeroed, disabling LPM.
[ 5609.051400] usb 2-1.4: usbfs: process 49141 (grabImgWithTrig) did not claim interface 2 before use
[ 5747.241654] usb 2-5-port1: Cannot enable. Maybe the USB cable is bad?
[ 5747.242043] usb 2-5-port1: config error
[ 5747.424876] usb 2-5.1: USB disconnect, device number 49
[ 5747.504877] usb 2-5.1: new SuperSpeed USB device number 50 using xhci_hcd
[ 5747.529124] usb 2-5.1: LPM exit latency is zeroed, disabling LPM.
[ 5747.529538] usb 2-5.1: New USB device found, idVendor=2bdf, idProduct=0001, bcdDevice= 1.00
[ 5747.529541] usb 2-5.1: New USB device strings: Mfr=5, Product=3, SerialNumber=6
[ 5747.529542] usb 2-5.1: Product: MV-CH100-60UC
[ 5747.529543] usb 2-5.1: Manufacturer: Hikrobot
[ 5747.529544] usb 2-5.1: SerialNumber: DA5324645
[ 5753.181057] usb 2-1.1: reset SuperSpeed USB device number 37 using xhci_hcd
[ 5753.205104] usb 2-1.1: LPM exit latency is zeroed, disabling LPM.
[ 5753.208765] usb 2-1.1: usbfs: process 50232 (grabImgWithTrig) did not claim interface 2 before use
[ 5753.289042] usb 2-5.2: reset SuperSpeed USB device number 47 using xhci_hcd
[ 5753.309157] usb 2-5.2: LPM exit latency is zeroed, disabling LPM.
[ 5753.312990] usb 2-5.2: usbfs: process 50233 (grabImgWithTrig) did not claim interface 2 before use
[ 5753.392949] usb 2-1.2: reset SuperSpeed USB device number 38 using xhci_hcd
[ 5753.413127] usb 2-1.2: LPM exit latency is zeroed, disabling LPM.
[ 5753.416593] usb 2-1.2: usbfs: process 50231 (grabImgWithTrig) did not claim interface 2 before use
[ 5753.521069] usb 2-5.4: reset SuperSpeed USB device number 48 using xhci_hcd
[ 5753.541174] usb 2-5.4: LPM exit latency is zeroed, disabling LPM.
[ 5753.544701] usb 2-5.4: usbfs: process 50234 (grabImgWithTrig) did not claim interface 2 before use
[ 5753.621044] usb 2-5.1: reset SuperSpeed USB device number 50 using xhci_hcd
[ 5753.641089] usb 2-5.1: LPM exit latency is zeroed, disabling LPM.
[ 5753.644510] usb 2-5.1: usbfs: process 50235 (grabImgWithTrig) did not claim interface 2 before use
[ 5753.721101] usb 2-1.4: reset SuperSpeed USB device number 39 using xhci_hcd
[ 5753.744987] usb 2-1.4: LPM exit latency is zeroed, disabling LPM.
[ 5753.748434] usb 2-1.4: usbfs: process 50230 (grabImgWithTrig) did not claim interface 2 before use
[ 6141.826750] usb 2-1.1: reset SuperSpeed USB device number 37 using xhci_hcd
[ 6141.850869] usb 2-1.1: LPM exit latency is zeroed, disabling LPM.
[ 6141.854291] usb 2-1.1: usbfs: process 52522 (grabImgWithTrig) did not claim interface 2 before use
[ 6141.934796] usb 2-1.4: reset SuperSpeed USB device number 39 using xhci_hcd
[ 6141.954839] usb 2-1.4: LPM exit latency is zeroed, disabling LPM.
[ 6141.958275] usb 2-1.4: usbfs: process 52520 (grabImgWithTrig) did not claim interface 2 before use
[ 6142.038858] usb 2-5.4: reset SuperSpeed USB device number 48 using xhci_hcd
[ 6142.058824] usb 2-5.4: LPM exit latency is zeroed, disabling LPM.
[ 6142.062267] usb 2-5.4: usbfs: process 52524 (grabImgWithTrig) did not claim interface 2 before use
[ 6142.138797] usb 2-1.2: reset SuperSpeed USB device number 38 using xhci_hcd
[ 6142.162851] usb 2-1.2: LPM exit latency is zeroed, disabling LPM.
[ 6142.166246] usb 2-1.2: usbfs: process 52521 (grabImgWithTrig) did not claim interface 2 before use
[ 6142.246782] usb 2-5.2: reset SuperSpeed USB device number 47 using xhci_hcd
[ 6142.266810] usb 2-5.2: LPM exit latency is zeroed, disabling LPM.
[ 6142.270255] usb 2-5.2: usbfs: process 52523 (grabImgWithTrig) did not claim interface 2 before use
[ 6156.704200] usb 2-5.1: USB disconnect, device number 50
[ 6156.974529] usb 2-5.4: reset SuperSpeed USB device number 48 using xhci_hcd
[ 6156.994592] usb 2-5.4: LPM exit latency is zeroed, disabling LPM.
[ 6156.998256] usb 2-5.4: usbfs: process 53265 (grabImgWithTrig) did not claim interface 2 before use
[ 6157.078680] usb 2-1.1: reset SuperSpeed USB device number 37 using xhci_hcd
[ 6157.098850] usb 2-1.1: LPM exit latency is zeroed, disabling LPM.
[ 6157.102482] usb 2-1.1: usbfs: process 53263 (grabImgWithTrig) did not claim interface 2 before use
[ 6157.178731] usb 2-5.2: reset SuperSpeed USB device number 47 using xhci_hcd
[ 6157.198635] usb 2-5.2: LPM exit latency is zeroed, disabling LPM.
[ 6157.202253] usb 2-5.2: usbfs: process 53264 (grabImgWithTrig) did not claim interface 2 before use
[ 6157.282610] usb 2-1.4: reset SuperSpeed USB device number 39 using xhci_hcd
[ 6157.306589] usb 2-1.4: LPM exit latency is zeroed, disabling LPM.
[ 6157.310074] usb 2-1.4: usbfs: process 53261 (grabImgWithTrig) did not claim interface 2 before use
[ 6157.394678] usb 2-1.2: reset SuperSpeed USB device number 38 using xhci_hcd
[ 6157.414663] usb 2-1.2: LPM exit latency is zeroed, disabling LPM.
[ 6157.418102] usb 2-1.2: usbfs: process 53262 (grabImgWithTrig) did not claim interface 2 before use
[ 6158.506503] usb 2-1.2: reset SuperSpeed USB device number 38 using xhci_hcd
[ 6158.526881] usb 2-1.2: LPM exit latency is zeroed, disabling LPM.
[ 6158.530734] usb 2-1.2: usbfs: process 53262 (grabImgWithTrig) did not claim interface 0 before use
[ 6159.668517] usb 2-1.2: usbfs: process 53851 (grabImgWithTrig) did not claim interface 2 before use
[ 6166.306218] usb 2-5.1: new SuperSpeed USB device number 51 using xhci_hcd
[ 6166.330505] usb 2-5.1: LPM exit latency is zeroed, disabling LPM.
[ 6166.330965] usb 2-5.1: New USB device found, idVendor=2bdf, idProduct=0001, bcdDevice= 1.00
[ 6166.330967] usb 2-5.1: New USB device strings: Mfr=5, Product=3, SerialNumber=6
[ 6166.330969] usb 2-5.1: Product: MV-CH100-60UC
[ 6166.330970] usb 2-5.1: Manufacturer: Hikrobot
[ 6166.330971] usb 2-5.1: SerialNumber: DA5324645
[ 6168.006486] usb 2-5.1: reset SuperSpeed USB device number 51 using xhci_hcd
[ 6168.026830] usb 2-5.1: LPM exit latency is zeroed, disabling LPM.
[ 6168.030918] usb 2-5.1: usbfs: process 54228 (grabImgWithTrig) did not claim interface 2 before use
[ 6184.186118] usb 2-1.1: reset SuperSpeed USB device number 37 using xhci_hcd
[ 6184.206141] usb 2-1.1: LPM exit latency is zeroed, disabling LPM.
[ 6197.290455] usb 2-1-port2: Cannot enable. Maybe the USB cable is bad?
[ 6197.290852] usb 2-1-port2: config error
[ 6197.469685] usb 2-1.2: USB disconnect, device number 38
[ 6197.549719] usb 2-1.2: new SuperSpeed USB device number 52 using xhci_hcd
[ 6197.569949] usb 2-1.2: LPM exit latency is zeroed, disabling LPM.
[ 6197.570406] usb 2-1.2: New USB device found, idVendor=2bdf, idProduct=0001, bcdDevice= 1.00
[ 6197.570408] usb 2-1.2: New USB device strings: Mfr=5, Product=3, SerialNumber=6
[ 6197.570409] usb 2-1.2: Product: MV-CH100-60UC
[ 6197.570410] usb 2-1.2: Manufacturer: Hikrobot
[ 6197.570411] usb 2-1.2: SerialNumber: DA5324655
[ 6203.297052] usb 2-1.1: usbfs: process 53263 (grabImgWithTrig) did not claim interface 0 before use
[ 6206.621871] usb 2-5.2: reset SuperSpeed USB device number 47 using xhci_hcd
[ 6206.641949] usb 2-5.2: LPM exit latency is zeroed, disabling LPM.
[ 6206.645549] usb 2-5.2: usbfs: process 54483 (grabImgWithTrig) did not claim interface 2 before use
[ 6206.773740] usb 2-1.4: reset SuperSpeed USB device number 39 using xhci_hcd
[ 6206.793970] usb 2-1.4: LPM exit latency is zeroed, disabling LPM.
[ 6206.797922] usb 2-1.4: usbfs: process 54480 (grabImgWithTrig) did not claim interface 2 before use
[ 6206.885879] usb 2-1.2: reset SuperSpeed USB device number 52 using xhci_hcd
[ 6206.905930] usb 2-1.2: LPM exit latency is zeroed, disabling LPM.
[ 6206.909372] usb 2-1.2: usbfs: process 54481 (grabImgWithTrig) did not claim interface 2 before use
[ 6206.985821] usb 2-5.4: reset SuperSpeed USB device number 48 using xhci_hcd
[ 6207.005850] usb 2-5.4: LPM exit latency is zeroed, disabling LPM.
[ 6207.009269] usb 2-5.4: usbfs: process 54484 (grabImgWithTrig) did not claim interface 2 before use
[ 6207.089801] usb 2-1.1: reset SuperSpeed USB device number 37 using xhci_hcd
[ 6207.109780] usb 2-1.1: LPM exit latency is zeroed, disabling LPM.
[ 6207.113325] usb 2-1.1: usbfs: process 54482 (grabImgWithTrig) did not claim interface 2 before use
[ 6207.193872] usb 2-5.1: reset SuperSpeed USB device number 51 using xhci_hcd
[ 6207.213924] usb 2-5.1: LPM exit latency is zeroed, disabling LPM.
[ 6207.217284] usb 2-5.1: usbfs: process 54485 (grabImgWithTrig) did not claim interface 2 before use
[ 6308.341803] usb 2-5-port1: Cannot enable. Maybe the USB cable is bad?
[ 6308.342857] usb 2-5-port1: config error
[ 6308.521018] usb 2-5.1: USB disconnect, device number 51
[ 6308.601056] usb 2-5.1: new SuperSpeed USB device number 53 using xhci_hcd
[ 6308.621271] usb 2-5.1: LPM exit latency is zeroed, disabling LPM.
[ 6308.621717] usb 2-5.1: New USB device found, idVendor=2bdf, idProduct=0001, bcdDevice= 1.00
[ 6308.621719] usb 2-5.1: New USB device strings: Mfr=5, Product=3, SerialNumber=6
[ 6308.621720] usb 2-5.1: Product: MV-CH100-60UC
[ 6308.621721] usb 2-5.1: Manufacturer: Hikrobot
[ 6308.621721] usb 2-5.1: SerialNumber: DA5324645
[ 6313.436945] usb 2-1.2: reset SuperSpeed USB device number 52 using xhci_hcd
[ 6313.457120] usb 2-1.2: LPM exit latency is zeroed, disabling LPM.
[ 6313.460706] usb 2-1.2: usbfs: process 55405 (grabImgWithTrig) did not claim interface 2 before use
[ 6313.700991] usb 2-5.2: reset SuperSpeed USB device number 47 using xhci_hcd
[ 6313.724910] usb 2-5.2: LPM exit latency is zeroed, disabling LPM.
[ 6313.728515] usb 2-5.2: usbfs: process 55407 (grabImgWithTrig) did not claim interface 2 before use
[ 6313.836866] usb 2-1.1: reset SuperSpeed USB device number 37 using xhci_hcd
[ 6313.857020] usb 2-1.1: LPM exit latency is zeroed, disabling LPM.
[ 6313.860512] usb 2-1.1: usbfs: process 55406 (grabImgWithTrig) did not claim interface 2 before use
[ 6313.940893] usb 2-5.4: reset SuperSpeed USB device number 48 using xhci_hcd
[ 6313.961119] usb 2-5.4: LPM exit latency is zeroed, disabling LPM.
[ 6313.964747] usb 2-5.4: usbfs: process 55408 (grabImgWithTrig) did not claim interface 2 before use
[ 6314.048847] usb 2-1.4: reset SuperSpeed USB device number 39 using xhci_hcd
[ 6314.069135] usb 2-1.4: LPM exit latency is zeroed, disabling LPM.
[ 6314.072761] usb 2-1.4: usbfs: process 55404 (grabImgWithTrig) did not claim interface 2 before use
[ 6314.152871] usb 2-5.1: reset SuperSpeed USB device number 53 using xhci_hcd
[ 6314.172876] usb 2-5.1: LPM exit latency is zeroed, disabling LPM.
[ 6314.176190] usb 2-5.1: usbfs: process 55409 (grabImgWithTrig) did not claim interface 2 before use
[ 6444.849290] perf: interrupt took too long (7988 > 7903), lowering kernel.perf_event_max_sample_rate to 25000
[ 6496.807292] usb 2-5.1: reset SuperSpeed USB device number 53 using xhci_hcd
[ 6496.827333] usb 2-5.1: LPM exit latency is zeroed, disabling LPM.
[ 6496.830750] usb 2-5-port1: config error
[ 6496.831561] usb 2-5.1: usbfs: process 55796 (grabImgWithTrig) did not claim interface 2 before use
[ 6496.832557] usb 2-5.1: usbfs: process 55796 (grabImgWithTrig) did not claim interface 0 before use
[ 6995.528306] usb 2-1.1: reset SuperSpeed USB device number 37 using xhci_hcd
[ 6995.552529] usb 2-1.1: LPM exit latency is zeroed, disabling LPM.
[ 6995.556233] usb 2-1.1: usbfs: process 65422 (grabImgWithTrig) did not claim interface 2 before use
[ 6995.692322] usb 2-1.2: reset SuperSpeed USB device number 52 using xhci_hcd
[ 6995.716302] usb 2-1.2: LPM exit latency is zeroed, disabling LPM.
[ 6995.719726] usb 2-1.2: usbfs: process 65421 (grabImgWithTrig) did not claim interface 2 before use
[ 6995.804285] usb 2-5.2: reset SuperSpeed USB device number 47 using xhci_hcd
[ 6995.824334] usb 2-5.2: LPM exit latency is zeroed, disabling LPM.
[ 6995.827917] usb 2-5.2: usbfs: process 65424 (grabImgWithTrig) did not claim interface 2 before use
[ 6995.904283] usb 2-1.4: reset SuperSpeed USB device number 39 using xhci_hcd
[ 6995.928298] usb 2-1.4: LPM exit latency is zeroed, disabling LPM.
[ 6995.931825] usb 2-1.4: usbfs: process 65420 (grabImgWithTrig) did not claim interface 2 before use
[ 6996.012314] usb 2-5.4: reset SuperSpeed USB device number 48 using xhci_hcd
[ 6996.036297] usb 2-5.4: LPM exit latency is zeroed, disabling LPM.
[ 6996.039693] usb 2-5.4: usbfs: process 65425 (grabImgWithTrig) did not claim interface 2 before use
[ 6996.120234] usb 2-5.1: reset SuperSpeed USB device number 53 using xhci_hcd
[ 6996.144438] usb 2-5.1: LPM exit latency is zeroed, disabling LPM.
[ 6996.147965] usb 2-5.1: usbfs: process 65426 (grabImgWithTrig) did not claim interface 2 before use
[ 7351.285987] usb 2-5.4: reset SuperSpeed USB device number 48 using xhci_hcd
[ 7351.306099] usb 2-5.4: LPM exit latency is zeroed, disabling LPM.
[ 7351.309424] usb 2-5.4: usbfs: process 67578 (grabImgWithTrig) did not claim interface 2 before use
[ 7351.386014] usb 2-5.2: reset SuperSpeed USB device number 47 using xhci_hcd
[ 7351.406210] usb 2-5.2: LPM exit latency is zeroed, disabling LPM.
[ 7351.409610] usb 2-5.2: usbfs: process 67577 (grabImgWithTrig) did not claim interface 2 before use
[ 7351.537931] usb 2-1.2: reset SuperSpeed USB device number 52 using xhci_hcd
[ 7351.558217] usb 2-1.2: LPM exit latency is zeroed, disabling LPM.
[ 7351.561887] usb 2-1.2: usbfs: process 67575 (grabImgWithTrig) did not claim interface 2 before use
[ 7351.641942] usb 2-1.4: reset SuperSpeed USB device number 39 using xhci_hcd
[ 7351.665942] usb 2-1.4: LPM exit latency is zeroed, disabling LPM.
[ 7351.669835] usb 2-1.4: usbfs: process 67574 (grabImgWithTrig) did not claim interface 2 before use
[ 7351.746000] usb 2-5.1: reset SuperSpeed USB device number 53 using xhci_hcd
[ 7351.766071] usb 2-5.1: LPM exit latency is zeroed, disabling LPM.
[ 7351.769885] usb 2-5.1: usbfs: process 67579 (grabImgWithTrig) did not claim interface 2 before use
[ 7351.850062] usb 2-1.1: reset SuperSpeed USB device number 37 using xhci_hcd
[ 7351.874015] usb 2-1.1: LPM exit latency is zeroed, disabling LPM.
[ 7351.877918] usb 2-1.1: usbfs: process 67576 (grabImgWithTrig) did not claim interface 2 before use
[ 7709.736786] usb 2-5.1: reset SuperSpeed USB device number 53 using xhci_hcd
[ 7709.757003] usb 2-5.1: LPM exit latency is zeroed, disabling LPM.
[ 7709.760638] usb 2-5.1: usbfs: process 69447 (grabImgWithTrig) did not claim interface 2 before use
[ 7709.840881] usb 2-1.4: reset SuperSpeed USB device number 39 using xhci_hcd
[ 7709.860859] usb 2-1.4: LPM exit latency is zeroed, disabling LPM.
[ 7709.864361] usb 2-1.4: usbfs: process 69442 (grabImgWithTrig) did not claim interface 2 before use
[ 7709.944760] usb 2-5.2: reset SuperSpeed USB device number 47 using xhci_hcd
[ 7709.968838] usb 2-5.2: LPM exit latency is zeroed, disabling LPM.
[ 7709.972581] usb 2-5.2: usbfs: process 69445 (grabImgWithTrig) did not claim interface 2 before use
[ 7710.060749] usb 2-1.1: reset SuperSpeed USB device number 37 using xhci_hcd
[ 7710.080826] usb 2-1.1: LPM exit latency is zeroed, disabling LPM.
[ 7710.084197] usb 2-1.1: usbfs: process 69444 (grabImgWithTrig) did not claim interface 2 before use
[ 7710.164761] usb 2-5.4: reset SuperSpeed USB device number 48 using xhci_hcd
[ 7710.184798] usb 2-5.4: LPM exit latency is zeroed, disabling LPM.
[ 7710.188183] usb 2-5.4: usbfs: process 69446 (grabImgWithTrig) did not claim interface 2 before use
[ 7710.268890] usb 2-1.2: reset SuperSpeed USB device number 52 using xhci_hcd
[ 7710.288853] usb 2-1.2: LPM exit latency is zeroed, disabling LPM.
[ 7710.292452] usb 2-1.2: usbfs: process 69443 (grabImgWithTrig) did not claim interface 2 before use
[ 7789.950778] usb 2-5.1: reset SuperSpeed USB device number 53 using xhci_hcd
[ 7789.970853] usb 2-5.1: LPM exit latency is zeroed, disabling LPM.
[ 7789.974490] usb 2-5.1: usbfs: process 70223 (grabImgWithTrig) did not claim interface 2 before use
[ 7790.054778] usb 2-1.2: reset SuperSpeed USB device number 52 using xhci_hcd
[ 7790.074944] usb 2-1.2: LPM exit latency is zeroed, disabling LPM.
[ 7790.078758] usb 2-1.2: usbfs: process 70219 (grabImgWithTrig) did not claim interface 2 before use
[ 7790.158898] usb 2-5.4: reset SuperSpeed USB device number 48 using xhci_hcd
[ 7790.178845] usb 2-5.4: LPM exit latency is zeroed, disabling LPM.
[ 7790.182233] usb 2-5.4: usbfs: process 70222 (grabImgWithTrig) did not claim interface 2 before use
[ 7790.262946] usb 2-1.1: reset SuperSpeed USB device number 37 using xhci_hcd
[ 7790.282926] usb 2-1.1: LPM exit latency is zeroed, disabling LPM.
[ 7790.286330] usb 2-1.1: usbfs: process 70220 (grabImgWithTrig) did not claim interface 2 before use
[ 7790.362984] usb 2-1.4: reset SuperSpeed USB device number 39 using xhci_hcd
[ 7790.386906] usb 2-1.4: LPM exit latency is zeroed, disabling LPM.
[ 7790.390342] usb 2-1.4: usbfs: process 70218 (grabImgWithTrig) did not claim interface 2 before use
[ 7790.470931] usb 2-5.2: reset SuperSpeed USB device number 47 using xhci_hcd
[ 7790.491048] usb 2-5.2: LPM exit latency is zeroed, disabling LPM.
[ 7790.494574] usb 2-5.2: usbfs: process 70221 (grabImgWithTrig) did not claim interface 2 before use
[ 7967.102713] usb 2-5.4: reset SuperSpeed USB device number 48 using xhci_hcd
[ 7967.122848] usb 2-5.4: LPM exit latency is zeroed, disabling LPM.
[ 7967.126502] usb 2-5.4: usbfs: process 71338 (grabImgWithTrig) did not claim interface 2 before use
[ 7967.206717] usb 2-1.4: reset SuperSpeed USB device number 39 using xhci_hcd
[ 7967.226943] usb 2-1.4: LPM exit latency is zeroed, disabling LPM.
[ 7967.230707] usb 2-1.4: usbfs: process 71334 (grabImgWithTrig) did not claim interface 2 before use
[ 7967.306655] usb 2-5.1: reset SuperSpeed USB device number 53 using xhci_hcd
[ 7967.326613] usb 2-5.1: LPM exit latency is zeroed, disabling LPM.
[ 7967.329992] usb 2-5.1: usbfs: process 71339 (grabImgWithTrig) did not claim interface 2 before use
[ 7967.414877] usb 2-1.1: reset SuperSpeed USB device number 37 using xhci_hcd
[ 7967.434910] usb 2-1.1: LPM exit latency is zeroed, disabling LPM.
[ 7967.438888] usb 2-1.1: usbfs: process 71336 (grabImgWithTrig) did not claim interface 2 before use
[ 7967.514705] usb 2-5.2: reset SuperSpeed USB device number 47 using xhci_hcd
[ 7967.534757] usb 2-5.2: LPM exit latency is zeroed, disabling LPM.
[ 7967.538394] usb 2-5.2: usbfs: process 71337 (grabImgWithTrig) did not claim interface 2 before use
[ 7967.618634] usb 2-1.2: reset SuperSpeed USB device number 52 using xhci_hcd
[ 7967.638660] usb 2-1.2: LPM exit latency is zeroed, disabling LPM.
[ 7967.642160] usb 2-1.2: usbfs: process 71335 (grabImgWithTrig) did not claim interface 2 before use
[ 9222.649867] xhci_hcd 0000:00:14.0: WARN Set TR Deq Ptr cmd failed due to incorrect slot or ep state.
[ 9222.650513] usb 2-1.2: usbfs: usb_submit_urb returned -19
[ 9222.650660] usb 2-1.2: usbfs: usb_submit_urb returned -19
[ 9222.650673] usb 2-1.2: usbfs: usb_submit_urb returned -19
[ 9222.650735] usb 2-1.2: usbfs: usb_submit_urb returned -19
[ 9222.650751] usb 2-1.2: usbfs: usb_submit_urb returned -19
[ 9222.650819] usb 2-1.2: usbfs: usb_submit_urb returned -19
[ 9222.650834] usb 2-1.2: usbfs: usb_submit_urb returned -19
[ 9222.650905] usb 2-1.2: usbfs: usb_submit_urb returned -19
[ 9222.650919] usb 2-1.2: usbfs: usb_submit_urb returned -19
[ 9222.650995] usb 2-1.2: usbfs: usb_submit_urb returned -19
[ 9222.651010] usb 2-1.2: usbfs: usb_submit_urb returned -19
[ 9222.651079] usb 2-1.2: usbfs: usb_submit_urb returned -19
[ 9222.651103] usb 2-1.2: usbfs: usb_submit_urb returned -19
[ 9222.833923] usb 2-1: USB disconnect, device number 36
[ 9222.833932] usb 2-1.1: USB disconnect, device number 37
[ 9222.835053] usb 2-1.2: USB disconnect, device number 52
[ 9222.836120] usb 2-1.4: USB disconnect, device number 39
[ 9223.117969] usb 2-1: new SuperSpeed USB device number 54 using xhci_hcd
[ 9223.143362] usb 2-1: New USB device found, idVendor=2109, idProduct=0817, bcdDevice=90.23
[ 9223.143367] usb 2-1: New USB device strings: Mfr=1, Product=2, SerialNumber=0
[ 9223.143369] usb 2-1: Product: USB3.0 Hub             
[ 9223.143370] usb 2-1: Manufacturer: VIA Labs, Inc.         
[ 9223.145006] hub 2-1:1.0: USB hub found
[ 9223.145116] hub 2-1:1.0: 4 ports detected
[ 9223.701998] usb 2-1.1: new SuperSpeed USB device number 55 using xhci_hcd
[ 9223.726181] usb 2-1.1: LPM exit latency is zeroed, disabling LPM.
[ 9223.726654] usb 2-1.1: New USB device found, idVendor=2bdf, idProduct=0001, bcdDevice= 1.00
[ 9223.726656] usb 2-1.1: New USB device strings: Mfr=5, Product=3, SerialNumber=6
[ 9223.726657] usb 2-1.1: Product: MV-CH100-60UC
[ 9223.726658] usb 2-1.1: Manufacturer: Hikrobot
[ 9223.726659] usb 2-1.1: SerialNumber: DA5148683
[ 9223.730609] usb 2-1-port2: config error
[ 9223.989974] usb 2-1.2: new SuperSpeed USB device number 56 using xhci_hcd
[ 9224.010223] usb 2-1.2: LPM exit latency is zeroed, disabling LPM.
[ 9224.010676] usb 2-1.2: New USB device found, idVendor=2bdf, idProduct=0001, bcdDevice= 1.00
[ 9224.010678] usb 2-1.2: New USB device strings: Mfr=5, Product=3, SerialNumber=6
[ 9224.010679] usb 2-1.2: Product: MV-CH100-60UC
[ 9224.010680] usb 2-1.2: Manufacturer: Hikrobot
[ 9224.010680] usb 2-1.2: SerialNumber: DA5324655
[ 9224.093997] usb 2-1.4: new SuperSpeed USB device number 57 using xhci_hcd
[ 9224.114268] usb 2-1.4: LPM exit latency is zeroed, disabling LPM.
[ 9224.114722] usb 2-1.4: New USB device found, idVendor=2bdf, idProduct=0001, bcdDevice= 1.00
[ 9224.114724] usb 2-1.4: New USB device strings: Mfr=5, Product=3, SerialNumber=6
[ 9224.114725] usb 2-1.4: Product: MV-CH100-60UC
[ 9224.114726] usb 2-1.4: Manufacturer: Hikrobot
[ 9224.114727] usb 2-1.4: SerialNumber: DA5148680
[ 9249.497501] usb 2-1.2: reset SuperSpeed USB device number 56 using xhci_hcd
[ 9249.517563] usb 2-1.2: LPM exit latency is zeroed, disabling LPM.
[ 9253.377413] usb 2-1.2: reset SuperSpeed USB device number 56 using xhci_hcd
[ 9253.401482] usb 2-1.2: LPM exit latency is zeroed, disabling LPM.
[ 9255.057379] usb 2-1.2: reset SuperSpeed USB device number 56 using xhci_hcd
[ 9255.077439] usb 2-1.2: LPM exit latency is zeroed, disabling LPM.
[ 9257.325367] usb 2-1.2: reset SuperSpeed USB device number 56 using xhci_hcd
[ 9257.345397] usb 2-1.2: LPM exit latency is zeroed, disabling LPM.
[ 9259.685279] usb 2-1.2: reset SuperSpeed USB device number 56 using xhci_hcd
[ 9259.709432] usb 2-1.2: LPM exit latency is zeroed, disabling LPM.
[ 9264.937020] usb 2-1: USB disconnect, device number 54
[ 9264.937028] usb 2-1.1: USB disconnect, device number 55
[ 9264.937955] usb 2-1.2: USB disconnect, device number 56
[ 9264.938747] usb 2-1.4: USB disconnect, device number 57
[ 9265.217064] usb 2-1: new SuperSpeed USB device number 58 using xhci_hcd
[ 9265.242530] usb 2-1: New USB device found, idVendor=2109, idProduct=0817, bcdDevice=90.23
[ 9265.242535] usb 2-1: New USB device strings: Mfr=1, Product=2, SerialNumber=0
[ 9265.242537] usb 2-1: Product: USB3.0 Hub             
[ 9265.242538] usb 2-1: Manufacturer: VIA Labs, Inc.         
[ 9265.244467] hub 2-1:1.0: USB hub found
[ 9265.244573] hub 2-1:1.0: 4 ports detected
[ 9265.817024] usb 2-1.1: new SuperSpeed USB device number 59 using xhci_hcd
[ 9265.837460] usb 2-1.1: LPM exit latency is zeroed, disabling LPM.
[ 9265.837952] usb 2-1.1: New USB device found, idVendor=2bdf, idProduct=0001, bcdDevice= 1.00
[ 9265.837953] usb 2-1.1: New USB device strings: Mfr=5, Product=3, SerialNumber=6
[ 9265.837955] usb 2-1.1: Product: MV-CH100-60UC
[ 9265.837956] usb 2-1.1: Manufacturer: Hikrobot
[ 9265.837957] usb 2-1.1: SerialNumber: DA5148683
[ 9265.925052] usb 2-1.2: new SuperSpeed USB device number 60 using xhci_hcd
[ 9265.945308] usb 2-1.2: LPM exit latency is zeroed, disabling LPM.
[ 9265.945782] usb 2-1.2: New USB device found, idVendor=2bdf, idProduct=0001, bcdDevice= 1.00
[ 9265.945784] usb 2-1.2: New USB device strings: Mfr=5, Product=3, SerialNumber=6
[ 9265.945785] usb 2-1.2: Product: MV-CH100-60UC
[ 9265.945786] usb 2-1.2: Manufacturer: Hikrobot
[ 9265.945787] usb 2-1.2: SerialNumber: DA5324655
[ 9266.029078] usb 2-1.4: new SuperSpeed USB device number 61 using xhci_hcd
[ 9266.049338] usb 2-1.4: LPM exit latency is zeroed, disabling LPM.
[ 9266.049800] usb 2-1.4: New USB device found, idVendor=2bdf, idProduct=0001, bcdDevice= 1.00
[ 9266.049802] usb 2-1.4: New USB device strings: Mfr=5, Product=3, SerialNumber=6
[ 9266.049803] usb 2-1.4: Product: MV-CH100-60UC
[ 9266.049804] usb 2-1.4: Manufacturer: Hikrobot
[ 9266.049805] usb 2-1.4: SerialNumber: DA5148680
[ 9269.160952] usb 2-1: USB disconnect, device number 58
[ 9269.160956] usb 2-1.1: USB disconnect, device number 59
[ 9269.161690] usb 2-1.2: USB disconnect, device number 60
[ 9269.162556] usb 2-1.4: USB disconnect, device number 61
[ 9269.449096] usb 2-1: new SuperSpeed USB device number 62 using xhci_hcd
[ 9269.470449] usb 2-1: New USB device found, idVendor=2109, idProduct=0817, bcdDevice=90.23
[ 9269.470452] usb 2-1: New USB device strings: Mfr=1, Product=2, SerialNumber=0
[ 9269.470453] usb 2-1: Product: USB3.0 Hub             
[ 9269.470454] usb 2-1: Manufacturer: VIA Labs, Inc.         
[ 9269.472073] hub 2-1:1.0: USB hub found
[ 9269.472192] hub 2-1:1.0: 4 ports detected
[ 9271.596819] usb 2-1: USB disconnect, device number 62
[ 9271.880905] usb 2-1: new SuperSpeed USB device number 63 using xhci_hcd
[ 9271.902380] usb 2-1: New USB device found, idVendor=2109, idProduct=0817, bcdDevice=90.23
[ 9271.902383] usb 2-1: New USB device strings: Mfr=1, Product=2, SerialNumber=0
[ 9271.902384] usb 2-1: Product: USB3.0 Hub             
[ 9271.902385] usb 2-1: Manufacturer: VIA Labs, Inc.         
[ 9271.904034] hub 2-1:1.0: USB hub found
[ 9271.904163] hub 2-1:1.0: 4 ports detected
[ 9275.372792] usb 2-1: USB disconnect, device number 63
[ 9275.644881] usb 2-1: new SuperSpeed USB device number 64 using xhci_hcd
[ 9275.666298] usb 2-1: New USB device found, idVendor=2109, idProduct=0817, bcdDevice=90.23
[ 9275.666301] usb 2-1: New USB device strings: Mfr=1, Product=2, SerialNumber=0
[ 9275.666302] usb 2-1: Product: USB3.0 Hub             
[ 9275.666303] usb 2-1: Manufacturer: VIA Labs, Inc.         
[ 9275.667950] hub 2-1:1.0: USB hub found
[ 9275.668041] hub 2-1:1.0: 4 ports detected
[ 9275.868723] usb 2-1: USB disconnect, device number 64
[ 9276.152859] usb 2-1: new SuperSpeed USB device number 65 using xhci_hcd
[ 9276.178167] usb 2-1: New USB device found, idVendor=2109, idProduct=0817, bcdDevice=90.23
[ 9276.178170] usb 2-1: New USB device strings: Mfr=1, Product=2, SerialNumber=0
[ 9276.178171] usb 2-1: Product: USB3.0 Hub             
[ 9276.178172] usb 2-1: Manufacturer: VIA Labs, Inc.         
[ 9276.179795] hub 2-1:1.0: USB hub found
[ 9276.179912] hub 2-1:1.0: 4 ports detected
[ 9276.732807] usb 2-1.1: new SuperSpeed USB device number 66 using xhci_hcd
[ 9276.753178] usb 2-1.1: LPM exit latency is zeroed, disabling LPM.
[ 9276.753638] usb 2-1.1: New USB device found, idVendor=2bdf, idProduct=0001, bcdDevice= 1.00
[ 9276.753640] usb 2-1.1: New USB device strings: Mfr=5, Product=3, SerialNumber=6
[ 9276.753641] usb 2-1.1: Product: MV-CH100-60UC
[ 9276.753642] usb 2-1.1: Manufacturer: Hikrobot
[ 9276.753642] usb 2-1.1: SerialNumber: DA5148683
[ 9276.836912] usb 2-1.2: new SuperSpeed USB device number 67 using xhci_hcd
[ 9276.861194] usb 2-1.2: LPM exit latency is zeroed, disabling LPM.
[ 9276.861653] usb 2-1.2: New USB device found, idVendor=2bdf, idProduct=0001, bcdDevice= 1.00
[ 9276.861655] usb 2-1.2: New USB device strings: Mfr=5, Product=3, SerialNumber=6
[ 9276.861656] usb 2-1.2: Product: MV-CH100-60UC
[ 9276.861657] usb 2-1.2: Manufacturer: Hikrobot
[ 9276.861658] usb 2-1.2: SerialNumber: DA5324655
[ 9276.944852] usb 2-1.4: new SuperSpeed USB device number 68 using xhci_hcd
[ 9276.965236] usb 2-1.4: LPM exit latency is zeroed, disabling LPM.
[ 9276.965690] usb 2-1.4: New USB device found, idVendor=2bdf, idProduct=0001, bcdDevice= 1.00
[ 9276.965691] usb 2-1.4: New USB device strings: Mfr=5, Product=3, SerialNumber=6
[ 9276.965693] usb 2-1.4: Product: MV-CH100-60UC
[ 9276.965693] usb 2-1.4: Manufacturer: Hikrobot
[ 9276.965694] usb 2-1.4: SerialNumber: DA5148680
[ 9311.695991] usb 2-1: USB disconnect, device number 65
[ 9311.695995] usb 2-1.1: USB disconnect, device number 66
[ 9311.696762] usb 2-1.2: USB disconnect, device number 67
[ 9311.698937] usb 2-1.4: USB disconnect, device number 68
[ 9313.944079] usb 2-1: new SuperSpeed USB device number 69 using xhci_hcd
[ 9313.965454] usb 2-1: New USB device found, idVendor=2109, idProduct=0817, bcdDevice=90.23
[ 9313.965457] usb 2-1: New USB device strings: Mfr=1, Product=2, SerialNumber=0
[ 9313.965458] usb 2-1: Product: USB3.0 Hub             
[ 9313.965459] usb 2-1: Manufacturer: VIA Labs, Inc.         
[ 9313.967076] hub 2-1:1.0: USB hub found
[ 9313.967186] hub 2-1:1.0: 4 ports detected
[ 9314.515915] usb 2-1.1: new SuperSpeed USB device number 70 using xhci_hcd
[ 9314.536196] usb 2-1.1: LPM exit latency is zeroed, disabling LPM.
[ 9314.536669] usb 2-1.1: New USB device found, idVendor=2bdf, idProduct=0001, bcdDevice= 1.00
[ 9314.536673] usb 2-1.1: New USB device strings: Mfr=5, Product=3, SerialNumber=6
[ 9314.536675] usb 2-1.1: Product: MV-CH100-60UC
[ 9314.536677] usb 2-1.1: Manufacturer: Hikrobot
[ 9314.536678] usb 2-1.1: SerialNumber: DA5148683
[ 9314.623929] usb 2-1.2: new SuperSpeed USB device number 71 using xhci_hcd
[ 9314.644204] usb 2-1.2: LPM exit latency is zeroed, disabling LPM.
[ 9314.644716] usb 2-1.2: New USB device found, idVendor=2bdf, idProduct=0001, bcdDevice= 1.00
[ 9314.644719] usb 2-1.2: New USB device strings: Mfr=5, Product=3, SerialNumber=6
[ 9314.644720] usb 2-1.2: Product: MV-CH100-60UC
[ 9314.644722] usb 2-1.2: Manufacturer: Hikrobot
[ 9314.644723] usb 2-1.2: SerialNumber: DA5324655
[ 9314.731982] usb 2-1.4: new SuperSpeed USB device number 72 using xhci_hcd
[ 9314.752220] usb 2-1.4: LPM exit latency is zeroed, disabling LPM.
[ 9314.752667] usb 2-1.4: New USB device found, idVendor=2bdf, idProduct=0001, bcdDevice= 1.00
[ 9314.752669] usb 2-1.4: New USB device strings: Mfr=5, Product=3, SerialNumber=6
[ 9314.752671] usb 2-1.4: Product: MV-CH100-60UC
[ 9314.752672] usb 2-1.4: Manufacturer: Hikrobot
[ 9314.752674] usb 2-1.4: SerialNumber: DA5148680
[ 9316.103907] usb 2-1: USB disconnect, device number 69
[ 9316.103911] usb 2-1.1: USB disconnect, device number 70
[ 9316.105274] usb 2-1.2: USB disconnect, device number 71
[ 9316.106387] usb 2-1.4: USB disconnect, device number 72
[ 9316.383914] usb 2-1: new SuperSpeed USB device number 73 using xhci_hcd
[ 9316.405388] usb 2-1: New USB device found, idVendor=2109, idProduct=0817, bcdDevice=90.23
[ 9316.405391] usb 2-1: New USB device strings: Mfr=1, Product=2, SerialNumber=0
[ 9316.405392] usb 2-1: Product: USB3.0 Hub             
[ 9316.405393] usb 2-1: Manufacturer: VIA Labs, Inc.         
[ 9316.407122] hub 2-1:1.0: USB hub found
[ 9316.407232] hub 2-1:1.0: 4 ports detected
[ 9316.975925] usb 2-1.1: new SuperSpeed USB device number 74 using xhci_hcd
[ 9316.996153] usb 2-1.1: LPM exit latency is zeroed, disabling LPM.
[ 9316.996607] usb 2-1.1: New USB device found, idVendor=2bdf, idProduct=0001, bcdDevice= 1.00
[ 9316.996609] usb 2-1.1: New USB device strings: Mfr=5, Product=3, SerialNumber=6
[ 9316.996610] usb 2-1.1: Product: MV-CH100-60UC
[ 9316.996611] usb 2-1.1: Manufacturer: Hikrobot
[ 9316.996612] usb 2-1.1: SerialNumber: DA5148683
[ 9317.083939] usb 2-1.2: new SuperSpeed USB device number 75 using xhci_hcd
[ 9317.104265] usb 2-1.2: LPM exit latency is zeroed, disabling LPM.
[ 9317.104728] usb 2-1.2: New USB device found, idVendor=2bdf, idProduct=0001, bcdDevice= 1.00
[ 9317.104730] usb 2-1.2: New USB device strings: Mfr=5, Product=3, SerialNumber=6
[ 9317.104732] usb 2-1.2: Product: MV-CH100-60UC
[ 9317.104732] usb 2-1.2: Manufacturer: Hikrobot
[ 9317.104733] usb 2-1.2: SerialNumber: DA5324655
[ 9317.191881] usb 2-1.4: new SuperSpeed USB device number 76 using xhci_hcd
[ 9317.212155] usb 2-1.4: LPM exit latency is zeroed, disabling LPM.
[ 9317.212606] usb 2-1.4: New USB device found, idVendor=2bdf, idProduct=0001, bcdDevice= 1.00
[ 9317.212607] usb 2-1.4: New USB device strings: Mfr=5, Product=3, SerialNumber=6
[ 9317.212609] usb 2-1.4: Product: MV-CH100-60UC
[ 9317.212609] usb 2-1.4: Manufacturer: Hikrobot
[ 9317.212610] usb 2-1.4: SerialNumber: DA5148680
[11554.716469] usb 2-5.1: reset SuperSpeed USB device number 53 using xhci_hcd
[11554.736530] usb 2-5.1: LPM exit latency is zeroed, disabling LPM.
[11554.740678] usb 2-5.1: usbfs: process 71724 (grabImgWithTrig) did not claim interface 2 before use
[11554.741566] usb 2-5.1: usbfs: process 71724 (grabImgWithTrig) did not claim interface 0 before use
[13512.082330] usb 2-5.4: reset SuperSpeed USB device number 48 using xhci_hcd
[13512.102376] usb 2-5.4: LPM exit latency is zeroed, disabling LPM.
[13512.105891] usb 2-5.4: usbfs: process 308731 (grabImgWithTrig) did not claim interface 2 before use
[13512.190361] usb 2-5.2: reset SuperSpeed USB device number 47 using xhci_hcd
[13512.214393] usb 2-5.2: LPM exit latency is zeroed, disabling LPM.
[13512.217961] usb 2-5.2: usbfs: process 308730 (grabImgWithTrig) did not claim interface 2 before use
[13512.298419] usb 2-1.4: reset SuperSpeed USB device number 76 using xhci_hcd
[13512.322623] usb 2-1.4: LPM exit latency is zeroed, disabling LPM.
[13512.326342] usb 2-1.4: usbfs: process 308726 (grabImgWithTrig) did not claim interface 2 before use
[13512.438293] usb 2-1.1: reset SuperSpeed USB device number 74 using xhci_hcd
[13512.458300] usb 2-1.1: LPM exit latency is zeroed, disabling LPM.
[13512.461717] usb 2-1.1: usbfs: process 308729 (grabImgWithTrig) did not claim interface 2 before use
[13512.542344] usb 2-5.1: reset SuperSpeed USB device number 53 using xhci_hcd
[13512.566314] usb 2-5.1: LPM exit latency is zeroed, disabling LPM.
[13512.569715] usb 2-5.1: usbfs: process 308733 (grabImgWithTrig) did not claim interface 2 before use
[13512.650322] usb 2-1.2: reset SuperSpeed USB device number 75 using xhci_hcd
[13512.670374] usb 2-1.2: LPM exit latency is zeroed, disabling LPM.
[13512.673806] usb 2-1.2: usbfs: process 308727 (grabImgWithTrig) did not claim interface 2 before use
[13572.823002] usb 2-1.1: reset SuperSpeed USB device number 74 using xhci_hcd
[13572.843024] usb 2-1.1: LPM exit latency is zeroed, disabling LPM.
[13572.846844] usb 2-1.1: usbfs: process 315516 (grabImgWithTrig) did not claim interface 2 before use
[13572.967030] usb 2-1.2: reset SuperSpeed USB device number 75 using xhci_hcd
[13572.987128] usb 2-1.2: LPM exit latency is zeroed, disabling LPM.
[13572.990870] usb 2-1.2: usbfs: process 315515 (grabImgWithTrig) did not claim interface 2 before use
[13573.123006] usb 2-5.1: reset SuperSpeed USB device number 53 using xhci_hcd
[13573.142948] usb 2-5.1: LPM exit latency is zeroed, disabling LPM.
[13573.146389] usb 2-5.1: usbfs: process 315521 (grabImgWithTrig) did not claim interface 2 before use
[13573.230967] usb 2-5.2: reset SuperSpeed USB device number 47 using xhci_hcd
[13573.251155] usb 2-5.2: LPM exit latency is zeroed, disabling LPM.
[13573.254806] usb 2-5.2: usbfs: process 315518 (grabImgWithTrig) did not claim interface 2 before use
[13573.334997] usb 2-1.4: reset SuperSpeed USB device number 76 using xhci_hcd
[13573.354983] usb 2-1.4: LPM exit latency is zeroed, disabling LPM.
[13573.358454] usb 2-1.4: usbfs: process 315514 (grabImgWithTrig) did not claim interface 2 before use
[13573.439092] usb 2-5.4: reset SuperSpeed USB device number 48 using xhci_hcd
[13573.459374] usb 2-5.4: LPM exit latency is zeroed, disabling LPM.
[13573.462990] usb 2-5.4: usbfs: process 315519 (grabImgWithTrig) did not claim interface 2 before use
[13786.895888] usb 2-1.2: reset SuperSpeed USB device number 75 using xhci_hcd
[13786.919979] usb 2-1.2: LPM exit latency is zeroed, disabling LPM.
[13786.923585] usb 2-1.2: usbfs: process 319496 (grabImgWithTrig) did not claim interface 2 before use
[13787.007813] usb 2-1.4: reset SuperSpeed USB device number 76 using xhci_hcd
[13787.027943] usb 2-1.4: LPM exit latency is zeroed, disabling LPM.
[13787.031792] usb 2-1.4: usbfs: process 319495 (grabImgWithTrig) did not claim interface 2 before use
[13787.119869] usb 2-5.1: reset SuperSpeed USB device number 53 using xhci_hcd
[13787.140000] usb 2-5.1: LPM exit latency is zeroed, disabling LPM.
[13787.143458] usb 2-5.1: usbfs: process 319500 (grabImgWithTrig) did not claim interface 2 before use
[13787.227904] usb 2-1.1: reset SuperSpeed USB device number 74 using xhci_hcd
[13787.248021] usb 2-1.1: LPM exit latency is zeroed, disabling LPM.
[13787.251539] usb 2-1.1: usbfs: process 319497 (grabImgWithTrig) did not claim interface 2 before use
[13787.327894] usb 2-5.2: reset SuperSpeed USB device number 47 using xhci_hcd
[13787.351910] usb 2-5.2: LPM exit latency is zeroed, disabling LPM.
[13787.355361] usb 2-5.2: usbfs: process 319498 (grabImgWithTrig) did not claim interface 2 before use
[13787.435970] usb 2-5.4: reset SuperSpeed USB device number 48 using xhci_hcd
[13787.455968] usb 2-5.4: LPM exit latency is zeroed, disabling LPM.
[13787.459482] usb 2-5.4: usbfs: process 319499 (grabImgWithTrig) did not claim interface 2 before use
[13848.914482] usb 2-1.2: reset SuperSpeed USB device number 75 using xhci_hcd
[13848.955322] usb 2-1.2: LPM exit latency is zeroed, disabling LPM.
[13848.958937] usb 2-1.2: usbfs: process 319831 (grabImgWithTrig) did not claim interface 0 before use
[13852.186569] usb 2-1.1: reset SuperSpeed USB device number 74 using xhci_hcd
[13852.210739] usb 2-1.1: LPM exit latency is zeroed, disabling LPM.
[13910.788653] usb 2-1.1: usbfs: process 319497 (grabImgWithTrig) did not claim interface 0 before use
[13913.720758] usb 2-1.4: reset SuperSpeed USB device number 76 using xhci_hcd
[13913.740712] usb 2-1.4: LPM exit latency is zeroed, disabling LPM.
[13913.744177] usb 2-1.4: usbfs: process 320668 (grabImgWithTrig) did not claim interface 2 before use
[13913.856634] usb 2-5.2: reset SuperSpeed USB device number 47 using xhci_hcd
[13913.880701] usb 2-5.2: LPM exit latency is zeroed, disabling LPM.
[13913.884030] usb 2-5.2: usbfs: process 320671 (grabImgWithTrig) did not claim interface 2 before use
[13913.968751] usb 2-1.2: reset SuperSpeed USB device number 75 using xhci_hcd
[13913.988934] usb 2-1.2: LPM exit latency is zeroed, disabling LPM.
[13913.992501] usb 2-1.2: usbfs: process 320669 (grabImgWithTrig) did not claim interface 2 before use
[13914.072810] usb 2-5.1: reset SuperSpeed USB device number 53 using xhci_hcd
[13914.096853] usb 2-5.1: LPM exit latency is zeroed, disabling LPM.
[13914.100220] usb 2-5.1: usbfs: process 320696 (grabImgWithTrig) did not claim interface 2 before use
[13914.180675] usb 2-1.1: reset SuperSpeed USB device number 74 using xhci_hcd
[13914.200995] usb 2-1.1: LPM exit latency is zeroed, disabling LPM.
[13914.204699] usb 2-1.1: usbfs: process 320670 (grabImgWithTrig) did not claim interface 2 before use
[13914.280735] usb 2-5.4: reset SuperSpeed USB device number 48 using xhci_hcd
[13914.300786] usb 2-5.4: LPM exit latency is zeroed, disabling LPM.
[13914.304152] usb 2-5.4: usbfs: process 320673 (grabImgWithTrig) did not claim interface 2 before use
[13991.814980] usb 2-1.1: reset SuperSpeed USB device number 74 using xhci_hcd
[13991.851772] usb 2-1.1: LPM exit latency is zeroed, disabling LPM.
[14033.442812] usb 2-1.1: usbfs: process 320670 (grabImgWithTrig) did not claim interface 0 before use
[14036.656035] usb 2-1.4: reset SuperSpeed USB device number 76 using xhci_hcd
[14036.676348] usb 2-1.4: LPM exit latency is zeroed, disabling LPM.
[14036.679982] usb 2-1.4: usbfs: process 322121 (grabImgWithTrig) did not claim interface 2 before use
[14036.759974] usb 2-1.1: reset SuperSpeed USB device number 74 using xhci_hcd
[14036.780245] usb 2-1.1: LPM exit latency is zeroed, disabling LPM.
[14036.783823] usb 2-1.1: usbfs: process 322123 (grabImgWithTrig) did not claim interface 2 before use
[14036.896012] usb 2-5.1: reset SuperSpeed USB device number 53 using xhci_hcd
[14036.916168] usb 2-5.1: LPM exit latency is zeroed, disabling LPM.
[14036.920041] usb 2-5.1: usbfs: process 322150 (grabImgWithTrig) did not claim interface 2 before use
[14037.000018] usb 2-1.2: reset SuperSpeed USB device number 75 using xhci_hcd
[14037.020083] usb 2-1.2: LPM exit latency is zeroed, disabling LPM.
[14037.023749] usb 2-1.2: usbfs: process 322122 (grabImgWithTrig) did not claim interface 2 before use
[14037.104030] usb 2-5.4: reset SuperSpeed USB device number 48 using xhci_hcd
[14037.124087] usb 2-5.4: LPM exit latency is zeroed, disabling LPM.
[14037.127922] usb 2-5.4: usbfs: process 322126 (grabImgWithTrig) did not claim interface 2 before use
[14037.208020] usb 2-5.2: reset SuperSpeed USB device number 47 using xhci_hcd
[14037.232009] usb 2-5.2: LPM exit latency is zeroed, disabling LPM.
[14037.235387] usb 2-5.2: usbfs: process 322124 (grabImgWithTrig) did not claim interface 2 before use
[14053.224350] usb 2-1.1: reset SuperSpeed USB device number 74 using xhci_hcd
[14053.251392] usb 2-1.1: LPM exit latency is zeroed, disabling LPM.
[14055.804498] usb 2-1.1: usbfs: process 322123 (grabImgWithTrig) did not claim interface 0 before use
[14058.492482] usb 2-1.4: reset SuperSpeed USB device number 76 using xhci_hcd
[14058.512647] usb 2-1.4: LPM exit latency is zeroed, disabling LPM.
[14058.516331] usb 2-1.4: usbfs: process 322637 (grabImgWithTrig) did not claim interface 2 before use
[14058.628545] usb 2-5.4: reset SuperSpeed USB device number 48 using xhci_hcd
[14058.652470] usb 2-5.4: LPM exit latency is zeroed, disabling LPM.
[14058.655927] usb 2-5.4: usbfs: process 322642 (grabImgWithTrig) did not claim interface 2 before use
[14058.736499] usb 2-1.1: reset SuperSpeed USB device number 74 using xhci_hcd
[14058.760528] usb 2-1.1: LPM exit latency is zeroed, disabling LPM.
[14058.764257] usb 2-1.1: usbfs: process 322639 (grabImgWithTrig) did not claim interface 2 before use
[14058.844529] usb 2-1.2: reset SuperSpeed USB device number 75 using xhci_hcd
[14058.868702] usb 2-1.2: LPM exit latency is zeroed, disabling LPM.
[14058.872100] usb 2-1.2: usbfs: process 322638 (grabImgWithTrig) did not claim interface 2 before use
[14058.948458] usb 2-5.1: reset SuperSpeed USB device number 53 using xhci_hcd
[14058.968450] usb 2-5.1: LPM exit latency is zeroed, disabling LPM.
[14058.971819] usb 2-5.1: usbfs: process 322663 (grabImgWithTrig) did not claim interface 2 before use
[14059.052477] usb 2-5.2: reset SuperSpeed USB device number 47 using xhci_hcd
[14059.072592] usb 2-5.2: LPM exit latency is zeroed, disabling LPM.
[14059.076301] usb 2-5.2: usbfs: process 322640 (grabImgWithTrig) did not claim interface 2 before use
[14062.884620] usb 2-1.4: reset SuperSpeed USB device number 76 using xhci_hcd
[14062.904835] usb 2-1.4: LPM exit latency is zeroed, disabling LPM.
[14062.908509] usb 2-1.4: usbfs: process 322975 (grabImgWithTrig) did not claim interface 2 before use
[14063.184473] usb 2-1.1: reset SuperSpeed USB device number 74 using xhci_hcd
[14063.204642] usb 2-1.1: LPM exit latency is zeroed, disabling LPM.
[14063.208131] usb 2-1.1: usbfs: process 323008 (grabImgWithTrig) did not claim interface 2 before use
[14063.392613] usb 2-1.2: reset SuperSpeed USB device number 75 using xhci_hcd
[14063.412721] usb 2-1.2: LPM exit latency is zeroed, disabling LPM.
[14063.416290] usb 2-1.2: usbfs: process 323032 (grabImgWithTrig) did not claim interface 2 before use
[14067.861712] usb 2-1.1: reset SuperSpeed USB device number 74 using xhci_hcd
[14067.880677] usb 2-1.1: LPM exit latency is zeroed, disabling LPM.
[14067.884243] usb 2-1.1: usbfs: process 323137 (grabImgWithTrig) did not claim interface 2 before use
[14068.916667] usb 2-1.2: reset SuperSpeed USB device number 75 using xhci_hcd
[14068.951052] usb 2-1.2: LPM exit latency is zeroed, disabling LPM.
[14068.955025] usb 2-1.2: usbfs: process 323188 (grabImgWithTrig) did not claim interface 2 before use
[14073.224781] usb 2-1.4: reset SuperSpeed USB device number 76 using xhci_hcd
[14073.244760] usb 2-1.4: LPM exit latency is zeroed, disabling LPM.
[14392.842631] usb 2-1.4: usbfs: process 322975 (grabImgWithTrig) did not claim interface 0 before use
[14395.564166] usb 2-1.1: reset SuperSpeed USB device number 74 using xhci_hcd
[14395.584295] usb 2-1.1: LPM exit latency is zeroed, disabling LPM.
[14395.587972] usb 2-1.1: usbfs: process 326149 (grabImgWithTrig) did not claim interface 2 before use
[14395.672203] usb 2-1.4: reset SuperSpeed USB device number 76 using xhci_hcd
[14395.692248] usb 2-1.4: LPM exit latency is zeroed, disabling LPM.
[14395.695705] usb 2-1.4: usbfs: process 326146 (grabImgWithTrig) did not claim interface 2 before use
[14395.772177] usb 2-1.2: reset SuperSpeed USB device number 75 using xhci_hcd
[14395.792394] usb 2-1.2: LPM exit latency is zeroed, disabling LPM.
[14395.795954] usb 2-1.2: usbfs: process 326147 (grabImgWithTrig) did not claim interface 2 before use
[14395.872108] usb 2-5.2: reset SuperSpeed USB device number 47 using xhci_hcd
[14395.892102] usb 2-5.2: LPM exit latency is zeroed, disabling LPM.
[14395.895567] usb 2-5.2: usbfs: process 326150 (grabImgWithTrig) did not claim interface 2 before use
[14395.976005] usb 2-5.1: reset SuperSpeed USB device number 53 using xhci_hcd
[14395.996289] usb 2-5.1: LPM exit latency is zeroed, disabling LPM.
[14395.999904] usb 2-5.1: usbfs: process 326172 (grabImgWithTrig) did not claim interface 2 before use
[14396.108136] usb 2-5.4: reset SuperSpeed USB device number 48 using xhci_hcd
[14396.128200] usb 2-5.4: LPM exit latency is zeroed, disabling LPM.
[14396.131763] usb 2-5.4: usbfs: process 326151 (grabImgWithTrig) did not claim interface 2 before use
[14610.320046] usb 2-1.4: reset SuperSpeed USB device number 76 using xhci_hcd
[14610.340210] usb 2-1.4: LPM exit latency is zeroed, disabling LPM.
[14610.343668] usb 2-1.4: usbfs: process 330028 (grabImgWithTrig) did not claim interface 2 before use
[14610.424082] usb 2-1.1: reset SuperSpeed USB device number 74 using xhci_hcd
[14610.444111] usb 2-1.1: LPM exit latency is zeroed, disabling LPM.
[14610.447848] usb 2-1.1: usbfs: process 330030 (grabImgWithTrig) did not claim interface 2 before use
[14610.556028] usb 2-1.2: reset SuperSpeed USB device number 75 using xhci_hcd
[14610.576227] usb 2-1.2: LPM exit latency is zeroed, disabling LPM.
[14610.579860] usb 2-1.2: usbfs: process 330029 (grabImgWithTrig) did not claim interface 2 before use
[14610.663952] usb 2-5.2: reset SuperSpeed USB device number 47 using xhci_hcd
[14610.684081] usb 2-5.2: LPM exit latency is zeroed, disabling LPM.
[14610.687665] usb 2-5.2: usbfs: process 330031 (grabImgWithTrig) did not claim interface 2 before use
[14610.764095] usb 2-5.4: reset SuperSpeed USB device number 48 using xhci_hcd
[14610.784180] usb 2-5.4: LPM exit latency is zeroed, disabling LPM.
[14610.787780] usb 2-5.4: usbfs: process 330033 (grabImgWithTrig) did not claim interface 2 before use
[14610.864117] usb 2-5.1: reset SuperSpeed USB device number 53 using xhci_hcd
[14610.884208] usb 2-5.1: LPM exit latency is zeroed, disabling LPM.
[14610.887545] usb 2-5.1: usbfs: process 330035 (grabImgWithTrig) did not claim interface 2 before use
[14665.043911] usb 2-1.4: reset SuperSpeed USB device number 76 using xhci_hcd
[14665.063937] usb 2-1.4: LPM exit latency is zeroed, disabling LPM.
[14665.067467] usb 2-1.4: usbfs: process 331406 (grabImgWithTrig) did not claim interface 2 before use
[14665.175766] usb 2-5.2: reset SuperSpeed USB device number 47 using xhci_hcd
[14665.195877] usb 2-5.2: LPM exit latency is zeroed, disabling LPM.
[14665.199297] usb 2-5.2: usbfs: process 331409 (grabImgWithTrig) did not claim interface 2 before use
[14665.283897] usb 2-5.1: reset SuperSpeed USB device number 53 using xhci_hcd
[14665.307988] usb 2-5.1: LPM exit latency is zeroed, disabling LPM.
[14665.311935] usb 2-5.1: usbfs: process 331422 (grabImgWithTrig) did not claim interface 2 before use
[14665.395837] usb 2-1.1: reset SuperSpeed USB device number 74 using xhci_hcd
[14665.415833] usb 2-1.1: LPM exit latency is zeroed, disabling LPM.
[14665.419348] usb 2-1.1: usbfs: process 331408 (grabImgWithTrig) did not claim interface 2 before use
[14665.495863] usb 2-5.4: reset SuperSpeed USB device number 48 using xhci_hcd
[14665.519925] usb 2-5.4: LPM exit latency is zeroed, disabling LPM.
[14665.523423] usb 2-5.4: usbfs: process 331410 (grabImgWithTrig) did not claim interface 2 before use
[14665.599916] usb 2-1.2: reset SuperSpeed USB device number 75 using xhci_hcd
[14665.619836] usb 2-1.2: LPM exit latency is zeroed, disabling LPM.
[14665.623721] usb 2-1.2: usbfs: process 331407 (grabImgWithTrig) did not claim interface 2 before use
[15024.757148] usb 2-1.2: reset SuperSpeed USB device number 75 using xhci_hcd
[15024.777258] usb 2-1.2: LPM exit latency is zeroed, disabling LPM.
[15024.780776] usb 2-1.2: usbfs: process 339946 (grabImgWithTrig) did not claim interface 2 before use
[15024.905127] usb 2-1.1: reset SuperSpeed USB device number 74 using xhci_hcd
[15024.925248] usb 2-1.1: LPM exit latency is zeroed, disabling LPM.
[15024.928707] usb 2-1.1: usbfs: process 339947 (grabImgWithTrig) did not claim interface 2 before use
[15025.009222] usb 2-5.4: reset SuperSpeed USB device number 48 using xhci_hcd
[15025.029065] usb 2-5.4: LPM exit latency is zeroed, disabling LPM.
[15025.032549] usb 2-5.4: usbfs: process 339949 (grabImgWithTrig) did not claim interface 2 before use
[15025.109243] usb 2-5.2: reset SuperSpeed USB device number 47 using xhci_hcd
[15025.129179] usb 2-5.2: LPM exit latency is zeroed, disabling LPM.
[15025.132960] usb 2-5.2: usbfs: process 339948 (grabImgWithTrig) did not claim interface 2 before use
[15025.213200] usb 2-1.4: reset SuperSpeed USB device number 76 using xhci_hcd
[15025.233201] usb 2-1.4: LPM exit latency is zeroed, disabling LPM.
[15025.236651] usb 2-1.4: usbfs: process 339945 (grabImgWithTrig) did not claim interface 2 before use
[15025.321037] usb 2-5.1: reset SuperSpeed USB device number 53 using xhci_hcd
[15025.341147] usb 2-5.1: LPM exit latency is zeroed, disabling LPM.
[15025.344609] usb 2-5.1: usbfs: process 339950 (grabImgWithTrig) did not claim interface 2 before use
[15555.895141] usb 2-5-port1: Cannot enable. Maybe the USB cable is bad?
[15555.895528] usb 2-5-port1: config error
[15556.086416] usb 2-5.1: USB disconnect, device number 53
[15556.170471] usb 2-5.1: new SuperSpeed USB device number 77 using xhci_hcd
[15556.194696] usb 2-5.1: LPM exit latency is zeroed, disabling LPM.
[15556.195122] usb 2-5.1: New USB device found, idVendor=2bdf, idProduct=0001, bcdDevice= 1.00
[15556.195125] usb 2-5.1: New USB device strings: Mfr=5, Product=3, SerialNumber=6
[15556.195126] usb 2-5.1: Product: MV-CH100-60UC
[15556.195127] usb 2-5.1: Manufacturer: Hikrobot
[15556.195128] usb 2-5.1: SerialNumber: DA5324645
[15768.098023] usb 2-5.1: reset SuperSpeed USB device number 77 using xhci_hcd
[15768.118168] usb 2-5.1: LPM exit latency is zeroed, disabling LPM.
