[    0.000000] microcode: microcode updated early to revision 0x104, date = 2024-11-14
[    0.000000] Linux version 5.15.0-161-generic (buildd@lcy02-amd64-002) (gcc (Ubuntu 9.4.0-1ubuntu1~20.04.2) 9.4.0, GNU ld (GNU Binutils for Ubuntu) 2.34) #171~20.04.1-Ubuntu SMP Tue Oct 14 13:58:10 UTC 2025 (Ubuntu 5.15.0-161.171~20.04.1-generic 5.15.189)
[    0.000000] Command line: BOOT_IMAGE=/boot/vmlinuz-5.15.0-161-generic root=UUID=60880869-b24a-4812-a662-cba892c8c40b ro quiet splash usbcore.autosuspend=-1 vt.handoff=7
[    0.000000] KERNEL supported cpus:
[    0.000000]   Intel GenuineIntel
[    0.000000]   AMD AuthenticAMD
[    0.000000]   Hygon HygonGenuine
[    0.000000]   Centaur CentaurHauls
[    0.000000]   zhaoxin   Shanghai  
[    0.000000] BIOS-provided physical RAM map:
[    0.000000] BIOS-e820: [mem 0x0000000000000000-0x000000000009efff] usable
[    0.000000] BIOS-e820: [mem 0x000000000009f000-0x00000000000fffff] reserved
[    0.000000] BIOS-e820: [mem 0x0000000000100000-0x000000007a7e7fff] usable
[    0.000000] BIOS-e820: [mem 0x000000007a7e8000-0x000000007b96cfff] reserved
[    0.000000] BIOS-e820: [mem 0x000000007b96d000-0x000000007b9e9fff] ACPI data
[    0.000000] BIOS-e820: [mem 0x000000007b9ea000-0x000000007bb66fff] ACPI NVS
[    0.000000] BIOS-e820: [mem 0x000000007bb67000-0x000000007cc0efff] reserved
[    0.000000] BIOS-e820: [mem 0x000000007cc0f000-0x000000007cc0ffff] usable
[    0.000000] BIOS-e820: [mem 0x000000007cc10000-0x000000007fffffff] reserved
[    0.000000] BIOS-e820: [mem 0x00000000e0000000-0x00000000efffffff] reserved
[    0.000000] BIOS-e820: [mem 0x00000000fe000000-0x00000000fe010fff] reserved
[    0.000000] BIOS-e820: [mem 0x00000000fec00000-0x00000000fec00fff] reserved
[    0.000000] BIOS-e820: [mem 0x00000000fed00000-0x00000000fed03fff] reserved
[    0.000000] BIOS-e820: [mem 0x00000000fee00000-0x00000000fee00fff] reserved
[    0.000000] BIOS-e820: [mem 0x00000000ff000000-0x00000000ffffffff] reserved
[    0.000000] BIOS-e820: [mem 0x0000000100000000-0x000000107bffffff] usable
[    0.000000] NX (Execute Disable) protection: active
[    0.000000] e820: update [mem 0x6c787018-0x6c7ad857] usable ==> usable
[    0.000000] e820: update [mem 0x6c787018-0x6c7ad857] usable ==> usable
[    0.000000] e820: update [mem 0x6c776018-0x6c786e57] usable ==> usable
[    0.000000] e820: update [mem 0x6c776018-0x6c786e57] usable ==> usable
[    0.000000] extended physical RAM map:
[    0.000000] reserve setup_data: [mem 0x0000000000000000-0x000000000009efff] usable
[    0.000000] reserve setup_data: [mem 0x000000000009f000-0x00000000000fffff] reserved
[    0.000000] reserve setup_data: [mem 0x0000000000100000-0x000000006c776017] usable
[    0.000000] reserve setup_data: [mem 0x000000006c776018-0x000000006c786e57] usable
[    0.000000] reserve setup_data: [mem 0x000000006c786e58-0x000000006c787017] usable
[    0.000000] reserve setup_data: [mem 0x000000006c787018-0x000000006c7ad857] usable
[    0.000000] reserve setup_data: [mem 0x000000006c7ad858-0x000000007a7e7fff] usable
[    0.000000] reserve setup_data: [mem 0x000000007a7e8000-0x000000007b96cfff] reserved
[    0.000000] reserve setup_data: [mem 0x000000007b96d000-0x000000007b9e9fff] ACPI data
[    0.000000] reserve setup_data: [mem 0x000000007b9ea000-0x000000007bb66fff] ACPI NVS
[    0.000000] reserve setup_data: [mem 0x000000007bb67000-0x000000007cc0efff] reserved
[    0.000000] reserve setup_data: [mem 0x000000007cc0f000-0x000000007cc0ffff] usable
[    0.000000] reserve setup_data: [mem 0x000000007cc10000-0x000000007fffffff] reserved
[    0.000000] reserve setup_data: [mem 0x00000000e0000000-0x00000000efffffff] reserved
[    0.000000] reserve setup_data: [mem 0x00000000fe000000-0x00000000fe010fff] reserved
[    0.000000] reserve setup_data: [mem 0x00000000fec00000-0x00000000fec00fff] reserved
[    0.000000] reserve setup_data: [mem 0x00000000fed00000-0x00000000fed03fff] reserved
[    0.000000] reserve setup_data: [mem 0x00000000fee00000-0x00000000fee00fff] reserved
[    0.000000] reserve setup_data: [mem 0x00000000ff000000-0x00000000ffffffff] reserved
[    0.000000] reserve setup_data: [mem 0x0000000100000000-0x000000107bffffff] usable
[    0.000000] efi: EFI v2.70 by American Megatrends
[    0.000000] efi: ACPI 2.0=0x7ba49000 ACPI=0x7ba49000 TPMFinalLog=0x7bab2000 SMBIOS=0x7c9d0000 SMBIOS 3.0=0x7c9cf000 MEMATTR=0x77a59018 ESRT=0x77286818 MOKvar=0x7c9e6000 RNG=0x7b9e9018 TPMEventLog=0x7b9e5018 
[    0.000000] random: crng init done
[    0.000000] secureboot: Secure boot disabled
[    0.000000] SMBIOS 3.2.0 present.
[    0.000000] DMI: NEXCOM aROK8110/aROK8110, BIOS MR80-012 11/17/2020
[    0.000000] tsc: Detected 3400.000 MHz processor
[    0.000000] tsc: Detected 3399.906 MHz TSC
[    0.000562] e820: update [mem 0x00000000-0x00000fff] usable ==> reserved
[    0.000564] e820: remove [mem 0x000a0000-0x000fffff] usable
[    0.000573] last_pfn = 0x107c000 max_arch_pfn = 0x400000000
[    0.000743] x86/PAT: Configuration [0-7]: WB  WC  UC- UC  WB  WP  UC- WT  
[    0.001698] last_pfn = 0x7cc10 max_arch_pfn = 0x400000000
[    0.017036] esrt: Reserving ESRT space from 0x0000000077286818 to 0x0000000077286850.
[    0.017041] e820: update [mem 0x77286000-0x77286fff] usable ==> reserved
[    0.017060] Using GB pages for direct mapping
[    0.017467] secureboot: Secure boot disabled
[    0.017467] RAMDISK: [mem 0x6c7ae000-0x7201efff]
[    0.017472] ACPI: Early table checksum verification disabled
[    0.017476] ACPI: RSDP 0x000000007BA49000 000024 (v02 ALASKA)
[    0.017479] ACPI: XSDT 0x000000007BA490B0 0000E4 (v01 ALASKA A M I    01072009 AMI  00010013)
[    0.017485] ACPI: FACP 0x000000007BA86578 000114 (v06 ALASKA A M I    01072009 AMI  00010013)
[    0.017490] ACPI: DSDT 0x000000007BA49230 03D342 (v02 ALASKA A M I    01072009 INTL 20160527)
[    0.017493] ACPI: FACS 0x000000007BB66080 000040
[    0.017496] ACPI: APIC 0x000000007BA86690 00012C (v04 ALASKA A M I    01072009 AMI  00010013)
[    0.017498] ACPI: FPDT 0x000000007BA867C0 000044 (v01 ALASKA A M I    01072009 AMI  00010013)
[    0.017501] ACPI: FIDT 0x000000007BA86808 00009C (v01 ALASKA A M I    01072009 AMI  00010013)
[    0.017504] ACPI: MCFG 0x000000007BA868A8 00003C (v01 ALASKA A M I    01072009 MSFT 00000097)
[    0.017507] ACPI: SSDT 0x000000007BA868E8 001B60 (v02 CpuRef CpuSsdt  00003000 INTL 20160527)
[    0.017510] ACPI: SSDT 0x000000007BA88448 0031C6 (v02 SaSsdt SaSsdt   00003000 INTL 20160527)
[    0.017513] ACPI: SSDT 0x000000007BA8B610 002710 (v02 PegSsd PegSsdt  00001000 INTL 20160527)
[    0.017516] ACPI: HPET 0x000000007BA8DD20 000038 (v01 ALASKA A M I    00000002      01000013)
[    0.017519] ACPI: SSDT 0x000000007BA8DD58 001CD5 (v02 ALASKA CflS_Rvp 00001000 INTL 20160527)
[    0.017522] ACPI: SSDT 0x000000007BA8FA30 000FAE (v02 ALASKA Ther_Rvp 00001000 INTL 20160527)
[    0.017525] ACPI: SSDT 0x000000007BA909E0 002FCE (v02 INTEL  xh_cfsd4 00000000 INTL 20160527)
[    0.017528] ACPI: UEFI 0x000000007BA939B0 000042 (v01 ALASKA A M I    00000002      01000013)
[    0.017531] ACPI: LPIT 0x000000007BA939F8 000094 (v01 ALASKA A M I    00000002      01000013)
[    0.017534] ACPI: SSDT 0x000000007BA93A90 0027DE (v02 ALASKA PtidDevc 00001000 INTL 20160527)
[    0.017536] ACPI: SSDT 0x000000007BA96270 0014E2 (v02 ALASKA TbtTypeC 00000000 INTL 20160527)
[    0.017540] ACPI: DBGP 0x000000007BA97758 000034 (v01 ALASKA A M I    00000002      01000013)
[    0.017542] ACPI: DBG2 0x000000007BA97790 000054 (v00 ALASKA A M I    00000002      01000013)
[    0.017545] ACPI: SSDT 0x000000007BA977E8 001B67 (v02 ALASKA UsbCTabl 00001000 INTL 20160527)
[    0.017548] ACPI: DMAR 0x000000007BA99350 0000C8 (v01 INTEL  EDK2     00000002      01000013)
[    0.017551] ACPI: SSDT 0x000000007BA99418 000144 (v02 Intel  ADebTabl 00001000 INTL 20160527)
[    0.017554] ACPI: TPM2 0x000000007BA99560 000034 (v04 ALASKA A M I    00000001 AMI  00000000)
[    0.017557] ACPI: ASF! 0x000000007BA99598 000074 (v32 ALASKA A M I    00000002      01000013)
[    0.017560] ACPI: WSMT 0x000000007BA99610 000028 (v01 ALASKA A M I    01072009 AMI  00010013)
[    0.017562] ACPI: Reserving FACP table memory at [mem 0x7ba86578-0x7ba8668b]
[    0.017564] ACPI: Reserving DSDT table memory at [mem 0x7ba49230-0x7ba86571]
[    0.017565] ACPI: Reserving FACS table memory at [mem 0x7bb66080-0x7bb660bf]
[    0.017566] ACPI: Reserving APIC table memory at [mem 0x7ba86690-0x7ba867bb]
[    0.017567] ACPI: Reserving FPDT table memory at [mem 0x7ba867c0-0x7ba86803]
[    0.017568] ACPI: Reserving FIDT table memory at [mem 0x7ba86808-0x7ba868a3]
[    0.017568] ACPI: Reserving MCFG table memory at [mem 0x7ba868a8-0x7ba868e3]
[    0.017569] ACPI: Reserving SSDT table memory at [mem 0x7ba868e8-0x7ba88447]
[    0.017570] ACPI: Reserving SSDT table memory at [mem 0x7ba88448-0x7ba8b60d]
[    0.017571] ACPI: Reserving SSDT table memory at [mem 0x7ba8b610-0x7ba8dd1f]
[    0.017572] ACPI: Reserving HPET table memory at [mem 0x7ba8dd20-0x7ba8dd57]
[    0.017573] ACPI: Reserving SSDT table memory at [mem 0x7ba8dd58-0x7ba8fa2c]
[    0.017574] ACPI: Reserving SSDT table memory at [mem 0x7ba8fa30-0x7ba909dd]
[    0.017575] ACPI: Reserving SSDT table memory at [mem 0x7ba909e0-0x7ba939ad]
[    0.017576] ACPI: Reserving UEFI table memory at [mem 0x7ba939b0-0x7ba939f1]
[    0.017577] ACPI: Reserving LPIT table memory at [mem 0x7ba939f8-0x7ba93a8b]
[    0.017578] ACPI: Reserving SSDT table memory at [mem 0x7ba93a90-0x7ba9626d]
[    0.017579] ACPI: Reserving SSDT table memory at [mem 0x7ba96270-0x7ba97751]
[    0.017580] ACPI: Reserving DBGP table memory at [mem 0x7ba97758-0x7ba9778b]
[    0.017581] ACPI: Reserving DBG2 table memory at [mem 0x7ba97790-0x7ba977e3]
[    0.017582] ACPI: Reserving SSDT table memory at [mem 0x7ba977e8-0x7ba9934e]
[    0.017583] ACPI: Reserving DMAR table memory at [mem 0x7ba99350-0x7ba99417]
[    0.017584] ACPI: Reserving SSDT table memory at [mem 0x7ba99418-0x7ba9955b]
[    0.017586] ACPI: Reserving TPM2 table memory at [mem 0x7ba99560-0x7ba99593]
[    0.017587] ACPI: Reserving ASF! table memory at [mem 0x7ba99598-0x7ba9960b]
[    0.017588] ACPI: Reserving WSMT table memory at [mem 0x7ba99610-0x7ba99637]
[    0.017915] No NUMA configuration found
[    0.017915] Faking a node at [mem 0x0000000000000000-0x000000107bffffff]
[    0.017925] NODE_DATA(0) allocated [mem 0x107bfd6000-0x107bffffff]
[    0.018210] Zone ranges:
[    0.018211]   DMA      [mem 0x0000000000001000-0x0000000000ffffff]
[    0.018213]   DMA32    [mem 0x0000000001000000-0x00000000ffffffff]
[    0.018215]   Normal   [mem 0x0000000100000000-0x000000107bffffff]
[    0.018216]   Device   empty
[    0.018217] Movable zone start for each node
[    0.018219] Early memory node ranges
[    0.018220]   node   0: [mem 0x0000000000001000-0x000000000009efff]
[    0.018221]   node   0: [mem 0x0000000000100000-0x000000007a7e7fff]
[    0.018222]   node   0: [mem 0x000000007cc0f000-0x000000007cc0ffff]
[    0.018223]   node   0: [mem 0x0000000100000000-0x000000107bffffff]
[    0.018230] Initmem setup node 0 [mem 0x0000000000001000-0x000000107bffffff]
[    0.018234] On node 0, zone DMA: 1 pages in unavailable ranges
[    0.018251] On node 0, zone DMA: 97 pages in unavailable ranges
[    0.020397] On node 0, zone DMA32: 9255 pages in unavailable ranges
[    0.087278] On node 0, zone Normal: 13296 pages in unavailable ranges
[    0.087490] On node 0, zone Normal: 16384 pages in unavailable ranges
[    0.087785] ACPI: PM-Timer IO Port: 0x1808
[    0.087792] ACPI: LAPIC_NMI (acpi_id[0x01] high edge lint[0x1])
[    0.087794] ACPI: LAPIC_NMI (acpi_id[0x02] high edge lint[0x1])
[    0.087795] ACPI: LAPIC_NMI (acpi_id[0x03] high edge lint[0x1])
[    0.087796] ACPI: LAPIC_NMI (acpi_id[0x04] high edge lint[0x1])
[    0.087796] ACPI: LAPIC_NMI (acpi_id[0x05] high edge lint[0x1])
[    0.087797] ACPI: LAPIC_NMI (acpi_id[0x06] high edge lint[0x1])
[    0.087798] ACPI: LAPIC_NMI (acpi_id[0x07] high edge lint[0x1])
[    0.087799] ACPI: LAPIC_NMI (acpi_id[0x08] high edge lint[0x1])
[    0.087800] ACPI: LAPIC_NMI (acpi_id[0x09] high edge lint[0x1])
[    0.087800] ACPI: LAPIC_NMI (acpi_id[0x0a] high edge lint[0x1])
[    0.087801] ACPI: LAPIC_NMI (acpi_id[0x0b] high edge lint[0x1])
[    0.087802] ACPI: LAPIC_NMI (acpi_id[0x0c] high edge lint[0x1])
[    0.087803] ACPI: LAPIC_NMI (acpi_id[0x0d] high edge lint[0x1])
[    0.087804] ACPI: LAPIC_NMI (acpi_id[0x0e] high edge lint[0x1])
[    0.087804] ACPI: LAPIC_NMI (acpi_id[0x0f] high edge lint[0x1])
[    0.087805] ACPI: LAPIC_NMI (acpi_id[0x10] high edge lint[0x1])
[    0.087839] IOAPIC[0]: apic_id 2, version 32, address 0xfec00000, GSI 0-119
[    0.087842] ACPI: INT_SRC_OVR (bus 0 bus_irq 0 global_irq 2 dfl dfl)
[    0.087843] ACPI: INT_SRC_OVR (bus 0 bus_irq 9 global_irq 9 high level)
[    0.087847] ACPI: Using ACPI (MADT) for SMP configuration information
[    0.087848] ACPI: HPET id: 0x8086a201 base: 0xfed00000
[    0.087851] TSC deadline timer available
[    0.087852] smpboot: Allowing 16 CPUs, 0 hotplug CPUs
[    0.087868] PM: hibernation: Registered nosave memory: [mem 0x00000000-0x00000fff]
[    0.087870] PM: hibernation: Registered nosave memory: [mem 0x0009f000-0x000fffff]
[    0.087872] PM: hibernation: Registered nosave memory: [mem 0x77286000-0x77286fff]
[    0.087873] PM: hibernation: Registered nosave memory: [mem 0x7a7e8000-0x7cc0efff]
[    0.087875] PM: hibernation: Registered nosave memory: [mem 0x7cc10000-0xffffffff]
[    0.087877] [mem 0x80000000-0xdfffffff] available for PCI devices
[    0.087878] Booting paravirtualized kernel on bare hardware
[    0.087880] clocksource: refined-jiffies: mask: 0xffffffff max_cycles: 0xffffffff, max_idle_ns: 7645519600211568 ns
[    0.087887] setup_percpu: NR_CPUS:8192 nr_cpumask_bits:16 nr_cpu_ids:16 nr_node_ids:1
[    0.088173] percpu: Embedded 62 pages/cpu s217088 r8192 d28672 u262144
[    0.088180] pcpu-alloc: s217088 r8192 d28672 u262144 alloc=1*2097152
[    0.088182] pcpu-alloc: [0] 00 01 02 03 04 05 06 07 [0] 08 09 10 11 12 13 14 15 
[    0.088214] Built 1 zonelists, mobility grouping on.  Total pages: 16476489
[    0.088216] Policy zone: Normal
[    0.088217] Kernel command line: BOOT_IMAGE=/boot/vmlinuz-5.15.0-161-generic root=UUID=60880869-b24a-4812-a662-cba892c8c40b ro quiet splash usbcore.autosuspend=-1 vt.handoff=7
[    0.088540] Unknown kernel command line parameters "splash BOOT_IMAGE=/boot/vmlinuz-5.15.0-161-generic", will be passed to user space.
[    0.091125] Dentry cache hash table entries: 8388608 (order: 14, 67108864 bytes, linear)
[    0.092428] Inode-cache hash table entries: 4194304 (order: 13, 33554432 bytes, linear)
[    0.092612] mem auto-init: stack:off, heap alloc:on, heap free:off
[    0.209191] Memory: 65503216K/66952732K available (16394K kernel code, 4393K rwdata, 10896K rodata, 3288K init, 18784K bss, 1449256K reserved, 0K cma-reserved)
[    0.209319] SLUB: HWalign=64, Order=0-3, MinObjects=0, CPUs=16, Nodes=1
[    0.209341] ftrace: allocating 50372 entries in 197 pages
[    0.233087] ftrace: allocated 197 pages with 4 groups
[    0.233197] rcu: Hierarchical RCU implementation.
[    0.233198] rcu: 	RCU restricting CPUs from NR_CPUS=8192 to nr_cpu_ids=16.
[    0.233199] 	Rude variant of Tasks RCU enabled.
[    0.233200] 	Tracing variant of Tasks RCU enabled.
[    0.233201] rcu: RCU calculated value of scheduler-enlistment delay is 25 jiffies.
[    0.233202] rcu: Adjusting geometry for rcu_fanout_leaf=16, nr_cpu_ids=16
[    0.237509] NR_IRQS: 524544, nr_irqs: 2184, preallocated irqs: 16
[    0.237946] Console: colour dummy device 80x25
[    0.237961] printk: console [tty0] enabled
[    0.237979] ACPI: Core revision 20210730
[    0.238172] hpet: HPET dysfunctional in PC10. Force disabled.
[    0.238211] APIC: Switch to symmetric I/O mode setup
[    0.238212] DMAR: Host address width 39
[    0.238213] DMAR: DRHD base: 0x000000fed90000 flags: 0x0
[    0.238218] DMAR: dmar0: reg_base_addr fed90000 ver 1:0 cap 1c0000c40660462 ecap 19e2ff0505e
[    0.238220] DMAR: DRHD base: 0x000000fed91000 flags: 0x1
[    0.238223] DMAR: dmar1: reg_base_addr fed91000 ver 1:0 cap d2008c40660462 ecap f050da
[    0.238225] DMAR: RMRR base: 0x0000007c62b000 end: 0x0000007c874fff
[    0.238226] DMAR: RMRR base: 0x0000007d800000 end: 0x0000007fffffff
[    0.238227] DMAR: RMRR base: 0x0000007b8ec000 end: 0x0000007b96bfff
[    0.238229] DMAR-IR: IOAPIC id 2 under DRHD base  0xfed91000 IOMMU 1
[    0.238230] DMAR-IR: HPET id 0 under DRHD base 0xfed91000
[    0.238232] DMAR-IR: Queued invalidation will be enabled to support x2apic and Intr-remapping.
[    0.240082] DMAR-IR: Enabled IRQ remapping in x2apic mode
[    0.240084] x2apic enabled
[    0.240107] Switched APIC routing to cluster x2apic.
[    0.244594] clocksource: tsc-early: mask: 0xffffffffffffffff max_cycles: 0x3101f59f5e6, max_idle_ns: 440795259996 ns
[    0.244600] Calibrating delay loop (skipped), value calculated using timer frequency.. 6799.81 BogoMIPS (lpj=13599624)
[    0.244617] x86/cpu: SGX disabled by BIOS.
[    0.244624] CPU0: Thermal monitoring enabled (TM1)
[    0.244679] process: using mwait in idle threads
[    0.244682] Last level iTLB entries: 4KB 64, 2MB 8, 4MB 8
[    0.244683] Last level dTLB entries: 4KB 64, 2MB 32, 4MB 32, 1GB 4
[    0.244687] Spectre V1 : Mitigation: usercopy/swapgs barriers and __user pointer sanitization
[    0.244689] Spectre V2 : Spectre BHI mitigation: SW BHB clearing on vm exit
[    0.244689] Spectre V2 : Spectre BHI mitigation: SW BHB clearing on syscall
[    0.244690] Spectre V2 : Mitigation: Enhanced / Automatic IBRS
[    0.244691] Spectre V2 : Spectre v2 / PBRSB-eIBRS: Retire a single CALL on VMEXIT
[    0.244691] RETBleed: Mitigation: Enhanced IBRS
[    0.244693] Spectre V2 : mitigation: Enabling conditional Indirect Branch Prediction Barrier
[    0.244694] Speculative Store Bypass: Mitigation: Speculative Store Bypass disabled via prctl and seccomp
[    0.244697] TAA: Mitigation: TSX disabled
[    0.244698] MMIO Stale Data: Mitigation: Clear CPU buffers
[    0.244701] SRBDS: Mitigation: Microcode
[    0.244705] GDS: Mitigation: Microcode
[    0.244705] ITS: Mitigation: Aligned branch/return thunks
[    0.244706] VMSCAPE: Mitigation: IBPB before exit to userspace
[    0.244714] x86/fpu: Supporting XSAVE feature 0x001: 'x87 floating point registers'
[    0.244715] x86/fpu: Supporting XSAVE feature 0x002: 'SSE registers'
[    0.244716] x86/fpu: Supporting XSAVE feature 0x004: 'AVX registers'
[    0.244716] x86/fpu: Supporting XSAVE feature 0x008: 'MPX bounds registers'
[    0.244717] x86/fpu: Supporting XSAVE feature 0x010: 'MPX CSR'
[    0.244719] x86/fpu: xstate_offset[2]:  576, xstate_sizes[2]:  256
[    0.244720] x86/fpu: xstate_offset[3]:  832, xstate_sizes[3]:   64
[    0.244721] x86/fpu: xstate_offset[4]:  896, xstate_sizes[4]:   64
[    0.244722] x86/fpu: Enabled xstate features 0x1f, context size is 960 bytes, using 'compacted' format.
[    0.248597] Freeing SMP alternatives memory: 44K
[    0.248597] pid_max: default: 32768 minimum: 301
[    0.248597] LSM: Security Framework initializing
[    0.248597] landlock: Up and running.
[    0.248597] Yama: becoming mindful.
[    0.248597] AppArmor: AppArmor initialized
[    0.248597] Mount-cache hash table entries: 131072 (order: 8, 1048576 bytes, linear)
[    0.248597] Mountpoint-cache hash table entries: 131072 (order: 8, 1048576 bytes, linear)
[    0.248597] smpboot: Estimated ratio of average max frequency by base frequency (times 1024): 1445
[    0.248597] smpboot: CPU0: Intel(R) Xeon(R) E-2278G CPU @ 3.40GHz (family: 0x6, model: 0x9e, stepping: 0xd)
[    0.248597] Performance Events: PEBS fmt3+, Skylake events, 32-deep LBR, full-width counters, Intel PMU driver.
[    0.248597] ... version:                4
[    0.248597] ... bit width:              48
[    0.248597] ... generic registers:      4
[    0.248597] ... value mask:             0000ffffffffffff
[    0.248597] ... max period:             00007fffffffffff
[    0.248597] ... fixed-purpose events:   3
[    0.248597] ... event mask:             000000070000000f
[    0.248597] signal: max sigframe size: 2032
[    0.248597] rcu: Hierarchical SRCU implementation.
[    0.248597] NMI watchdog: Enabled. Permanently consumes one hw-PMU counter.
[    0.248597] smp: Bringing up secondary CPUs ...
[    0.248597] x86: Booting SMP configuration:
[    0.248597] .... node  #0, CPUs:        #1  #2  #3  #4  #5  #6  #7  #8
[    0.262288] MMIO Stale Data CPU bug present and SMT on, data leak possible. See https://www.kernel.org/doc/html/latest/admin-guide/hw-vuln/processor_mmio_stale_data.html for more details.
[    0.262288]   #9 #10 #11 #12 #13 #14 #15
[    0.265175] smp: Brought up 1 node, 16 CPUs
[    0.265175] smpboot: Max logical packages: 1
[    0.265175] smpboot: Total of 16 processors activated (108796.99 BogoMIPS)
[    0.270892] devtmpfs: initialized
[    0.270892] x86/mm: Memory block size: 2048MB
[    0.270892] ACPI: PM: Registering ACPI NVS region [mem 0x7b9ea000-0x7bb66fff] (1560576 bytes)
[    0.270892] clocksource: jiffies: mask: 0xffffffff max_cycles: 0xffffffff, max_idle_ns: 7645041785100000 ns
[    0.270892] futex hash table entries: 4096 (order: 6, 262144 bytes, linear)
[    0.270892] pinctrl core: initialized pinctrl subsystem
[    0.270892] PM: RTC time: 04:49:46, date: 2025-11-04
[    0.270892] NET: Registered PF_NETLINK/PF_ROUTE protocol family
[    0.270892] DMA: preallocated 4096 KiB GFP_KERNEL pool for atomic allocations
[    0.270892] DMA: preallocated 4096 KiB GFP_KERNEL|GFP_DMA pool for atomic allocations
[    0.270892] DMA: preallocated 4096 KiB GFP_KERNEL|GFP_DMA32 pool for atomic allocations
[    0.270892] audit: initializing netlink subsys (disabled)
[    0.270892] audit: type=2000 audit(1762231786.024:1): state=initialized audit_enabled=0 res=1
[    0.272622] thermal_sys: Registered thermal governor 'fair_share'
[    0.272623] thermal_sys: Registered thermal governor 'bang_bang'
[    0.272624] thermal_sys: Registered thermal governor 'step_wise'
[    0.272624] thermal_sys: Registered thermal governor 'user_space'
[    0.272625] thermal_sys: Registered thermal governor 'power_allocator'
[    0.272632] cpuidle: using governor ladder
[    0.272635] cpuidle: using governor menu
[    0.272666] ACPI: bus type PCI registered
[    0.272666] acpiphp: ACPI Hot Plug PCI Controller Driver version: 0.5
[    0.272688] PCI: MMCONFIG for domain 0000 [bus 00-ff] at [mem 0xe0000000-0xefffffff] (base 0xe0000000)
[    0.272691] PCI: MMCONFIG at [mem 0xe0000000-0xefffffff] reserved in E820
[    0.272706] PCI: Using configuration type 1 for base access
[    0.273105] ENERGY_PERF_BIAS: Set to 'normal', was 'performance'
[    0.273615] kprobes: kprobe jump-optimization is enabled. All kprobes are optimized if possible.
[    0.273618] HugeTLB registered 1.00 GiB page size, pre-allocated 0 pages
[    0.273618] HugeTLB registered 2.00 MiB page size, pre-allocated 0 pages
[    0.273618] fbcon: Taking over console
[    0.273618] ACPI: Added _OSI(Module Device)
[    0.273618] ACPI: Added _OSI(Processor Device)
[    0.273618] ACPI: Added _OSI(Processor Aggregator Device)
[    0.273618] ACPI: Added _OSI(Linux-Dell-Video)
[    0.273618] ACPI: Added _OSI(Linux-Lenovo-NV-HDMI-Audio)
[    0.273618] ACPI: Added _OSI(Linux-HPI-Hybrid-Graphics)
[    0.343012] ACPI: 11 ACPI AML tables successfully acquired and loaded
[    0.350334] ACPI: Dynamic OEM Table Load:
[    0.350340] ACPI: SSDT 0xFFFF9902C0226F00 0000F4 (v02 PmRef  Cpu0Psd  00003000 INTL 20160527)
[    0.351297] ACPI: \_SB_.PR00: _OSC native thermal LVT Acked
[    0.353031] ACPI: Dynamic OEM Table Load:
[    0.353036] ACPI: SSDT 0xFFFF9902C1B93400 000400 (v02 PmRef  Cpu0Cst  00003001 INTL 20160527)
[    0.354076] ACPI: Dynamic OEM Table Load:
[    0.354081] ACPI: SSDT 0xFFFF9902C1BA3800 000689 (v02 PmRef  Cpu0Ist  00003000 INTL 20160527)
[    0.355224] ACPI: Dynamic OEM Table Load:
[    0.355228] ACPI: SSDT 0xFFFF9902C02C0600 000149 (v02 PmRef  Cpu0Hwp  00003000 INTL 20160527)
[    0.356181] ACPI: Dynamic OEM Table Load:
[    0.356185] ACPI: SSDT 0xFFFF9902C1BA6000 000724 (v02 PmRef  HwpLvt   00003000 INTL 20160527)
[    0.357378] ACPI: Dynamic OEM Table Load:
[    0.357383] ACPI: SSDT 0xFFFF9902C1BA1800 0005FC (v02 PmRef  ApIst    00003000 INTL 20160527)
[    0.358486] ACPI: Dynamic OEM Table Load:
[    0.358490] ACPI: SSDT 0xFFFF9902C1B97400 000317 (v02 PmRef  ApHwp    00003000 INTL 20160527)
[    0.359580] ACPI: Dynamic OEM Table Load:
[    0.359585] ACPI: SSDT 0xFFFF9902C018B000 000AB0 (v02 PmRef  ApPsd    00003000 INTL 20160527)
[    0.361194] ACPI: Dynamic OEM Table Load:
[    0.361199] ACPI: SSDT 0xFFFF9902C1B92800 00030A (v02 PmRef  ApCst    00003000 INTL 20160527)
[    0.369325] ACPI: Interpreter enabled
[    0.369359] ACPI: PM: (supports S0 S3 S4 S5)
[    0.369361] ACPI: Using IOAPIC for interrupt routing
[    0.369394] PCI: Using host bridge windows from ACPI; if necessary, use "pci=nocrs" and report a bug
[    0.369395] PCI: Using E820 reservations for host bridge windows
[    0.370739] ACPI: Enabled 9 GPEs in block 00 to 7F
[    0.386874] ACPI: PM: Power Resource [USBC]
[    0.387022] ACPI: PM: Power Resource [PAUD]
[    0.389599] ACPI: PM: Power Resource [SPR5]
[    0.389808] ACPI: PM: Power Resource [V0PR]
[    0.390190] ACPI: PM: Power Resource [V1PR]
[    0.390567] ACPI: PM: Power Resource [V2PR]
[    0.393222] ACPI: PM: Power Resource [PXTC]
[    0.396407] ACPI: PM: Power Resource [WRST]
[    0.399236] ACPI: PM: Power Resource [FN00]
[    0.399307] ACPI: PM: Power Resource [FN01]
[    0.399372] ACPI: PM: Power Resource [FN02]
[    0.399436] ACPI: PM: Power Resource [FN03]
[    0.399500] ACPI: PM: Power Resource [FN04]
[    0.400026] ACPI: PM: Power Resource [PIN]
[    0.400129] ACPI: PM: Power Resource [SPR0]
[    0.400143] ACPI: PM: Power Resource [SPR1]
[    0.400156] ACPI: PM: Power Resource [SPR2]
[    0.400172] ACPI: PM: Power Resource [SPR3]
[    0.400186] ACPI: PM: Power Resource [ZPDR]
[    0.400470] ACPI: PCI Root Bridge [PCI0] (domain 0000 [bus 00-fe])
[    0.400477] acpi PNP0A08:00: _OSC: OS supports [ExtendedConfig ASPM ClockPM Segments MSI EDR HPX-Type3]
[    0.402444] acpi PNP0A08:00: _OSC: OS now controls [PCIeHotplug SHPCHotplug PME AER PCIeCapability LTR DPC]
[    0.403196] PCI host bridge to bus 0000:00
[    0.403198] pci_bus 0000:00: root bus resource [io  0x0000-0x0cf7 window]
[    0.403200] pci_bus 0000:00: root bus resource [io  0x0d00-0xffff window]
[    0.403201] pci_bus 0000:00: root bus resource [mem 0x000a0000-0x000bffff window]
[    0.403203] pci_bus 0000:00: root bus resource [mem 0x000e0000-0x000fffff window]
[    0.403204] pci_bus 0000:00: root bus resource [mem 0x80000000-0xdfffffff window]
[    0.403205] pci_bus 0000:00: root bus resource [mem 0xfc800000-0xfe7fffff window]
[    0.403206] pci_bus 0000:00: root bus resource [bus 00-fe]
[    0.403339] pci 0000:00:00.0: [8086:3e31] type 00 class 0x060000
[    0.403619] pci 0000:00:01.0: [8086:1901] type 01 class 0x060400
[    0.403653] pci 0000:00:01.0: PME# supported from D0 D3hot D3cold
[    0.404247] pci 0000:00:02.0: [8086:3e9a] type 00 class 0x038000
[    0.404260] pci 0000:00:02.0: reg 0x10: [mem 0xa7000000-0xa7ffffff 64bit]
[    0.404262] pci 0000:00:02.0: reg 0x18: [mem 0x80000000-0x8fffffff 64bit pref]
[    0.404264] pci 0000:00:02.0: reg 0x20: [io  0xb000-0xb03f]
[    0.404481] pci 0000:00:08.0: [8086:1911] type 00 class 0x088000
[    0.404494] pci 0000:00:08.0: reg 0x10: [mem 0xad83f000-0xad83ffff 64bit]
[    0.404694] pci 0000:00:12.0: [8086:a379] type 00 class 0x118000
[    0.404731] pci 0000:00:12.0: reg 0x10: [mem 0xad83e000-0xad83efff 64bit]
[    0.405001] pci 0000:00:14.0: [8086:a36d] type 00 class 0x0c0330
[    0.405031] pci 0000:00:14.0: reg 0x10: [mem 0xad820000-0xad82ffff 64bit]
[    0.405063] pci 0000:00:14.0: PME# supported from D3hot D3cold
[    0.406704] pci 0000:00:14.2: [8086:a36f] type 00 class 0x050000
[    0.406740] pci 0000:00:14.2: reg 0x10: [mem 0xad836000-0xad837fff 64bit]
[    0.406744] pci 0000:00:14.2: reg 0x18: [mem 0xad83d000-0xad83dfff 64bit]
[    0.406992] pci 0000:00:16.0: [8086:a360] type 00 class 0x078000
[    0.407036] pci 0000:00:16.0: reg 0x10: [mem 0xad83c000-0xad83cfff 64bit]
[    0.407083] pci 0000:00:16.0: PME# supported from D3hot
[    0.407587] pci 0000:00:16.3: [8086:a363] type 00 class 0x070002
[    0.407616] pci 0000:00:16.3: reg 0x10: [io  0xb0a0-0xb0a7]
[    0.407619] pci 0000:00:16.3: reg 0x14: [mem 0xad83b000-0xad83bfff]
[    0.407864] pci 0000:00:17.0: [8086:a352] type 00 class 0x010601
[    0.407893] pci 0000:00:17.0: reg 0x10: [mem 0xad834000-0xad835fff]
[    0.407895] pci 0000:00:17.0: reg 0x14: [mem 0xad83a000-0xad83a0ff]
[    0.407897] pci 0000:00:17.0: reg 0x18: [io  0xb090-0xb097]
[    0.407899] pci 0000:00:17.0: reg 0x1c: [io  0xb080-0xb083]
[    0.407900] pci 0000:00:17.0: reg 0x20: [io  0xb060-0xb07f]
[    0.407902] pci 0000:00:17.0: reg 0x24: [mem 0xad839000-0xad8397ff]
[    0.407932] pci 0000:00:17.0: PME# supported from D3hot
[    0.408384] pci 0000:00:1b.0: [8086:a32c] type 01 class 0x060400
[    0.408465] pci 0000:00:1b.0: PME# supported from D0 D3hot D3cold
[    0.408491] pci 0000:00:1b.0: PTM enabled (root), 4ns granularity
[    0.409289] pci 0000:00:1b.6: [8086:a32e] type 01 class 0x060400
[    0.409370] pci 0000:00:1b.6: PME# supported from D0 D3hot D3cold
[    0.409395] pci 0000:00:1b.6: PTM enabled (root), 4ns granularity
[    0.410164] pci 0000:00:1c.0: [8086:a338] type 01 class 0x060400
[    0.410237] pci 0000:00:1c.0: PME# supported from D0 D3hot D3cold
[    0.410260] pci 0000:00:1c.0: PTM enabled (root), 4ns granularity
[    0.411041] pci 0000:00:1c.4: [8086:a33c] type 01 class 0x060400
[    0.411113] pci 0000:00:1c.4: PME# supported from D0 D3hot D3cold
[    0.411136] pci 0000:00:1c.4: PTM enabled (root), 4ns granularity
[    0.411913] pci 0000:00:1d.0: [8086:a330] type 01 class 0x060400
[    0.411993] pci 0000:00:1d.0: PME# supported from D0 D3hot D3cold
[    0.412019] pci 0000:00:1d.0: PTM enabled (root), 4ns granularity
[    0.412791] pci 0000:00:1d.5: [8086:a335] type 01 class 0x060400
[    0.412863] pci 0000:00:1d.5: PME# supported from D0 D3hot D3cold
[    0.412886] pci 0000:00:1d.5: PTM enabled (root), 4ns granularity
[    0.413650] pci 0000:00:1d.6: [8086:a336] type 01 class 0x060400
[    0.413722] pci 0000:00:1d.6: PME# supported from D0 D3hot D3cold
[    0.413745] pci 0000:00:1d.6: PTM enabled (root), 4ns granularity
[    0.414509] pci 0000:00:1f.0: [8086:a309] type 00 class 0x060100
[    0.414980] pci 0000:00:1f.3: [8086:a348] type 00 class 0x040300
[    0.415051] pci 0000:00:1f.3: reg 0x10: [mem 0xad830000-0xad833fff 64bit]
[    0.415062] pci 0000:00:1f.3: reg 0x20: [mem 0xa9100000-0xa91fffff 64bit]
[    0.415129] pci 0000:00:1f.3: PME# supported from D3hot D3cold
[    0.418410] pci 0000:00:1f.4: [8086:a323] type 00 class 0x0c0500
[    0.418451] pci 0000:00:1f.4: reg 0x10: [mem 0xad838000-0xad8380ff 64bit]
[    0.418463] pci 0000:00:1f.4: reg 0x20: [io  0xefa0-0xefbf]
[    0.418767] pci 0000:00:1f.5: [8086:a324] type 00 class 0x0c8000
[    0.418806] pci 0000:00:1f.5: reg 0x10: [mem 0xfe010000-0xfe010fff]
[    0.419026] pci 0000:00:1f.6: [8086:15bb] type 00 class 0x020000
[    0.419101] pci 0000:00:1f.6: reg 0x10: [mem 0xad800000-0xad81ffff]
[    0.419172] pci 0000:00:1f.6: PME# supported from D0 D3hot D3cold
[    0.419287] pci 0000:01:00.0: [10de:2216] type 00 class 0x030000
[    0.419341] pci 0000:01:00.0: reg 0x10: [mem 0xa8000000-0xa8ffffff]
[    0.419345] pci 0000:01:00.0: reg 0x14: [mem 0x90000000-0x9fffffff 64bit pref]
[    0.419349] pci 0000:01:00.0: reg 0x1c: [mem 0xa0000000-0xa1ffffff 64bit pref]
[    0.419351] pci 0000:01:00.0: reg 0x24: [io  0xa000-0xa07f]
[    0.419353] pci 0000:01:00.0: reg 0x30: [mem 0xa9000000-0xa907ffff pref]
[    0.419381] pci 0000:01:00.0: Video device with shadowed ROM at [mem 0x000c0000-0x000dffff]
[    0.419437] pci 0000:01:00.0: PME# supported from D0 D3hot
[    0.419489] pci 0000:01:00.0: 126.016 Gb/s available PCIe bandwidth, limited by 8.0 GT/s PCIe x16 link at 0000:00:01.0 (capable of 252.048 Gb/s with 16.0 GT/s PCIe x16 link)
[    0.419556] pci 0000:01:00.1: [10de:1aef] type 00 class 0x040300
[    0.419607] pci 0000:01:00.1: reg 0x10: [mem 0xa9080000-0xa9083fff]
[    0.419763] pci 0000:00:01.0: PCI bridge to [bus 01]
[    0.419766] pci 0000:00:01.0:   bridge window [io  0xa000-0xafff]
[    0.419768] pci 0000:00:01.0:   bridge window [mem 0xa8000000-0xa90fffff]
[    0.419770] pci 0000:00:01.0:   bridge window [mem 0x90000000-0xa1ffffff 64bit pref]
[    0.419840] pci 0000:00:1b.0: PCI bridge to [bus 02]
[    0.419843] pci 0000:00:1b.0:   bridge window [io  0x9000-0x9fff]
[    0.419845] pci 0000:00:1b.0:   bridge window [mem 0xace00000-0xad7fffff]
[    0.419849] pci 0000:00:1b.0:   bridge window [mem 0xa5d00000-0xa66fffff 64bit pref]
[    0.419912] pci 0000:00:1b.6: PCI bridge to [bus 03]
[    0.419915] pci 0000:00:1b.6:   bridge window [io  0x8000-0x8fff]
[    0.419918] pci 0000:00:1b.6:   bridge window [mem 0xac400000-0xacdfffff]
[    0.419921] pci 0000:00:1b.6:   bridge window [mem 0xa5300000-0xa5cfffff 64bit pref]
[    0.419995] pci 0000:04:00.0: [1106:3483] type 00 class 0x0c0330
[    0.420038] pci 0000:04:00.0: reg 0x10: [mem 0xaba00000-0xaba00fff 64bit]
[    0.420094] pci 0000:04:00.0: PME# supported from D0 D1 D2 D3hot D3cold
[    0.420176] pci 0000:00:1c.0: PCI bridge to [bus 04]
[    0.420178] pci 0000:00:1c.0:   bridge window [io  0x7000-0x7fff]
[    0.420180] pci 0000:00:1c.0:   bridge window [mem 0xaba00000-0xac3fffff]
[    0.420184] pci 0000:00:1c.0:   bridge window [mem 0xa4900000-0xa52fffff 64bit pref]
[    0.420265] pci 0000:05:00.0: [144d:a809] type 00 class 0x010802
[    0.420307] pci 0000:05:00.0: reg 0x10: [mem 0xab000000-0xab003fff 64bit]
[    0.420504] pci 0000:00:1c.4: PCI bridge to [bus 05]
[    0.420506] pci 0000:00:1c.4:   bridge window [io  0x6000-0x6fff]
[    0.420509] pci 0000:00:1c.4:   bridge window [mem 0xab000000-0xab9fffff]
[    0.420512] pci 0000:00:1c.4:   bridge window [mem 0xa3f00000-0xa48fffff 64bit pref]
[    0.420575] pci 0000:00:1d.0: PCI bridge to [bus 06]
[    0.420577] pci 0000:00:1d.0:   bridge window [io  0x5000-0x5fff]
[    0.420580] pci 0000:00:1d.0:   bridge window [mem 0xaa600000-0xaaffffff]
[    0.420584] pci 0000:00:1d.0:   bridge window [mem 0xa3500000-0xa3efffff 64bit pref]
[    0.420677] pci 0000:07:00.0: working around ROM BAR overlap defect
[    0.420678] pci 0000:07:00.0: [8086:1533] type 00 class 0x020000
[    0.420742] pci 0000:07:00.0: reg 0x10: [mem 0xa9d00000-0xa9dfffff]
[    0.420747] pci 0000:07:00.0: reg 0x18: [io  0x4000-0x401f]
[    0.420750] pci 0000:07:00.0: reg 0x1c: [mem 0xa9e00000-0xa9e03fff]
[    0.420756] pci 0000:07:00.0: reg 0x30: [mem 0xa9c00000-0xa9cfffff pref]
[    0.420856] pci 0000:07:00.0: PME# supported from D0 D3hot D3cold
[    0.420987] pci 0000:00:1d.5: PCI bridge to [bus 07]
[    0.420990] pci 0000:00:1d.5:   bridge window [io  0x4000-0x4fff]
[    0.420992] pci 0000:00:1d.5:   bridge window [mem 0xa9c00000-0xaa5fffff]
[    0.420996] pci 0000:00:1d.5:   bridge window [mem 0xa2b00000-0xa34fffff 64bit pref]
[    0.421055] pci 0000:00:1d.6: PCI bridge to [bus 08]
[    0.421058] pci 0000:00:1d.6:   bridge window [io  0x3000-0x3fff]
[    0.421060] pci 0000:00:1d.6:   bridge window [mem 0xa9200000-0xa9bfffff]
[    0.421064] pci 0000:00:1d.6:   bridge window [mem 0xa2100000-0xa2afffff 64bit pref]
[    0.424090] ACPI: PCI: Interrupt link LNKA configured for IRQ 0
[    0.424168] ACPI: PCI: Interrupt link LNKB configured for IRQ 1
[    0.424244] ACPI: PCI: Interrupt link LNKC configured for IRQ 0
[    0.424320] ACPI: PCI: Interrupt link LNKD configured for IRQ 0
[    0.424395] ACPI: PCI: Interrupt link LNKE configured for IRQ 0
[    0.424470] ACPI: PCI: Interrupt link LNKF configured for IRQ 0
[    0.424546] ACPI: PCI: Interrupt link LNKG configured for IRQ 0
[    0.424625] ACPI: PCI: Interrupt link LNKH configured for IRQ 0
[    0.430762] iommu: Default domain type: Translated 
[    0.430762] iommu: DMA domain TLB invalidation policy: lazy mode 
[    0.430762] SCSI subsystem initialized
[    0.430762] libata version 3.00 loaded.
[    0.430762] pci 0000:01:00.0: vgaarb: setting as boot VGA device
[    0.430762] pci 0000:01:00.0: vgaarb: VGA device added: decodes=io+mem,owns=io+mem,locks=none
[    0.430762] pci 0000:01:00.0: vgaarb: bridge control possible
[    0.430762] vgaarb: loaded
[    0.430762] ACPI: bus type USB registered
[    0.430762] usbcore: registered new interface driver usbfs
[    0.430762] usbcore: registered new interface driver hub
[    0.430762] usbcore: registered new device driver usb
[    0.430762] pps_core: LinuxPPS API ver. 1 registered
[    0.430762] pps_core: Software ver. 5.3.6 - Copyright 2005-2007 Rodolfo Giometti <giometti@linux.it>
[    0.430762] PTP clock support registered
[    0.430762] EDAC MC: Ver: 3.0.0
[    0.430762] Registered efivars operations
[    0.430762] NetLabel: Initializing
[    0.430762] NetLabel:  domain hash size = 128
[    0.430762] NetLabel:  protocols = UNLABELED CIPSOv4 CALIPSO
[    0.430762] NetLabel:  unlabeled traffic allowed by default
[    0.430762] PCI: Using ACPI for IRQ routing
[    0.473677] PCI: pci_cache_line_size set to 64 bytes
[    0.473755] e820: reserve RAM buffer [mem 0x0009f000-0x0009ffff]
[    0.473757] e820: reserve RAM buffer [mem 0x6c776018-0x6fffffff]
[    0.473758] e820: reserve RAM buffer [mem 0x6c787018-0x6fffffff]
[    0.473759] e820: reserve RAM buffer [mem 0x77286000-0x77ffffff]
[    0.473759] e820: reserve RAM buffer [mem 0x7a7e8000-0x7bffffff]
[    0.473760] e820: reserve RAM buffer [mem 0x7cc10000-0x7fffffff]
[    0.474865] clocksource: Switched to clocksource tsc-early
[    0.480797] VFS: Disk quotas dquot_6.6.0
[    0.480809] VFS: Dquot-cache hash table entries: 512 (order 0, 4096 bytes)
[    0.480894] AppArmor: AppArmor Filesystem Enabled
[    0.480918] pnp: PnP ACPI init
[    0.481004] system 00:00: [mem 0x40000000-0x403fffff] could not be reserved
[    0.481252] system 00:01: [io  0x0a00-0x0a2f] has been reserved
[    0.481255] system 00:01: [io  0x0a30-0x0a3f] has been reserved
[    0.481256] system 00:01: [io  0x0a40-0x0a4f] has been reserved
[    0.481988] pnp 00:02: [dma 0 disabled]
[    0.482730] ACPI: IRQ 4 override to edge, high
[    0.482733] pnp 00:03: [dma 0 disabled]
[    0.483288] ACPI: IRQ 3 override to edge, high
[    0.483290] pnp 00:04: [dma 0 disabled]
[    0.483826] ACPI: IRQ 7 override to edge, high
[    0.483828] pnp 00:05: [dma 0 disabled]
[    0.484361] ACPI: IRQ 5 override to edge, high
[    0.484363] pnp 00:06: [dma 0 disabled]
[    0.484896] ACPI: IRQ 6 override to edge, high
[    0.484898] pnp 00:07: [dma 0 disabled]
[    0.485428] ACPI: IRQ 10 override to edge, high
[    0.485430] pnp 00:08: [dma 0 disabled]
[    0.485551] system 00:09: [io  0x0680-0x069f] has been reserved
[    0.485553] system 00:09: [io  0x164e-0x164f] has been reserved
[    0.485665] system 00:0a: [io  0x1854-0x1857] has been reserved
[    0.485840] system 00:0b: [mem 0xfed10000-0xfed17fff] has been reserved
[    0.485842] system 00:0b: [mem 0xfed18000-0xfed18fff] has been reserved
[    0.485843] system 00:0b: [mem 0xfed19000-0xfed19fff] has been reserved
[    0.485844] system 00:0b: [mem 0xe0000000-0xefffffff] has been reserved
[    0.485846] system 00:0b: [mem 0xfed20000-0xfed3ffff] has been reserved
[    0.485847] system 00:0b: [mem 0xfed90000-0xfed93fff] could not be reserved
[    0.485848] system 00:0b: [mem 0xfed45000-0xfed8ffff] has been reserved
[    0.485850] system 00:0b: [mem 0xfee00000-0xfeefffff] could not be reserved
[    0.486070] system 00:0c: [io  0x1800-0x18fe] could not be reserved
[    0.486072] system 00:0c: [mem 0xfd000000-0xfd69ffff] has been reserved
[    0.486073] system 00:0c: [mem 0xfd6c0000-0xfd6cffff] has been reserved
[    0.486075] system 00:0c: [mem 0xfd6f0000-0xfdffffff] has been reserved
[    0.486076] system 00:0c: [mem 0xfe000000-0xfe01ffff] could not be reserved
[    0.486077] system 00:0c: [mem 0xfe200000-0xfe7fffff] has been reserved
[    0.486079] system 00:0c: [mem 0xff000000-0xffffffff] has been reserved
[    0.486366] system 00:0d: [io  0x2000-0x20fe] has been reserved
[    0.488396] pnp: PnP ACPI: found 15 devices
[    0.493731] clocksource: acpi_pm: mask: 0xffffff max_cycles: 0xffffff, max_idle_ns: 2085701024 ns
[    0.493779] NET: Registered PF_INET protocol family
[    0.493894] IP idents hash table entries: 262144 (order: 9, 2097152 bytes, linear)
[    0.495384] tcp_listen_portaddr_hash hash table entries: 32768 (order: 7, 524288 bytes, linear)
[    0.495431] Table-perturb hash table entries: 65536 (order: 6, 262144 bytes, linear)
[    0.495648] TCP established hash table entries: 524288 (order: 10, 4194304 bytes, linear)
[    0.496017] TCP bind hash table entries: 65536 (order: 8, 1048576 bytes, linear)
[    0.496069] TCP: Hash tables configured (established 524288 bind 65536)
[    0.496212] MPTCP token hash table entries: 65536 (order: 8, 1572864 bytes, linear)
[    0.496373] UDP hash table entries: 32768 (order: 8, 1048576 bytes, linear)
[    0.496498] UDP-Lite hash table entries: 32768 (order: 8, 1048576 bytes, linear)
[    0.496602] NET: Registered PF_UNIX/PF_LOCAL protocol family
[    0.496606] NET: Registered PF_XDP protocol family
[    0.496616] pci 0000:00:01.0: PCI bridge to [bus 01]
[    0.496619] pci 0000:00:01.0:   bridge window [io  0xa000-0xafff]
[    0.496621] pci 0000:00:01.0:   bridge window [mem 0xa8000000-0xa90fffff]
[    0.496624] pci 0000:00:01.0:   bridge window [mem 0x90000000-0xa1ffffff 64bit pref]
[    0.496627] pci 0000:00:1b.0: PCI bridge to [bus 02]
[    0.496633] pci 0000:00:1b.0:   bridge window [io  0x9000-0x9fff]
[    0.496636] pci 0000:00:1b.0:   bridge window [mem 0xace00000-0xad7fffff]
[    0.496638] pci 0000:00:1b.0:   bridge window [mem 0xa5d00000-0xa66fffff 64bit pref]
[    0.496643] pci 0000:00:1b.6: PCI bridge to [bus 03]
[    0.496644] pci 0000:00:1b.6:   bridge window [io  0x8000-0x8fff]
[    0.496647] pci 0000:00:1b.6:   bridge window [mem 0xac400000-0xacdfffff]
[    0.496650] pci 0000:00:1b.6:   bridge window [mem 0xa5300000-0xa5cfffff 64bit pref]
[    0.496654] pci 0000:00:1c.0: PCI bridge to [bus 04]
[    0.496656] pci 0000:00:1c.0:   bridge window [io  0x7000-0x7fff]
[    0.496659] pci 0000:00:1c.0:   bridge window [mem 0xaba00000-0xac3fffff]
[    0.496661] pci 0000:00:1c.0:   bridge window [mem 0xa4900000-0xa52fffff 64bit pref]
[    0.496665] pci 0000:00:1c.4: PCI bridge to [bus 05]
[    0.496667] pci 0000:00:1c.4:   bridge window [io  0x6000-0x6fff]
[    0.496669] pci 0000:00:1c.4:   bridge window [mem 0xab000000-0xab9fffff]
[    0.496672] pci 0000:00:1c.4:   bridge window [mem 0xa3f00000-0xa48fffff 64bit pref]
[    0.496676] pci 0000:00:1d.0: PCI bridge to [bus 06]
[    0.496677] pci 0000:00:1d.0:   bridge window [io  0x5000-0x5fff]
[    0.496680] pci 0000:00:1d.0:   bridge window [mem 0xaa600000-0xaaffffff]
[    0.496683] pci 0000:00:1d.0:   bridge window [mem 0xa3500000-0xa3efffff 64bit pref]
[    0.496688] pci 0000:00:1d.5: PCI bridge to [bus 07]
[    0.496689] pci 0000:00:1d.5:   bridge window [io  0x4000-0x4fff]
[    0.496692] pci 0000:00:1d.5:   bridge window [mem 0xa9c00000-0xaa5fffff]
[    0.496694] pci 0000:00:1d.5:   bridge window [mem 0xa2b00000-0xa34fffff 64bit pref]
[    0.496698] pci 0000:00:1d.6: PCI bridge to [bus 08]
[    0.496699] pci 0000:00:1d.6:   bridge window [io  0x3000-0x3fff]
[    0.496702] pci 0000:00:1d.6:   bridge window [mem 0xa9200000-0xa9bfffff]
[    0.496705] pci 0000:00:1d.6:   bridge window [mem 0xa2100000-0xa2afffff 64bit pref]
[    0.496709] pci_bus 0000:00: resource 4 [io  0x0000-0x0cf7 window]
[    0.496711] pci_bus 0000:00: resource 5 [io  0x0d00-0xffff window]
[    0.496712] pci_bus 0000:00: resource 6 [mem 0x000a0000-0x000bffff window]
[    0.496713] pci_bus 0000:00: resource 7 [mem 0x000e0000-0x000fffff window]
[    0.496714] pci_bus 0000:00: resource 8 [mem 0x80000000-0xdfffffff window]
[    0.496716] pci_bus 0000:00: resource 9 [mem 0xfc800000-0xfe7fffff window]
[    0.496717] pci_bus 0000:01: resource 0 [io  0xa000-0xafff]
[    0.496718] pci_bus 0000:01: resource 1 [mem 0xa8000000-0xa90fffff]
[    0.496719] pci_bus 0000:01: resource 2 [mem 0x90000000-0xa1ffffff 64bit pref]
[    0.496721] pci_bus 0000:02: resource 0 [io  0x9000-0x9fff]
[    0.496722] pci_bus 0000:02: resource 1 [mem 0xace00000-0xad7fffff]
[    0.496723] pci_bus 0000:02: resource 2 [mem 0xa5d00000-0xa66fffff 64bit pref]
[    0.496724] pci_bus 0000:03: resource 0 [io  0x8000-0x8fff]
[    0.496725] pci_bus 0000:03: resource 1 [mem 0xac400000-0xacdfffff]
[    0.496726] pci_bus 0000:03: resource 2 [mem 0xa5300000-0xa5cfffff 64bit pref]
[    0.496727] pci_bus 0000:04: resource 0 [io  0x7000-0x7fff]
[    0.496728] pci_bus 0000:04: resource 1 [mem 0xaba00000-0xac3fffff]
[    0.496730] pci_bus 0000:04: resource 2 [mem 0xa4900000-0xa52fffff 64bit pref]
[    0.496731] pci_bus 0000:05: resource 0 [io  0x6000-0x6fff]
[    0.496732] pci_bus 0000:05: resource 1 [mem 0xab000000-0xab9fffff]
[    0.496733] pci_bus 0000:05: resource 2 [mem 0xa3f00000-0xa48fffff 64bit pref]
[    0.496734] pci_bus 0000:06: resource 0 [io  0x5000-0x5fff]
[    0.496735] pci_bus 0000:06: resource 1 [mem 0xaa600000-0xaaffffff]
[    0.496736] pci_bus 0000:06: resource 2 [mem 0xa3500000-0xa3efffff 64bit pref]
[    0.496738] pci_bus 0000:07: resource 0 [io  0x4000-0x4fff]
[    0.496739] pci_bus 0000:07: resource 1 [mem 0xa9c00000-0xaa5fffff]
[    0.496740] pci_bus 0000:07: resource 2 [mem 0xa2b00000-0xa34fffff 64bit pref]
[    0.496741] pci_bus 0000:08: resource 0 [io  0x3000-0x3fff]
[    0.496742] pci_bus 0000:08: resource 1 [mem 0xa9200000-0xa9bfffff]
[    0.496743] pci_bus 0000:08: resource 2 [mem 0xa2100000-0xa2afffff 64bit pref]
[    0.497172] pci 0000:01:00.1: D0 power state depends on 0000:01:00.0
[    0.497422] PCI: CLS 64 bytes, default 64
[    0.497447] PCI-DMA: Using software bounce buffering for IO (SWIOTLB)
[    0.497448] software IO TLB: mapped [mem 0x0000000068776000-0x000000006c776000] (64MB)
[    0.497462] Trying to unpack rootfs image as initramfs...
[    0.497689] platform rtc_cmos: registered platform RTC device (no PNP device found)
[    0.498137] Initialise system trusted keyrings
[    0.498146] Key type blacklist registered
[    0.498173] workingset: timestamp_bits=36 max_order=24 bucket_order=0
[    0.499125] zbud: loaded
[    0.499317] squashfs: version 4.0 (2009/01/31) Phillip Lougher
[    0.499418] fuse: init (API version 7.34)
[    0.499542] integrity: Platform Keyring initialized
[    0.506203] Key type asymmetric registered
[    0.506205] Asymmetric key parser 'x509' registered
[    0.506224] Block layer SCSI generic (bsg) driver version 0.4 loaded (major 243)
[    0.506258] io scheduler mq-deadline registered
[    0.506621] pcieport 0000:00:01.0: PME: Signaling with IRQ 122
[    0.506672] pcieport 0000:00:01.0: AER: enabled with IRQ 122
[    0.506883] pcieport 0000:00:1b.0: PME: Signaling with IRQ 123
[    0.506937] pcieport 0000:00:1b.0: AER: enabled with IRQ 123
[    0.506962] pcieport 0000:00:1b.0: pciehp: Slot #24 AttnBtn- PwrCtrl- MRL- AttnInd- PwrInd- HotPlug+ Surprise+ Interlock- NoCompl+ IbPresDis- LLActRep+
[    0.507037] pcieport 0000:00:1b.0: DPC: enabled with IRQ 123
[    0.507038] pcieport 0000:00:1b.0: DPC: error containment capabilities: Int Msg #0, RPExt+ PoisonedTLP+ SwTrigger+ RP PIO Log 4, DL_ActiveErr+
[    0.507253] pcieport 0000:00:1b.6: PME: Signaling with IRQ 124
[    0.507303] pcieport 0000:00:1b.6: AER: enabled with IRQ 124
[    0.507323] pcieport 0000:00:1b.6: pciehp: Slot #26 AttnBtn- PwrCtrl- MRL- AttnInd- PwrInd- HotPlug+ Surprise+ Interlock- NoCompl+ IbPresDis- LLActRep+
[    0.507394] pcieport 0000:00:1b.6: DPC: enabled with IRQ 124
[    0.507395] pcieport 0000:00:1b.6: DPC: error containment capabilities: Int Msg #0, RPExt+ PoisonedTLP+ SwTrigger+ RP PIO Log 4, DL_ActiveErr+
[    0.507506] pcieport 0000:00:1c.0: PME: Signaling with IRQ 125
[    0.507552] pcieport 0000:00:1c.0: AER: enabled with IRQ 125
[    0.507570] pcieport 0000:00:1c.0: pciehp: Slot #4 AttnBtn- PwrCtrl- MRL- AttnInd- PwrInd- HotPlug+ Surprise+ Interlock- NoCompl+ IbPresDis- LLActRep+
[    0.507639] pcieport 0000:00:1c.0: DPC: enabled with IRQ 125
[    0.507640] pcieport 0000:00:1c.0: DPC: error containment capabilities: Int Msg #0, RPExt+ PoisonedTLP+ SwTrigger+ RP PIO Log 4, DL_ActiveErr+
[    0.507836] pcieport 0000:00:1c.4: PME: Signaling with IRQ 126
[    0.507883] pcieport 0000:00:1c.4: AER: enabled with IRQ 126
[    0.507903] pcieport 0000:00:1c.4: pciehp: Slot #8 AttnBtn- PwrCtrl- MRL- AttnInd- PwrInd- HotPlug+ Surprise+ Interlock- NoCompl+ IbPresDis- LLActRep+
[    0.507976] pcieport 0000:00:1c.4: DPC: enabled with IRQ 126
[    0.507978] pcieport 0000:00:1c.4: DPC: error containment capabilities: Int Msg #0, RPExt+ PoisonedTLP+ SwTrigger+ RP PIO Log 4, DL_ActiveErr+
[    0.508174] pcieport 0000:00:1d.0: PME: Signaling with IRQ 127
[    0.508222] pcieport 0000:00:1d.0: AER: enabled with IRQ 127
[    0.508242] pcieport 0000:00:1d.0: pciehp: Slot #12 AttnBtn- PwrCtrl- MRL- AttnInd- PwrInd- HotPlug+ Surprise+ Interlock- NoCompl+ IbPresDis- LLActRep+
[    0.508314] pcieport 0000:00:1d.0: DPC: enabled with IRQ 127
[    0.508315] pcieport 0000:00:1d.0: DPC: error containment capabilities: Int Msg #0, RPExt+ PoisonedTLP+ SwTrigger+ RP PIO Log 4, DL_ActiveErr+
[    0.508517] pcieport 0000:00:1d.5: PME: Signaling with IRQ 128
[    0.508564] pcieport 0000:00:1d.5: AER: enabled with IRQ 128
[    0.508583] pcieport 0000:00:1d.5: pciehp: Slot #17 AttnBtn- PwrCtrl- MRL- AttnInd- PwrInd- HotPlug+ Surprise+ Interlock- NoCompl+ IbPresDis- LLActRep+
[    0.508652] pcieport 0000:00:1d.5: DPC: enabled with IRQ 128
[    0.508654] pcieport 0000:00:1d.5: DPC: error containment capabilities: Int Msg #0, RPExt+ PoisonedTLP+ SwTrigger+ RP PIO Log 4, DL_ActiveErr+
[    0.508848] pcieport 0000:00:1d.6: PME: Signaling with IRQ 129
[    0.508898] pcieport 0000:00:1d.6: AER: enabled with IRQ 129
[    0.508916] pcieport 0000:00:1d.6: pciehp: Slot #18 AttnBtn- PwrCtrl- MRL- AttnInd- PwrInd- HotPlug+ Surprise+ Interlock- NoCompl+ IbPresDis- LLActRep+
[    0.508986] pcieport 0000:00:1d.6: DPC: enabled with IRQ 129
[    0.508988] pcieport 0000:00:1d.6: DPC: error containment capabilities: Int Msg #0, RPExt+ PoisonedTLP+ SwTrigger+ RP PIO Log 4, DL_ActiveErr+
[    0.509073] shpchp: Standard Hot Plug PCI Controller Driver version: 0.4
[    0.509974] input: Sleep Button as /devices/LNXSYSTM:00/LNXSYBUS:00/PNP0C0E:00/input/input0
[    0.509992] ACPI: button: Sleep Button [SLPB]
[    0.510013] input: Power Button as /devices/LNXSYSTM:00/LNXSYBUS:00/PNP0C0C:00/input/input1
[    0.510025] ACPI: button: Power Button [PWRB]
[    0.510045] input: Power Button as /devices/LNXSYSTM:00/LNXPWRBN:00/input/input2
[    0.510068] ACPI: button: Power Button [PWRF]
[    0.510263] smpboot: Estimated ratio of average max frequency by base frequency (times 1024): 1445
[    0.512155] ACPI: thermal: [Firmware Bug]: No valid trip found
[    0.512264] Serial: 8250/16550 driver, 32 ports, IRQ sharing enabled
[    0.533419] 00:03: ttyS0 at I/O 0x3f8 (irq = 4, base_baud = 115200) is a 16550A
[    0.555994] 00:04: ttyS1 at I/O 0x2f8 (irq = 3, base_baud = 115200) is a 16550A
[    0.578552] 00:05: ttyS2 at I/O 0x3e8 (irq = 7, base_baud = 115200) is a 16550A
[    0.601140] 00:06: ttyS3 at I/O 0x2e8 (irq = 5, base_baud = 115200) is a 16550A
[    0.623715] 00:07: ttyS4 at I/O 0x2f0 (irq = 6, base_baud = 115200) is a 16550A
[    0.646278] 00:08: ttyS5 at I/O 0x2e0 (irq = 10, base_baud = 115200) is a 16550A
[    0.648705] serial 0000:00:16.3: enabling device (0000 -> 0003)
[    0.652226] Freeing initrd memory: 90564K
[    0.669364] 0000:00:16.3: ttyS6 at I/O 0xb0a0 (irq = 19, base_baud = 115200) is a 16550A
[    0.669679] hpet_acpi_add: no address or irqs in _CRS
[    0.669735] Linux agpgart interface v0.103
[    0.675797] tpm_tis MSFT0101:00: 2.0 TPM (device-id 0x1A, rev-id 16)
[    0.681085] tpm tpm0: [Firmware Bug]: TPM interrupt not working, polling instead
[    0.710312] loop: module loaded
[    0.710513] tun: Universal TUN/TAP device driver, 1.6
[    0.710535] PPP generic driver version 2.4.2
[    0.710572] VFIO - User Level meta-driver version: 0.3
[    0.710654] ehci_hcd: USB 2.0 'Enhanced' Host Controller (EHCI) Driver
[    0.710658] ehci-pci: EHCI PCI platform driver
[    0.710664] ehci-platform: EHCI generic platform driver
[    0.710670] ohci_hcd: USB 1.1 'Open' Host Controller (OHCI) Driver
[    0.710673] ohci-pci: OHCI PCI platform driver
[    0.710678] ohci-platform: OHCI generic platform driver
[    0.710682] uhci_hcd: USB Universal Host Controller Interface driver
[    0.710724] i8042: PNP: No PS/2 controller found.
[    0.710725] i8042: Probing ports directly.
[    0.711856] i8042: No controller found
[    0.711895] mousedev: PS/2 mouse device common for all mice
[    0.711979] rtc_cmos rtc_cmos: RTC can wake from S4
[    0.712752] rtc_cmos rtc_cmos: registered as rtc0
[    0.712909] rtc_cmos rtc_cmos: setting system clock to 2025-11-04T04:49:47 UTC (1762231787)
[    0.712931] rtc_cmos rtc_cmos: alarms up to one month, y3k, 114 bytes nvram
[    0.712936] i2c_dev: i2c /dev entries driver
[    0.713519] device-mapper: core: CONFIG_IMA_DISABLE_HTABLE is disabled. Duplicate IMA measurements will not be recorded in the IMA log.
[    0.713539] device-mapper: uevent: version 1.0.3
[    0.713575] device-mapper: ioctl: 4.45.0-ioctl (2021-03-22) initialised: dm-devel@redhat.com
[    0.713578] intel_pstate: Intel P-state driver initializing
[    0.714689] intel_pstate: Disabling energy efficiency optimization
[    0.714690] intel_pstate: HWP enabled
[    0.715121] ledtrig-cpu: registered to indicate activity on CPUs
[    0.715141] EFI Variables Facility v0.08 2004-May-17
[    0.719684] intel_pmc_core INT33A1:00:  initialized
[    0.719729] drop_monitor: Initializing network drop monitor service
[    0.719843] NET: Registered PF_INET6 protocol family
[    0.724758] Segment Routing with IPv6
[    0.724766] In-situ OAM (IOAM) with IPv6
[    0.724786] NET: Registered PF_PACKET protocol family
[    0.724874] Key type dns_resolver registered
[    0.726101] microcode: sig=0x906ed, pf=0x2, revision=0x104
[    0.726547] microcode: Microcode Update Driver: v2.2.
[    0.726551] IPI shorthand broadcast: enabled
[    0.726564] sched_clock: Marking stable (719344205, 6705794)->(868131775, -142081776)
[    0.726874] registered taskstats version 1
[    0.727938] Loading compiled-in X.509 certificates
[    0.728459] Loaded X.509 cert 'Build time autogenerated kernel key: e6140140b26ce8994f54505a2f4066ccb039e12d'
[    0.728886] Loaded X.509 cert 'Canonical Ltd. Live Patch Signing 2025 Kmod: d541cef61dc7e793b7eb7e899970a2eef0b5dc8c'
[    0.729320] Loaded X.509 cert 'Canonical Ltd. Live Patch Signing: 14df34d1a87cf37625abec039ef2bf521249b969'
[    0.729747] Loaded X.509 cert 'Canonical Ltd. Kernel Module Signing: 88f752e560a1e0737e31163a466ad7b70a850c19'
[    0.729748] blacklist: Loading compiled-in revocation X.509 certificates
[    0.729761] Loaded X.509 cert 'Canonical Ltd. Secure Boot Signing: 61482aa2830d0ab2ad5af10b7250da9033ddcef0'
[    0.729772] Loaded X.509 cert 'Canonical Ltd. Secure Boot Signing (2017): 242ade75ac4a15e50d50c84b0d45ff3eae707a03'
[    0.729782] Loaded X.509 cert 'Canonical Ltd. Secure Boot Signing (ESM 2018): 365188c1d374d6b07c3c8f240f8ef722433d6a8b'
[    0.729793] Loaded X.509 cert 'Canonical Ltd. Secure Boot Signing (2019): c0746fd6c5da3ae827864651ad66ae47fe24b3e8'
[    0.729804] Loaded X.509 cert 'Canonical Ltd. Secure Boot Signing (2021 v1): a8d54bbb3825cfb94fa13c9f8a594a195c107b8d'
[    0.729815] Loaded X.509 cert 'Canonical Ltd. Secure Boot Signing (2021 v2): 4cf046892d6fd3c9a5b03f98d845f90851dc6a8c'
[    0.729825] Loaded X.509 cert 'Canonical Ltd. Secure Boot Signing (2021 v3): 100437bb6de6e469b581e61cd66bce3ef4ed53af'
[    0.729836] Loaded X.509 cert 'Canonical Ltd. Secure Boot Signing (Ubuntu Core 2019): c1d57b8f6b743f23ee41f4f7ee292f06eecadfb9'
[    0.730144] zswap: loaded using pool lzo/zbud
[    0.731018] Key type .fscrypt registered
[    0.731019] Key type fscrypt-provisioning registered
[    0.731049] Key type trusted registered
[    0.733397] Key type encrypted registered
[    0.733400] AppArmor: AppArmor sha1 policy hashing enabled
[    0.733652] integrity: Loading X.509 certificate: UEFI:MokListRT (MOKvar table)
[    0.734032] integrity: Loaded X.509 cert 'Canonical Ltd. Master Certificate Authority: ad91990bc22ab1f517048c23b6655a268e345a63'
[    0.734038] Loading compiled-in module X.509 certificates
[    0.734475] Loaded X.509 cert 'Build time autogenerated kernel key: e6140140b26ce8994f54505a2f4066ccb039e12d'
[    0.734476] ima: Allocated hash algorithm: sha1
[    0.782939] ima: No architecture policies found
[    0.782976] evm: Initialising EVM extended attributes:
[    0.782978] evm: security.selinux
[    0.782981] evm: security.SMACK64
[    0.782982] evm: security.SMACK64EXEC
[    0.782984] evm: security.SMACK64TRANSMUTE
[    0.782985] evm: security.SMACK64MMAP
[    0.782986] evm: security.apparmor
[    0.782988] evm: security.ima
[    0.782989] evm: security.capability
[    0.782990] evm: HMAC attrs: 0x1
[    0.783631] PM:   Magic number: 1:540:817
[    0.784044] RAS: Correctable Errors collector initialized.
[    0.784073] clk: Disabling unused clocks
[    0.786057] Freeing unused decrypted memory: 2036K
[    0.787001] Freeing unused kernel image (initmem) memory: 3288K
[    0.787004] Write protecting the kernel read-only data: 30720k
[    0.787945] Freeing unused kernel image (text/rodata gap) memory: 2036K
[    0.788438] Freeing unused kernel image (rodata/data gap) memory: 1392K
[    0.816167] x86/mm: Checked W+X mappings: passed, no W+X pages found.
[    0.816174] Run /init as init process
[    0.816176]   with arguments:
[    0.816178]     /init
[    0.816179]     splash
[    0.816180]   with environment:
[    0.816181]     HOME=/
[    0.816182]     TERM=linux
[    0.816184]     BOOT_IMAGE=/boot/vmlinuz-5.15.0-161-generic
[    0.880748] dca service started, version 1.12.1
[    0.883186] ACPI: video: Video Device [GFX0] (multi-head: yes  rom: no  post: no)
[    0.884443] ahci 0000:00:17.0: version 3.0
[    0.884931] i801_smbus 0000:00:1f.4: SPD Write Disable is set
[    0.885111] i801_smbus 0000:00:1f.4: SMBus using PCI interrupt
[    0.886379] xhci_hcd 0000:00:14.0: xHCI Host Controller
[    0.886688] xhci_hcd 0000:00:14.0: new USB bus registered, assigned bus number 1
[    0.887569] acpi device:0f: registered as cooling_device21
[    0.887873] xhci_hcd 0000:00:14.0: hcc params 0x200077c1 hci version 0x110 quirks 0x0000000000009810
[    0.888745] input: Video Bus as /devices/LNXSYSTM:00/LNXSYBUS:00/PNP0A08:00/LNXVIDEO:00/input/input3
[    0.889062] e1000e: Intel(R) PRO/1000 Network Driver
[    0.889063] e1000e: Copyright(c) 1999 - 2015 Intel Corporation.
[    0.889198] e1000e 0000:00:1f.6: enabling device (0000 -> 0002)
[    0.889353] e1000e 0000:00:1f.6: Interrupt Throttling Rate (ints/sec) set to dynamic conservative mode
[    0.889433] nvme 0000:05:00.0: platform quirk: setting simple suspend
[    0.889464] xhci_hcd 0000:00:14.0: xHCI Host Controller
[    0.889468] xhci_hcd 0000:00:14.0: new USB bus registered, assigned bus number 2
[    0.889471] xhci_hcd 0000:00:14.0: Host supports USB 3.1 Enhanced SuperSpeed
[    0.889496] usb usb1: New USB device found, idVendor=1d6b, idProduct=0002, bcdDevice= 5.15
[    0.889497] usb usb1: New USB device strings: Mfr=3, Product=2, SerialNumber=1
[    0.889498] usb usb1: Product: xHCI Host Controller
[    0.889499] usb usb1: Manufacturer: Linux 5.15.0-161-generic xhci-hcd
[    0.889500] usb usb1: SerialNumber: 0000:00:14.0
[    0.892182] i2c i2c-0: 2/4 memory slots populated (from DMI)
[    0.892437] nvme nvme0: pci function 0000:05:00.0
[    0.892930] i2c i2c-0: Successfully instantiated SPD at 0x50
[    0.894364] i2c i2c-0: Successfully instantiated SPD at 0x52
[    0.894540] igb: Intel(R) Gigabit Ethernet Network Driver
[    0.894542] igb: Copyright (c) 2007-2014 Intel Corporation.
[    0.894783] igb 0000:07:00.0: enabling device (0000 -> 0002)
[    0.897802] hub 1-0:1.0: USB hub found
[    0.897831] hub 1-0:1.0: 16 ports detected
[    0.898175] ahci 0000:00:17.0: AHCI 0001.0301 32 slots 5 ports 6 Gbps 0xf8 impl SATA mode
[    0.898180] ahci 0000:00:17.0: flags: 64bit ncq sntf pm clo only pio slum part ems deso sadm sds apst 
[    0.905885] usb usb2: New USB device found, idVendor=1d6b, idProduct=0003, bcdDevice= 5.15
[    0.905889] usb usb2: New USB device strings: Mfr=3, Product=2, SerialNumber=1
[    0.905891] usb usb2: Product: xHCI Host Controller
[    0.905893] usb usb2: Manufacturer: Linux 5.15.0-161-generic xhci-hcd
[    0.905894] usb usb2: SerialNumber: 0000:00:14.0
[    0.906065] nvme nvme0: Shutdown timeout set to 8 seconds
[    0.906102] hub 2-0:1.0: USB hub found
[    0.906119] hub 2-0:1.0: 10 ports detected
[    0.907366] xhci_hcd 0000:04:00.0: xHCI Host Controller
[    0.907371] xhci_hcd 0000:04:00.0: new USB bus registered, assigned bus number 3
[    0.907447] xhci_hcd 0000:04:00.0: hcc params 0x002841eb hci version 0x100 quirks 0x0000200000000890
[    0.907565] xhci_hcd 0000:04:00.0: xHCI Host Controller
[    0.907567] xhci_hcd 0000:04:00.0: new USB bus registered, assigned bus number 4
[    0.907568] xhci_hcd 0000:04:00.0: Host supports USB 3.0 SuperSpeed
[    0.907585] usb usb3: New USB device found, idVendor=1d6b, idProduct=0002, bcdDevice= 5.15
[    0.907587] usb usb3: New USB device strings: Mfr=3, Product=2, SerialNumber=1
[    0.907588] usb usb3: Product: xHCI Host Controller
[    0.907589] usb usb3: Manufacturer: Linux 5.15.0-161-generic xhci-hcd
[    0.907590] usb usb3: SerialNumber: 0000:04:00.0
[    0.907663] hub 3-0:1.0: USB hub found
[    0.907670] hub 3-0:1.0: 1 port detected
[    0.907725] usb usb4: New USB device found, idVendor=1d6b, idProduct=0003, bcdDevice= 5.15
[    0.907728] usb usb4: New USB device strings: Mfr=3, Product=2, SerialNumber=1
[    0.907728] usb usb4: Product: xHCI Host Controller
[    0.907729] usb usb4: Manufacturer: Linux 5.15.0-161-generic xhci-hcd
[    0.907730] usb usb4: SerialNumber: 0000:04:00.0
[    0.907795] hub 4-0:1.0: USB hub found
[    0.907806] hub 4-0:1.0: 4 ports detected
[    0.926348] igb 0000:07:00.0: added PHC on eth0
[    0.926385] igb 0000:07:00.0: Intel(R) Gigabit Ethernet Network Connection
[    0.926388] igb 0000:07:00.0: eth0: (PCIe:2.5Gb/s:Width x1) 00:10:f3:af:41:30
[    0.926448] igb 0000:07:00.0: eth0: PBA No: 000300-000
[    0.926452] igb 0000:07:00.0: Using MSI-X interrupts. 4 rx queue(s), 4 tx queue(s)
[    0.936984] nvme nvme0: allocated 64 MiB host memory buffer.
[    0.949039] scsi host0: ahci
[    0.949673] scsi host1: ahci
[    0.950228] scsi host2: ahci
[    0.950629] scsi host3: ahci
[    0.951150] scsi host4: ahci
[    0.951534] scsi host5: ahci
[    0.951928] scsi host6: ahci
[    0.952232] scsi host7: ahci
[    0.952328] ata1: DUMMY
[    0.952333] ata2: DUMMY
[    0.952334] ata3: DUMMY
[    0.952338] ata4: SATA max UDMA/133 abar m2048@0xad839000 port 0xad839280 irq 130
[    0.952343] ata5: SATA max UDMA/133 abar m2048@0xad839000 port 0xad839300 irq 130
[    0.952346] ata6: SATA max UDMA/133 abar m2048@0xad839000 port 0xad839380 irq 130
[    0.952349] ata7: SATA max UDMA/133 abar m2048@0xad839000 port 0xad839400 irq 130
[    0.952353] ata8: SATA max UDMA/133 abar m2048@0xad839000 port 0xad839480 irq 130
[    0.966892] e1000e 0000:00:1f.6 0000:00:1f.6 (uninitialized): registered PHC clock
[    0.986557] nvme nvme0: 12/0/0 default/read/poll queues
[    0.995047]  nvme0n1: p1
[    1.036639] e1000e 0000:00:1f.6 eth1: (PCI Express:2.5GT/s:Width x1) 00:10:f3:af:41:2f
[    1.036648] e1000e 0000:00:1f.6 eth1: Intel(R) PRO/1000 Network Connection
[    1.036731] e1000e 0000:00:1f.6 eth1: MAC: 13, PHY: 12, PBA No: FFFFFF-0FF
[    1.238933] usb 1-1: new high-speed USB device number 2 using xhci_hcd
[    1.246962] usb 3-1: new high-speed USB device number 2 using xhci_hcd
[    1.263357] ata6: SATA link up 6.0 Gbps (SStatus 133 SControl 300)
[    1.263399] ata7: SATA link down (SStatus 0 SControl 300)
[    1.263429] ata8: SATA link down (SStatus 0 SControl 300)
[    1.263458] ata5: SATA link down (SStatus 0 SControl 300)
[    1.263486] ata4: SATA link down (SStatus 0 SControl 300)
[    1.263570] ata6.00: ATA-10: TS1TSSD470K-I, 22Z3V4EI, max UDMA/133
[    1.263700] ata6.00: 2000409264 sectors, multi 16: LBA48 NCQ (depth 32), AA
[    1.264114] ata6.00: configured for UDMA/133
[    1.264344] scsi 5:0:0:0: Direct-Access     ATA      TS1TSSD470K-I    V4EI PQ: 0 ANSI: 5
[    1.264751] sd 5:0:0:0: Attached scsi generic sg0 type 0
[    1.264824] sd 5:0:0:0: [sda] 2000409264 512-byte logical blocks: (1.02 TB/954 GiB)
[    1.264846] sd 5:0:0:0: [sda] Write Protect is off
[    1.264851] sd 5:0:0:0: [sda] Mode Sense: 00 3a 00 00
[    1.264870] sd 5:0:0:0: [sda] Write cache: enabled, read cache: enabled, doesn't support DPO or FUA
[    1.267353]  sda: sda1 sda2
[    1.267837] sd 5:0:0:0: [sda] Attached SCSI disk
[    1.272077] igb 0000:07:00.0 ens17: renamed from eth0
[    1.303273] e1000e 0000:00:1f.6 eno1: renamed from eth1
[    1.388981] usb 1-1: New USB device found, idVendor=2109, idProduct=2817, bcdDevice=90.23
[    1.388994] usb 1-1: New USB device strings: Mfr=1, Product=2, SerialNumber=0
[    1.389000] usb 1-1: Product: USB2.0 Hub             
[    1.389004] usb 1-1: Manufacturer: VIA Labs, Inc.         
[    1.389973] hub 1-1:1.0: USB hub found
[    1.390120] hub 1-1:1.0: 4 ports detected
[    1.397349] usb 3-1: New USB device found, idVendor=2109, idProduct=3431, bcdDevice= 4.20
[    1.397360] usb 3-1: New USB device strings: Mfr=0, Product=1, SerialNumber=0
[    1.397366] usb 3-1: Product: USB2.0 Hub
[    1.398733] hub 3-1:1.0: USB hub found
[    1.399001] hub 3-1:1.0: 4 ports detected
[    1.514964] usb 2-1: new SuperSpeed USB device number 2 using xhci_hcd
[    1.523068] tsc: Refined TSC clocksource calibration: 3408.007 MHz
[    1.523093] clocksource: tsc: mask: 0xffffffffffffffff max_cycles: 0x311fda485d3, max_idle_ns: 440795205751 ns
[    1.523191] clocksource: Switched to clocksource tsc
[    1.523489] usb 4-1: new SuperSpeed USB device number 2 using xhci_hcd
[    1.536803] usb 2-1: New USB device found, idVendor=2109, idProduct=0817, bcdDevice=90.23
[    1.536815] usb 2-1: New USB device strings: Mfr=1, Product=2, SerialNumber=0
[    1.536821] usb 2-1: Product: USB3.0 Hub             
[    1.536826] usb 2-1: Manufacturer: VIA Labs, Inc.         
[    1.538677] hub 2-1:1.0: USB hub found
[    1.538847] hub 2-1:1.0: 4 ports detected
[    1.544428] usb 4-1: New USB device found, idVendor=2109, idProduct=0817, bcdDevice=90.23
[    1.544429] usb 4-1: New USB device strings: Mfr=1, Product=2, SerialNumber=0
[    1.544431] usb 4-1: Product: USB3.0 Hub             
[    1.544431] usb 4-1: Manufacturer: VIA Labs, Inc.         
[    1.546126] hub 4-1:1.0: USB hub found
[    1.546251] hub 4-1:1.0: 4 ports detected
[    1.663059] usb 1-10: new full-speed USB device number 3 using xhci_hcd
[    1.812531] usb 1-10: New USB device found, idVendor=067b, idProduct=23d3, bcdDevice= 4.05
[    1.812543] usb 1-10: New USB device strings: Mfr=1, Product=2, SerialNumber=3
[    1.812549] usb 1-10: Product: USB-Serial Controller 
[    1.812553] usb 1-10: Manufacturer: Prolific Technology Inc. 
[    1.812556] usb 1-10: SerialNumber: BJBCk19B617
[    1.938998] usb 2-6: new SuperSpeed Plus Gen 2x1 USB device number 3 using xhci_hcd
[    1.961561] usb 2-6: New USB device found, idVendor=2c7c, idProduct=0800, bcdDevice= 4.14
[    1.961574] usb 2-6: New USB device strings: Mfr=1, Product=2, SerialNumber=3
[    1.961580] usb 2-6: Product: RM500Q-GL
[    1.961584] usb 2-6: Manufacturer: Quectel
[    1.961588] usb 2-6: SerialNumber: 3659bca1
[    1.968271] usb 2-6: Enable of device-initiated U1 failed.
[    1.968530] usb 2-6: Enable of device-initiated U2 failed.
[    1.994970] usb 3-1.1: new high-speed USB device number 3 using xhci_hcd
[    2.087054] usb 1-11: new full-speed USB device number 4 using xhci_hcd
[    2.097567] usb 3-1.1: New USB device found, idVendor=2109, idProduct=2817, bcdDevice=90.23
[    2.097580] usb 3-1.1: New USB device strings: Mfr=1, Product=2, SerialNumber=0
[    2.097586] usb 3-1.1: Product: USB2.0 Hub             
[    2.097590] usb 3-1.1: Manufacturer: VIA Labs, Inc.         
[    2.098692] hub 3-1.1:1.0: USB hub found
[    2.098870] hub 3-1.1:1.0: 4 ports detected
[    2.238660] usb 1-11: New USB device found, idVendor=046d, idProduct=c52b, bcdDevice=24.11
[    2.238675] usb 1-11: New USB device strings: Mfr=1, Product=2, SerialNumber=0
[    2.238681] usb 1-11: Product: USB Receiver
[    2.238685] usb 1-11: Manufacturer: Logitech
[    2.279341] usb 4-1.1: new SuperSpeed USB device number 3 using xhci_hcd
[    2.299594] usb 4-1.1: LPM exit latency is zeroed, disabling LPM.
[    2.300206] usb 4-1.1: New USB device found, idVendor=2bdf, idProduct=0001, bcdDevice= 1.00
[    2.300218] usb 4-1.1: New USB device strings: Mfr=5, Product=3, SerialNumber=6
[    2.300223] usb 4-1.1: Product: MV-CH100-60UC
[    2.300228] usb 4-1.1: Manufacturer: Hikrobot
[    2.300231] usb 4-1.1: SerialNumber: DA5148680
[    2.318921] usb 2-1.2: new SuperSpeed USB device number 4 using xhci_hcd
[    2.343670] usb 2-1.2: LPM exit latency is zeroed, disabling LPM.
[    2.344359] usb 2-1.2: New USB device found, idVendor=2bdf, idProduct=0001, bcdDevice= 1.00
[    2.344371] usb 2-1.2: New USB device strings: Mfr=5, Product=3, SerialNumber=6
[    2.344377] usb 2-1.2: Product: MV-CH100-60UC
[    2.344381] usb 2-1.2: Manufacturer: Hikrobot
[    2.344385] usb 2-1.2: SerialNumber: DA5324655
[    2.387347] usb 4-1.2: new SuperSpeed USB device number 4 using xhci_hcd
[    2.407572] usb 4-1.2: LPM exit latency is zeroed, disabling LPM.
[    2.408175] usb 4-1.2: New USB device found, idVendor=2bdf, idProduct=0001, bcdDevice= 1.00
[    2.408183] usb 4-1.2: New USB device strings: Mfr=5, Product=3, SerialNumber=6
[    2.408189] usb 4-1.2: Product: MV-CH100-60UC
[    2.408193] usb 4-1.2: Manufacturer: Hikrobot
[    2.408197] usb 4-1.2: SerialNumber: DA5324645
[    2.470956] usb 1-13: new full-speed USB device number 5 using xhci_hcd
[    2.491348] usb 4-1.3: new SuperSpeed USB device number 5 using xhci_hcd
[    2.511731] usb 4-1.3: LPM exit latency is zeroed, disabling LPM.
[    2.512321] usb 4-1.3: New USB device found, idVendor=2bdf, idProduct=0001, bcdDevice= 1.00
[    2.512330] usb 4-1.3: New USB device strings: Mfr=5, Product=3, SerialNumber=6
[    2.512335] usb 4-1.3: Product: MV-CH100-60UC
[    2.512339] usb 4-1.3: Manufacturer: Hikrobot
[    2.512343] usb 4-1.3: SerialNumber: DA4930148
[    2.624586] usb 1-13: New USB device found, idVendor=067b, idProduct=23d3, bcdDevice= 4.05
[    2.624600] usb 1-13: New USB device strings: Mfr=1, Product=2, SerialNumber=3
[    2.624605] usb 1-13: Product: USB-Serial Controller 
[    2.624610] usb 1-13: Manufacturer: Prolific Technology Inc. 
[    2.624614] usb 1-13: SerialNumber: BJARk19B617
[    2.703164] usb 2-1.3: new SuperSpeed USB device number 5 using xhci_hcd
[    2.723701] usb 2-1.3: LPM exit latency is zeroed, disabling LPM.
[    2.724330] usb 2-1.3: New USB device found, idVendor=2bdf, idProduct=0001, bcdDevice= 1.00
[    2.724339] usb 2-1.3: New USB device strings: Mfr=5, Product=3, SerialNumber=6
[    2.724344] usb 2-1.3: Product: MV-CH100-60UC
[    2.724348] usb 2-1.3: Manufacturer: Hikrobot
[    2.724352] usb 2-1.3: SerialNumber: DA6102933
[    2.811048] usb 3-1.1.4: new full-speed USB device number 4 using xhci_hcd
[    2.851050] usb 1-14: new full-speed USB device number 6 using xhci_hcd
[    2.973587] usb 3-1.1.4: New USB device found, idVendor=1546, idProduct=01a9, bcdDevice= 1.00
[    2.973603] usb 3-1.1.4: New USB device strings: Mfr=1, Product=2, SerialNumber=0
[    2.973609] usb 3-1.1.4: Product: u-blox GNSS receiver
[    2.973614] usb 3-1.1.4: Manufacturer: u-blox AG - www.u-blox.com
[    3.000249] usb 1-14: New USB device found, idVendor=067b, idProduct=23d3, bcdDevice= 4.05
[    3.000260] usb 1-14: New USB device strings: Mfr=1, Product=2, SerialNumber=3
[    3.000266] usb 1-14: Product: USB-Serial Controller 
[    3.000270] usb 1-14: Manufacturer: Prolific Technology Inc. 
[    3.000274] usb 1-14: SerialNumber: BJBHk19B617
[    3.031985] hid: raw HID events driver (C) Jiri Kosina
[    3.039811] usbcore: registered new interface driver usbhid
[    3.039813] usbhid: USB HID core driver
[    3.041798] input: Logitech USB Receiver as /devices/pci0000:00/0000:00:14.0/usb1/1-11/1-11:1.0/0003:046D:C52B.0001/input/input4
[    3.079087] usb 2-1.4: new SuperSpeed USB device number 6 using xhci_hcd
[    3.099408] hid-generic 0003:046D:C52B.0001: input,hidraw0: USB HID v1.11 Keyboard [Logitech USB Receiver] on usb-0000:00:14.0-11/input0
[    3.099740] usb 2-1.4: LPM exit latency is zeroed, disabling LPM.
[    3.100025] input: Logitech USB Receiver Mouse as /devices/pci0000:00/0000:00:14.0/usb1/1-11/1-11:1.1/0003:046D:C52B.0002/input/input5
[    3.100210] usb 2-1.4: New USB device found, idVendor=2bdf, idProduct=0001, bcdDevice= 1.00
[    3.100224] usb 2-1.4: New USB device strings: Mfr=5, Product=3, SerialNumber=6
[    3.100230] usb 2-1.4: Product: MV-CH100-60UC
[    3.100235] usb 2-1.4: Manufacturer: Hikrobot
[    3.100239] usb 2-1.4: SerialNumber: DA5148683
[    3.100515] input: Logitech USB Receiver Consumer Control as /devices/pci0000:00/0000:00:14.0/usb1/1-11/1-11:1.1/0003:046D:C52B.0002/input/input6
[    3.159282] input: Logitech USB Receiver System Control as /devices/pci0000:00/0000:00:14.0/usb1/1-11/1-11:1.1/0003:046D:C52B.0002/input/input7
[    3.159871] hid-generic 0003:046D:C52B.0002: input,hiddev0,hidraw1: USB HID v1.11 Mouse [Logitech USB Receiver] on usb-0000:00:14.0-11/input1
[    3.160528] hid-generic 0003:046D:C52B.0003: hiddev1,hidraw2: USB HID v1.11 Device [Logitech USB Receiver] on usb-0000:00:14.0-11/input2
[    3.364922] logitech-djreceiver 0003:046D:C52B.0003: hiddev0,hidraw0: USB HID v1.11 Device [Logitech USB Receiver] on usb-0000:00:14.0-11/input2
[    3.486782] input: Logitech Wireless Device PID:404d Keyboard as /devices/pci0000:00/0000:00:14.0/usb1/1-11/1-11:1.2/0003:046D:C52B.0003/0003:046D:404D.0004/input/input9
[    3.487060] input: Logitech Wireless Device PID:404d Mouse as /devices/pci0000:00/0000:00:14.0/usb1/1-11/1-11:1.2/0003:046D:C52B.0003/0003:046D:404D.0004/input/input10
[    3.487346] hid-generic 0003:046D:404D.0004: input,hidraw1: USB HID v1.11 Keyboard [Logitech Wireless Device PID:404d] on usb-0000:00:14.0-11/input2:1
[    3.679472] input: Logitech K400 Plus as /devices/pci0000:00/0000:00:14.0/usb1/1-11/1-11:1.2/0003:046D:C52B.0003/0003:046D:404D.0004/input/input14
[    3.680112] logitech-hidpp-device 0003:046D:404D.0004: input,hidraw1: USB HID v1.11 Keyboard [Logitech K400 Plus] on usb-0000:00:14.0-11/input2:1
[    3.782672] EXT4-fs (sda2): mounted filesystem with ordered data mode. Opts: (null). Quota mode: none.
[    3.951583] systemd[1]: Inserted module 'autofs4'
[    4.003604] systemd[1]: systemd 245.4-4ubuntu3.24+esm1 running in system mode. (+PAM +AUDIT +SELINUX +IMA +APPARMOR +SMACK +SYSVINIT +UTMP +LIBCRYPTSETUP +GCRYPT +GNUTLS +ACL +XZ +LZ4 +SECCOMP +BLKID +ELFUTILS +KMOD +IDN2 -IDN +PCRE2 default-hierarchy=hybrid)
[    4.023125] systemd[1]: Detected architecture x86-64.
[    4.059994] systemd[1]: Set hostname to <kodifly-aROK8110>.
[    4.149573] systemd[1]: Configuration file /run/systemd/system/netplan-ovs-cleanup.service is marked world-inaccessible. This has no effect as configuration data is accessible via APIs without restrictions. Proceeding anyway.
[    4.175395] systemd[1]: /lib/systemd/system/snapd.service:23: Unknown key name 'RestartMode' in section 'Service', ignoring.
[    4.219225] systemd[1]: /etc/systemd/system/cloudflared.service:21: Failed to parse StartLimitAction=, ignoring: restart
[    4.222420] systemd[1]: /etc/systemd/system/anydesk.service:9: PIDFile= references a path below legacy directory /var/run/, updating /var/run/anydesk.pid → /run/anydesk.pid; please update the unit file accordingly.
[    4.260532] systemd[1]: Created slice system-modprobe.slice.
[    4.260969] systemd[1]: Created slice system-postgresql.slice.
[    4.261324] systemd[1]: Created slice system-systemd\x2dfsck.slice.
[    4.261700] systemd[1]: Created slice User and Session Slice.
[    4.261767] systemd[1]: Started Forward Password Requests to Wall Directory Watch.
[    4.261948] systemd[1]: Set up automount Arbitrary Executable File Formats File System Automount Point.
[    4.262002] systemd[1]: Reached target User and Group Name Lookups.
[    4.262018] systemd[1]: Reached target Remote File Systems.
[    4.262032] systemd[1]: Reached target Slices.
[    4.262049] systemd[1]: Reached target Mounting snaps.
[    4.262188] systemd[1]: Listening on Syslog Socket.
[    4.262282] systemd[1]: Listening on fsck to fsckd communication Socket.
[    4.262337] systemd[1]: Listening on initctl Compatibility Named Pipe.
[    4.262837] systemd[1]: Listening on Journal Audit Socket.
[    4.262923] systemd[1]: Listening on Journal Socket (/dev/log).
[    4.263022] systemd[1]: Listening on Journal Socket.
[    4.263134] systemd[1]: Listening on udev Control Socket.
[    4.263201] systemd[1]: Listening on udev Kernel Socket.
[    4.264055] systemd[1]: Mounting Huge Pages File System...
[    4.264983] systemd[1]: Mounting POSIX Message Queue File System...
[    4.265974] systemd[1]: Mounting Kernel Debug File System...
[    4.266926] systemd[1]: Mounting Kernel Trace File System...
[    4.268383] systemd[1]: Starting Journal Service...
[    4.269339] systemd[1]: Starting Set the console keyboard layout...
[    4.270220] systemd[1]: Starting Create list of static device nodes for the current kernel...
[    4.271059] systemd[1]: Starting Load Kernel Module chromeos_pstore...
[    4.271620] systemd[1]: Starting Load Kernel Module drm...
[    4.272112] systemd[1]: Starting Load Kernel Module efi_pstore...
[    4.272606] systemd[1]: Starting Load Kernel Module pstore_blk...
[    4.273080] systemd[1]: Starting Load Kernel Module pstore_zone...
[    4.273560] systemd[1]: Starting Load Kernel Module ramoops...
[    4.275056] systemd[1]: Condition check resulted in Set Up Additional Binary Formats being skipped.
[    4.275077] systemd[1]: Condition check resulted in File System Check on Root Device being skipped.
[    4.278834] systemd[1]: Starting Load Kernel Modules...
[    4.279391] systemd[1]: Starting Remount Root and Kernel File Systems...
[    4.279950] systemd[1]: Starting udev Coldplug all Devices...
[    4.280508] systemd[1]: Starting Uncomplicated firewall...
[    4.281371] systemd[1]: Mounted Huge Pages File System.
[    4.281437] systemd[1]: Mounted POSIX Message Queue File System.
[    4.281445] pstore: Using crash dump compression: deflate
[    4.281448] pstore: Registered efi as persistent store backend
[    4.281496] systemd[1]: Mounted Kernel Debug File System.
[    4.281547] systemd[1]: Mounted Kernel Trace File System.
[    4.281901] systemd[1]: Finished Create list of static device nodes for the current kernel.
[    4.282048] systemd[1]: modprobe@efi_pstore.service: Succeeded.
[    4.282207] systemd[1]: Finished Load Kernel Module efi_pstore.
[    4.283032] systemd[1]: Finished Uncomplicated firewall.
[    4.283292] systemd[1]: modprobe@pstore_zone.service: Succeeded.
[    4.283649] systemd[1]: Finished Load Kernel Module pstore_zone.
[    4.285483] systemd[1]: modprobe@pstore_blk.service: Succeeded.
[    4.285647] systemd[1]: Finished Load Kernel Module pstore_blk.
[    4.285767] systemd[1]: modprobe@drm.service: Succeeded.
[    4.285921] systemd[1]: Finished Load Kernel Module drm.
[    4.286060] systemd[1]: modprobe@ramoops.service: Succeeded.
[    4.286283] systemd[1]: Finished Load Kernel Module ramoops.
[    4.291758] EXT4-fs (sda2): re-mounted. Opts: errors=remount-ro. Quota mode: none.
[    4.292629] systemd[1]: Finished Remount Root and Kernel File Systems.
[    4.293604] systemd[1]: Activating swap /swapfile...
[    4.294251] systemd[1]: Condition check resulted in Rebuild Hardware Database being skipped.
[    4.294782] systemd[1]: Starting Load/Save Random Seed...
[    4.295325] systemd[1]: Starting Create System Users...
[    4.298259] lp: driver loaded but no devices found
[    4.301102] ppdev: user-space parallel port driver
[    4.311837] systemd[1]: Finished Set the console keyboard layout.
[    4.312034] Adding 67108860k swap on /swapfile.  Priority:-2 extents:128 across:983818240k SSFS
[    4.312100] systemd[1]: Activated swap /swapfile.
[    4.312170] systemd[1]: Reached target Swap.
[    4.312607] parport_pc 00:02: reported by Plug and Play ACPI
[    4.312722] parport0: PC-style at 0x378, irq 15 [PCSPP,TRISTATE]
[    4.322531] systemd[1]: Finished Load/Save Random Seed.
[    4.327157] systemd[1]: Finished Create System Users.
[    4.327791] systemd[1]: Starting Create Static Device Nodes in /dev...
[    4.335024] systemd[1]: Finished udev Coldplug all Devices.
[    4.346650] systemd[1]: Finished Create Static Device Nodes in /dev.
[    4.346866] systemd[1]: Reached target Local File Systems (Pre).
[    4.348661] systemd[1]: Mounting Mount unit for bare, revision 5...
[    4.350306] systemd[1]: Mounting Mount unit for canonical-livepatch, revision 359...
[    4.350878] loop0: detected capacity change from 0 to 8
[    4.351128] systemd[1]: Mounting Mount unit for canonical-livepatch, revision 364...
[    4.352859] systemd[1]: Mounting Mount unit for chromium, revision 3265...
[    4.353715] systemd[1]: Mounting Mount unit for chromium, revision 3293...
[    4.355207] systemd[1]: Mounting Mount unit for code, revision 210...
[    4.356068] systemd[1]: Mounting Mount unit for code, revision 211...
[    4.358175] systemd[1]: Mounting Mount unit for core18, revision 2947...
[    4.359438] systemd[1]: Mounting Mount unit for core18, revision 2952...
[    4.360241] systemd[1]: Mounting Mount unit for core20, revision 2599...
[    4.361190] systemd[1]: Mounting Mount unit for core20, revision 2669...
[    4.362679] systemd[1]: Mounting Mount unit for core22, revision 2133...
[    4.363494] systemd[1]: Mounting Mount unit for core22, revision 2139...
[    4.364883] systemd[1]: Mounting Mount unit for cups, revision 1112...
[    4.365525] systemd[1]: Mounting Mount unit for cups, revision 1116...
[    4.367564] systemd[1]: Mounting Mount unit for gnome-3-38-2004, revision 119...
[    4.368336] systemd[1]: Mounting Mount unit for gnome-3-38-2004, revision 143...
[    4.369094] systemd[1]: Mounting Mount unit for gnome-42-2204, revision 202...
[    4.369728] systemd[1]: Mounting Mount unit for gnome-42-2204, revision 226...
[    4.371697] systemd[1]: Mounting Mount unit for gtk-common-themes, revision 1535...
[    4.372542] systemd[1]: Mounting Mount unit for slack, revision 216...
[    4.373682] systemd[1]: Mounting Mount unit for slack, revision 219...
[    4.374574] systemd[1]: Mounting Mount unit for snap-store, revision 1216...
[    4.375502] systemd[1]: Mounting Mount unit for snap-store, revision 638...
[    4.376687] systemd[1]: Mounting Mount unit for snapd, revision 25202...
[    4.377247] systemd[1]: Mounting Mount unit for snapd, revision 25577...
[    4.379711] systemd[1]: Mounting Mount unit for zerotier, revision 192...
[    4.380420] systemd[1]: Starting udev Kernel Device Manager...
[    4.386871] loop1: detected capacity change from 0 to 27104
[    4.386901] loop2: detected capacity change from 0 to 130608
[    4.386997] loop3: detected capacity change from 0 to 97448
[    4.387094] systemd[1]: modprobe@chromeos_pstore.service: Succeeded.
[    4.387281] systemd[1]: Finished Load Kernel Module chromeos_pstore.
[    4.387356] systemd[1]: Condition check resulted in Platform Persistent Storage Archival being skipped.
[    4.389506] systemd[1]: Mounted Mount unit for bare, revision 5.
[    4.414887] loop4: detected capacity change from 0 to 130592
[    4.417475] systemd[1]: Mounted Mount unit for core20, revision 2669.
[    4.418919] lp0: using parport0 (interrupt-driven).
[    4.419509] systemd[1]: Started Journal Service.
[    4.424264] systemd-journald[671]: Received client request to flush runtime journal.
[    4.426789] loop5: detected capacity change from 0 to 716176
[    4.426833] loop6: detected capacity change from 0 to 94064
[    4.426861] loop7: detected capacity change from 0 to 104296
[    4.435012] loop9: detected capacity change from 0 to 151368
[    4.435062] loop8: detected capacity change from 0 to 151392
[    4.451062] loop10: detected capacity change from 0 to 99976
[    4.451086] loop12: detected capacity change from 0 to 24984
[    4.451102] loop13: detected capacity change from 0 to 187776
[    4.451110] loop14: detected capacity change from 0 to 1057184
[    4.451118] loop15: detected capacity change from 0 to 263992
[    4.451149] loop11: detected capacity change from 0 to 1056784
[    4.463084] loop20: detected capacity change from 0 to 1728
[    4.463104] loop17: detected capacity change from 0 to 379248
[    4.463117] loop16: detected capacity change from 0 to 113640
[    4.463119] loop19: detected capacity change from 0 to 709280
[    4.463120] loop18: detected capacity change from 0 to 263992
[    4.471168] loop21: detected capacity change from 0 to 103976
[    4.471271] loop23: detected capacity change from 0 to 676312
[    4.471278] loop22: detected capacity change from 0 to 113640
[    4.471287] loop26: detected capacity change from 0 to 27424
[    4.471325] loop24: detected capacity change from 0 to 676312
[    4.471326] loop25: detected capacity change from 0 to 375648
[    4.564906] intel_pch_thermal 0000:00:12.0: enabling device (0000 -> 0002)
[    4.564923] EDAC MC0: Giving out device to module ie31200_edac controller IE31200: DEV 0000:00:00.0 (POLLED)
[    4.571721] mei_me 0000:00:16.0: enabling device (0000 -> 0002)
[    4.613060] usbcore: registered new interface driver usbserial_generic
[    4.613147] usbserial: USB Serial support registered for generic
[    4.648087] ee1004 0-0050: 512 byte EE1004-compliant SPD EEPROM, read-only
[    4.648113] ee1004 0-0052: 512 byte EE1004-compliant SPD EEPROM, read-only
[    4.648928] usbcore: registered new interface driver pl2303
[    4.648937] usbserial: USB Serial support registered for pl2303
[    4.648949] pl2303 1-10:1.0: pl2303 converter detected
[    4.649013] usb 1-10: pl2303 converter now attached to ttyUSB0
[    4.649102] cdc_acm 3-1.1.4:1.0: ttyACM0: USB ACM device
[    4.649263] pl2303 1-13:1.0: pl2303 converter detected
[    4.649324] usbcore: registered new interface driver cdc_acm
[    4.649326] cdc_acm: USB Abstract Control Model driver for USB modems and ISDN adapters
[    4.649468] usb 1-13: pl2303 converter now attached to ttyUSB1
[    4.649506] pl2303 1-14:1.0: pl2303 converter detected
[    4.649583] usb 1-14: pl2303 converter now attached to ttyUSB2
[    4.657247] RAPL PMU: API unit is 2^-32 Joules, 4 fixed counters, 655360 ms ovfl timer
[    4.657250] RAPL PMU: hw unit of domain pp0-core 2^-14 Joules
[    4.657251] RAPL PMU: hw unit of domain package 2^-14 Joules
[    4.657252] RAPL PMU: hw unit of domain dram 2^-14 Joules
[    4.657253] RAPL PMU: hw unit of domain pp1-gpu 2^-14 Joules
[    4.657883] usbcore: registered new interface driver option
[    4.659277] usbserial: USB Serial support registered for GSM modem (1-port)
[    4.659688] option 2-6:1.0: GSM modem (1-port) converter detected
[    4.659786] usb 2-6: GSM modem (1-port) converter now attached to ttyUSB3
[    4.659826] option 2-6:1.1: GSM modem (1-port) converter detected
[    4.659888] usb 2-6: GSM modem (1-port) converter now attached to ttyUSB4
[    4.659953] option 2-6:1.2: GSM modem (1-port) converter detected
[    4.660008] usb 2-6: GSM modem (1-port) converter now attached to ttyUSB5
[    4.660047] option 2-6:1.3: GSM modem (1-port) converter detected
[    4.660114] usb 2-6: GSM modem (1-port) converter now attached to ttyUSB6
[    4.661685] cryptd: max_cpu_qlen set to 1000
[    4.665292] usbcore: registered new interface driver cdc_wdm
[    4.680377] AVX2 version of gcm_enc/dec engaged.
[    4.680423] AES CTR mode by8 optimization enabled
[    4.683177] qmi_wwan 2-6:1.4: cdc-wdm1: USB WDM device
[    4.693976] qmi_wwan 2-6:1.4 wwan0: register 'qmi_wwan' at usb-0000:00:14.0-6, WWAN/QMI device, 92:36:b1:7f:5a:8c
[    4.694348] usb 2-6: Enable of device-initiated U1 failed.
[    4.694672] usb 2-6: Enable of device-initiated U2 failed.
[    4.695965] usbcore: registered new interface driver qmi_wwan
[    4.716560] snd_hda_intel 0000:00:1f.3: enabling device (0000 -> 0002)
[    4.716764] snd_hda_intel 0000:01:00.1: enabling device (0000 -> 0002)
[    4.716813] snd_hda_intel 0000:01:00.1: Disabling MSI
[    4.716817] snd_hda_intel 0000:01:00.1: Handle vga_switcheroo audio client
[    4.749985] i915 0000:00:02.0: enabling device (0000 -> 0003)
[    4.753253] mei_hdcp 0000:00:16.0-b638ab7e-94e2-4ea2-a552-d1c54b627f04: bound 0000:00:02.0 (ops i915_hdcp_component_ops [i915])
[    4.755021] input: HDA NVidia HDMI/DP,pcm=3 as /devices/pci0000:00/0000:00:01.0/0000:01:00.1/sound/card1/input15
[    4.813478] i915 0000:00:02.0: [drm] Finished loading DMC firmware i915/kbl_dmc_ver1_04.bin (v1.4)
[    4.866784] input: HDA NVidia HDMI/DP,pcm=7 as /devices/pci0000:00/0000:00:01.0/0000:01:00.1/sound/card1/input16
[    4.866828] input: HDA NVidia HDMI/DP,pcm=8 as /devices/pci0000:00/0000:00:01.0/0000:01:00.1/sound/card1/input17
[    4.866877] input: HDA NVidia HDMI/DP,pcm=9 as /devices/pci0000:00/0000:00:01.0/0000:01:00.1/sound/card1/input18
[    4.866957] input: HDA NVidia HDMI/DP,pcm=10 as /devices/pci0000:00/0000:00:01.0/0000:01:00.1/sound/card1/input19
[    4.867025] input: HDA NVidia HDMI/DP,pcm=11 as /devices/pci0000:00/0000:00:01.0/0000:01:00.1/sound/card1/input20
[    4.867118] input: HDA NVidia HDMI/DP,pcm=12 as /devices/pci0000:00/0000:00:01.0/0000:01:00.1/sound/card1/input21
[    4.899548] intel_tcc_cooling: Programmable TCC Offset detected
[    4.926682] intel_rapl_common: Found RAPL domain package
[    4.926685] intel_rapl_common: Found RAPL domain core
[    4.926686] intel_rapl_common: Found RAPL domain uncore
[    4.926686] intel_rapl_common: Found RAPL domain dram
[    5.030259] i915 0000:00:02.0: [drm] failed to retrieve link info, disabling eDP
[    5.030464] i915 0000:00:02.0: [drm] [ENCODER:94:DDI B/PHY B] is disabled/in DSI mode with an ungated DDI clock, gate it
[    5.030466] i915 0000:00:02.0: [drm] [ENCODER:104:DDI C/PHY C] is disabled/in DSI mode with an ungated DDI clock, gate it
[    5.232869] [drm] Initialized i915 1.6.0 20201103 for 0000:00:02.0 on minor 0
[    5.233373] snd_hda_intel 0000:00:1f.3: bound 0000:00:02.0 (ops i915_audio_component_bind_ops [i915])
[    5.244420] i915 0000:00:02.0: [drm] Cannot find any crtc or sizes
[    5.255405] i915 0000:00:02.0: [drm] Cannot find any crtc or sizes
[    5.264998] i915 0000:00:02.0: [drm] Cannot find any crtc or sizes
[    5.278947] snd_hda_codec_realtek hdaudioC0D0: autoconfig for ALC888-VD: line_outs=1 (0x15/0x0/0x0/0x0/0x0) type:line
[    5.278951] snd_hda_codec_realtek hdaudioC0D0:    speaker_outs=0 (0x0/0x0/0x0/0x0/0x0)
[    5.278953] snd_hda_codec_realtek hdaudioC0D0:    hp_outs=1 (0x14/0x0/0x0/0x0/0x0)
[    5.278955] snd_hda_codec_realtek hdaudioC0D0:    mono: mono_out=0x0
[    5.278957] snd_hda_codec_realtek hdaudioC0D0:    inputs:
[    5.278958] snd_hda_codec_realtek hdaudioC0D0:      Mic=0x18
[    5.278959] snd_hda_codec_realtek hdaudioC0D0:      Line=0x1a
[    5.295063] input: HDA Intel PCH Mic as /devices/pci0000:00/0000:00:1f.3/sound/card0/input22
[    5.295112] input: HDA Intel PCH Line Out as /devices/pci0000:00/0000:00:1f.3/sound/card0/input23
[    5.295153] input: HDA Intel PCH Headphone as /devices/pci0000:00/0000:00:1f.3/sound/card0/input24
[    5.295183] input: HDA Intel PCH HDMI/DP,pcm=3 as /devices/pci0000:00/0000:00:1f.3/sound/card0/input25
[    5.295206] input: HDA Intel PCH HDMI/DP,pcm=7 as /devices/pci0000:00/0000:00:1f.3/sound/card0/input26
[    5.295227] input: HDA Intel PCH HDMI/DP,pcm=8 as /devices/pci0000:00/0000:00:1f.3/sound/card0/input27
[    5.295249] input: HDA Intel PCH HDMI/DP,pcm=9 as /devices/pci0000:00/0000:00:1f.3/sound/card0/input28
[    5.295270] input: HDA Intel PCH HDMI/DP,pcm=10 as /devices/pci0000:00/0000:00:1f.3/sound/card0/input29
[    5.498424] nvidia: loading out-of-tree module taints kernel.
[    5.498432] nvidia: module license 'NVIDIA' taints kernel.
[    5.498433] Disabling lock debugging due to kernel taint
[    5.516537] nvidia: module verification failed: signature and/or required key missing - tainting kernel
[    5.528364] nvidia-nvlink: Nvlink Core is being initialized, major device number 507

[    5.529594] nvidia 0000:01:00.0: vgaarb: changed VGA decodes: olddecodes=io+mem,decodes=none:owns=io+mem
[    5.579523] NVRM: loading NVIDIA UNIX x86_64 Kernel Module  570.172.08  Tue Jul  8 18:31:33 UTC 2025
[    5.598629] nvidia-modeset: Loading NVIDIA Kernel Mode Setting Driver for UNIX platforms  570.172.08  Tue Jul  8 17:57:10 UTC 2025
[    5.602443] [drm] [nvidia-drm] [GPU ID 0x00000100] Loading driver
[    5.845454] EXT4-fs (nvme0n1p1): mounted filesystem with ordered data mode. Opts: (null). Quota mode: none.
[    5.912873] audit: type=1400 audit(1762231792.694:2): apparmor="STATUS" operation="profile_load" profile="unconfined" name="libreoffice-senddoc" pid=1335 comm="apparmor_parser"
[    5.913109] audit: type=1400 audit(1762231792.694:3): apparmor="STATUS" operation="profile_load" profile="unconfined" name="libreoffice-xpdfimport" pid=1325 comm="apparmor_parser"
[    5.913160] audit: type=1400 audit(1762231792.694:4): apparmor="STATUS" operation="profile_load" profile="unconfined" name="ippusbxd" pid=1338 comm="apparmor_parser"
[    5.913433] audit: type=1400 audit(1762231792.694:5): apparmor="STATUS" operation="profile_load" profile="unconfined" name="lsb_release" pid=1330 comm="apparmor_parser"
[    5.913968] audit: type=1400 audit(1762231792.694:6): apparmor="STATUS" operation="profile_load" profile="unconfined" name="nvidia_modprobe" pid=1329 comm="apparmor_parser"
[    5.913971] audit: type=1400 audit(1762231792.694:7): apparmor="STATUS" operation="profile_load" profile="unconfined" name="nvidia_modprobe//kmod" pid=1329 comm="apparmor_parser"
[    5.914108] audit: type=1400 audit(1762231792.694:8): apparmor="STATUS" operation="profile_load" profile="unconfined" name="/usr/bin/man" pid=1336 comm="apparmor_parser"
[    5.914111] audit: type=1400 audit(1762231792.694:9): apparmor="STATUS" operation="profile_load" profile="unconfined" name="man_filter" pid=1336 comm="apparmor_parser"
[    5.914113] audit: type=1400 audit(1762231792.694:10): apparmor="STATUS" operation="profile_load" profile="unconfined" name="man_groff" pid=1336 comm="apparmor_parser"
[    5.914326] audit: type=1400 audit(1762231792.694:11): apparmor="STATUS" operation="profile_load" profile="unconfined" name="libreoffice-oopslash" pid=1331 comm="apparmor_parser"
[    6.970513] resource sanity check: requesting [mem 0x000c8000-0x000effff], which spans more than PCI Bus 0000:00 [mem 0x000e0000-0x000fffff window]
[    6.970517] caller os_map_kernel_space+0xa0/0x100 [nvidia] mapping multiple BARs
[    7.097201] into InitSkeleton
[    7.097203] Module skeleton init
[    7.097204] success adding s_devChar!
[    7.097205] begin InitModuleDevice
[    7.097237] end InitModuleDevice, nRet: 0
[    7.097238] into InitHook
[    7.097238] linux version 50fbd
[    7.097239] not Defined ALLOW_GPL
[    7.097239] using LFT_ModuleHookV4
[    7.138789] [InitModule:616]:GIGE Driver Enter: Version[2.6.1.3 build 20250806]
[    7.165753] [InitModule:603]:CXP Driver Enter: Version[2.6.1.3 build 20250806]
[    7.190339] [InitModule:600]:XOF Driver Enter: Version[2.6.1.3 build 20250806]
[    7.215337] [InitModule:604]:CL Driver Enter: Version[2.6.1.3 build 20250806]
[    7.239014] [InitModule:1147]:Vir Serial Driver Enter: Version[2.6.1.3 build 20250806]
[    7.262779] [drm] Initialized nvidia-drm 0.0.0 20160202 for 0000:01:00.0 on minor 1
[    7.262785] nvidia 0000:01:00.0: vgaarb: deactivate vga console
[    7.284625] [InitModule:607]:LC Driver Enter: Version[1.0.0.3 build 20250806]
[    7.342312] fbcon: nvidia-drmdrmfb (fb0) is primary device
[    7.402223] Console: switching to colour frame buffer device 240x67
[    7.413533] nvidia 0000:01:00.0: [drm] fb0: nvidia-drmdrmfb frame buffer device
[    8.578522] aufs 5.15.5-20211129
[    8.846267] bpfilter: Loaded bpfilter_umh pid 2255
[    8.846513] Started bpfilter
[    9.545258] loop27: detected capacity change from 0 to 8
[   11.493509] e1000e 0000:00:1f.6 eno1: NIC Link is Up 1000 Mbps Full Duplex, Flow Control: Rx/Tx
[   11.493553] IPv6: ADDRCONF(NETDEV_CHANGE): eno1: link becomes ready
[   14.424521] rfkill: input handler disabled
[   14.814208] nvidia_uvm: module uses symbols from proprietary module nvidia, inheriting taint.
[   25.966943] logitech-hidpp-device 0003:046D:404D.0004: HID++ 4.1 device connected.
[   27.806856] e1000e 0000:00:1f.6 eno1: NIC Link is Down
[   30.564133] e1000e 0000:00:1f.6 eno1: NIC Link is Up 1000 Mbps Full Duplex, Flow Control: Rx/Tx
[   38.448931] Initializing XFRM netlink socket
[   38.585865] bridge: filtering via arp/ip/ip6tables is no longer available by default. Update your scripts to load br_netfilter if you need this.
[   38.875206] docker0: port 1(vethe584c77) entered blocking state
[   38.875209] docker0: port 1(vethe584c77) entered disabled state
[   38.875248] device vethe584c77 entered promiscuous mode
[   38.875408] docker0: port 1(vethe584c77) entered blocking state
[   38.875410] docker0: port 1(vethe584c77) entered forwarding state
[   38.875426] IPv6: ADDRCONF(NETDEV_CHANGE): docker0: link becomes ready
[   38.875599] docker0: port 1(vethe584c77) entered disabled state
[   38.881722] eth0: renamed from vethc98a0d3
[   38.927247] docker0: port 2(veth26b95fd) entered blocking state
[   38.927250] docker0: port 2(veth26b95fd) entered disabled state
[   38.927291] device veth26b95fd entered promiscuous mode
[   38.927425] IPv6: ADDRCONF(NETDEV_CHANGE): vethe584c77: link becomes ready
[   38.927480] docker0: port 1(vethe584c77) entered blocking state
[   38.927482] docker0: port 1(vethe584c77) entered forwarding state
[   38.927609] docker0: port 2(veth26b95fd) entered blocking state
[   38.927611] docker0: port 2(veth26b95fd) entered forwarding state
[   38.927841] br-c69cba0c056a: port 1(vethd6fb116) entered blocking state
[   38.927843] br-c69cba0c056a: port 1(vethd6fb116) entered disabled state
[   38.927888] device vethd6fb116 entered promiscuous mode
[   38.928018] br-c69cba0c056a: port 1(vethd6fb116) entered blocking state
[   38.928021] br-c69cba0c056a: port 1(vethd6fb116) entered forwarding state
[   38.928058] br-c69cba0c056a: port 1(vethd6fb116) entered disabled state
[   38.928096] docker0: port 2(veth26b95fd) entered disabled state
[   38.948833] eth0: renamed from veth344b03c
[   38.991124] IPv6: ADDRCONF(NETDEV_CHANGE): veth26b95fd: link becomes ready
[   38.991159] docker0: port 2(veth26b95fd) entered blocking state
[   38.991161] docker0: port 2(veth26b95fd) entered forwarding state
[   38.995583] eth0: renamed from veth2b3d2df
[   39.027135] IPv6: ADDRCONF(NETDEV_CHANGE): vethd6fb116: link becomes ready
[   39.027168] br-c69cba0c056a: port 1(vethd6fb116) entered blocking state
[   39.027170] br-c69cba0c056a: port 1(vethd6fb116) entered forwarding state
[   39.027244] IPv6: ADDRCONF(NETDEV_CHANGE): br-c69cba0c056a: link becomes ready
[   75.987005] usb 2-1.4: reset SuperSpeed USB device number 6 using xhci_hcd
[   75.991162] usb 4-1.1: reset SuperSpeed USB device number 3 using xhci_hcd
[   76.010986] usb 2-1.4: LPM exit latency is zeroed, disabling LPM.
[   76.013807] usb 2-1.4: usbfs: process 9283 (grabImgWithTrig) did not claim interface 2 before use
[   76.015192] usb 4-1.1: LPM exit latency is zeroed, disabling LPM.
[   76.019784] usb 4-1.1: usbfs: process 9242 (grabImgWithTrig) did not claim interface 2 before use
[   76.094907] usb 2-1.2: reset SuperSpeed USB device number 4 using xhci_hcd
[   76.095141] usb 4-1.2: reset SuperSpeed USB device number 4 using xhci_hcd
[   76.114995] usb 2-1.2: LPM exit latency is zeroed, disabling LPM.
[   76.115330] usb 4-1.2: LPM exit latency is zeroed, disabling LPM.
[   76.118109] usb 2-1.2: usbfs: process 9275 (grabImgWithTrig) did not claim interface 2 before use
[   76.119653] usb 4-1.2: usbfs: process 9292 (grabImgWithTrig) did not claim interface 2 before use
[   76.194919] usb 2-1.3: reset SuperSpeed USB device number 5 using xhci_hcd
[   76.195148] usb 4-1.3: reset SuperSpeed USB device number 5 using xhci_hcd
[   76.215001] usb 2-1.3: LPM exit latency is zeroed, disabling LPM.
[   76.218671] usb 2-1.3: usbfs: process 9287 (grabImgWithTrig) did not claim interface 2 before use
[   76.222816] usb 4-1.3: LPM exit latency is zeroed, disabling LPM.
[   76.226383] usb 4-1.3: usbfs: process 9286 (grabImgWithTrig) did not claim interface 2 before use
[  107.288794] wireguard: WireGuard 1.0.0 loaded. See www.wireguard.com for information.
[  107.288799] wireguard: Copyright (C) 2015-2019 Jason A. Donenfeld <Jason@zx2c4.com>. All Rights Reserved.
[  139.844952] usb 4-1.2: reset SuperSpeed USB device number 4 using xhci_hcd
[  139.865015] usb 4-1.2: LPM exit latency is zeroed, disabling LPM.
[  139.868230] usb 4-1.2: usbfs: process 9292 (grabImgWithTrig) did not claim interface 2 before use
[  140.065760] usb 4-1.1: reset SuperSpeed USB device number 3 using xhci_hcd
[  140.456615] usb 4-1.3: USB disconnect, device number 5
[  140.986795] usb 4-1.1: LPM exit latency is zeroed, disabling LPM.
[  140.992320] usb 4-1.1: usbfs: process 9242 (grabImgWithTrig) did not claim interface 2 before use
[  141.069351] usb 4-1.3: new SuperSpeed USB device number 6 using xhci_hcd
[  141.094369] usb 4-1.3: LPM exit latency is zeroed, disabling LPM.
[  141.095902] usb 4-1.3: New USB device found, idVendor=2bdf, idProduct=0001, bcdDevice= 1.00
[  141.095910] usb 4-1.3: New USB device strings: Mfr=5, Product=3, SerialNumber=6
[  141.095914] usb 4-1.3: Product: MV-CH100-60UC
[  141.095917] usb 4-1.3: Manufacturer: Hikrobot
[  141.095920] usb 4-1.3: SerialNumber: DA4930148
[  142.177352] usb 4-1.3: reset SuperSpeed USB device number 6 using xhci_hcd
[  142.198488] usb 4-1.3: LPM exit latency is zeroed, disabling LPM.
[  142.204081] usb 4-1.3: usbfs: process 9286 (grabImgWithTrig) did not claim interface 2 before use
[  162.262819] usb 4-1.1: reset SuperSpeed USB device number 3 using xhci_hcd
[  163.183248] usb 4-1.1: LPM exit latency is zeroed, disabling LPM.
[  163.188430] usb 4-1.1: usbfs: process 9242 (grabImgWithTrig) did not claim interface 2 before use
[  181.542809] usb 4-1.3: reset SuperSpeed USB device number 6 using xhci_hcd
[  181.562943] usb 4-1.3: LPM exit latency is zeroed, disabling LPM.
[  181.565989] usb 4-1.3: usbfs: process 9286 (grabImgWithTrig) did not claim interface 0 before use
[  181.883442] usb 4-1.2: reset SuperSpeed USB device number 4 using xhci_hcd
[  181.903528] usb 4-1.2: LPM exit latency is zeroed, disabling LPM.
[  181.908000] usb 4-1.2: usbfs: process 9292 (grabImgWithTrig) did not claim interface 2 before use
[  182.270754] usb 4-1.3: reset SuperSpeed USB device number 6 using xhci_hcd
[  182.295641] usb 4-1.3: LPM exit latency is zeroed, disabling LPM.
[  182.300993] usb 4-1.3: usbfs: process 9286 (grabImgWithTrig) did not claim interface 2 before use
[  211.312649] usb 4-1.3: reset SuperSpeed USB device number 6 using xhci_hcd
[  211.332717] usb 4-1.3: LPM exit latency is zeroed, disabling LPM.
[  211.335907] usb 4-1.3: usbfs: process 9286 (grabImgWithTrig) did not claim interface 0 before use
[  212.064732] usb 4-1.3: reset SuperSpeed USB device number 6 using xhci_hcd
[  212.089325] usb 4-1.3: LPM exit latency is zeroed, disabling LPM.
[  212.094515] usb 4-1.3: usbfs: process 9286 (grabImgWithTrig) did not claim interface 2 before use
[  212.668672] usb 4-1.2: reset SuperSpeed USB device number 4 using xhci_hcd
[  212.689562] usb 4-1.2: LPM exit latency is zeroed, disabling LPM.
[  212.694391] usb 4-1.2: usbfs: process 9292 (grabImgWithTrig) did not claim interface 2 before use
[  247.222500] usb 4-1.1: reset SuperSpeed USB device number 3 using xhci_hcd
[  247.246481] usb 4-1.1: LPM exit latency is zeroed, disabling LPM.
[  247.249593] usb 4-1.1: usbfs: process 9242 (grabImgWithTrig) did not claim interface 0 before use
[  247.358579] usb 4-1.2: reset SuperSpeed USB device number 4 using xhci_hcd
[  247.378532] usb 4-1.2: LPM exit latency is zeroed, disabling LPM.
[  247.381637] usb 4-1.2: usbfs: process 9292 (grabImgWithTrig) did not claim interface 2 before use
[  247.962371] usb 4-1.1: reset SuperSpeed USB device number 3 using xhci_hcd
[  247.983344] usb 4-1.1: LPM exit latency is zeroed, disabling LPM.
[  247.988590] usb 4-1.1: usbfs: process 9242 (grabImgWithTrig) did not claim interface 2 before use
[  273.244470] usb 4-1.1: USB disconnect, device number 3
[  277.456687] usb 4-1.2: reset SuperSpeed USB device number 4 using xhci_hcd
[  277.480741] usb 4-1.2: LPM exit latency is zeroed, disabling LPM.
[  277.483849] usb 4-1.2: usbfs: process 9292 (grabImgWithTrig) did not claim interface 2 before use
[  277.568269] usb 4-1.1: new SuperSpeed USB device number 7 using xhci_hcd
[  277.588695] usb 4-1.1: LPM exit latency is zeroed, disabling LPM.
[  277.589620] usb 4-1.1: New USB device found, idVendor=2bdf, idProduct=0001, bcdDevice= 1.00
[  277.589622] usb 4-1.1: New USB device strings: Mfr=5, Product=3, SerialNumber=6
[  277.589623] usb 4-1.1: Product: MV-CH100-60UC
[  277.589624] usb 4-1.1: Manufacturer: Hikrobot
[  277.589625] usb 4-1.1: SerialNumber: DA5148680
[  277.964477] usb 4-1.1: reset SuperSpeed USB device number 7 using xhci_hcd
[  277.985321] usb 4-1.1: LPM exit latency is zeroed, disabling LPM.
[  277.990451] usb 4-1.1: usbfs: process 9242 (grabImgWithTrig) did not claim interface 2 before use
[  278.464787] usb 4-1.3: reset SuperSpeed USB device number 6 using xhci_hcd
[  279.388143] usb 4-1.3: LPM exit latency is zeroed, disabling LPM.
[  279.393605] usb 4-1.3: usbfs: process 9286 (grabImgWithTrig) did not claim interface 2 before use
[  302.659621] usb 4-1.3: reset SuperSpeed USB device number 6 using xhci_hcd
[  303.582161] usb 4-1.3: LPM exit latency is zeroed, disabling LPM.
[  303.587444] usb 4-1.3: usbfs: process 9286 (grabImgWithTrig) did not claim interface 2 before use
[  332.862129] usb 4-1.2: reset SuperSpeed USB device number 4 using xhci_hcd
[  332.886794] usb 4-1.2: LPM exit latency is zeroed, disabling LPM.
[  332.891517] usb 4-1.2: usbfs: process 9292 (grabImgWithTrig) did not claim interface 2 before use
[  334.201235] usb 4-1.1: USB disconnect, device number 7
[  334.433687] usb 4-1.1: new SuperSpeed USB device number 8 using xhci_hcd
[  334.454076] usb 4-1.1: LPM exit latency is zeroed, disabling LPM.
[  334.454848] usb 4-1.1: New USB device found, idVendor=2bdf, idProduct=0001, bcdDevice= 1.00
[  334.454851] usb 4-1.1: New USB device strings: Mfr=5, Product=3, SerialNumber=6
[  334.454852] usb 4-1.1: Product: MV-CH100-60UC
[  334.454853] usb 4-1.1: Manufacturer: Hikrobot
[  334.454854] usb 4-1.1: SerialNumber: DA5148680
[  335.165897] usb 4-1.1: reset SuperSpeed USB device number 8 using xhci_hcd
[  335.186897] usb 4-1.1: LPM exit latency is zeroed, disabling LPM.
[  335.192216] usb 4-1.1: usbfs: process 9242 (grabImgWithTrig) did not claim interface 2 before use
[  362.962131] usb 4-1.3: reset SuperSpeed USB device number 6 using xhci_hcd
[  362.982703] usb 4-1.3: LPM exit latency is zeroed, disabling LPM.
[  362.987451] usb 4-1.3: usbfs: process 9286 (grabImgWithTrig) did not claim interface 2 before use
[  363.291762] usb 4-1.2: USB disconnect, device number 4
[  363.521945] usb 4-1.2: new SuperSpeed USB device number 9 using xhci_hcd
[  363.546201] usb 4-1.2: LPM exit latency is zeroed, disabling LPM.
[  363.547179] usb 4-1.2: New USB device found, idVendor=2bdf, idProduct=0001, bcdDevice= 1.00
[  363.547181] usb 4-1.2: New USB device strings: Mfr=5, Product=3, SerialNumber=6
[  363.547183] usb 4-1.2: Product: MV-CH100-60UC
[  363.547184] usb 4-1.2: Manufacturer: Hikrobot
[  363.547184] usb 4-1.2: SerialNumber: DA5324645
[  364.466144] usb 4-1.2: reset SuperSpeed USB device number 9 using xhci_hcd
[  364.487212] usb 4-1.2: LPM exit latency is zeroed, disabling LPM.
[  364.492468] usb 4-1.2: usbfs: process 9292 (grabImgWithTrig) did not claim interface 2 before use
[  396.956301] usb 4-1.1: reset SuperSpeed USB device number 8 using xhci_hcd
[  396.980935] usb 4-1.1: LPM exit latency is zeroed, disabling LPM.
[  396.986290] usb 4-1.1: usbfs: process 9242 (grabImgWithTrig) did not claim interface 2 before use
[  402.656603] usb 4-1.3: reset SuperSpeed USB device number 6 using xhci_hcd
[  402.676440] usb 4-1.3: LPM exit latency is zeroed, disabling LPM.
[  402.681163] usb 4-1.3: usbfs: process 9286 (grabImgWithTrig) did not claim interface 2 before use
[  530.856343] usb 4-1.1: reset SuperSpeed USB device number 8 using xhci_hcd
[  530.877247] usb 4-1.1: LPM exit latency is zeroed, disabling LPM.
[  530.882860] usb 4-1.1: usbfs: process 9242 (grabImgWithTrig) did not claim interface 2 before use
[  602.410759] usb 4-1.3: reset SuperSpeed USB device number 6 using xhci_hcd
[  602.430826] usb 4-1.3: LPM exit latency is zeroed, disabling LPM.
[  602.433925] usb 4-1.3: usbfs: process 9286 (grabImgWithTrig) did not claim interface 0 before use
[  603.283194] usb 4-1.3: reset SuperSpeed USB device number 6 using xhci_hcd
[  603.302918] usb 4-1.3: LPM exit latency is zeroed, disabling LPM.
[  603.306597] usb 4-1.3: usbfs: process 9286 (grabImgWithTrig) did not claim interface 2 before use
[  603.854890] usb 4-1.2: reset SuperSpeed USB device number 9 using xhci_hcd
[  603.879702] usb 4-1.2: LPM exit latency is zeroed, disabling LPM.
[  603.884584] usb 4-1.2: usbfs: process 9292 (grabImgWithTrig) did not claim interface 2 before use
[  621.398828] usb 4-1.3: reset SuperSpeed USB device number 6 using xhci_hcd
[  621.418453] usb 4-1.3: LPM exit latency is zeroed, disabling LPM.
[  621.421558] usb 4-1.3: usbfs: process 9286 (grabImgWithTrig) did not claim interface 0 before use
[  621.754548] usb 4-1.1: reset SuperSpeed USB device number 8 using xhci_hcd
[  621.775152] usb 4-1.1: LPM exit latency is zeroed, disabling LPM.
[  621.779631] usb 4-1.1: usbfs: process 9242 (grabImgWithTrig) did not claim interface 2 before use
[  622.183107] usb 4-1.3: reset SuperSpeed USB device number 6 using xhci_hcd
[  622.203458] usb 4-1.3: LPM exit latency is zeroed, disabling LPM.
[  622.208996] usb 4-1.3: usbfs: process 9286 (grabImgWithTrig) did not claim interface 2 before use
[  638.158412] usb 4-1.2: reset SuperSpeed USB device number 9 using xhci_hcd
[  638.179331] usb 4-1.2: LPM exit latency is zeroed, disabling LPM.
[  638.184079] usb 4-1.2: usbfs: process 9292 (grabImgWithTrig) did not claim interface 2 before use
[  640.450486] usb 4-1.1: reset SuperSpeed USB device number 8 using xhci_hcd
[  640.470414] usb 4-1.1: LPM exit latency is zeroed, disabling LPM.
[  640.474875] usb 4-1.1: usbfs: process 9242 (grabImgWithTrig) did not claim interface 2 before use
[  706.765427] usb 4-1.1: reset SuperSpeed USB device number 8 using xhci_hcd
[  706.786113] usb 4-1.1: LPM exit latency is zeroed, disabling LPM.
[  706.790644] usb 4-1.1: usbfs: process 9242 (grabImgWithTrig) did not claim interface 0 before use
[  707.653581] usb 4-1.1: reset SuperSpeed USB device number 8 using xhci_hcd
[  707.674169] usb 4-1.1: LPM exit latency is zeroed, disabling LPM.
[  707.679338] usb 4-1.1: usbfs: process 9242 (grabImgWithTrig) did not claim interface 2 before use
[  708.165489] usb 4-1.2: reset SuperSpeed USB device number 9 using xhci_hcd
[  708.190437] usb 4-1.2: LPM exit latency is zeroed, disabling LPM.
[  708.195352] usb 4-1.2: usbfs: process 9292 (grabImgWithTrig) did not claim interface 2 before use
[  716.553377] usb 4-1.2: reset SuperSpeed USB device number 9 using xhci_hcd
[  716.574023] usb 4-1.2: LPM exit latency is zeroed, disabling LPM.
[  716.579441] usb 4-1.2: usbfs: process 9292 (grabImgWithTrig) did not claim interface 2 before use
[  729.176784] usb 4-1.1: USB disconnect, device number 8
[  733.445101] usb 4-1.2: reset SuperSpeed USB device number 9 using xhci_hcd
[  733.465185] usb 4-1.2: LPM exit latency is zeroed, disabling LPM.
[  733.468670] usb 4-1.2: usbfs: process 9292 (grabImgWithTrig) did not claim interface 2 before use
[  733.544691] usb 4-1.1: new SuperSpeed USB device number 10 using xhci_hcd
[  733.569096] usb 4-1.1: LPM exit latency is zeroed, disabling LPM.
[  733.569881] usb 4-1.1: New USB device found, idVendor=2bdf, idProduct=0001, bcdDevice= 1.00
[  733.569884] usb 4-1.1: New USB device strings: Mfr=5, Product=3, SerialNumber=6
[  733.569885] usb 4-1.1: Product: MV-CH100-60UC
[  733.569886] usb 4-1.1: Manufacturer: Hikrobot
[  733.569887] usb 4-1.1: SerialNumber: DA5148680
[  733.952979] usb 4-1.1: reset SuperSpeed USB device number 10 using xhci_hcd
[  733.973908] usb 4-1.1: LPM exit latency is zeroed, disabling LPM.
[  733.979690] usb 4-1.1: usbfs: process 9242 (grabImgWithTrig) did not claim interface 2 before use
[  789.352162] usb 4-1.3: reset SuperSpeed USB device number 6 using xhci_hcd
[  790.276054] usb 4-1.3: LPM exit latency is zeroed, disabling LPM.
[  790.281643] usb 4-1.3: usbfs: process 9286 (grabImgWithTrig) did not claim interface 2 before use
[  802.647362] usb 4-1.3: USB disconnect, device number 6
[  806.199311] usb 4-1.3: new SuperSpeed USB device number 11 using xhci_hcd
[  806.219790] usb 4-1.3: LPM exit latency is zeroed, disabling LPM.
[  806.220565] usb 4-1.3: New USB device found, idVendor=2bdf, idProduct=0001, bcdDevice= 1.00
[  806.220576] usb 4-1.3: New USB device strings: Mfr=5, Product=3, SerialNumber=6
[  806.220582] usb 4-1.3: Product: MV-CH100-60UC
[  806.220587] usb 4-1.3: Manufacturer: Hikrobot
[  806.220592] usb 4-1.3: SerialNumber: DA4930148
[  806.655575] usb 4-1.3: reset SuperSpeed USB device number 11 using xhci_hcd
[  806.675708] usb 4-1.3: LPM exit latency is zeroed, disabling LPM.
[  806.679381] usb 4-1.3: usbfs: process 9286 (grabImgWithTrig) did not claim interface 2 before use
[  807.151859] usb 4-1.1: reset SuperSpeed USB device number 10 using xhci_hcd
[  807.176302] usb 4-1.1: LPM exit latency is zeroed, disabling LPM.
[  807.180920] usb 4-1.1: usbfs: process 9242 (grabImgWithTrig) did not claim interface 2 before use
[  807.259743] usb 4-1.2: reset SuperSpeed USB device number 9 using xhci_hcd
[  808.179896] usb 4-1.2: LPM exit latency is zeroed, disabling LPM.
[  808.185392] usb 4-1.2: usbfs: process 9292 (grabImgWithTrig) did not claim interface 2 before use
[  916.919198] usb 4-1.2: USB disconnect, device number 9
[  917.381366] usb 4-1.1: reset SuperSpeed USB device number 10 using xhci_hcd
[  917.401384] usb 4-1.1: LPM exit latency is zeroed, disabling LPM.
[  917.404749] usb 4-1.1: usbfs: process 9242 (grabImgWithTrig) did not claim interface 2 before use
[  917.480935] usb 4-1.2: new SuperSpeed USB device number 12 using xhci_hcd
[  917.501329] usb 4-1.2: LPM exit latency is zeroed, disabling LPM.
[  917.502278] usb 4-1.2: New USB device found, idVendor=2bdf, idProduct=0001, bcdDevice= 1.00
[  917.502281] usb 4-1.2: New USB device strings: Mfr=5, Product=3, SerialNumber=6
[  917.502282] usb 4-1.2: Product: MV-CH100-60UC
[  917.502282] usb 4-1.2: Manufacturer: Hikrobot
[  917.502283] usb 4-1.2: SerialNumber: DA5324645
[  917.581464] usb 4-1.3: reset SuperSpeed USB device number 11 using xhci_hcd
[  918.503024] usb 4-1.3: LPM exit latency is zeroed, disabling LPM.
[  918.507065] usb 4-1.3: usbfs: process 9286 (grabImgWithTrig) did not claim interface 2 before use
[  918.609089] usb 4-1.2: reset SuperSpeed USB device number 12 using xhci_hcd
[  918.629331] usb 4-1.2: LPM exit latency is zeroed, disabling LPM.
[  918.633036] usb 4-1.2: usbfs: process 9292 (grabImgWithTrig) did not claim interface 2 before use
[  981.367521] usb 2-1.2: reset SuperSpeed USB device number 4 using xhci_hcd
[  982.288315] usb 2-1.2: LPM exit latency is zeroed, disabling LPM.
[  982.291436] usb 2-1.2: usbfs: process 9275 (grabImgWithTrig) did not claim interface 2 before use
[ 1006.935032] usb 4-1.2: USB disconnect, device number 12
[ 1011.394827] usb 2-1.3: reset SuperSpeed USB device number 5 using xhci_hcd
[ 1011.399249] usb 4-1.3: reset SuperSpeed USB device number 11 using xhci_hcd
[ 1011.423211] usb 4-1.3: LPM exit latency is zeroed, disabling LPM.
[ 1011.426470] usb 4-1.3: usbfs: process 9286 (grabImgWithTrig) did not claim interface 2 before use
[ 1011.518779] usb 4-1.2: new SuperSpeed USB device number 13 using xhci_hcd
[ 1011.543827] usb 4-1.2: LPM exit latency is zeroed, disabling LPM.
[ 1011.545334] usb 4-1.2: New USB device found, idVendor=2bdf, idProduct=0001, bcdDevice= 1.00
[ 1011.545337] usb 4-1.2: New USB device strings: Mfr=5, Product=3, SerialNumber=6
[ 1011.545339] usb 4-1.2: Product: MV-CH100-60UC
[ 1011.545340] usb 4-1.2: Manufacturer: Hikrobot
[ 1011.545341] usb 4-1.2: SerialNumber: DA5324645
[ 1012.318454] usb 2-1.3: LPM exit latency is zeroed, disabling LPM.
[ 1012.322418] usb 2-1.3: usbfs: process 9287 (grabImgWithTrig) did not claim interface 2 before use
[ 1012.427188] usb 4-1.2: reset SuperSpeed USB device number 13 using xhci_hcd
[ 1012.448139] usb 4-1.2: LPM exit latency is zeroed, disabling LPM.
[ 1012.455325] usb 4-1.2: usbfs: process 9292 (grabImgWithTrig) did not claim interface 2 before use
[ 1071.817845] usb 4-1.1: reset SuperSpeed USB device number 10 using xhci_hcd
[ 1072.195694] usb 4-1.3: USB disconnect, device number 11
[ 1072.740347] usb 4-1.1: LPM exit latency is zeroed, disabling LPM.
[ 1072.744458] usb 4-1.1: usbfs: process 9242 (grabImgWithTrig) did not claim interface 2 before use
[ 1072.825368] usb 4-1.3: new SuperSpeed USB device number 14 using xhci_hcd
[ 1072.845746] usb 4-1.3: LPM exit latency is zeroed, disabling LPM.
[ 1072.846536] usb 4-1.3: New USB device found, idVendor=2bdf, idProduct=0001, bcdDevice= 1.00
[ 1072.846540] usb 4-1.3: New USB device strings: Mfr=5, Product=3, SerialNumber=6
[ 1072.846543] usb 4-1.3: Product: MV-CH100-60UC
[ 1072.846544] usb 4-1.3: Manufacturer: Hikrobot
[ 1072.846546] usb 4-1.3: SerialNumber: DA4930148
[ 1073.785872] usb 4-1.2: reset SuperSpeed USB device number 13 using xhci_hcd
[ 1073.805801] usb 4-1.2: LPM exit latency is zeroed, disabling LPM.
[ 1073.808975] usb 4-1.2: usbfs: process 9292 (grabImgWithTrig) did not claim interface 2 before use
[ 1073.913908] usb 4-1.3: reset SuperSpeed USB device number 14 using xhci_hcd
[ 1073.937846] usb 4-1.3: LPM exit latency is zeroed, disabling LPM.
[ 1073.942871] usb 4-1.3: usbfs: process 9286 (grabImgWithTrig) did not claim interface 2 before use
[ 1074.389418] usb 2-1.3: reset SuperSpeed USB device number 5 using xhci_hcd
[ 1074.413425] usb 2-1.3: LPM exit latency is zeroed, disabling LPM.
[ 1074.416500] usb 2-1.3: usbfs: process 9287 (grabImgWithTrig) did not claim interface 2 before use
[ 1078.805323] usb 2-1.2: reset SuperSpeed USB device number 4 using xhci_hcd
[ 1078.825336] usb 2-1.2: LPM exit latency is zeroed, disabling LPM.
[ 1078.828291] usb 2-1.2: usbfs: process 9275 (grabImgWithTrig) did not claim interface 2 before use
[ 1078.925214] usb 2-1.3: reset SuperSpeed USB device number 5 using xhci_hcd
[ 1078.949389] usb 2-1.3: LPM exit latency is zeroed, disabling LPM.
[ 1078.952389] usb 2-1.3: usbfs: process 9287 (grabImgWithTrig) did not claim interface 2 before use
[ 1079.029357] usb 2-1.4: reset SuperSpeed USB device number 6 using xhci_hcd
[ 1079.049355] usb 2-1.4: LPM exit latency is zeroed, disabling LPM.
[ 1079.052500] usb 2-1.4: usbfs: process 9283 (grabImgWithTrig) did not claim interface 2 before use
[ 1082.337223] usb 2-1.2: reset SuperSpeed USB device number 4 using xhci_hcd
[ 1082.357321] usb 2-1.2: LPM exit latency is zeroed, disabling LPM.
[ 1082.360357] usb 2-1.2: usbfs: process 9275 (grabImgWithTrig) did not claim interface 2 before use
[ 1082.501192] usb 2-1.3: reset SuperSpeed USB device number 5 using xhci_hcd
[ 1083.425107] usb 2-1.3: LPM exit latency is zeroed, disabling LPM.
[ 1083.428127] usb 2-1.3: usbfs: process 9287 (grabImgWithTrig) did not claim interface 2 before use
[ 1083.509186] usb 2-1.4: reset SuperSpeed USB device number 6 using xhci_hcd
[ 1084.426443] usb 2-1.4: LPM exit latency is zeroed, disabling LPM.
[ 1084.429337] usb 2-1.4: usbfs: process 9283 (grabImgWithTrig) did not claim interface 2 before use
[ 1089.633089] usb 2-1.4: reset SuperSpeed USB device number 6 using xhci_hcd
[ 1089.653224] usb 2-1.4: LPM exit latency is zeroed, disabling LPM.
[ 1089.656222] usb 2-1.4: usbfs: process 9283 (grabImgWithTrig) did not claim interface 2 before use
[ 1089.801002] usb 2-1.2: reset SuperSpeed USB device number 4 using xhci_hcd
[ 1090.721672] usb 2-1.2: LPM exit latency is zeroed, disabling LPM.
[ 1090.724605] usb 2-1.2: usbfs: process 9275 (grabImgWithTrig) did not claim interface 2 before use
[ 1090.821015] usb 2-1.3: reset SuperSpeed USB device number 5 using xhci_hcd
[ 1090.845423] usb 2-1.3: LPM exit latency is zeroed, disabling LPM.
[ 1090.848606] usb 2-1.3: usbfs: process 9287 (grabImgWithTrig) did not claim interface 2 before use
[ 1093.056912] usb 2-1.3: reset SuperSpeed USB device number 5 using xhci_hcd
[ 1093.076916] usb 2-1.3: LPM exit latency is zeroed, disabling LPM.
[ 1093.079921] usb 2-1.3: usbfs: process 9287 (grabImgWithTrig) did not claim interface 2 before use
[ 1093.160903] usb 2-1.4: reset SuperSpeed USB device number 6 using xhci_hcd
[ 1093.180975] usb 2-1.4: LPM exit latency is zeroed, disabling LPM.
[ 1093.183962] usb 2-1.4: usbfs: process 9283 (grabImgWithTrig) did not claim interface 2 before use
[ 1093.264856] usb 2-1.2: reset SuperSpeed USB device number 4 using xhci_hcd
[ 1093.284913] usb 2-1.2: LPM exit latency is zeroed, disabling LPM.
[ 1093.287768] usb 2-1.2: usbfs: process 9275 (grabImgWithTrig) did not claim interface 2 before use
[ 1095.249620] usb 4-1.2: reset SuperSpeed USB device number 13 using xhci_hcd
[ 1095.270086] usb 4-1.2: LPM exit latency is zeroed, disabling LPM.
[ 1095.275582] usb 4-1.2: usbfs: process 9292 (grabImgWithTrig) did not claim interface 2 before use
[ 1095.384877] usb 2-1.4: reset SuperSpeed USB device number 6 using xhci_hcd
[ 1095.405086] usb 2-1.4: LPM exit latency is zeroed, disabling LPM.
[ 1095.408042] usb 2-1.4: usbfs: process 9283 (grabImgWithTrig) did not claim interface 2 before use
[ 1095.512845] usb 2-1.3: reset SuperSpeed USB device number 5 using xhci_hcd
[ 1096.432686] usb 2-1.3: LPM exit latency is zeroed, disabling LPM.
[ 1096.450902] usb 2-1.3: usbfs: process 9287 (grabImgWithTrig) did not claim interface 2 before use
[ 1099.500859] usb 2-1.2: reset SuperSpeed USB device number 4 using xhci_hcd
[ 1100.425326] usb 2-1.2: LPM exit latency is zeroed, disabling LPM.
[ 1100.428152] usb 2-1.2: usbfs: process 9275 (grabImgWithTrig) did not claim interface 2 before use
[ 1100.504790] usb 2-1.4: reset SuperSpeed USB device number 6 using xhci_hcd
[ 1101.426861] usb 2-1.4: LPM exit latency is zeroed, disabling LPM.
[ 1101.429875] usb 2-1.4: usbfs: process 9283 (grabImgWithTrig) did not claim interface 2 before use
[ 1101.660848] usb 2-1.3: reset SuperSpeed USB device number 5 using xhci_hcd
[ 1102.584099] usb 2-1.3: LPM exit latency is zeroed, disabling LPM.
[ 1102.587544] usb 2-1.3: usbfs: process 9287 (grabImgWithTrig) did not claim interface 2 before use
[ 1104.924626] usb 2-1.3: reset SuperSpeed USB device number 5 using xhci_hcd
[ 1104.948859] usb 2-1.3: LPM exit latency is zeroed, disabling LPM.
[ 1104.951869] usb 2-1.3: usbfs: process 9287 (grabImgWithTrig) did not claim interface 2 before use
[ 1105.028639] usb 2-1.2: reset SuperSpeed USB device number 4 using xhci_hcd
[ 1105.048646] usb 2-1.2: LPM exit latency is zeroed, disabling LPM.
[ 1105.051591] usb 2-1.2: usbfs: process 9275 (grabImgWithTrig) did not claim interface 2 before use
[ 1105.128717] usb 2-1.4: reset SuperSpeed USB device number 6 using xhci_hcd
[ 1105.148742] usb 2-1.4: LPM exit latency is zeroed, disabling LPM.
[ 1105.151835] usb 2-1.4: usbfs: process 9283 (grabImgWithTrig) did not claim interface 2 before use
[ 1112.284599] usb 2-1.4: reset SuperSpeed USB device number 6 using xhci_hcd
[ 1112.304609] usb 2-1.4: LPM exit latency is zeroed, disabling LPM.
[ 1112.307550] usb 2-1.4: usbfs: process 9283 (grabImgWithTrig) did not claim interface 2 before use
[ 1112.416421] usb 2-1.3: reset SuperSpeed USB device number 5 using xhci_hcd
[ 1112.440461] usb 2-1.3: LPM exit latency is zeroed, disabling LPM.
[ 1112.443512] usb 2-1.3: usbfs: process 9287 (grabImgWithTrig) did not claim interface 2 before use
[ 1115.344550] usb 2-1.2: reset SuperSpeed USB device number 4 using xhci_hcd
[ 1116.231891] usb 2-1.2: LPM exit latency is zeroed, disabling LPM.
[ 1116.240864] usb 2-1.2: usbfs: process 9275 (grabImgWithTrig) did not claim interface 2 before use
[ 1127.728033] usb 2-1.4: reset SuperSpeed USB device number 6 using xhci_hcd
[ 1128.642071] usb 2-1.4: LPM exit latency is zeroed, disabling LPM.
[ 1128.645993] usb 2-1.4: usbfs: process 9283 (grabImgWithTrig) did not claim interface 2 before use
[ 1128.723934] usb 2-1.3: reset SuperSpeed USB device number 5 using xhci_hcd
[ 1128.744016] usb 2-1.3: LPM exit latency is zeroed, disabling LPM.
[ 1128.748123] usb 2-1.3: usbfs: process 9287 (grabImgWithTrig) did not claim interface 2 before use
[ 1128.824010] usb 2-1.2: reset SuperSpeed USB device number 4 using xhci_hcd
[ 1128.843961] usb 2-1.2: LPM exit latency is zeroed, disabling LPM.
[ 1128.848281] usb 2-1.2: usbfs: process 9275 (grabImgWithTrig) did not claim interface 2 before use
[ 1133.659730] usb 2-1.4: reset SuperSpeed USB device number 6 using xhci_hcd
[ 1133.679813] usb 2-1.4: LPM exit latency is zeroed, disabling LPM.
[ 1133.682586] usb 2-1.4: usbfs: process 9283 (grabImgWithTrig) did not claim interface 2 before use
[ 1133.759819] usb 2-1.2: reset SuperSpeed USB device number 4 using xhci_hcd
[ 1133.779856] usb 2-1.2: LPM exit latency is zeroed, disabling LPM.
[ 1133.782991] usb 2-1.2: usbfs: process 9275 (grabImgWithTrig) did not claim interface 2 before use
[ 1133.859742] usb 2-1.3: reset SuperSpeed USB device number 5 using xhci_hcd
[ 1133.879704] usb 2-1.3: LPM exit latency is zeroed, disabling LPM.
[ 1133.882606] usb 2-1.3: usbfs: process 9287 (grabImgWithTrig) did not claim interface 2 before use
[ 1136.947559] usb 2-1.4: reset SuperSpeed USB device number 6 using xhci_hcd
[ 1137.871666] usb 2-1.4: LPM exit latency is zeroed, disabling LPM.
[ 1137.874653] usb 2-1.4: usbfs: process 9283 (grabImgWithTrig) did not claim interface 2 before use
[ 1137.991579] usb 2-1.3: reset SuperSpeed USB device number 5 using xhci_hcd
[ 1138.011717] usb 2-1.3: LPM exit latency is zeroed, disabling LPM.
[ 1138.014746] usb 2-1.3: usbfs: process 9287 (grabImgWithTrig) did not claim interface 2 before use
[ 1139.991417] usb 2-1.2: reset SuperSpeed USB device number 4 using xhci_hcd
[ 1140.910948] usb 2-1.2: LPM exit latency is zeroed, disabling LPM.
[ 1140.914114] usb 2-1.2: usbfs: process 9275 (grabImgWithTrig) did not claim interface 2 before use
[ 1145.015619] usb 4-1.1: reset SuperSpeed USB device number 10 using xhci_hcd
[ 1145.938639] usb 4-1.1: LPM exit latency is zeroed, disabling LPM.
[ 1145.943988] usb 4-1.1: usbfs: process 9242 (grabImgWithTrig) did not claim interface 2 before use
[ 1147.519044] usb 2-1.3: reset SuperSpeed USB device number 5 using xhci_hcd
[ 1147.539321] usb 2-1.3: LPM exit latency is zeroed, disabling LPM.
[ 1147.542245] usb 2-1.3: usbfs: process 9287 (grabImgWithTrig) did not claim interface 2 before use
[ 1147.618984] usb 2-1.2: reset SuperSpeed USB device number 4 using xhci_hcd
[ 1147.639157] usb 2-1.2: LPM exit latency is zeroed, disabling LPM.
[ 1147.642107] usb 2-1.2: usbfs: process 9275 (grabImgWithTrig) did not claim interface 2 before use
[ 1147.743000] usb 2-1.4: reset SuperSpeed USB device number 6 using xhci_hcd
[ 1147.763045] usb 2-1.4: LPM exit latency is zeroed, disabling LPM.
[ 1147.765919] usb 2-1.4: usbfs: process 9283 (grabImgWithTrig) did not claim interface 2 before use
[ 1162.119098] usb 4-1.3: reset SuperSpeed USB device number 14 using xhci_hcd
[ 1162.139757] usb 4-1.3: LPM exit latency is zeroed, disabling LPM.
[ 1162.145275] usb 4-1.3: usbfs: process 9286 (grabImgWithTrig) did not claim interface 2 before use
[ 1182.574028] usb 4-1.1: reset SuperSpeed USB device number 10 using xhci_hcd
[ 1182.593976] usb 4-1.1: LPM exit latency is zeroed, disabling LPM.
[ 1182.597559] usb 4-1.1: usbfs: process 9242 (grabImgWithTrig) did not claim interface 0 before use
[ 1183.317845] usb 4-1.1: reset SuperSpeed USB device number 10 using xhci_hcd
[ 1183.338436] usb 4-1.1: LPM exit latency is zeroed, disabling LPM.
[ 1183.343772] usb 4-1.1: usbfs: process 9242 (grabImgWithTrig) did not claim interface 2 before use
[ 1183.917931] usb 4-1.2: reset SuperSpeed USB device number 13 using xhci_hcd
[ 1183.938606] usb 4-1.2: LPM exit latency is zeroed, disabling LPM.
[ 1183.943518] usb 4-1.2: usbfs: process 9292 (grabImgWithTrig) did not claim interface 2 before use
[ 1239.811633] usb 4-1.1: reset SuperSpeed USB device number 10 using xhci_hcd
[ 1239.831768] usb 4-1.1: LPM exit latency is zeroed, disabling LPM.
[ 1239.836619] usb 4-1.1: usbfs: process 9242 (grabImgWithTrig) did not claim interface 2 before use
[ 1318.312544] usb 4-1.1: reset SuperSpeed USB device number 10 using xhci_hcd
[ 1318.332536] usb 4-1.1: LPM exit latency is zeroed, disabling LPM.
[ 1318.337214] usb 4-1.1: usbfs: process 9242 (grabImgWithTrig) did not claim interface 2 before use
[ 1320.612480] usb 4-1.1: reset SuperSpeed USB device number 10 using xhci_hcd
[ 1321.533781] usb 4-1.1: LPM exit latency is zeroed, disabling LPM.
[ 1321.539165] usb 4-1.1: usbfs: process 9242 (grabImgWithTrig) did not claim interface 2 before use
[ 1336.715802] usb 4-1.3: reset SuperSpeed USB device number 14 using xhci_hcd
[ 1336.736491] usb 4-1.3: LPM exit latency is zeroed, disabling LPM.
[ 1336.741020] usb 4-1.3: usbfs: process 9286 (grabImgWithTrig) did not claim interface 2 before use
[ 1401.469496] usb 4-1.3: reset SuperSpeed USB device number 14 using xhci_hcd
[ 1401.489554] usb 4-1.3: LPM exit latency is zeroed, disabling LPM.
[ 1401.492296] usb 4-1.3: usbfs: process 18152 (grabImgWithTrig) did not claim interface 0 before use
[ 1401.813633] usb 4-1.1: reset SuperSpeed USB device number 10 using xhci_hcd
[ 1401.834245] usb 4-1.1: LPM exit latency is zeroed, disabling LPM.
[ 1401.838913] usb 4-1.1: usbfs: process 9242 (grabImgWithTrig) did not claim interface 2 before use
[ 1402.213529] usb 4-1.3: reset SuperSpeed USB device number 14 using xhci_hcd
[ 1402.234366] usb 4-1.3: LPM exit latency is zeroed, disabling LPM.
[ 1402.239942] usb 4-1.3: usbfs: process 9286 (grabImgWithTrig) did not claim interface 2 before use
[ 1469.415557] usb 4-1.3: reset SuperSpeed USB device number 14 using xhci_hcd
[ 1469.440015] usb 4-1.3: LPM exit latency is zeroed, disabling LPM.
[ 1469.444768] usb 4-1.3: usbfs: process 9286 (grabImgWithTrig) did not claim interface 2 before use
[ 1484.276006] usb 4-1.2: USB disconnect, device number 13
[ 1493.842297] usb 4-1.2: new SuperSpeed USB device number 15 using xhci_hcd
[ 1493.863287] usb 4-1.2: LPM exit latency is zeroed, disabling LPM.
[ 1493.865530] usb 4-1.2: New USB device found, idVendor=2bdf, idProduct=0001, bcdDevice= 1.00
[ 1493.865533] usb 4-1.2: New USB device strings: Mfr=5, Product=3, SerialNumber=6
[ 1493.865534] usb 4-1.2: Product: MV-CH100-60UC
[ 1493.865535] usb 4-1.2: Manufacturer: Hikrobot
[ 1493.865536] usb 4-1.2: SerialNumber: DA5324645
[ 1494.610490] usb 4-1.2: reset SuperSpeed USB device number 15 using xhci_hcd
[ 1494.631309] usb 4-1.2: LPM exit latency is zeroed, disabling LPM.
[ 1494.636823] usb 4-1.2: usbfs: process 9292 (grabImgWithTrig) did not claim interface 2 before use
[ 1537.301264] usb 4-1.2: reset SuperSpeed USB device number 15 using xhci_hcd
[ 1537.321331] usb 4-1.2: LPM exit latency is zeroed, disabling LPM.
[ 1537.325128] usb 4-1.2: usbfs: process 9292 (grabImgWithTrig) did not claim interface 2 before use
[ 1543.013058] usb 4-1.1: reset SuperSpeed USB device number 10 using xhci_hcd
[ 1543.033978] usb 4-1.1: LPM exit latency is zeroed, disabling LPM.
[ 1543.039367] usb 4-1.1: usbfs: process 9242 (grabImgWithTrig) did not claim interface 2 before use
[ 1635.778312] usb 4-1.2: reset SuperSpeed USB device number 15 using xhci_hcd
[ 1635.798415] usb 4-1.2: LPM exit latency is zeroed, disabling LPM.
[ 1635.801801] usb 4-1.2: usbfs: process 9292 (grabImgWithTrig) did not claim interface 2 before use
[ 1636.512599] usb 4-1.1: USB disconnect, device number 10
[ 1636.737945] usb 4-1.1: new SuperSpeed USB device number 16 using xhci_hcd
[ 1636.759025] usb 4-1.1: LPM exit latency is zeroed, disabling LPM.
[ 1636.761062] usb 4-1.1: New USB device found, idVendor=2bdf, idProduct=0001, bcdDevice= 1.00
[ 1636.761065] usb 4-1.1: New USB device strings: Mfr=5, Product=3, SerialNumber=6
[ 1636.761067] usb 4-1.1: Product: MV-CH100-60UC
[ 1636.761068] usb 4-1.1: Manufacturer: Hikrobot
[ 1636.761069] usb 4-1.1: SerialNumber: DA5148680
[ 1637.310073] usb 4-1.1: reset SuperSpeed USB device number 16 using xhci_hcd
[ 1637.331123] usb 4-1.1: LPM exit latency is zeroed, disabling LPM.
[ 1637.336442] usb 4-1.1: usbfs: process 9242 (grabImgWithTrig) did not claim interface 2 before use
[ 1646.409914] usb 4-1.3: reset SuperSpeed USB device number 14 using xhci_hcd
[ 1646.434532] usb 4-1.3: LPM exit latency is zeroed, disabling LPM.
[ 1646.438437] usb 4-1.3: usbfs: process 18379 (grabImgWithTrig) did not claim interface 0 before use
[ 1647.297889] usb 4-1.3: reset SuperSpeed USB device number 14 using xhci_hcd
[ 1647.317976] usb 4-1.3: LPM exit latency is zeroed, disabling LPM.
[ 1647.321577] usb 4-1.3: usbfs: process 9286 (grabImgWithTrig) did not claim interface 2 before use
[ 1648.817895] usb 4-1.1: reset SuperSpeed USB device number 16 using xhci_hcd
[ 1648.842488] usb 4-1.1: LPM exit latency is zeroed, disabling LPM.
[ 1648.847371] usb 4-1.1: usbfs: process 9242 (grabImgWithTrig) did not claim interface 2 before use
[ 1688.101844] perf: interrupt took too long (2565 > 2500), lowering kernel.perf_event_max_sample_rate to 77750
[ 1694.524657] usb 4-1.3: reset SuperSpeed USB device number 14 using xhci_hcd
[ 1694.544590] usb 4-1.3: LPM exit latency is zeroed, disabling LPM.
[ 1694.547480] usb 4-1.3: usbfs: process 19540 (grabImgWithTrig) did not claim interface 0 before use
[ 1695.304741] usb 4-1.2: reset SuperSpeed USB device number 15 using xhci_hcd
[ 1695.324689] usb 4-1.2: LPM exit latency is zeroed, disabling LPM.
[ 1695.328120] usb 4-1.2: usbfs: process 9292 (grabImgWithTrig) did not claim interface 2 before use
[ 1695.404687] usb 4-1.3: reset SuperSpeed USB device number 14 using xhci_hcd
[ 1695.424677] usb 4-1.3: LPM exit latency is zeroed, disabling LPM.
[ 1695.428651] usb 4-1.3: usbfs: process 9286 (grabImgWithTrig) did not claim interface 2 before use
[ 1695.820607] usb 4-1.1: reset SuperSpeed USB device number 16 using xhci_hcd
[ 1696.743784] usb 4-1.1: LPM exit latency is zeroed, disabling LPM.
[ 1696.749186] usb 4-1.1: usbfs: process 9242 (grabImgWithTrig) did not claim interface 2 before use
[ 1723.007659] usb 4-1.2: reset SuperSpeed USB device number 15 using xhci_hcd
[ 1723.027755] usb 4-1.2: LPM exit latency is zeroed, disabling LPM.
[ 1723.030515] usb 4-1.2: usbfs: process 19708 (grabImgWithTrig) did not claim interface 0 before use
[ 1723.807837] usb 4-1.2: reset SuperSpeed USB device number 15 using xhci_hcd
[ 1723.831749] usb 4-1.2: LPM exit latency is zeroed, disabling LPM.
[ 1723.835463] usb 4-1.2: usbfs: process 9292 (grabImgWithTrig) did not claim interface 2 before use
[ 1724.307667] usb 4-1.1: reset SuperSpeed USB device number 16 using xhci_hcd
[ 1724.328353] usb 4-1.1: LPM exit latency is zeroed, disabling LPM.
[ 1724.332889] usb 4-1.1: usbfs: process 9242 (grabImgWithTrig) did not claim interface 2 before use
[ 1727.399907] usb 4-1.3: reset SuperSpeed USB device number 14 using xhci_hcd
[ 1728.321024] usb 4-1.3: LPM exit latency is zeroed, disabling LPM.
[ 1728.324300] usb 4-1.3: usbfs: process 9286 (grabImgWithTrig) did not claim interface 2 before use
[ 1767.306467] usb 4-1.2: reset SuperSpeed USB device number 15 using xhci_hcd
[ 1767.327405] usb 4-1.2: LPM exit latency is zeroed, disabling LPM.
[ 1767.332283] usb 4-1.2: usbfs: process 9292 (grabImgWithTrig) did not claim interface 2 before use
[ 1806.541728] usb 4-1.1: reset SuperSpeed USB device number 16 using xhci_hcd
[ 1806.565357] usb 4-1.1: LPM exit latency is zeroed, disabling LPM.
[ 1806.568422] usb 4-1.1: usbfs: process 9242 (grabImgWithTrig) did not claim interface 2 before use
[ 1807.247446] usb 4-1.3: USB disconnect, device number 14
[ 1807.489015] usb 4-1.3: new SuperSpeed USB device number 17 using xhci_hcd
[ 1807.509526] usb 4-1.3: LPM exit latency is zeroed, disabling LPM.
[ 1807.510394] usb 4-1.3: New USB device found, idVendor=2bdf, idProduct=0001, bcdDevice= 1.00
[ 1807.510396] usb 4-1.3: New USB device strings: Mfr=5, Product=3, SerialNumber=6
[ 1807.510398] usb 4-1.3: Product: MV-CH100-60UC
[ 1807.510398] usb 4-1.3: Manufacturer: Hikrobot
[ 1807.510399] usb 4-1.3: SerialNumber: DA4930148
[ 1807.709241] usb 4-1.3: reset SuperSpeed USB device number 17 using xhci_hcd
[ 1807.730172] usb 4-1.3: LPM exit latency is zeroed, disabling LPM.
[ 1807.735443] usb 4-1.3: usbfs: process 9286 (grabImgWithTrig) did not claim interface 2 before use
[ 1950.301587] usb 4-1.3: reset SuperSpeed USB device number 17 using xhci_hcd
[ 1950.321501] usb 4-1.3: LPM exit latency is zeroed, disabling LPM.
[ 1950.326189] usb 4-1.3: usbfs: process 9286 (grabImgWithTrig) did not claim interface 2 before use
[ 1975.100778] usb 4-1.3: reset SuperSpeed USB device number 17 using xhci_hcd
[ 1976.024029] usb 4-1.3: LPM exit latency is zeroed, disabling LPM.
[ 1976.029828] usb 4-1.3: usbfs: process 9286 (grabImgWithTrig) did not claim interface 2 before use
[ 2181.099284] usb 4-1.3: reset SuperSpeed USB device number 17 using xhci_hcd
[ 2181.119971] usb 4-1.3: LPM exit latency is zeroed, disabling LPM.
[ 2181.124526] usb 4-1.3: usbfs: process 9286 (grabImgWithTrig) did not claim interface 2 before use
[ 2181.548724] usb 4-1.2: USB disconnect, device number 15
[ 2181.778948] usb 4-1.2: new SuperSpeed USB device number 18 using xhci_hcd
[ 2181.799338] usb 4-1.2: LPM exit latency is zeroed, disabling LPM.
[ 2181.800124] usb 4-1.2: New USB device found, idVendor=2bdf, idProduct=0001, bcdDevice= 1.00
[ 2181.800128] usb 4-1.2: New USB device strings: Mfr=5, Product=3, SerialNumber=6
[ 2181.800130] usb 4-1.2: Product: MV-CH100-60UC
[ 2181.800131] usb 4-1.2: Manufacturer: Hikrobot
[ 2181.800133] usb 4-1.2: SerialNumber: DA5324645
[ 2182.687156] usb 4-1.2: reset SuperSpeed USB device number 18 using xhci_hcd
[ 2182.707407] usb 4-1.2: LPM exit latency is zeroed, disabling LPM.
[ 2182.711023] usb 4-1.2: usbfs: process 9292 (grabImgWithTrig) did not claim interface 2 before use
[ 2214.850226] usb 2-1.4: reset SuperSpeed USB device number 6 using xhci_hcd
[ 2214.870210] usb 2-1.4: LPM exit latency is zeroed, disabling LPM.
[ 2214.873150] usb 2-1.4: usbfs: process 9283 (grabImgWithTrig) did not claim interface 2 before use
[ 2215.026207] usb 2-1.3: reset SuperSpeed USB device number 5 using xhci_hcd
[ 2215.046324] usb 2-1.3: LPM exit latency is zeroed, disabling LPM.
[ 2215.049208] usb 2-1.3: usbfs: process 9287 (grabImgWithTrig) did not claim interface 2 before use
[ 2215.154131] usb 2-1.2: reset SuperSpeed USB device number 4 using xhci_hcd
[ 2215.174221] usb 2-1.2: LPM exit latency is zeroed, disabling LPM.
[ 2215.177100] usb 2-1.2: usbfs: process 9275 (grabImgWithTrig) did not claim interface 2 before use
[ 2219.024561] usb 1-1: USB disconnect, device number 2
[ 2220.294054] usb 2-1.3: reset SuperSpeed USB device number 5 using xhci_hcd
[ 2221.216403] usb 2-1.3: LPM exit latency is zeroed, disabling LPM.
[ 2221.219482] usb 2-1.3: usbfs: process 9287 (grabImgWithTrig) did not claim interface 2 before use
[ 2221.345876] usb 1-1: new high-speed USB device number 7 using xhci_hcd
[ 2221.502954] usb 1-1: New USB device found, idVendor=2109, idProduct=2817, bcdDevice=90.23
[ 2221.502960] usb 1-1: New USB device strings: Mfr=1, Product=2, SerialNumber=0
[ 2221.502963] usb 1-1: Product: USB2.0 Hub             
[ 2221.502965] usb 1-1: Manufacturer: VIA Labs, Inc.         
[ 2221.503905] hub 1-1:1.0: USB hub found
[ 2221.504099] hub 1-1:1.0: 4 ports detected
[ 2221.686201] usb 2-1.4: reset SuperSpeed USB device number 6 using xhci_hcd
[ 2221.710068] usb 2-1.4: LPM exit latency is zeroed, disabling LPM.
[ 2221.712991] usb 2-1.4: usbfs: process 9283 (grabImgWithTrig) did not claim interface 2 before use
[ 2221.794293] usb 2-1.2: reset SuperSpeed USB device number 4 using xhci_hcd
[ 2221.814321] usb 2-1.2: LPM exit latency is zeroed, disabling LPM.
[ 2221.817453] usb 2-1.2: usbfs: process 9275 (grabImgWithTrig) did not claim interface 2 before use
[ 2223.764032] usb 1-1: USB disconnect, device number 7
[ 2225.422071] usb 2-1.3: reset SuperSpeed USB device number 5 using xhci_hcd
[ 2225.445965] usb 2-1.3: LPM exit latency is zeroed, disabling LPM.
[ 2225.448709] usb 2-1.3: usbfs: process 9287 (grabImgWithTrig) did not claim interface 2 before use
[ 2225.530116] usb 2-1.2: reset SuperSpeed USB device number 4 using xhci_hcd
[ 2225.549992] usb 2-1.2: LPM exit latency is zeroed, disabling LPM.
[ 2225.552836] usb 2-1.2: usbfs: process 9275 (grabImgWithTrig) did not claim interface 2 before use
[ 2225.630010] usb 2-1.4: reset SuperSpeed USB device number 6 using xhci_hcd
[ 2225.650127] usb 2-1.4: LPM exit latency is zeroed, disabling LPM.
[ 2225.652904] usb 2-1.4: usbfs: process 9283 (grabImgWithTrig) did not claim interface 2 before use
[ 2225.805712] usb 1-1: new high-speed USB device number 8 using xhci_hcd
[ 2225.954815] usb 1-1: New USB device found, idVendor=2109, idProduct=2817, bcdDevice=90.23
[ 2225.954818] usb 1-1: New USB device strings: Mfr=1, Product=2, SerialNumber=0
[ 2225.954819] usb 1-1: Product: USB2.0 Hub             
[ 2225.954820] usb 1-1: Manufacturer: VIA Labs, Inc.         
[ 2225.955722] hub 1-1:1.0: USB hub found
[ 2225.955846] hub 1-1:1.0: 4 ports detected
[ 2252.189403] usb 2-1.3: reset SuperSpeed USB device number 5 using xhci_hcd
[ 2253.108371] usb 2-1.3: LPM exit latency is zeroed, disabling LPM.
[ 2253.111188] usb 2-1.3: usbfs: process 9287 (grabImgWithTrig) did not claim interface 2 before use
[ 2253.185386] usb 2-1.2: reset SuperSpeed USB device number 4 using xhci_hcd
[ 2254.110022] usb 2-1.2: LPM exit latency is zeroed, disabling LPM.
[ 2254.113010] usb 2-1.2: usbfs: process 9275 (grabImgWithTrig) did not claim interface 2 before use
[ 2254.221399] usb 2-1.4: reset SuperSpeed USB device number 6 using xhci_hcd
[ 2254.241503] usb 2-1.4: LPM exit latency is zeroed, disabling LPM.
[ 2254.244688] usb 2-1.4: usbfs: process 9283 (grabImgWithTrig) did not claim interface 2 before use
[ 2302.322176] usb 1-1: USB disconnect, device number 8
[ 2304.367966] usb 1-1: new high-speed USB device number 9 using xhci_hcd
[ 2304.516983] usb 1-1: New USB device found, idVendor=2109, idProduct=2817, bcdDevice=90.23
[ 2304.516987] usb 1-1: New USB device strings: Mfr=1, Product=2, SerialNumber=0
[ 2304.516988] usb 1-1: Product: USB2.0 Hub             
[ 2304.516989] usb 1-1: Manufacturer: VIA Labs, Inc.         
[ 2304.517807] hub 1-1:1.0: USB hub found
[ 2304.517927] hub 1-1:1.0: 4 ports detected
[ 2314.597121] perf: interrupt took too long (3218 > 3206), lowering kernel.perf_event_max_sample_rate to 62000
[ 2336.966406] usb 1-1: USB disconnect, device number 9
[ 2339.007152] usb 1-1: new high-speed USB device number 10 using xhci_hcd
[ 2339.164186] usb 1-1: New USB device found, idVendor=2109, idProduct=2817, bcdDevice=90.23
[ 2339.164189] usb 1-1: New USB device strings: Mfr=1, Product=2, SerialNumber=0
[ 2339.164190] usb 1-1: Product: USB2.0 Hub             
[ 2339.164191] usb 1-1: Manufacturer: VIA Labs, Inc.         
[ 2339.165138] hub 1-1:1.0: USB hub found
[ 2339.165236] hub 1-1:1.0: 4 ports detected
[ 2340.896327] usb 1-1: USB disconnect, device number 10
[ 2342.947040] usb 1-1: new high-speed USB device number 11 using xhci_hcd
[ 2343.100466] usb 1-1: New USB device found, idVendor=2109, idProduct=2817, bcdDevice=90.23
[ 2343.100489] usb 1-1: New USB device strings: Mfr=1, Product=2, SerialNumber=0
[ 2343.100496] usb 1-1: Product: USB2.0 Hub             
[ 2343.100502] usb 1-1: Manufacturer: VIA Labs, Inc.         
[ 2343.102879] hub 1-1:1.0: USB hub found
[ 2343.102971] hub 1-1:1.0: 4 ports detected
[ 2344.168534] usb 1-1: USB disconnect, device number 11
[ 2346.207008] usb 1-1: new high-speed USB device number 12 using xhci_hcd
[ 2346.356112] usb 1-1: New USB device found, idVendor=2109, idProduct=2817, bcdDevice=90.23
[ 2346.356116] usb 1-1: New USB device strings: Mfr=1, Product=2, SerialNumber=0
[ 2346.356118] usb 1-1: Product: USB2.0 Hub             
[ 2346.356119] usb 1-1: Manufacturer: VIA Labs, Inc.         
[ 2346.357164] hub 1-1:1.0: USB hub found
[ 2346.357327] hub 1-1:1.0: 4 ports detected
[ 2355.242921] usb 4-1.3: USB disconnect, device number 17
[ 2360.459365] usb 4-1.1: reset SuperSpeed USB device number 16 using xhci_hcd
[ 2360.479234] usb 4-1.1: LPM exit latency is zeroed, disabling LPM.
[ 2360.482468] usb 4-1.1: usbfs: process 9242 (grabImgWithTrig) did not claim interface 2 before use
[ 2360.590917] usb 4-1.3: new SuperSpeed USB device number 19 using xhci_hcd
[ 2360.616073] usb 4-1.3: LPM exit latency is zeroed, disabling LPM.
[ 2360.617584] usb 4-1.3: New USB device found, idVendor=2bdf, idProduct=0001, bcdDevice= 1.00
[ 2360.617587] usb 4-1.3: New USB device strings: Mfr=5, Product=3, SerialNumber=6
[ 2360.617588] usb 4-1.3: Product: MV-CH100-60UC
[ 2360.617589] usb 4-1.3: Manufacturer: Hikrobot
[ 2360.617590] usb 4-1.3: SerialNumber: DA4930148
[ 2360.999098] usb 4-1.3: reset SuperSpeed USB device number 19 using xhci_hcd
[ 2361.024288] usb 4-1.3: LPM exit latency is zeroed, disabling LPM.
[ 2361.030178] usb 4-1.3: usbfs: process 9286 (grabImgWithTrig) did not claim interface 2 before use
[ 2393.394826] usb 4-1.1: reset SuperSpeed USB device number 16 using xhci_hcd
[ 2393.419690] usb 4-1.1: LPM exit latency is zeroed, disabling LPM.
[ 2393.425482] usb 4-1.1: usbfs: process 9242 (grabImgWithTrig) did not claim interface 2 before use
[ 2430.761119] usb 4-1.1: USB disconnect, device number 16
[ 2434.981513] usb 4-1.3: reset SuperSpeed USB device number 19 using xhci_hcd
[ 2435.005690] usb 4-1.3: LPM exit latency is zeroed, disabling LPM.
[ 2435.009349] usb 4-1.3: usbfs: process 9286 (grabImgWithTrig) did not claim interface 2 before use
[ 2435.085140] usb 4-1.1: new SuperSpeed USB device number 20 using xhci_hcd
[ 2435.105540] usb 4-1.1: LPM exit latency is zeroed, disabling LPM.
[ 2435.106323] usb 4-1.1: New USB device found, idVendor=2bdf, idProduct=0001, bcdDevice= 1.00
[ 2435.106328] usb 4-1.1: New USB device strings: Mfr=5, Product=3, SerialNumber=6
[ 2435.106331] usb 4-1.1: Product: MV-CH100-60UC
[ 2435.106333] usb 4-1.1: Manufacturer: Hikrobot
[ 2435.106334] usb 4-1.1: SerialNumber: DA5148680
[ 2435.497322] usb 4-1.1: reset SuperSpeed USB device number 20 using xhci_hcd
[ 2435.522514] usb 4-1.1: LPM exit latency is zeroed, disabling LPM.
[ 2435.528228] usb 4-1.1: usbfs: process 9242 (grabImgWithTrig) did not claim interface 2 before use
[ 2444.601207] usb 4-1.1: reset SuperSpeed USB device number 20 using xhci_hcd
[ 2444.621947] usb 4-1.1: LPM exit latency is zeroed, disabling LPM.
[ 2444.626791] usb 4-1.1: usbfs: process 9242 (grabImgWithTrig) did not claim interface 0 before use
[ 2445.385512] usb 4-1.1: reset SuperSpeed USB device number 20 using xhci_hcd
[ 2445.405316] usb 4-1.1: LPM exit latency is zeroed, disabling LPM.
[ 2445.409470] usb 4-1.1: usbfs: process 9242 (grabImgWithTrig) did not claim interface 2 before use
[ 2446.889421] usb 4-1.3: reset SuperSpeed USB device number 19 using xhci_hcd
[ 2446.909909] usb 4-1.3: LPM exit latency is zeroed, disabling LPM.
[ 2446.914735] usb 4-1.3: usbfs: process 9286 (grabImgWithTrig) did not claim interface 2 before use
[ 2497.992050] usb 4-1.2: reset SuperSpeed USB device number 18 using xhci_hcd
[ 2498.012880] usb 4-1.2: LPM exit latency is zeroed, disabling LPM.
[ 2498.017426] usb 4-1.2: usbfs: process 9292 (grabImgWithTrig) did not claim interface 2 before use
[ 2564.082536] usb 4-1.3: reset SuperSpeed USB device number 19 using xhci_hcd
[ 2564.999244] usb 4-1.3: LPM exit latency is zeroed, disabling LPM.
[ 2565.002874] usb 4-1.3: usbfs: process 9286 (grabImgWithTrig) did not claim interface 2 before use
[ 2651.512627] usb 4-1.2: reset SuperSpeed USB device number 18 using xhci_hcd
[ 2651.536301] usb 4-1.2: LPM exit latency is zeroed, disabling LPM.
[ 2651.539388] usb 4-1.2: usbfs: process 9292 (grabImgWithTrig) did not claim interface 0 before use
[ 2651.680532] usb 4-1.1: reset SuperSpeed USB device number 20 using xhci_hcd
[ 2651.700335] usb 4-1.1: LPM exit latency is zeroed, disabling LPM.
[ 2651.703618] usb 4-1.1: usbfs: process 9242 (grabImgWithTrig) did not claim interface 2 before use
[ 2652.192339] usb 4-1.2: reset SuperSpeed USB device number 18 using xhci_hcd
[ 2652.213217] usb 4-1.2: LPM exit latency is zeroed, disabling LPM.
[ 2652.218527] usb 4-1.2: usbfs: process 9292 (grabImgWithTrig) did not claim interface 2 before use
[ 2686.487463] usb 4-1.2: reset SuperSpeed USB device number 18 using xhci_hcd
[ 2686.508450] usb 4-1.2: LPM exit latency is zeroed, disabling LPM.
[ 2686.513864] usb 4-1.2: usbfs: process 9292 (grabImgWithTrig) did not claim interface 2 before use
[ 2725.586466] usb 4-1.2: reset SuperSpeed USB device number 18 using xhci_hcd
[ 2725.607454] usb 4-1.2: LPM exit latency is zeroed, disabling LPM.
[ 2725.613768] usb 4-1.2: usbfs: process 9292 (grabImgWithTrig) did not claim interface 2 before use
[ 2737.286356] usb 4-1.1: reset SuperSpeed USB device number 20 using xhci_hcd
[ 2737.306975] usb 4-1.1: LPM exit latency is zeroed, disabling LPM.
[ 2737.312632] usb 4-1.1: usbfs: process 9242 (grabImgWithTrig) did not claim interface 2 before use
[ 2748.226247] usb 4-1.2: reset SuperSpeed USB device number 18 using xhci_hcd
[ 2748.246001] usb 4-1.2: LPM exit latency is zeroed, disabling LPM.
[ 2748.248706] usb 4-1.2: usbfs: process 25442 (grabImgWithTrig) did not claim interface 0 before use
[ 2748.585887] usb 4-1.3: reset SuperSpeed USB device number 19 using xhci_hcd
[ 2748.606773] usb 4-1.3: LPM exit latency is zeroed, disabling LPM.
[ 2748.611358] usb 4-1.3: usbfs: process 9286 (grabImgWithTrig) did not claim interface 2 before use
[ 2748.985912] usb 4-1.2: reset SuperSpeed USB device number 18 using xhci_hcd
[ 2749.006784] usb 4-1.2: LPM exit latency is zeroed, disabling LPM.
[ 2749.012155] usb 4-1.2: usbfs: process 9292 (grabImgWithTrig) did not claim interface 2 before use
[ 2754.781959] usb 4-1.1: reset SuperSpeed USB device number 20 using xhci_hcd
[ 2754.801903] usb 4-1.1: LPM exit latency is zeroed, disabling LPM.
[ 2754.806812] usb 4-1.1: usbfs: process 9242 (grabImgWithTrig) did not claim interface 2 before use
[ 2759.689554] usb 4-1.1: reset SuperSpeed USB device number 20 using xhci_hcd
[ 2759.709672] usb 4-1.1: LPM exit latency is zeroed, disabling LPM.
[ 2759.712486] usb 4-1.1: usbfs: process 25645 (grabImgWithTrig) did not claim interface 0 before use
[ 2760.429707] usb 4-1.1: reset SuperSpeed USB device number 20 using xhci_hcd
[ 2760.449860] usb 4-1.1: LPM exit latency is zeroed, disabling LPM.
[ 2760.453407] usb 4-1.1: usbfs: process 9242 (grabImgWithTrig) did not claim interface 2 before use
[ 2760.985652] usb 4-1.3: reset SuperSpeed USB device number 19 using xhci_hcd
[ 2761.906970] usb 4-1.3: LPM exit latency is zeroed, disabling LPM.
[ 2761.912157] usb 4-1.3: usbfs: process 9286 (grabImgWithTrig) did not claim interface 2 before use
[ 2764.093570] usb 4-1.2: reset SuperSpeed USB device number 18 using xhci_hcd
[ 2765.014622] usb 4-1.2: LPM exit latency is zeroed, disabling LPM.
[ 2765.019454] usb 4-1.2: usbfs: process 9292 (grabImgWithTrig) did not claim interface 2 before use
[ 2806.996495] usb 4-1.2: reset SuperSpeed USB device number 18 using xhci_hcd
[ 2807.919402] usb 4-1.2: LPM exit latency is zeroed, disabling LPM.
[ 2807.924972] usb 4-1.2: usbfs: process 9292 (grabImgWithTrig) did not claim interface 2 before use
[ 2846.603421] usb 4-1.2: reset SuperSpeed USB device number 18 using xhci_hcd
[ 2846.624099] usb 4-1.2: LPM exit latency is zeroed, disabling LPM.
[ 2846.628562] usb 4-1.2: usbfs: process 9292 (grabImgWithTrig) did not claim interface 0 before use
[ 2847.383649] usb 4-1.2: reset SuperSpeed USB device number 18 using xhci_hcd
[ 2847.403546] usb 4-1.2: LPM exit latency is zeroed, disabling LPM.
[ 2847.408776] usb 4-1.2: usbfs: process 9292 (grabImgWithTrig) did not claim interface 2 before use
[ 2848.879513] usb 4-1.3: reset SuperSpeed USB device number 19 using xhci_hcd
[ 2848.899566] usb 4-1.3: LPM exit latency is zeroed, disabling LPM.
[ 2848.903670] usb 4-1.3: usbfs: process 9286 (grabImgWithTrig) did not claim interface 2 before use
[ 2862.110659] usb 4-1.3: USB disconnect, device number 19
[ 2862.342682] usb 4-1.3: new SuperSpeed USB device number 21 using xhci_hcd
[ 2862.363086] usb 4-1.3: LPM exit latency is zeroed, disabling LPM.
[ 2862.363890] usb 4-1.3: New USB device found, idVendor=2bdf, idProduct=0001, bcdDevice= 1.00
[ 2862.363892] usb 4-1.3: New USB device strings: Mfr=5, Product=3, SerialNumber=6
[ 2862.363893] usb 4-1.3: Product: MV-CH100-60UC
[ 2862.363894] usb 4-1.3: Manufacturer: Hikrobot
[ 2862.363895] usb 4-1.3: SerialNumber: DA4930148
[ 2862.790935] usb 4-1.3: reset SuperSpeed USB device number 21 using xhci_hcd
[ 2862.811782] usb 4-1.3: LPM exit latency is zeroed, disabling LPM.
[ 2862.817087] usb 4-1.3: usbfs: process 9286 (grabImgWithTrig) did not claim interface 2 before use
[ 2863.295111] usb 4-1.2: reset SuperSpeed USB device number 18 using xhci_hcd
[ 2863.315205] usb 4-1.2: LPM exit latency is zeroed, disabling LPM.
[ 2863.318604] usb 4-1.2: usbfs: process 9292 (grabImgWithTrig) did not claim interface 2 before use
[ 2871.326558] usb 4-1.3: USB disconnect, device number 21
[ 2875.774772] usb 4-1.1: reset SuperSpeed USB device number 20 using xhci_hcd
[ 2875.794729] usb 4-1.1: LPM exit latency is zeroed, disabling LPM.
[ 2875.797964] usb 4-1.1: usbfs: process 9242 (grabImgWithTrig) did not claim interface 2 before use
[ 2875.906478] usb 4-1.3: new SuperSpeed USB device number 22 using xhci_hcd
[ 2875.930797] usb 4-1.3: LPM exit latency is zeroed, disabling LPM.
[ 2875.931666] usb 4-1.3: New USB device found, idVendor=2bdf, idProduct=0001, bcdDevice= 1.00
[ 2875.931669] usb 4-1.3: New USB device strings: Mfr=5, Product=3, SerialNumber=6
[ 2875.931671] usb 4-1.3: Product: MV-CH100-60UC
[ 2875.931672] usb 4-1.3: Manufacturer: Hikrobot
[ 2875.931673] usb 4-1.3: SerialNumber: DA4930148
[ 2876.290607] usb 4-1.3: reset SuperSpeed USB device number 22 using xhci_hcd
[ 2876.311450] usb 4-1.3: LPM exit latency is zeroed, disabling LPM.
[ 2876.316731] usb 4-1.3: usbfs: process 9286 (grabImgWithTrig) did not claim interface 2 before use
[ 2885.150127] usb 4-1.1: USB disconnect, device number 20
[ 2889.378509] usb 4-1.3: reset SuperSpeed USB device number 22 using xhci_hcd
[ 2890.297854] usb 4-1.3: LPM exit latency is zeroed, disabling LPM.
[ 2890.301363] usb 4-1.3: usbfs: process 9286 (grabImgWithTrig) did not claim interface 2 before use
[ 2890.378003] usb 4-1.1: new SuperSpeed USB device number 23 using xhci_hcd
[ 2890.402389] usb 4-1.1: LPM exit latency is zeroed, disabling LPM.
[ 2890.403308] usb 4-1.1: New USB device found, idVendor=2bdf, idProduct=0001, bcdDevice= 1.00
[ 2890.403312] usb 4-1.1: New USB device strings: Mfr=5, Product=3, SerialNumber=6
[ 2890.403314] usb 4-1.1: Product: MV-CH100-60UC
[ 2890.403315] usb 4-1.1: Manufacturer: Hikrobot
[ 2890.403317] usb 4-1.1: SerialNumber: DA5148680
[ 2890.482430] usb 4-1.2: reset SuperSpeed USB device number 18 using xhci_hcd
[ 2890.502487] usb 4-1.2: LPM exit latency is zeroed, disabling LPM.
[ 2890.505648] usb 4-1.2: usbfs: process 9292 (grabImgWithTrig) did not claim interface 2 before use
[ 2891.486311] usb 4-1.1: reset SuperSpeed USB device number 23 using xhci_hcd
[ 2891.507393] usb 4-1.1: LPM exit latency is zeroed, disabling LPM.
[ 2891.512766] usb 4-1.1: usbfs: process 9242 (grabImgWithTrig) did not claim interface 2 before use
[ 2929.952965] usb 4-1.2: USB disconnect, device number 18
[ 2935.177344] usb 4-1.3: reset SuperSpeed USB device number 22 using xhci_hcd
[ 2935.197270] usb 4-1.3: LPM exit latency is zeroed, disabling LPM.
[ 2935.200305] usb 4-1.3: usbfs: process 9286 (grabImgWithTrig) did not claim interface 2 before use
[ 2935.296878] usb 4-1.2: new SuperSpeed USB device number 24 using xhci_hcd
[ 2935.321892] usb 4-1.2: LPM exit latency is zeroed, disabling LPM.
[ 2935.323370] usb 4-1.2: New USB device found, idVendor=2bdf, idProduct=0001, bcdDevice= 1.00
[ 2935.323374] usb 4-1.2: New USB device strings: Mfr=5, Product=3, SerialNumber=6
[ 2935.323376] usb 4-1.2: Product: MV-CH100-60UC
[ 2935.323377] usb 4-1.2: Manufacturer: Hikrobot
[ 2935.323377] usb 4-1.2: SerialNumber: DA5324645
[ 2935.689076] usb 4-1.2: reset SuperSpeed USB device number 24 using xhci_hcd
[ 2935.710049] usb 4-1.2: LPM exit latency is zeroed, disabling LPM.
[ 2935.715603] usb 4-1.2: usbfs: process 9292 (grabImgWithTrig) did not claim interface 2 before use
[ 2950.077218] usb 4-1.2: reset SuperSpeed USB device number 24 using xhci_hcd
[ 2951.001998] usb 4-1.2: LPM exit latency is zeroed, disabling LPM.
[ 2951.008121] usb 4-1.2: usbfs: process 9292 (grabImgWithTrig) did not claim interface 2 before use
[ 2971.931875] usb 4-1.2: USB disconnect, device number 24
[ 2976.388300] usb 4-1.3: reset SuperSpeed USB device number 22 using xhci_hcd
[ 2976.408874] usb 4-1.3: LPM exit latency is zeroed, disabling LPM.
[ 2976.413500] usb 4-1.3: usbfs: process 9286 (grabImgWithTrig) did not claim interface 2 before use
[ 2976.507972] usb 4-1.2: new SuperSpeed USB device number 25 using xhci_hcd
[ 2976.528227] usb 4-1.2: LPM exit latency is zeroed, disabling LPM.
[ 2976.529018] usb 4-1.2: New USB device found, idVendor=2bdf, idProduct=0001, bcdDevice= 1.00
[ 2976.529020] usb 4-1.2: New USB device strings: Mfr=5, Product=3, SerialNumber=6
[ 2976.529021] usb 4-1.2: Product: MV-CH100-60UC
[ 2976.529022] usb 4-1.2: Manufacturer: Hikrobot
[ 2976.529023] usb 4-1.2: SerialNumber: DA5324645
[ 2976.980102] usb 4-1.2: reset SuperSpeed USB device number 25 using xhci_hcd
[ 2977.001157] usb 4-1.2: LPM exit latency is zeroed, disabling LPM.
[ 2977.006691] usb 4-1.2: usbfs: process 9292 (grabImgWithTrig) did not claim interface 2 before use
[ 2986.896098] usb 4-1.2: reset SuperSpeed USB device number 25 using xhci_hcd
[ 2986.916906] usb 4-1.2: LPM exit latency is zeroed, disabling LPM.
[ 2986.921605] usb 4-1.2: usbfs: process 9292 (grabImgWithTrig) did not claim interface 0 before use
[ 2987.683959] usb 4-1.2: reset SuperSpeed USB device number 25 using xhci_hcd
[ 2987.704795] usb 4-1.2: LPM exit latency is zeroed, disabling LPM.
[ 2987.710211] usb 4-1.2: usbfs: process 9292 (grabImgWithTrig) did not claim interface 2 before use
[ 2992.283857] usb 4-1.3: reset SuperSpeed USB device number 22 using xhci_hcd
[ 2992.304650] usb 4-1.3: LPM exit latency is zeroed, disabling LPM.
[ 2992.309329] usb 4-1.3: usbfs: process 9286 (grabImgWithTrig) did not claim interface 2 before use
[ 3000.351394] usb 4-1.3: USB disconnect, device number 22
[ 3005.563708] usb 4-1.2: reset SuperSpeed USB device number 25 using xhci_hcd
[ 3005.583508] usb 4-1.2: LPM exit latency is zeroed, disabling LPM.
[ 3005.586612] usb 4-1.2: usbfs: process 9292 (grabImgWithTrig) did not claim interface 2 before use
[ 3005.691116] usb 4-1.3: new SuperSpeed USB device number 26 using xhci_hcd
[ 3005.712080] usb 4-1.3: LPM exit latency is zeroed, disabling LPM.
[ 3005.713564] usb 4-1.3: New USB device found, idVendor=2bdf, idProduct=0001, bcdDevice= 1.00
[ 3005.713568] usb 4-1.3: New USB device strings: Mfr=5, Product=3, SerialNumber=6
[ 3005.713569] usb 4-1.3: Product: MV-CH100-60UC
[ 3005.713570] usb 4-1.3: Manufacturer: Hikrobot
[ 3005.713571] usb 4-1.3: SerialNumber: DA4930148
[ 3006.079438] usb 4-1.3: reset SuperSpeed USB device number 26 using xhci_hcd
[ 3006.100174] usb 4-1.3: LPM exit latency is zeroed, disabling LPM.
[ 3006.105518] usb 4-1.3: usbfs: process 9286 (grabImgWithTrig) did not claim interface 2 before use
[ 3028.726850] usb 4-1.3: reset SuperSpeed USB device number 26 using xhci_hcd
[ 3028.746983] usb 4-1.3: LPM exit latency is zeroed, disabling LPM.
[ 3028.750152] usb 4-1.3: usbfs: process 9286 (grabImgWithTrig) did not claim interface 0 before use
[ 3029.078928] usb 4-1.2: reset SuperSpeed USB device number 25 using xhci_hcd
[ 3029.103525] usb 4-1.2: LPM exit latency is zeroed, disabling LPM.
[ 3029.108199] usb 4-1.2: usbfs: process 9292 (grabImgWithTrig) did not claim interface 2 before use
[ 3029.482936] usb 4-1.3: reset SuperSpeed USB device number 26 using xhci_hcd
[ 3029.503560] usb 4-1.3: LPM exit latency is zeroed, disabling LPM.
[ 3029.508750] usb 4-1.3: usbfs: process 9286 (grabImgWithTrig) did not claim interface 2 before use
[ 3050.090363] usb 4-1.1: reset SuperSpeed USB device number 23 using xhci_hcd
[ 3050.110946] usb 4-1.1: LPM exit latency is zeroed, disabling LPM.
[ 3050.115714] usb 4-1.1: usbfs: process 9242 (grabImgWithTrig) did not claim interface 0 before use
[ 3050.270424] usb 4-1.3: reset SuperSpeed USB device number 26 using xhci_hcd
[ 3050.290447] usb 4-1.3: LPM exit latency is zeroed, disabling LPM.
[ 3050.293689] usb 4-1.3: usbfs: process 9286 (grabImgWithTrig) did not claim interface 2 before use
[ 3050.878392] usb 4-1.1: reset SuperSpeed USB device number 23 using xhci_hcd
[ 3050.899370] usb 4-1.1: LPM exit latency is zeroed, disabling LPM.
[ 3050.904937] usb 4-1.1: usbfs: process 9242 (grabImgWithTrig) did not claim interface 2 before use
[ 3060.578187] usb 4-1.3: reset SuperSpeed USB device number 26 using xhci_hcd
[ 3060.598113] usb 4-1.3: LPM exit latency is zeroed, disabling LPM.
[ 3060.602400] usb 4-1.3: usbfs: process 9286 (grabImgWithTrig) did not claim interface 2 before use
[ 3061.778198] usb 4-1.2: reset SuperSpeed USB device number 25 using xhci_hcd
[ 3061.798743] usb 4-1.2: LPM exit latency is zeroed, disabling LPM.
[ 3061.803444] usb 4-1.2: usbfs: process 9292 (grabImgWithTrig) did not claim interface 2 before use
[ 3097.177257] usb 4-1.3: reset SuperSpeed USB device number 26 using xhci_hcd
[ 3097.197800] usb 4-1.3: LPM exit latency is zeroed, disabling LPM.
[ 3097.203170] usb 4-1.3: usbfs: process 9286 (grabImgWithTrig) did not claim interface 2 before use
[ 3110.424417] usb 4-1.2: USB disconnect, device number 25
[ 3114.892732] usb 4-1.1: reset SuperSpeed USB device number 23 using xhci_hcd
[ 3114.912788] usb 4-1.1: LPM exit latency is zeroed, disabling LPM.
[ 3114.916225] usb 4-1.1: usbfs: process 9242 (grabImgWithTrig) did not claim interface 2 before use
[ 3114.992812] usb 4-1.3: reset SuperSpeed USB device number 26 using xhci_hcd
[ 3115.914537] usb 4-1.3: LPM exit latency is zeroed, disabling LPM.
[ 3115.920218] usb 4-1.3: usbfs: process 9286 (grabImgWithTrig) did not claim interface 2 before use
[ 3116.004468] usb 4-1.2: new SuperSpeed USB device number 27 using xhci_hcd
[ 3116.024633] usb 4-1.2: LPM exit latency is zeroed, disabling LPM.
[ 3116.025430] usb 4-1.2: New USB device found, idVendor=2bdf, idProduct=0001, bcdDevice= 1.00
[ 3116.025433] usb 4-1.2: New USB device strings: Mfr=5, Product=3, SerialNumber=6
[ 3116.025435] usb 4-1.2: Product: MV-CH100-60UC
[ 3116.025436] usb 4-1.2: Manufacturer: Hikrobot
[ 3116.025437] usb 4-1.2: SerialNumber: DA5324645
[ 3117.076650] usb 4-1.2: reset SuperSpeed USB device number 27 using xhci_hcd
[ 3117.097342] usb 4-1.2: LPM exit latency is zeroed, disabling LPM.
[ 3117.102634] usb 4-1.2: usbfs: process 9292 (grabImgWithTrig) did not claim interface 2 before use
[ 3170.883355] usb 4-1.1: reset SuperSpeed USB device number 23 using xhci_hcd
[ 3171.805074] usb 4-1.1: LPM exit latency is zeroed, disabling LPM.
[ 3171.810526] usb 4-1.1: usbfs: process 9242 (grabImgWithTrig) did not claim interface 2 before use
[ 3191.282776] usb 4-1.3: reset SuperSpeed USB device number 26 using xhci_hcd
[ 3192.207960] usb 4-1.3: LPM exit latency is zeroed, disabling LPM.
[ 3192.213964] usb 4-1.3: usbfs: process 9286 (grabImgWithTrig) did not claim interface 2 before use
[ 3234.581249] usb 4-1.3: USB disconnect, device number 26
[ 3238.909190] usb 4-1.3: new SuperSpeed USB device number 28 using xhci_hcd
[ 3238.929562] usb 4-1.3: LPM exit latency is zeroed, disabling LPM.
[ 3238.930378] usb 4-1.3: New USB device found, idVendor=2bdf, idProduct=0001, bcdDevice= 1.00
[ 3238.930382] usb 4-1.3: New USB device strings: Mfr=5, Product=3, SerialNumber=6
[ 3238.930384] usb 4-1.3: Product: MV-CH100-60UC
[ 3238.930385] usb 4-1.3: Manufacturer: Hikrobot
[ 3238.930387] usb 4-1.3: SerialNumber: DA4930148
[ 3239.377409] usb 4-1.3: reset SuperSpeed USB device number 28 using xhci_hcd
[ 3239.401670] usb 4-1.3: LPM exit latency is zeroed, disabling LPM.
[ 3239.405360] usb 4-1.3: usbfs: process 9286 (grabImgWithTrig) did not claim interface 2 before use
[ 3239.789557] usb 4-1.1: reset SuperSpeed USB device number 23 using xhci_hcd
[ 3240.712563] usb 4-1.1: LPM exit latency is zeroed, disabling LPM.
[ 3240.717993] usb 4-1.1: usbfs: process 9242 (grabImgWithTrig) did not claim interface 2 before use
[ 3240.797961] usb 4-1.2: reset SuperSpeed USB device number 27 using xhci_hcd
[ 3240.818180] usb 4-1.2: LPM exit latency is zeroed, disabling LPM.
[ 3240.821761] usb 4-1.2: usbfs: process 9292 (grabImgWithTrig) did not claim interface 2 before use
[ 3271.068916] usb 4-1.1: reset SuperSpeed USB device number 23 using xhci_hcd
[ 3271.088860] usb 4-1.1: LPM exit latency is zeroed, disabling LPM.
[ 3271.092874] usb 4-1.1: usbfs: process 9242 (grabImgWithTrig) did not claim interface 0 before use
[ 3271.784901] usb 4-1.1: reset SuperSpeed USB device number 23 using xhci_hcd
[ 3271.805427] usb 4-1.1: LPM exit latency is zeroed, disabling LPM.
[ 3271.811152] usb 4-1.1: usbfs: process 9242 (grabImgWithTrig) did not claim interface 2 before use
[ 3273.388741] usb 4-1.3: reset SuperSpeed USB device number 28 using xhci_hcd
[ 3273.409610] usb 4-1.3: LPM exit latency is zeroed, disabling LPM.
[ 3273.414734] usb 4-1.3: usbfs: process 9286 (grabImgWithTrig) did not claim interface 2 before use
[ 3282.876534] usb 4-1.3: reset SuperSpeed USB device number 28 using xhci_hcd
[ 3283.796715] usb 4-1.3: LPM exit latency is zeroed, disabling LPM.
[ 3283.802167] usb 4-1.3: usbfs: process 9286 (grabImgWithTrig) did not claim interface 2 before use
[ 3283.900945] usb 4-1.1: reset SuperSpeed USB device number 23 using xhci_hcd
[ 3283.920435] usb 4-1.1: LPM exit latency is zeroed, disabling LPM.
[ 3283.923695] usb 4-1.1: usbfs: process 9242 (grabImgWithTrig) did not claim interface 2 before use
[ 3298.272309] perf: interrupt took too long (4092 > 4022), lowering kernel.perf_event_max_sample_rate to 48750
[ 3348.478886] usb 4-1.2: reset SuperSpeed USB device number 27 using xhci_hcd
[ 3348.499833] usb 4-1.2: LPM exit latency is zeroed, disabling LPM.
[ 3348.505243] usb 4-1.2: usbfs: process 9292 (grabImgWithTrig) did not claim interface 2 before use
[ 3472.967733] usb 4-1.2: reset SuperSpeed USB device number 27 using xhci_hcd
[ 3473.892562] usb 4-1.2: LPM exit latency is zeroed, disabling LPM.
[ 3473.897942] usb 4-1.2: usbfs: process 9292 (grabImgWithTrig) did not claim interface 2 before use
[ 3480.623382] usb 4-1.1: reset SuperSpeed USB device number 23 using xhci_hcd
[ 3480.643547] usb 4-1.1: LPM exit latency is zeroed, disabling LPM.
[ 3480.647204] usb 4-1.1: usbfs: process 9242 (grabImgWithTrig) did not claim interface 0 before use
[ 3481.391823] usb 4-1.1: reset SuperSpeed USB device number 23 using xhci_hcd
[ 3481.412004] usb 4-1.1: LPM exit latency is zeroed, disabling LPM.
[ 3481.416570] usb 4-1.1: usbfs: process 9242 (grabImgWithTrig) did not claim interface 2 before use
[ 3482.971414] usb 4-1.3: reset SuperSpeed USB device number 28 using xhci_hcd
[ 3482.996226] usb 4-1.3: LPM exit latency is zeroed, disabling LPM.
[ 3483.001176] usb 4-1.3: usbfs: process 9286 (grabImgWithTrig) did not claim interface 2 before use
[ 3510.286189] usb 4-1.2: USB disconnect, device number 27
[ 3513.594250] usb 4-1.2: new SuperSpeed USB device number 29 using xhci_hcd
[ 3513.614928] usb 4-1.2: LPM exit latency is zeroed, disabling LPM.
[ 3513.615798] usb 4-1.2: New USB device found, idVendor=2bdf, idProduct=0001, bcdDevice= 1.00
[ 3513.615802] usb 4-1.2: New USB device strings: Mfr=5, Product=3, SerialNumber=6
[ 3513.615804] usb 4-1.2: Product: MV-CH100-60UC
[ 3513.615806] usb 4-1.2: Manufacturer: Hikrobot
[ 3513.615808] usb 4-1.2: SerialNumber: DA5324645
[ 3513.978414] usb 4-1.2: reset SuperSpeed USB device number 29 using xhci_hcd
[ 3513.999095] usb 4-1.2: LPM exit latency is zeroed, disabling LPM.
[ 3514.004247] usb 4-1.2: usbfs: process 9292 (grabImgWithTrig) did not claim interface 2 before use
[ 3514.478550] usb 4-1.3: reset SuperSpeed USB device number 28 using xhci_hcd
[ 3514.499419] usb 4-1.3: LPM exit latency is zeroed, disabling LPM.
[ 3514.504143] usb 4-1.3: usbfs: process 9286 (grabImgWithTrig) did not claim interface 2 before use
[ 3572.269127] usb 4-1.1: reset SuperSpeed USB device number 23 using xhci_hcd
[ 3572.289133] usb 4-1.1: LPM exit latency is zeroed, disabling LPM.
[ 3572.293501] usb 4-1.1: usbfs: process 9242 (grabImgWithTrig) did not claim interface 2 before use
[ 3577.668917] usb 4-1.1: reset SuperSpeed USB device number 23 using xhci_hcd
[ 3577.689510] usb 4-1.1: LPM exit latency is zeroed, disabling LPM.
[ 3577.694294] usb 4-1.1: usbfs: process 9242 (grabImgWithTrig) did not claim interface 2 before use
[ 3579.019791] usb 4-1.2: USB disconnect, device number 29
[ 3579.252472] usb 4-1.2: new SuperSpeed USB device number 30 using xhci_hcd
[ 3579.272891] usb 4-1.2: LPM exit latency is zeroed, disabling LPM.
[ 3579.273681] usb 4-1.2: New USB device found, idVendor=2bdf, idProduct=0001, bcdDevice= 1.00
[ 3579.273684] usb 4-1.2: New USB device strings: Mfr=5, Product=3, SerialNumber=6
[ 3579.273686] usb 4-1.2: Product: MV-CH100-60UC
[ 3579.273687] usb 4-1.2: Manufacturer: Hikrobot
[ 3579.273689] usb 4-1.2: SerialNumber: DA5324645
[ 3579.964861] usb 4-1.2: reset SuperSpeed USB device number 30 using xhci_hcd
[ 3579.984906] usb 4-1.2: LPM exit latency is zeroed, disabling LPM.
[ 3579.989616] usb 4-1.2: usbfs: process 9292 (grabImgWithTrig) did not claim interface 2 before use
[ 3647.593870] usb 1-1: USB disconnect, device number 12
[ 3649.515024] usb 4-1.3: reset SuperSpeed USB device number 28 using xhci_hcd
[ 3649.539029] usb 4-1.3: LPM exit latency is zeroed, disabling LPM.
[ 3649.542147] usb 4-1.3: usbfs: process 9286 (grabImgWithTrig) did not claim interface 0 before use
[ 3649.642422] usb 1-1: new high-speed USB device number 13 using xhci_hcd
[ 3649.791486] usb 1-1: New USB device found, idVendor=2109, idProduct=2817, bcdDevice=90.23
[ 3649.791490] usb 1-1: New USB device strings: Mfr=1, Product=2, SerialNumber=0
[ 3649.791491] usb 1-1: Product: USB2.0 Hub             
[ 3649.791492] usb 1-1: Manufacturer: VIA Labs, Inc.         
[ 3649.792302] hub 1-1:1.0: USB hub found
[ 3649.792511] hub 1-1:1.0: 4 ports detected
[ 3649.870990] usb 4-1.2: reset SuperSpeed USB device number 30 using xhci_hcd
[ 3649.891579] usb 4-1.2: LPM exit latency is zeroed, disabling LPM.
[ 3649.896078] usb 4-1.2: usbfs: process 9292 (grabImgWithTrig) did not claim interface 2 before use
[ 3650.271064] usb 4-1.3: reset SuperSpeed USB device number 28 using xhci_hcd
[ 3650.296166] usb 4-1.3: LPM exit latency is zeroed, disabling LPM.
[ 3650.303801] usb 4-1.3: usbfs: process 9286 (grabImgWithTrig) did not claim interface 2 before use
[ 3650.691565] usb 1-1: USB disconnect, device number 13
[ 3652.730339] usb 1-1: new high-speed USB device number 14 using xhci_hcd
[ 3652.879459] usb 1-1: New USB device found, idVendor=2109, idProduct=2817, bcdDevice=90.23
[ 3652.879462] usb 1-1: New USB device strings: Mfr=1, Product=2, SerialNumber=0
[ 3652.879463] usb 1-1: Product: USB2.0 Hub             
[ 3652.879464] usb 1-1: Manufacturer: VIA Labs, Inc.         
[ 3652.880315] hub 1-1:1.0: USB hub found
[ 3652.880548] hub 1-1:1.0: 4 ports detected
[ 3654.765288] usb 1-1: USB disconnect, device number 14
[ 3656.814238] usb 1-1: new high-speed USB device number 15 using xhci_hcd
[ 3656.967390] usb 1-1: New USB device found, idVendor=2109, idProduct=2817, bcdDevice=90.23
[ 3656.967401] usb 1-1: New USB device strings: Mfr=1, Product=2, SerialNumber=0
[ 3656.967404] usb 1-1: Product: USB2.0 Hub             
[ 3656.967406] usb 1-1: Manufacturer: VIA Labs, Inc.         
[ 3656.969125] hub 1-1:1.0: USB hub found
[ 3656.969300] hub 1-1:1.0: 4 ports detected
[ 3657.955666] usb 1-1: USB disconnect, device number 15
[ 3660.011196] usb 1-1: new high-speed USB device number 16 using xhci_hcd
[ 3660.159463] usb 1-1: New USB device found, idVendor=2109, idProduct=2817, bcdDevice=90.23
[ 3660.159475] usb 1-1: New USB device strings: Mfr=1, Product=2, SerialNumber=0
[ 3660.159480] usb 1-1: Product: USB2.0 Hub             
[ 3660.159484] usb 1-1: Manufacturer: VIA Labs, Inc.         
[ 3660.160851] hub 1-1:1.0: USB hub found
[ 3660.160959] hub 1-1:1.0: 4 ports detected
[ 3666.969002] usb 1-1: USB disconnect, device number 16
[ 3669.009933] usb 1-1: new high-speed USB device number 17 using xhci_hcd
[ 3669.159080] usb 1-1: New USB device found, idVendor=2109, idProduct=2817, bcdDevice=90.23
[ 3669.159085] usb 1-1: New USB device strings: Mfr=1, Product=2, SerialNumber=0
[ 3669.159087] usb 1-1: Product: USB2.0 Hub             
[ 3669.159088] usb 1-1: Manufacturer: VIA Labs, Inc.         
[ 3669.160034] hub 1-1:1.0: USB hub found
[ 3669.160204] hub 1-1:1.0: 4 ports detected
[ 3669.856105] usb 1-1: USB disconnect, device number 17
[ 3671.897850] usb 1-1: new high-speed USB device number 18 using xhci_hcd
[ 3672.046961] usb 1-1: New USB device found, idVendor=2109, idProduct=2817, bcdDevice=90.23
[ 3672.046964] usb 1-1: New USB device strings: Mfr=1, Product=2, SerialNumber=0
[ 3672.046966] usb 1-1: Product: USB2.0 Hub             
[ 3672.046966] usb 1-1: Manufacturer: VIA Labs, Inc.         
[ 3672.047877] hub 1-1:1.0: USB hub found
[ 3672.047969] hub 1-1:1.0: 4 ports detected
[ 3673.021592] usb 1-1: USB disconnect, device number 18
[ 3675.061791] usb 1-1: new high-speed USB device number 19 using xhci_hcd
[ 3675.210904] usb 1-1: New USB device found, idVendor=2109, idProduct=2817, bcdDevice=90.23
[ 3675.210909] usb 1-1: New USB device strings: Mfr=1, Product=2, SerialNumber=0
[ 3675.210910] usb 1-1: Product: USB2.0 Hub             
[ 3675.210911] usb 1-1: Manufacturer: VIA Labs, Inc.         
[ 3675.211880] hub 1-1:1.0: USB hub found
[ 3675.212028] hub 1-1:1.0: 4 ports detected
[ 3680.374328] usb 4-1.1: reset SuperSpeed USB device number 23 using xhci_hcd
[ 3680.394941] usb 4-1.1: LPM exit latency is zeroed, disabling LPM.
[ 3680.399514] usb 4-1.1: usbfs: process 9242 (grabImgWithTrig) did not claim interface 2 before use
[ 3680.692588] usb 4-1.2: USB disconnect, device number 30
[ 3681.209951] usb 4-1.2: new SuperSpeed USB device number 31 using xhci_hcd
[ 3681.230815] usb 4-1.2: LPM exit latency is zeroed, disabling LPM.
[ 3681.232312] usb 4-1.2: New USB device found, idVendor=2bdf, idProduct=0001, bcdDevice= 1.00
[ 3681.232315] usb 4-1.2: New USB device strings: Mfr=5, Product=3, SerialNumber=6
[ 3681.232316] usb 4-1.2: Product: MV-CH100-60UC
[ 3681.232318] usb 4-1.2: Manufacturer: Hikrobot
[ 3681.232319] usb 4-1.2: SerialNumber: DA5324645
[ 3682.122364] usb 4-1.2: reset SuperSpeed USB device number 31 using xhci_hcd
[ 3682.142260] usb 4-1.2: LPM exit latency is zeroed, disabling LPM.
[ 3682.145926] usb 4-1.2: usbfs: process 9292 (grabImgWithTrig) did not claim interface 2 before use
[ 3682.653936] usb 2-1.3: reset SuperSpeed USB device number 5 using xhci_hcd
[ 3683.572047] usb 2-1.3: LPM exit latency is zeroed, disabling LPM.
[ 3683.574999] usb 2-1.3: usbfs: process 9287 (grabImgWithTrig) did not claim interface 2 before use
[ 3683.653810] usb 2-1.4: reset SuperSpeed USB device number 6 using xhci_hcd
[ 3684.573462] usb 2-1.4: LPM exit latency is zeroed, disabling LPM.
[ 3684.576403] usb 2-1.4: usbfs: process 9283 (grabImgWithTrig) did not claim interface 2 before use
[ 3684.685710] usb 2-1.2: reset SuperSpeed USB device number 4 using xhci_hcd
[ 3684.706792] usb 2-1.2: LPM exit latency is zeroed, disabling LPM.
[ 3684.710093] usb 2-1.2: usbfs: process 9275 (grabImgWithTrig) did not claim interface 2 before use
[ 3692.087558] usb 1-1: USB disconnect, device number 19
[ 3694.129295] usb 1-1: new high-speed USB device number 20 using xhci_hcd
[ 3694.278355] usb 1-1: New USB device found, idVendor=2109, idProduct=2817, bcdDevice=90.23
[ 3694.278359] usb 1-1: New USB device strings: Mfr=1, Product=2, SerialNumber=0
[ 3694.278360] usb 1-1: Product: USB2.0 Hub             
[ 3694.278361] usb 1-1: Manufacturer: VIA Labs, Inc.         
[ 3694.279273] hub 1-1:1.0: USB hub found
[ 3694.279395] hub 1-1:1.0: 4 ports detected
[ 3698.669742] usb 1-1: USB disconnect, device number 20
[ 3700.377413] usb 2-1.3: reset SuperSpeed USB device number 5 using xhci_hcd
[ 3700.397604] usb 2-1.3: LPM exit latency is zeroed, disabling LPM.
[ 3700.400581] usb 2-1.3: usbfs: process 9287 (grabImgWithTrig) did not claim interface 2 before use
[ 3700.505441] usb 2-1.4: reset SuperSpeed USB device number 6 using xhci_hcd
[ 3700.525527] usb 2-1.4: LPM exit latency is zeroed, disabling LPM.
[ 3700.528407] usb 2-1.4: usbfs: process 9283 (grabImgWithTrig) did not claim interface 2 before use
[ 3700.609344] usb 2-1.2: reset SuperSpeed USB device number 4 using xhci_hcd
[ 3700.629513] usb 2-1.2: LPM exit latency is zeroed, disabling LPM.
[ 3700.632511] usb 2-1.2: usbfs: process 9275 (grabImgWithTrig) did not claim interface 2 before use
[ 3700.757101] usb 1-1: new high-speed USB device number 21 using xhci_hcd
[ 3700.910240] usb 1-1: New USB device found, idVendor=2109, idProduct=2817, bcdDevice=90.23
[ 3700.910247] usb 1-1: New USB device strings: Mfr=1, Product=2, SerialNumber=0
[ 3700.910249] usb 1-1: Product: USB2.0 Hub             
[ 3700.910250] usb 1-1: Manufacturer: VIA Labs, Inc.         
[ 3700.911175] hub 1-1:1.0: USB hub found
[ 3700.911275] hub 1-1:1.0: 4 ports detected
[ 3706.053288] usb 2-1.4: reset SuperSpeed USB device number 6 using xhci_hcd
[ 3706.073343] usb 2-1.4: LPM exit latency is zeroed, disabling LPM.
[ 3706.076150] usb 2-1.4: usbfs: process 9283 (grabImgWithTrig) did not claim interface 2 before use
[ 3706.185226] usb 2-1.2: reset SuperSpeed USB device number 4 using xhci_hcd
[ 3706.205342] usb 2-1.2: LPM exit latency is zeroed, disabling LPM.
[ 3706.208217] usb 2-1.2: usbfs: process 9275 (grabImgWithTrig) did not claim interface 2 before use
[ 3706.289249] usb 2-1.3: reset SuperSpeed USB device number 5 using xhci_hcd
[ 3706.309250] usb 2-1.3: LPM exit latency is zeroed, disabling LPM.
[ 3706.312257] usb 2-1.3: usbfs: process 9287 (grabImgWithTrig) did not claim interface 2 before use
[ 3709.637206] usb 2-1.2: reset SuperSpeed USB device number 4 using xhci_hcd
[ 3710.556924] usb 2-1.2: LPM exit latency is zeroed, disabling LPM.
[ 3710.560166] usb 2-1.2: usbfs: process 9275 (grabImgWithTrig) did not claim interface 2 before use
[ 3710.661168] usb 2-1.4: reset SuperSpeed USB device number 6 using xhci_hcd
[ 3710.681136] usb 2-1.4: LPM exit latency is zeroed, disabling LPM.
[ 3710.684032] usb 2-1.4: usbfs: process 9283 (grabImgWithTrig) did not claim interface 2 before use
[ 3710.761199] usb 2-1.3: reset SuperSpeed USB device number 5 using xhci_hcd
[ 3710.781269] usb 2-1.3: LPM exit latency is zeroed, disabling LPM.
[ 3710.784308] usb 2-1.3: usbfs: process 9287 (grabImgWithTrig) did not claim interface 2 before use
[ 3715.755740] usb 1-1: USB disconnect, device number 21
[ 3717.796663] usb 1-1: new high-speed USB device number 22 using xhci_hcd
[ 3717.945782] usb 1-1: New USB device found, idVendor=2109, idProduct=2817, bcdDevice=90.23
[ 3717.945786] usb 1-1: New USB device strings: Mfr=1, Product=2, SerialNumber=0
[ 3717.945787] usb 1-1: Product: USB2.0 Hub             
[ 3717.945788] usb 1-1: Manufacturer: VIA Labs, Inc.         
[ 3717.946604] hub 1-1:1.0: USB hub found
[ 3717.946728] hub 1-1:1.0: 4 ports detected
[ 3718.132974] usb 2-1.2: reset SuperSpeed USB device number 4 using xhci_hcd
[ 3718.153230] usb 2-1.2: LPM exit latency is zeroed, disabling LPM.
[ 3718.156186] usb 2-1.2: usbfs: process 9275 (grabImgWithTrig) did not claim interface 2 before use
[ 3718.237017] usb 2-1.4: reset SuperSpeed USB device number 6 using xhci_hcd
[ 3718.261038] usb 2-1.4: LPM exit latency is zeroed, disabling LPM.
[ 3718.264173] usb 2-1.4: usbfs: process 9283 (grabImgWithTrig) did not claim interface 2 before use
[ 3718.340922] usb 2-1.3: reset SuperSpeed USB device number 5 using xhci_hcd
[ 3719.261885] usb 2-1.3: LPM exit latency is zeroed, disabling LPM.
[ 3719.264844] usb 2-1.3: usbfs: process 9287 (grabImgWithTrig) did not claim interface 2 before use
[ 3749.753809] usb 1-1: USB disconnect, device number 22
[ 3751.392106] usb 2-1.2: reset SuperSpeed USB device number 4 using xhci_hcd
[ 3752.312484] usb 2-1.2: LPM exit latency is zeroed, disabling LPM.
[ 3752.315384] usb 2-1.2: usbfs: process 9275 (grabImgWithTrig) did not claim interface 2 before use
[ 3754.063730] usb 1-1: new high-speed USB device number 24 using xhci_hcd
[ 3754.216835] usb 1-1: New USB device found, idVendor=2109, idProduct=2817, bcdDevice=90.23
[ 3754.216839] usb 1-1: New USB device strings: Mfr=1, Product=2, SerialNumber=0
[ 3754.216841] usb 1-1: Product: USB2.0 Hub             
[ 3754.216842] usb 1-1: Manufacturer: VIA Labs, Inc.         
[ 3754.217664] hub 1-1:1.0: USB hub found
[ 3754.217785] hub 1-1:1.0: 4 ports detected
[ 3754.423920] usb 2-1.4: reset SuperSpeed USB device number 6 using xhci_hcd
[ 3755.341108] usb 2-1.4: LPM exit latency is zeroed, disabling LPM.
[ 3755.343956] usb 2-1.4: usbfs: process 9283 (grabImgWithTrig) did not claim interface 2 before use
[ 3755.419955] usb 2-1.3: reset SuperSpeed USB device number 5 using xhci_hcd
[ 3756.342684] usb 2-1.3: LPM exit latency is zeroed, disabling LPM.
[ 3756.346023] usb 2-1.3: usbfs: process 9287 (grabImgWithTrig) did not claim interface 2 before use
[ 3762.667791] usb 2-1.3: reset SuperSpeed USB device number 5 using xhci_hcd
[ 3762.687922] usb 2-1.3: LPM exit latency is zeroed, disabling LPM.
[ 3762.690780] usb 2-1.3: usbfs: process 9287 (grabImgWithTrig) did not claim interface 2 before use
[ 3762.803788] usb 2-1.4: reset SuperSpeed USB device number 6 using xhci_hcd
[ 3762.823853] usb 2-1.4: LPM exit latency is zeroed, disabling LPM.
[ 3762.826631] usb 2-1.4: usbfs: process 9283 (grabImgWithTrig) did not claim interface 2 before use
[ 3762.903826] usb 2-1.2: reset SuperSpeed USB device number 4 using xhci_hcd
[ 3762.923986] usb 2-1.2: LPM exit latency is zeroed, disabling LPM.
[ 3762.927034] usb 2-1.2: usbfs: process 9275 (grabImgWithTrig) did not claim interface 2 before use
[ 3766.883674] usb 2-1.4: reset SuperSpeed USB device number 6 using xhci_hcd
[ 3767.806706] usb 2-1.4: LPM exit latency is zeroed, disabling LPM.
[ 3767.809733] usb 2-1.4: usbfs: process 9283 (grabImgWithTrig) did not claim interface 2 before use
[ 3767.923611] usb 2-1.3: reset SuperSpeed USB device number 5 using xhci_hcd
[ 3767.943926] usb 2-1.3: LPM exit latency is zeroed, disabling LPM.
[ 3767.946988] usb 2-1.3: usbfs: process 9287 (grabImgWithTrig) did not claim interface 2 before use
[ 3768.023637] usb 2-1.2: reset SuperSpeed USB device number 4 using xhci_hcd
[ 3768.047893] usb 2-1.2: LPM exit latency is zeroed, disabling LPM.
[ 3768.052803] usb 2-1.2: usbfs: process 9275 (grabImgWithTrig) did not claim interface 2 before use
[ 3770.023640] usb 2-1.4: reset SuperSpeed USB device number 6 using xhci_hcd
[ 3770.043701] usb 2-1.4: LPM exit latency is zeroed, disabling LPM.
[ 3770.046670] usb 2-1.4: usbfs: process 9283 (grabImgWithTrig) did not claim interface 2 before use
[ 3770.155586] usb 2-1.3: reset SuperSpeed USB device number 5 using xhci_hcd
[ 3770.175581] usb 2-1.3: LPM exit latency is zeroed, disabling LPM.
[ 3770.178549] usb 2-1.3: usbfs: process 9287 (grabImgWithTrig) did not claim interface 2 before use
[ 3774.343488] usb 2-1.2: reset SuperSpeed USB device number 4 using xhci_hcd
[ 3774.367667] usb 2-1.2: LPM exit latency is zeroed, disabling LPM.
[ 3774.370756] usb 2-1.2: usbfs: process 9275 (grabImgWithTrig) did not claim interface 2 before use
[ 3774.487392] usb 2-1.3: reset SuperSpeed USB device number 5 using xhci_hcd
[ 3774.507464] usb 2-1.3: LPM exit latency is zeroed, disabling LPM.
[ 3774.510577] usb 2-1.3: usbfs: process 9287 (grabImgWithTrig) did not claim interface 2 before use
[ 3774.587437] usb 2-1.4: reset SuperSpeed USB device number 6 using xhci_hcd
[ 3774.607459] usb 2-1.4: LPM exit latency is zeroed, disabling LPM.
[ 3774.610243] usb 2-1.4: usbfs: process 9283 (grabImgWithTrig) did not claim interface 2 before use
[ 3776.757775] usb 1-1: USB disconnect, device number 24
[ 3777.555423] usb 2-1.2: reset SuperSpeed USB device number 4 using xhci_hcd
[ 3777.575617] usb 2-1.2: LPM exit latency is zeroed, disabling LPM.
[ 3777.578336] usb 2-1.2: usbfs: process 9275 (grabImgWithTrig) did not claim interface 2 before use
[ 3777.675305] usb 2-1.3: reset SuperSpeed USB device number 5 using xhci_hcd
[ 3778.598147] usb 2-1.3: LPM exit latency is zeroed, disabling LPM.
[ 3778.601099] usb 2-1.3: usbfs: process 9287 (grabImgWithTrig) did not claim interface 2 before use
[ 3778.675394] usb 2-1.4: reset SuperSpeed USB device number 6 using xhci_hcd
[ 3778.695649] usb 2-1.4: LPM exit latency is zeroed, disabling LPM.
[ 3778.698996] usb 2-1.4: usbfs: process 9283 (grabImgWithTrig) did not claim interface 2 before use
[ 3778.823114] usb 1-1: new high-speed USB device number 25 using xhci_hcd
[ 3778.976210] usb 1-1: New USB device found, idVendor=2109, idProduct=2817, bcdDevice=90.23
[ 3778.976215] usb 1-1: New USB device strings: Mfr=1, Product=2, SerialNumber=0
[ 3778.976217] usb 1-1: Product: USB2.0 Hub             
[ 3778.976218] usb 1-1: Manufacturer: VIA Labs, Inc.         
[ 3778.977162] hub 1-1:1.0: USB hub found
[ 3778.977340] hub 1-1:1.0: 4 ports detected
[ 3783.963661] usb 4-1.1: reset SuperSpeed USB device number 23 using xhci_hcd
[ 3783.984124] usb 4-1.1: LPM exit latency is zeroed, disabling LPM.
[ 3783.989243] usb 4-1.1: usbfs: process 9242 (grabImgWithTrig) did not claim interface 2 before use
[ 3789.835145] usb 2-1.4: reset SuperSpeed USB device number 6 using xhci_hcd
[ 3789.855089] usb 2-1.4: LPM exit latency is zeroed, disabling LPM.
[ 3789.858043] usb 2-1.4: usbfs: process 9283 (grabImgWithTrig) did not claim interface 2 before use
[ 3789.935095] usb 2-1.3: reset SuperSpeed USB device number 5 using xhci_hcd
[ 3790.856486] usb 2-1.3: LPM exit latency is zeroed, disabling LPM.
[ 3790.859318] usb 2-1.3: usbfs: process 9287 (grabImgWithTrig) did not claim interface 2 before use
[ 3790.963092] usb 2-1.2: reset SuperSpeed USB device number 4 using xhci_hcd
[ 3790.983081] usb 2-1.2: LPM exit latency is zeroed, disabling LPM.
[ 3790.986022] usb 2-1.2: usbfs: process 9275 (grabImgWithTrig) did not claim interface 2 before use
[ 3791.939234] usb 2-1.4: reset SuperSpeed USB device number 6 using xhci_hcd
[ 3791.959080] usb 2-1.4: LPM exit latency is zeroed, disabling LPM.
[ 3791.962182] usb 2-1.4: usbfs: process 9283 (grabImgWithTrig) did not claim interface 2 before use
[ 3797.198983] usb 2-1.2: reset SuperSpeed USB device number 4 using xhci_hcd
[ 3797.219137] usb 2-1.2: LPM exit latency is zeroed, disabling LPM.
[ 3797.222137] usb 2-1.2: usbfs: process 9275 (grabImgWithTrig) did not claim interface 2 before use
[ 3797.326922] usb 2-1.3: reset SuperSpeed USB device number 5 using xhci_hcd
[ 3797.346952] usb 2-1.3: LPM exit latency is zeroed, disabling LPM.
[ 3797.349839] usb 2-1.3: usbfs: process 9287 (grabImgWithTrig) did not claim interface 2 before use
[ 3797.430829] usb 2-1.4: reset SuperSpeed USB device number 6 using xhci_hcd
[ 3797.451120] usb 2-1.4: LPM exit latency is zeroed, disabling LPM.
[ 3797.454058] usb 2-1.4: usbfs: process 9283 (grabImgWithTrig) did not claim interface 2 before use
[ 3800.175018] usb 2-1.4: reset SuperSpeed USB device number 6 using xhci_hcd
[ 3800.194825] usb 2-1.4: LPM exit latency is zeroed, disabling LPM.
[ 3800.198992] usb 2-1.4: usbfs: process 9283 (grabImgWithTrig) did not claim interface 2 before use
[ 3800.450841] usb 2-1.2: reset SuperSpeed USB device number 4 using xhci_hcd
[ 3800.470989] usb 2-1.2: LPM exit latency is zeroed, disabling LPM.
[ 3800.473811] usb 2-1.2: usbfs: process 9275 (grabImgWithTrig) did not claim interface 2 before use
[ 3800.550909] usb 2-1.3: reset SuperSpeed USB device number 5 using xhci_hcd
[ 3800.570813] usb 2-1.3: LPM exit latency is zeroed, disabling LPM.
[ 3800.573762] usb 2-1.3: usbfs: process 9287 (grabImgWithTrig) did not claim interface 2 before use
[ 3803.822645] usb 2-1.3: reset SuperSpeed USB device number 5 using xhci_hcd
[ 3803.843015] usb 2-1.3: LPM exit latency is zeroed, disabling LPM.
[ 3803.846028] usb 2-1.3: usbfs: process 9287 (grabImgWithTrig) did not claim interface 2 before use
[ 3803.922681] usb 2-1.2: reset SuperSpeed USB device number 4 using xhci_hcd
[ 3804.844740] usb 2-1.2: LPM exit latency is zeroed, disabling LPM.
[ 3804.847817] usb 2-1.2: usbfs: process 9275 (grabImgWithTrig) did not claim interface 2 before use
[ 3804.979253] usb 2-1.4: reset SuperSpeed USB device number 6 using xhci_hcd
[ 3805.875334] usb 2-1.4: LPM exit latency is zeroed, disabling LPM.
[ 3805.878217] usb 2-1.4: usbfs: process 9283 (grabImgWithTrig) did not claim interface 2 before use
[ 3806.100017] usb 2-1.3: reset SuperSpeed USB device number 5 using xhci_hcd
[ 3807.022911] usb 2-1.3: LPM exit latency is zeroed, disabling LPM.
[ 3807.025913] usb 2-1.3: usbfs: process 9287 (grabImgWithTrig) did not claim interface 2 before use
[ 3807.171743] usb 1-1: USB disconnect, device number 25
[ 3807.712507] usb 2-1.2: reset SuperSpeed USB device number 4 using xhci_hcd
[ 3808.633573] usb 2-1.2: LPM exit latency is zeroed, disabling LPM.
[ 3808.636382] usb 2-1.2: usbfs: process 9275 (grabImgWithTrig) did not claim interface 2 before use
[ 3809.214326] usb 1-1: new high-speed USB device number 26 using xhci_hcd
[ 3809.363433] usb 1-1: New USB device found, idVendor=2109, idProduct=2817, bcdDevice=90.23
[ 3809.363440] usb 1-1: New USB device strings: Mfr=1, Product=2, SerialNumber=0
[ 3809.363442] usb 1-1: Product: USB2.0 Hub             
[ 3809.363444] usb 1-1: Manufacturer: VIA Labs, Inc.         
[ 3809.364645] hub 1-1:1.0: USB hub found
[ 3809.364715] hub 1-1:1.0: 4 ports detected
[ 3809.580750] usb 1-1: USB disconnect, device number 26
[ 3809.698663] usb 2-1.3: reset SuperSpeed USB device number 5 using xhci_hcd
[ 3810.613815] usb 2-1.3: LPM exit latency is zeroed, disabling LPM.
[ 3810.616648] usb 2-1.3: usbfs: process 9287 (grabImgWithTrig) did not claim interface 2 before use
[ 3811.010540] usb 2-1.4: reset SuperSpeed USB device number 6 using xhci_hcd
[ 3811.940062] usb 2-1.4: LPM exit latency is zeroed, disabling LPM.
[ 3811.955484] usb 2-1.4: usbfs: process 9283 (grabImgWithTrig) did not claim interface 2 before use
[ 3813.886223] usb 1-1: new high-speed USB device number 28 using xhci_hcd
[ 3814.039381] usb 1-1: New USB device found, idVendor=2109, idProduct=2817, bcdDevice=90.23
[ 3814.039386] usb 1-1: New USB device strings: Mfr=1, Product=2, SerialNumber=0
[ 3814.039387] usb 1-1: Product: USB2.0 Hub             
[ 3814.039388] usb 1-1: Manufacturer: VIA Labs, Inc.         
[ 3814.040305] hub 1-1:1.0: USB hub found
[ 3814.040409] hub 1-1:1.0: 4 ports detected
[ 3814.222391] usb 2-1.2: reset SuperSpeed USB device number 4 using xhci_hcd
[ 3815.040451] usb 2-1.2: LPM exit latency is zeroed, disabling LPM.
[ 3815.043852] usb 2-1.2: usbfs: process 9275 (grabImgWithTrig) did not claim interface 2 before use
[ 3815.483431] usb 4-1.3: reset SuperSpeed USB device number 28 using xhci_hcd
[ 3815.503739] usb 4-1.3: LPM exit latency is zeroed, disabling LPM.
[ 3815.508660] usb 4-1.3: usbfs: process 9286 (grabImgWithTrig) did not claim interface 2 before use
[ 3816.586390] usb 2-1.3: reset SuperSpeed USB device number 5 using xhci_hcd
[ 3817.509622] usb 2-1.3: LPM exit latency is zeroed, disabling LPM.
[ 3817.512943] usb 2-1.3: usbfs: process 9287 (grabImgWithTrig) did not claim interface 2 before use
[ 3817.590346] usb 2-1.4: reset SuperSpeed USB device number 6 using xhci_hcd
[ 3818.510907] usb 2-1.4: LPM exit latency is zeroed, disabling LPM.
[ 3818.513928] usb 2-1.4: usbfs: process 9283 (grabImgWithTrig) did not claim interface 2 before use
[ 3818.626407] usb 2-1.2: reset SuperSpeed USB device number 4 using xhci_hcd
[ 3818.650391] usb 2-1.2: LPM exit latency is zeroed, disabling LPM.
[ 3818.653462] usb 2-1.2: usbfs: process 9275 (grabImgWithTrig) did not claim interface 2 before use
[ 3823.910283] usb 2-1.2: reset SuperSpeed USB device number 4 using xhci_hcd
[ 3823.934425] usb 2-1.2: LPM exit latency is zeroed, disabling LPM.
[ 3823.937406] usb 2-1.2: usbfs: process 9275 (grabImgWithTrig) did not claim interface 2 before use
[ 3824.018193] usb 2-1.3: reset SuperSpeed USB device number 5 using xhci_hcd
[ 3824.038293] usb 2-1.3: LPM exit latency is zeroed, disabling LPM.
[ 3824.041209] usb 2-1.3: usbfs: process 9287 (grabImgWithTrig) did not claim interface 2 before use
[ 3826.570068] usb 2-1.2: reset SuperSpeed USB device number 4 using xhci_hcd
[ 3827.487774] usb 2-1.2: LPM exit latency is zeroed, disabling LPM.
[ 3827.490689] usb 2-1.2: usbfs: process 9275 (grabImgWithTrig) did not claim interface 2 before use
[ 3827.594191] usb 2-1.3: reset SuperSpeed USB device number 5 using xhci_hcd
[ 3828.515218] usb 2-1.3: LPM exit latency is zeroed, disabling LPM.
[ 3828.519929] usb 2-1.3: usbfs: process 9287 (grabImgWithTrig) did not claim interface 2 before use
[ 3828.850004] usb 2-1.4: reset SuperSpeed USB device number 6 using xhci_hcd
[ 3829.766587] usb 2-1.4: LPM exit latency is zeroed, disabling LPM.
[ 3829.769589] usb 2-1.4: usbfs: process 9283 (grabImgWithTrig) did not claim interface 2 before use
[ 3832.893983] usb 2-1.3: reset SuperSpeed USB device number 5 using xhci_hcd
[ 3833.543301] usb 1-1: USB disconnect, device number 28
[ 3833.819105] usb 2-1.3: LPM exit latency is zeroed, disabling LPM.
[ 3833.821993] usb 2-1.3: usbfs: process 9287 (grabImgWithTrig) did not claim interface 2 before use
[ 3833.897985] usb 2-1.2: reset SuperSpeed USB device number 4 using xhci_hcd
[ 3833.918164] usb 2-1.2: LPM exit latency is zeroed, disabling LPM.
[ 3833.921002] usb 2-1.2: usbfs: process 9275 (grabImgWithTrig) did not claim interface 2 before use
[ 3835.585661] usb 1-1: new high-speed USB device number 29 using xhci_hcd
[ 3835.734698] usb 1-1: New USB device found, idVendor=2109, idProduct=2817, bcdDevice=90.23
[ 3835.734703] usb 1-1: New USB device strings: Mfr=1, Product=2, SerialNumber=0
[ 3835.734704] usb 1-1: Product: USB2.0 Hub             
[ 3835.734705] usb 1-1: Manufacturer: VIA Labs, Inc.         
[ 3835.735515] hub 1-1:1.0: USB hub found
[ 3835.735599] hub 1-1:1.0: 4 ports detected
[ 3836.202262] usb 2-1.2: reset SuperSpeed USB device number 4 using xhci_hcd
[ 3836.233782] usb 2-1.2: LPM exit latency is zeroed, disabling LPM.
[ 3836.259225] usb 2-1.2: usbfs: process 9275 (grabImgWithTrig) did not claim interface 2 before use
[ 3836.646875] usb 1-1: USB disconnect, device number 29
[ 3837.308464] usb 2-1.4: reset SuperSpeed USB device number 6 using xhci_hcd
[ 3838.224216] usb 2-1.4: LPM exit latency is zeroed, disabling LPM.
[ 3838.226875] usb 2-1.4: usbfs: process 9283 (grabImgWithTrig) did not claim interface 2 before use
[ 3838.337893] usb 2-1.3: reset SuperSpeed USB device number 5 using xhci_hcd
[ 3839.260824] usb 2-1.3: LPM exit latency is zeroed, disabling LPM.
[ 3839.263790] usb 2-1.3: usbfs: process 9287 (grabImgWithTrig) did not claim interface 2 before use
[ 3840.105832] usb 2-1.2: reset SuperSpeed USB device number 4 using xhci_hcd
[ 3841.042225] usb 2-1.2: LPM exit latency is zeroed, disabling LPM.
[ 3841.063611] usb 2-1.2: usbfs: process 9275 (grabImgWithTrig) did not claim interface 2 before use
[ 3841.169477] usb 1-1: new high-speed USB device number 31 using xhci_hcd
[ 3841.322584] usb 1-1: New USB device found, idVendor=2109, idProduct=2817, bcdDevice=90.23
[ 3841.322589] usb 1-1: New USB device strings: Mfr=1, Product=2, SerialNumber=0
[ 3841.322591] usb 1-1: Product: USB2.0 Hub             
[ 3841.322592] usb 1-1: Manufacturer: VIA Labs, Inc.         
[ 3841.323409] hub 1-1:1.0: USB hub found
[ 3841.323507] hub 1-1:1.0: 4 ports detected
[ 3848.088228] usb 1-1: USB disconnect, device number 31
[ 3850.137275] usb 1-1: new high-speed USB device number 32 using xhci_hcd
[ 3852.161241] usb 1-1: new high-speed USB device number 33 using xhci_hcd
[ 3852.314332] usb 1-1: New USB device found, idVendor=2109, idProduct=2817, bcdDevice=90.23
[ 3852.314339] usb 1-1: New USB device strings: Mfr=1, Product=2, SerialNumber=0
[ 3852.314341] usb 1-1: Product: USB2.0 Hub             
[ 3852.314343] usb 1-1: Manufacturer: VIA Labs, Inc.         
[ 3852.315157] hub 1-1:1.0: USB hub found
[ 3852.315244] hub 1-1:1.0: 4 ports detected
[ 3867.834239] usb 1-1: USB disconnect, device number 33
[ 3869.880787] usb 1-1: new high-speed USB device number 34 using xhci_hcd
[ 3870.033847] usb 1-1: New USB device found, idVendor=2109, idProduct=2817, bcdDevice=90.23
[ 3870.033851] usb 1-1: New USB device strings: Mfr=1, Product=2, SerialNumber=0
[ 3870.033852] usb 1-1: Product: USB2.0 Hub             
[ 3870.033853] usb 1-1: Manufacturer: VIA Labs, Inc.         
[ 3870.034769] hub 1-1:1.0: USB hub found
[ 3870.034890] hub 1-1:1.0: 4 ports detected
[ 3871.272911] usb 1-1: USB disconnect, device number 34
[ 3873.312646] usb 1-1: new high-speed USB device number 35 using xhci_hcd
[ 3875.304598] usb 1-1: new high-speed USB device number 36 using xhci_hcd
[ 3875.457700] usb 1-1: New USB device found, idVendor=2109, idProduct=2817, bcdDevice=90.23
[ 3875.457708] usb 1-1: New USB device strings: Mfr=1, Product=2, SerialNumber=0
[ 3875.457710] usb 1-1: Product: USB2.0 Hub             
[ 3875.457712] usb 1-1: Manufacturer: VIA Labs, Inc.         
[ 3875.458969] hub 1-1:1.0: USB hub found
[ 3875.459122] hub 1-1:1.0: 4 ports detected
[ 3875.517552] usb 1-1: USB disconnect, device number 36
[ 3877.556596] usb 1-1: new high-speed USB device number 37 using xhci_hcd
[ 3877.705644] usb 1-1: New USB device found, idVendor=2109, idProduct=2817, bcdDevice=90.23
[ 3877.705650] usb 1-1: New USB device strings: Mfr=1, Product=2, SerialNumber=0
[ 3877.705652] usb 1-1: Product: USB2.0 Hub             
[ 3877.705654] usb 1-1: Manufacturer: VIA Labs, Inc.         
[ 3877.706691] hub 1-1:1.0: USB hub found
[ 3877.706881] hub 1-1:1.0: 4 ports detected
[ 3878.438014] usb 1-1: USB disconnect, device number 37
[ 3882.408424] usb 1-1: new high-speed USB device number 39 using xhci_hcd
[ 3882.565521] usb 1-1: New USB device found, idVendor=2109, idProduct=2817, bcdDevice=90.23
[ 3882.565526] usb 1-1: New USB device strings: Mfr=1, Product=2, SerialNumber=0
[ 3882.565529] usb 1-1: Product: USB2.0 Hub             
[ 3882.565531] usb 1-1: Manufacturer: VIA Labs, Inc.         
[ 3882.566457] hub 1-1:1.0: USB hub found
[ 3882.566561] hub 1-1:1.0: 4 ports detected
[ 3883.705162] usb 1-1: USB disconnect, device number 39
[ 3885.748375] usb 1-1: new high-speed USB device number 40 using xhci_hcd
[ 3885.897401] usb 1-1: New USB device found, idVendor=2109, idProduct=2817, bcdDevice=90.23
[ 3885.897407] usb 1-1: New USB device strings: Mfr=1, Product=2, SerialNumber=0
[ 3885.897410] usb 1-1: Product: USB2.0 Hub             
[ 3885.897412] usb 1-1: Manufacturer: VIA Labs, Inc.         
[ 3885.898359] hub 1-1:1.0: USB hub found
[ 3885.898512] hub 1-1:1.0: 4 ports detected
[ 3888.752607] usb 2-1.2: reset SuperSpeed USB device number 4 using xhci_hcd
[ 3889.673555] usb 2-1.2: LPM exit latency is zeroed, disabling LPM.
[ 3889.676555] usb 2-1.2: usbfs: process 9275 (grabImgWithTrig) did not claim interface 2 before use
[ 3900.016273] usb 2-1.4: reset SuperSpeed USB device number 6 using xhci_hcd
[ 3900.938060] usb 2-1.4: LPM exit latency is zeroed, disabling LPM.
[ 3900.940925] usb 2-1.4: usbfs: process 9283 (grabImgWithTrig) did not claim interface 2 before use
[ 3917.575751] usb 2-1.2: reset SuperSpeed USB device number 4 using xhci_hcd
[ 3918.496921] usb 2-1.2: LPM exit latency is zeroed, disabling LPM.
[ 3918.500130] usb 2-1.2: usbfs: process 9275 (grabImgWithTrig) did not claim interface 2 before use
[ 3918.603827] usb 2-1.3: reset SuperSpeed USB device number 5 using xhci_hcd
[ 3919.529973] usb 2-1.3: LPM exit latency is zeroed, disabling LPM.
[ 3919.533312] usb 2-1.3: usbfs: process 9287 (grabImgWithTrig) did not claim interface 2 before use
