1752634156.299969435 20250716104916299 22.426366700 114.209973900 12.386000000 0.049729000 0.049729000 0.151321000
1752634159.099958420 20250716104919099 22.426365000 114.209975300 12.397000000 0.052900000 0.052900000 0.131769000
1752634160.200300217 20250716104920200 22.426357100 114.209981900 12.674000000 0.071824000 0.071824000 0.162409000
1752634160.799925089 20250716104920799 22.426349300 114.209987300 12.940000000 0.070225000 0.070225000 0.163216000
1752634161.299917221 20250716104921299 22.426340900 114.209992200 13.072000000 0.077841000 0.077841000 0.184041000
1752634161.800059557 20250716104921800 22.426330500 114.209996700 13.236000000 0.087025000 0.087025000 0.203401000
1752634162.199991465 20250716104922199 22.426321600 114.209999900 13.301000000 0.103684000 0.103684000 0.243049000
1752634162.599915028 20250716104922599 22.426312000 114.210002500 13.362000000 0.087025000 0.087025000 0.270400000
1752634162.999911308 20250716104922999 22.426302100 114.210003600 13.418000000 0.075625000 0.075625000 0.297025000
1752634163.399959564 20250716104923399 22.426292500 114.210003400 13.525000000 0.063001000 0.063001000 0.263169000
1752634163.799980640 20250716104923799 22.426283100 114.210002900 13.541000000 0.051529000 0.051529000 0.209764000
1752634164.299911976 20250716104924299 22.426271800 114.210002100 13.587000000 0.044521000 0.044521000 0.171396000
1752634164.799916267 20250716104924799 22.426261700 114.210001000 13.618000000 0.042025000 0.042025000 0.139876000
1752634165.300139427 20250716104925300 22.426253800 114.210000200 13.627000000 0.039601000 0.039601000 0.121801000
1752634166.400057316 20250716104926400 22.426244600 114.209999300 13.615000000 0.035721000 0.035721000 0.100489000
1752634168.800304413 20250716104928800 22.426234900 114.209999200 13.651000000 0.032041000 0.032041000 0.096100000
1752634169.399901628 20250716104929399 22.426225700 114.209998200 13.661000000 0.032041000 0.032041000 0.103041000
1752634169.899908304 20250716104929899 22.426216100 114.209998200 13.693000000 0.034225000 0.034225000 0.122500000
1752634170.299904823 20250716104930299 22.426206900 114.209999100 13.691000000 0.034225000 0.034225000 0.131044000
1752634170.699987650 20250716104930699 22.426196800 114.210001300 13.690000000 0.032400000 0.032400000 0.123201000
1752634171.199929237 20250716104931199 22.426183300 114.210006600 13.698000000 0.033489000 0.033489000 0.125316000
1752634171.400267363 20250716104931400 22.426177800 114.210009500 13.699000000 0.034969000 0.034969000 0.128881000
1752634171.699994326 20250716104931699 22.426169500 114.210014800 13.696000000 0.036864000 0.036864000 0.133225000
1752634171.999983788 20250716104931999 22.426161200 114.210021400 13.716000000 0.038416000 0.038416000 0.138384000
1752634172.300302029 20250716104932300 22.426153200 114.210028800 13.726000000 0.040804000 0.040804000 0.148225000
1752634172.600061178 20250716104932600 22.426145600 114.210037600 13.749000000 0.045369000 0.045369000 0.167281000
1752634172.999983311 20250716104932999 22.426135300 114.210050300 13.763000000 0.049284000 0.049284000 0.197136000
1752634173.200196981 20250716104933200 22.426130100 114.210057000 13.784000000 0.051529000 0.051529000 0.214369000
1752634173.399940252 20250716104933399 22.426122100 114.210068000 13.791000000 0.051076000 0.051076000 0.234256000
1752634173.799933910 20250716104933799 22.426114000 114.210079600 13.797000000 0.052441000 0.052441000 0.259081000
1752634173.900062323 20250716104933900 22.426111200 114.210083700 13.803000000 0.053361000 0.053361000 0.269361000
1752634174.100086689 20250716104934100 22.426105600 114.210091500 13.812000000 0.055696000 0.055696000 0.291600000
1752634174.300017118 20250716104934300 22.426099800 114.210099800 13.835000000 0.058081000 0.058081000 0.319225000
1752634174.500189066 20250716104934500 22.426094200 114.210108200 13.829000000 0.060025000 0.060025000 0.351649000
1752634174.699944496 20250716104934699 22.426088500 114.210117000 13.849000000 0.061504000 0.061504000 0.385641000
1752634174.999970675 20250716104934999 22.426079500 114.210130200 13.823000000 0.064009000 0.064009000 0.440896000
1752634175.099926233 20250716104935099 22.426076300 114.210134600 13.836000000 0.064516000 0.064516000 0.459684000
1752634175.300360680 20250716104935300 22.426070200 114.210143900 13.805000000 0.063001000 0.063001000 0.478864000
1752634175.499944687 20250716104935499 22.426064000 114.210153200 13.781000000 0.059049000 0.059049000 0.474721000
1752634175.800177813 20250716104935800 22.426054400 114.210167400 13.720000000 0.055696000 0.055696000 0.470596000
1752634175.899977207 20250716104935899 22.426051300 114.210172200 13.704000000 0.055225000 0.055225000 0.469225000
1752634176.200274229 20250716104936200 22.426041500 114.210187000 13.637000000 0.054289000 0.054289000 0.463761000
1752634176.300065279 20250716104936300 22.426038100 114.210192100 13.665000000 0.051076000 0.051076000 0.412164000
1752634176.499986887 20250716104936499 22.426031200 114.210201900 13.666000000 0.049284000 0.049284000 0.374544000
1752634176.700225830 20250716104936700 22.426024300 114.210212200 13.659000000 0.049284000 0.049284000 0.376996000
1752634176.899917126 20250716104936899 22.426017300 114.210222400 13.636000000 0.049284000 0.049284000 0.379456000
1752634177.100363493 20250716104937100 22.426010100 114.210232800 13.632000000 0.049284000 0.049284000 0.380689000
1752634177.200094700 20250716104937200 22.426003000 114.210243100 13.636000000 0.046225000 0.046225000 0.336400000
1752634177.500280142 20250716104937500 22.425995800 114.210253900 13.708000000 0.042436000 0.042436000 0.274576000
1752634177.700036526 20250716104937700 22.425988400 114.210264600 13.718000000 0.041209000 0.041209000 0.252004000
1752634177.799886703 20250716104937799 22.425981000 114.210275400 13.755000000 0.042436000 0.042436000 0.248004000
1752634178.100170135 20250716104938100 22.425973500 114.210286400 13.764000000 0.042849000 0.042849000 0.246016000
1752634178.400205851 20250716104938400 22.425961900 114.210303100 13.813000000 0.043264000 0.043264000 0.229441000
1752634178.600058794 20250716104938600 22.425954200 114.210314400 13.821000000 0.043264000 0.043264000 0.217156000
1752634178.800001383 20250716104938800 22.425942600 114.210331200 13.841000000 0.042436000 0.042436000 0.202500000
1752634179.100005150 20250716104939100 22.425934700 114.210342800 13.843000000 0.042025000 0.042025000 0.194481000
1752634179.300085545 20250716104939300 22.425926700 114.210354300 13.875000000 0.040401000 0.040401000 0.171396000
1752634179.500113249 20250716104939500 22.425918700 114.210366000 13.883000000 0.038809000 0.038809000 0.148996000
1752634179.699954748 20250716104939699 22.425910500 114.210377800 13.919000000 0.038416000 0.038416000 0.136900000
1752634179.900285721 20250716104939900 22.425902400 114.210389800 13.918000000 0.038025000 0.038025000 0.128164000
1752634180.099945545 20250716104940099 22.425893900 114.210401700 13.902000000 0.037636000 0.037636000 0.121104000
1752634180.400251389 20250716104940400 22.425881400 114.210419900 13.915000000 0.036481000 0.036481000 0.112225000
1752634180.500079870 20250716104940500 22.425877100 114.210426100 13.916000000 0.036100000 0.036100000 0.109561000
1752634180.700011492 20250716104940700 22.425868600 114.210438300 13.914000000 0.035721000 0.035721000 0.106276000
1752634180.900229931 20250716104940900 22.425860100 114.210450800 13.925000000 0.036100000 0.036100000 0.103684000
1752634181.099950314 20250716104941099 22.425851400 114.210463100 13.939000000 0.037636000 0.037636000 0.103684000
1752634181.300298452 20250716104941300 22.425843100 114.210475400 13.933000000 0.038025000 0.038025000 0.103684000
1752634181.400157213 20250716104941400 22.425834300 114.210488100 13.925000000 0.038809000 0.038809000 0.108241000
1752634181.800333500 20250716104941800 22.425816200 114.210513800 13.891000000 0.044944000 0.044944000 0.121104000
1752634181.900046825 20250716104941900 22.425816200 114.210513800 13.891000000 0.044944000 0.044944000 0.121104000
1752634182.200348616 20250716104942200 22.425802400 114.210534000 13.910000000 0.059536000 0.059536000 0.148996000
1752634182.300096273 20250716104942300 22.425798000 114.210540400 13.906000000 0.061504000 0.061504000 0.151321000
1752634182.700274229 20250716104942700 22.425783400 114.210559800 13.909000000 0.075625000 0.075625000 0.183184000
1752634182.800037622 20250716104942800 22.425774200 114.210573400 13.887000000 0.083521000 0.083521000 0.203401000
1752634183.100408316 20250716104943100 22.425760000 114.210593700 13.845000000 0.093636000 0.093636000 0.235225000
1752634183.299979687 20250716104943299 22.425750300 114.210607200 13.847000000 0.084681000 0.084681000 0.236196000
1752634183.500184298 20250716104943500 22.425740700 114.210620800 13.816000000 0.071289000 0.071289000 0.220900000
1752634183.700055361 20250716104943700 22.425730900 114.210634700 13.839000000 0.066049000 0.066049000 0.214369000
1752634183.900075436 20250716104943900 22.425716200 114.210655700 13.826000000 0.062500000 0.062500000 0.212521000
1752634184.199911356 20250716104944199 22.425706400 114.210669900 13.824000000 0.060516000 0.060516000 0.211600000
1752634184.400330305 20250716104944400 22.425696400 114.210684200 13.804000000 0.055696000 0.055696000 0.190096000
1752634184.599954367 20250716104944599 22.425686400 114.210698500 13.809000000 0.051984000 0.051984000 0.178084000
1752634184.800208807 20250716104944800 22.425676300 114.210712800 13.796000000 0.052900000 0.052900000 0.181476000
1752634185.000042200 20250716104945000 22.425666200 114.210727400 13.782000000 0.055225000 0.055225000 0.188356000
1752634185.200126410 20250716104945200 22.425656200 114.210742300 13.769000000 0.056644000 0.056644000 0.192721000
1752634185.499897957 20250716104945499 22.425640700 114.210764300 13.726000000 0.050176000 0.050176000 0.176400000
1752634185.600085258 20250716104945600 22.425635700 114.210771800 13.714000000 0.050176000 0.050176000 0.176400000
1752634185.800097227 20250716104945800 22.425625400 114.210786500 13.730000000 0.048841000 0.048841000 0.173889000
1752634186.000000477 20250716104946000 22.425615100 114.210801400 13.699000000 0.047524000 0.047524000 0.173056000
1752634186.200175285 20250716104946200 22.425604800 114.210816300 13.670000000 0.047524000 0.047524000 0.173889000
1752634186.399926186 20250716104946399 22.425594500 114.210831500 13.657000000 0.044521000 0.044521000 0.148225000
1752634186.600374699 20250716104946600 22.425584000 114.210846400 13.627000000 0.043264000 0.043264000 0.139876000
1752634186.799960136 20250716104946799 22.425573800 114.210861600 13.612000000 0.044100000 0.044100000 0.141376000
1752634187.000226974 20250716104947000 22.425563500 114.210876500 13.597000000 0.046225000 0.046225000 0.144400000
1752634187.200005293 20250716104947200 22.425553300 114.210891300 13.588000000 0.048400000 0.048400000 0.148225000
1752634187.400168180 20250716104947400 22.425543700 114.210906200 13.576000000 0.049284000 0.049284000 0.135424000
1752634187.600064278 20250716104947600 22.425533900 114.210920900 13.573000000 0.049729000 0.049729000 0.126025000
1752634187.900318861 20250716104947900 22.425519600 114.210943200 13.577000000 0.050176000 0.050176000 0.116281000
1752634188.000143766 20250716104948000 22.425514900 114.210950500 13.572000000 0.050176000 0.050176000 0.113569000
1752634188.199950218 20250716104948199 22.425505800 114.210965000 13.572000000 0.050176000 0.050176000 0.110224000
1752634188.500007868 20250716104948500 22.425496600 114.210979400 13.579000000 0.049729000 0.049729000 0.106929000
1752634188.599885464 20250716104948599 22.425487800 114.210993700 13.578000000 0.049729000 0.049729000 0.106276000
1752634188.800378799 20250716104948800 22.425479100 114.211008000 13.552000000 0.049729000 0.049729000 0.104976000
1752634188.999978781 20250716104948999 22.425470500 114.211022200 13.552000000 0.049729000 0.049729000 0.103684000
1752634189.200198889 20250716104949200 22.425458100 114.211043500 13.546000000 0.049729000 0.049729000 0.106276000
1752634189.499903679 20250716104949499 22.425450100 114.211057900 13.572000000 0.049729000 0.049729000 0.107584000
1752634189.700305700 20250716104949700 22.425442300 114.211072100 13.576000000 0.049729000 0.049729000 0.108900000
1752634189.899927616 20250716104949899 22.425434400 114.211086400 13.585000000 0.050176000 0.050176000 0.109561000
1752634190.100281000 20250716104950100 22.425426700 114.211100300 13.579000000 0.050625000 0.050625000 0.110224000
1752634190.399966955 20250716104950399 22.425415600 114.211120800 13.575000000 0.049729000 0.049729000 0.110224000
1752634190.500288725 20250716104950500 22.425412300 114.211127200 13.562000000 0.049284000 0.049284000 0.109561000
1752634190.700032234 20250716104950700 22.425405600 114.211140100 13.587000000 0.047961000 0.047961000 0.108900000
1752634191.000350475 20250716104951000 22.425395800 114.211158500 13.576000000 0.047089000 0.047089000 0.108241000
1752634191.100106955 20250716104951100 22.425392900 114.211164500 13.575000000 0.047089000 0.047089000 0.107584000
1752634191.400242805 20250716104951400 22.425384200 114.211181600 13.581000000 0.044944000 0.044944000 0.105625000
1752634191.599975348 20250716104951599 22.425378700 114.211192500 13.577000000 0.044100000 0.044100000 0.104329000
1752634191.800192595 20250716104951800 22.425373500 114.211203100 13.579000000 0.043264000 0.043264000 0.103041000
1752634191.900245190 20250716104951900 22.425370900 114.211208100 13.556000000 0.042849000 0.042849000 0.102400000
1752634192.099931955 20250716104952099 22.425365900 114.211218300 13.561000000 0.042025000 0.042025000 0.101124000
1752634192.300286055 20250716104952300 22.425361100 114.211228300 13.591000000 0.038809000 0.038809000 0.094249000
1752634192.499941826 20250716104952499 22.425356300 114.211237900 13.596000000 0.035344000 0.035344000 0.086436000
1752634192.700304747 20250716104952700 22.425351700 114.211247500 13.601000000 0.033489000 0.033489000 0.081796000
1752634192.900056601 20250716104952900 22.425347100 114.211256600 13.585000000 0.032041000 0.032041000 0.078961000
1752634193.100017548 20250716104953100 22.425342600 114.211265600 13.591000000 0.031329000 0.031329000 0.076176000
1752634193.300151348 20250716104953300 22.425338300 114.211274700 13.590000000 0.029929000 0.029929000 0.074529000
1752634193.499920368 20250716104953499 22.425334100 114.211283500 13.594000000 0.029241000 0.029241000 0.073441000
1752634193.700254202 20250716104953700 22.425329700 114.211292200 13.573000000 0.028224000 0.028224000 0.072361000
1752634193.899922609 20250716104953899 22.425325600 114.211301000 13.576000000 0.027556000 0.027556000 0.071289000
1752634194.200152636 20250716104954200 22.425319500 114.211313900 13.565000000 0.026896000 0.026896000 0.070225000
1752634194.500259638 20250716104954500 22.425313400 114.211326800 13.557000000 0.025921000 0.025921000 0.069169000
1752634194.700022936 20250716104954700 22.425309300 114.211335500 13.550000000 0.025600000 0.025600000 0.068644000
1752634194.799932241 20250716104954799 22.425307200 114.211339900 13.563000000 0.025600000 0.025600000 0.068644000
1752634195.000300169 20250716104955000 22.425303000 114.211348800 13.536000000 0.025281000 0.025281000 0.068644000
1752634195.199939251 20250716104955199 22.425298800 114.211358000 13.516000000 0.025281000 0.025281000 0.069169000
1752634195.400282145 20250716104955400 22.425294200 114.211367500 13.522000000 0.024964000 0.024964000 0.070225000
1752634195.600032806 20250716104955600 22.425289700 114.211376800 13.497000000 0.024964000 0.024964000 0.070756000
1752634195.900377750 20250716104955900 22.425283200 114.211391000 13.472000000 0.024964000 0.024964000 0.071824000
1752634196.000140190 20250716104956000 22.425281100 114.211395600 13.473000000 0.025281000 0.025281000 0.072361000
1752634196.199944496 20250716104956199 22.425276800 114.211405000 13.462000000 0.025600000 0.025600000 0.073441000
1752634196.400308847 20250716104956400 22.425270500 114.211419100 13.437000000 0.024336000 0.024336000 0.066564000
1752634196.699995041 20250716104956699 22.425266400 114.211428600 13.425000000 0.023716000 0.023716000 0.064009000
1752634196.800234079 20250716104956800 22.425262300 114.211438100 13.399000000 0.023104000 0.023104000 0.061504000
1752634197.200183153 20250716104957200 22.425255000 114.211457300 13.371000000 0.022500000 0.022500000 0.059049000
1752634197.300344944 20250716104957300 22.425255000 114.211457300 13.371000000 0.022500000 0.022500000 0.059049000
1752634197.499968529 20250716104957499 22.425251600 114.211467100 13.356000000 0.022500000 0.022500000 0.058081000
1752634197.700191498 20250716104957700 22.425248800 114.211476900 13.321000000 0.022500000 0.022500000 0.058081000
1752634197.900074244 20250716104957900 22.425246300 114.211486500 13.317000000 0.022500000 0.022500000 0.057600000
1752634198.200221777 20250716104958200 22.425242900 114.211501100 13.280000000 0.022500000 0.022500000 0.059049000
1752634198.300169706 20250716104958300 22.425241900 114.211505800 13.286000000 0.022801000 0.022801000 0.061009000
1752634198.499893665 20250716104958499 22.425240100 114.211515700 13.293000000 0.023409000 0.023409000 0.065536000
1752634198.800149918 20250716104958800 22.425237800 114.211529900 13.260000000 0.025600000 0.025600000 0.073441000
1752634199.100306749 20250716104959100 22.425235900 114.211544100 13.248000000 0.026896000 0.026896000 0.081796000
1752634199.299988508 20250716104959299 22.425234100 114.211553200 13.286000000 0.026896000 0.026896000 0.085264000
1752634199.700032473 20250716104959700 22.425231200 114.211571600 13.252000000 0.026244000 0.026244000 0.089401000
1752634199.900095940 20250716104959900 22.425229400 114.211580400 13.292000000 0.026244000 0.026244000 0.091809000
1752634200.300032139 20250716105000300 22.425225600 114.211597400 13.297000000 0.025921000 0.025921000 0.094249000
1752634200.500221729 20250716105000500 22.425223000 114.211605700 13.293000000 0.025281000 0.025281000 0.094249000
1752634200.800121546 20250716105000800 22.425218500 114.211617900 13.299000000 0.024964000 0.024964000 0.093025000
1752634201.200012684 20250716105001200 22.425211100 114.211633500 13.303000000 0.027556000 0.027556000 0.098596000
1752634201.499969244 20250716105001499 22.425204300 114.211644100 13.319000000 0.025921000 0.025921000 0.095481000
1752634201.800276756 20250716105001800 22.425196400 114.211654000 13.324000000 0.024649000 0.024649000 0.092416000
1752634202.200355530 20250716105002200 22.425184800 114.211666100 13.289000000 0.026896000 0.026896000 0.096721000
1752634202.499972820 20250716105002499 22.425175300 114.211674600 13.287000000 0.024964000 0.024964000 0.094249000
1752634202.800038099 20250716105002800 22.425165400 114.211682900 13.272000000 0.024025000 0.024025000 0.094864000
1752634203.200154781 20250716105003200 22.425151700 114.211693900 13.235000000 0.023716000 0.023716000 0.097969000
1752634203.399917603 20250716105003399 22.425144900 114.211699700 13.223000000 0.024025000 0.024025000 0.099856000
1752634203.700043678 20250716105003700 22.425134300 114.211707700 13.203000000 0.024649000 0.024649000 0.103041000
1752634204.000396729 20250716105004000 22.425124900 114.211716700 13.169000000 0.025600000 0.025600000 0.105625000
1752634204.299961329 20250716105004299 22.425114400 114.211725200 13.171000000 0.026569000 0.026569000 0.106929000
1752634204.500201702 20250716105004500 22.425107600 114.211731600 13.162000000 0.027225000 0.027225000 0.105625000
1752634204.800180435 20250716105004800 22.425098200 114.211741600 13.173000000 0.028561000 0.028561000 0.106276000
1752634205.099945784 20250716105005099 22.425088300 114.211751600 13.143000000 0.029929000 0.029929000 0.108241000
1752634205.300270319 20250716105005300 22.425082200 114.211759300 13.128000000 0.030625000 0.030625000 0.110224000
1752634205.499972343 20250716105005499 22.425076200 114.211767000 13.133000000 0.030976000 0.030976000 0.112896000
1752634205.700173378 20250716105005700 22.425070000 114.211774900 13.119000000 0.031329000 0.031329000 0.114921000
1752634205.900097370 20250716105005900 22.425064100 114.211783000 13.154000000 0.032041000 0.032041000 0.119025000
1752634206.100007772 20250716105006100 22.425058100 114.211791200 13.154000000 0.033489000 0.033489000 0.127449000
1752634206.300183773 20250716105006300 22.425052400 114.211800100 13.164000000 0.034225000 0.034225000 0.136900000
1752634206.499921083 20250716105006499 22.425046500 114.211809200 13.144000000 0.035344000 0.035344000 0.146689000
1752634206.800055742 20250716105006800 22.425037900 114.211822900 13.117000000 0.036864000 0.036864000 0.163216000
1752634206.899923563 20250716105006899 22.425035100 114.211827600 13.137000000 0.037249000 0.037249000 0.168921000
1752634207.100334644 20250716105007100 22.425029500 114.211837200 13.114000000 0.038025000 0.038025000 0.180625000
1752634207.299926758 20250716105007299 22.425024000 114.211847000 13.133000000 0.036864000 0.036864000 0.184041000
1752634207.600202799 20250716105007600 22.425015600 114.211862000 13.161000000 0.034596000 0.034596000 0.179776000
1752634207.700024605 20250716105007700 22.425012800 114.211867200 13.172000000 0.034596000 0.034596000 0.180625000
1752634207.900148630 20250716105007900 22.425007300 114.211877500 13.167000000 0.034225000 0.034225000 0.182329000
1752634208.100100756 20250716105008100 22.425001700 114.211888100 13.167000000 0.033856000 0.033856000 0.183184000
1752634208.400253296 20250716105008400 22.424993500 114.211904400 13.178000000 0.032400000 0.032400000 0.172225000
1752634208.599943638 20250716105008599 22.424988000 114.211915300 13.196000000 0.031684000 0.031684000 0.162409000
1752634208.699938774 20250716105008699 22.424982600 114.211926200 13.194000000 0.030976000 0.030976000 0.155236000
1752634209.099894285 20250716105009099 22.424974800 114.211942400 13.194000000 0.030276000 0.030276000 0.146689000
1752634209.200132370 20250716105009200 22.424972300 114.211947700 13.196000000 0.029929000 0.029929000 0.144400000
1752634209.499915838 20250716105009499 22.424964900 114.211963700 13.194000000 0.029584000 0.029584000 0.139129000
1752634209.599975348 20250716105009599 22.424962400 114.211968900 13.193000000 0.029584000 0.029584000 0.136900000
1752634209.800243616 20250716105009800 22.424957800 114.211979200 13.192000000 0.029241000 0.029241000 0.133956000
1752634210.100044489 20250716105010100 22.424950900 114.211994600 13.184000000 0.028561000 0.028561000 0.128164000
1752634210.200257540 20250716105010200 22.424948600 114.211999600 13.205000000 0.028224000 0.028224000 0.126736000
1752634210.399949312 20250716105010399 22.424944200 114.212009500 13.190000000 0.027225000 0.027225000 0.108241000
1752634210.600288868 20250716105010600 22.424939900 114.212019400 13.196000000 0.025921000 0.025921000 0.095481000
1752634210.799937248 20250716105010799 22.424935700 114.212028900 13.189000000 0.025281000 0.025281000 0.086436000
1752634211.000284433 20250716105011000 22.424931600 114.212038500 13.183000000 0.024649000 0.024649000 0.080089000
1752634211.200047016 20250716105011200 22.424927500 114.212047900 13.197000000 0.024025000 0.024025000 0.075076000
1752634211.400101900 20250716105011400 22.424923500 114.212057200 13.198000000 0.023104000 0.023104000 0.069696000
1752634211.600089788 20250716105011600 22.424919700 114.212066400 13.201000000 0.022500000 0.022500000 0.066049000
1752634211.800061703 20250716105011800 22.424915900 114.212075400 13.198000000 0.021904000 0.021904000 0.063504000
1752634212.000163794 20250716105012000 22.424912000 114.212084300 13.197000000 0.021904000 0.021904000 0.062001000
1752634212.300267220 20250716105012300 22.424906600 114.212097900 13.184000000 0.021904000 0.021904000 0.061009000
1752634212.400297403 20250716105012400 22.424904700 114.212102400 13.203000000 0.021904000 0.021904000 0.062001000
1752634212.599907875 20250716105012599 22.424900900 114.212111600 13.203000000 0.021904000 0.021904000 0.065025000
1752634212.900108576 20250716105012900 22.424895300 114.212125700 13.201000000 0.021904000 0.021904000 0.069169000
1752634212.999891281 20250716105012999 22.424893400 114.212130700 13.197000000 0.021904000 0.021904000 0.070756000
1752634213.300188780 20250716105013300 22.424887500 114.212145100 13.190000000 0.022201000 0.022201000 0.075076000
1752634213.399995804 20250716105013399 22.424885600 114.212149900 13.178000000 0.022201000 0.022201000 0.076729000
1752634213.700303555 20250716105013700 22.424879800 114.212164100 13.178000000 0.022201000 0.022201000 0.080656000
1752634213.800093651 20250716105013800 22.424878000 114.212168900 13.187000000 0.022201000 0.022201000 0.081796000
1752634214.100326538 20250716105014100 22.424872500 114.212182900 13.186000000 0.022500000 0.022500000 0.085264000
1752634214.200185537 20250716105014200 22.424870700 114.212187600 13.165000000 0.022801000 0.022801000 0.087025000
1752634214.500210524 20250716105014500 22.424865400 114.212201400 13.167000000 0.023409000 0.023409000 0.091809000
1752634214.600336552 20250716105014600 22.424863500 114.212206000 13.157000000 0.023716000 0.023716000 0.093636000
1752634214.799947739 20250716105014799 22.424860000 114.212215300 13.151000000 0.024336000 0.024336000 0.099856000
1752634215.000302076 20250716105015000 22.424856300 114.212224700 13.166000000 0.025281000 0.025281000 0.106276000
1752634215.200012207 20250716105015200 22.424852800 114.212234400 13.150000000 0.026569000 0.026569000 0.114244000
1752634215.400174141 20250716105015400 22.424849200 114.212244100 13.157000000 0.028900000 0.028900000 0.124609000
1752634215.600065947 20250716105015600 22.424845400 114.212253900 13.157000000 0.030976000 0.030976000 0.135424000
1752634215.800034046 20250716105015800 22.424841600 114.212263900 13.160000000 0.032400000 0.032400000 0.147456000
1752634216.100051165 20250716105016100 22.424836000 114.212279200 13.149000000 0.034969000 0.034969000 0.165649000
1752634216.199914217 20250716105016199 22.424834100 114.212284400 13.151000000 0.035721000 0.035721000 0.172225000
1752634216.400313854 20250716105016400 22.424830300 114.212295100 13.161000000 0.038025000 0.038025000 0.187489000
1752634216.599935293 20250716105016599 22.424826400 114.212305800 13.153000000 0.042436000 0.042436000 0.205209000
1752634216.900306463 20250716105016900 22.424821300 114.212321600 13.177000000 0.051984000 0.051984000 0.235225000
1752634217.000102758 20250716105017000 22.424819700 114.212327100 13.176000000 0.056644000 0.056644000 0.247009000
1752634217.300254107 20250716105017300 22.424814200 114.212343700 13.200000000 0.076729000 0.076729000 0.286225000
1752634217.400189161 20250716105017400 22.424812000 114.212349300 13.203000000 0.088209000 0.088209000 0.303601000
1752634217.599942923 20250716105017599 22.424807900 114.212360500 13.191000000 0.116281000 0.116281000 0.341056000
1752634217.800274849 20250716105017800 22.424803500 114.212371700 13.173000000 0.143641000 0.143641000 0.379456000
1752634217.999926805 20250716105017999 22.424799000 114.212382200 13.150000000 0.174724000 0.174724000 0.418609000
1752634218.200280428 20250716105018200 22.424794400 114.212394000 13.142000000 0.215296000 0.215296000 0.462400000
1752634218.499992371 20250716105018499 22.424786600 114.212418600 13.102000000 0.253009000 0.253009000 0.547600000
1752634218.600155115 20250716105018600 22.424786600 114.212418600 13.102000000 0.253009000 0.253009000 0.547600000
1752634218.799982786 20250716105018799 22.424782400 114.212430900 13.065000000 0.265225000 0.265225000 0.583696000
1752634219.000203848 20250716105019000 22.424778800 114.212443900 13.090000000 0.273529000 0.273529000 0.603729000
1752634219.200060606 20250716105019200 22.424774100 114.212456500 13.104000000 0.285156000 0.285156000 0.625681000
1752634219.400093794 20250716105019400 22.424769300 114.212470100 13.126000000 0.175561000 0.175561000 0.524176000
1752634219.500275850 20250716105019500 22.424765000 114.212483500 13.161000000 0.131044000 0.131044000 0.473344000
1752634219.699925900 20250716105019699 22.424762900 114.212490200 13.160000000 0.123904000 0.123904000 0.470596000
1752634221.000172138 20250716105021000 22.424757100 114.212510100 13.228000000 0.107584000 0.107584000 0.470596000
1752634221.199935436 20250716105021199 22.424753100 114.212523500 13.179000000 0.100489000 0.100489000 0.474721000
1752634221.400309086 20250716105021400 22.424749300 114.212536800 13.183000000 0.096721000 0.096721000 0.481636000
1752634221.699994087 20250716105021699 22.424743800 114.212556600 13.205000000 0.090601000 0.090601000 0.492804000
1752634221.800289392 20250716105021800 22.424740200 114.212569500 13.211000000 0.088209000 0.088209000 0.501264000
1752634222.099912643 20250716105022099 22.424736900 114.212582500 13.217000000 0.086436000 0.086436000 0.511225000
1752634222.300325871 20250716105022300 22.424733500 114.212595300 13.195000000 0.080656000 0.080656000 0.463761000
1752634222.499926567 20250716105022499 22.424730400 114.212607900 13.194000000 0.077841000 0.077841000 0.431649000
1752634222.800181866 20250716105022800 22.424725600 114.212626900 13.210000000 0.078961000 0.078961000 0.446224000
1752634222.899959087 20250716105022899 22.424724100 114.212633100 13.197000000 0.078961000 0.078961000 0.451584000
1752634223.100264788 20250716105023100 22.424721300 114.212645700 13.199000000 0.080656000 0.080656000 0.462400000
1752634223.300111055 20250716105023300 22.424718800 114.212658500 13.168000000 0.081225000 0.081225000 0.463761000
1752634223.600287914 20250716105023600 22.424714600 114.212677500 13.205000000 0.079524000 0.079524000 0.451584000
1752634223.700187206 20250716105023700 22.424713200 114.212683900 13.162000000 0.078961000 0.078961000 0.448900000
1752634223.899931431 20250716105023899 22.424710900 114.212696600 13.176000000 0.080089000 0.080089000 0.443556000
1752634223.900318146 20250716105023900 22.424697300 114.212767200 13.155000000 0.073984000 0.073984000 0.388129000
1752634224.199856758 20250716105024199 22.424695000 114.212780100 13.140000000 0.074529000 0.074529000 0.385641000
1752634224.400395870 20250716105024400 22.424692600 114.212793000 13.145000000 0.069696000 0.069696000 0.369664000
1752634224.599966288 20250716105024599 22.424690300 114.212805900 13.135000000 0.069696000 0.069696000 0.362404000
1752634224.800190926 20250716105024800 22.424687900 114.212819000 13.143000000 0.069169000 0.069169000 0.355216000
1752634225.000040293 20250716105025000 22.424685700 114.212832000 13.161000000 0.068644000 0.068644000 0.349281000
1752634225.200089931 20250716105025200 22.424683500 114.212844600 13.155000000 0.069169000 0.069169000 0.348100000
1752634225.499970198 20250716105025499 22.424680700 114.212864000 13.163000000 0.064516000 0.064516000 0.318096000
1752634225.599942446 20250716105025599 22.424679800 114.212870400 13.143000000 0.063001000 0.063001000 0.309136000
1752634225.800267220 20250716105025800 22.424678200 114.212882800 13.162000000 0.061009000 0.061009000 0.294849000
1752634225.999931097 20250716105025999 22.424676400 114.212895200 13.158000000 0.059049000 0.059049000 0.283024000
1752634226.200253248 20250716105026200 22.424674800 114.212907500 13.177000000 0.059049000 0.059049000 0.280900000
1752634226.399986744 20250716105026399 22.424673500 114.212919500 13.164000000 0.056644000 0.056644000 0.271441000
1752634226.600195646 20250716105026600 22.424672100 114.212931400 13.217000000 0.054289000 0.054289000 0.263169000
1752634226.899888992 20250716105026899 22.424670500 114.212948700 13.232000000 0.051529000 0.051529000 0.256036000
1752634227.000140429 20250716105027000 22.424669900 114.212954400 13.224000000 0.051529000 0.051529000 0.256036000
1752634227.200173855 20250716105027200 22.424669200 114.212966100 13.204000000 0.051076000 0.051076000 0.262144000
1752634227.399950504 20250716105027399 22.424668700 114.212977600 13.231000000 0.044100000 0.044100000 0.237169000
1752634227.600232363 20250716105027600 22.424668500 114.212988900 13.248000000 0.042436000 0.042436000 0.234256000
1752634227.900193930 20250716105027900 22.424668600 114.213005900 13.222000000 0.042849000 0.042849000 0.237169000
1752634228.000358582 20250716105028000 22.424668900 114.213011300 13.212000000 0.043681000 0.043681000 0.241081000
1752634228.199888706 20250716105028199 22.424669900 114.213022300 13.224000000 0.046656000 0.046656000 0.249001000
1752634228.400393486 20250716105028400 22.424671500 114.213033200 13.154000000 0.042849000 0.042849000 0.191844000
1752634228.600004673 20250716105028600 22.424673300 114.213043900 13.132000000 0.040401000 0.040401000 0.157609000
1752634228.800112486 20250716105028800 22.424675600 114.213054300 13.142000000 0.038809000 0.038809000 0.135424000
1752634229.000126839 20250716105029000 22.424678500 114.213064900 13.118000000 0.038025000 0.038025000 0.121801000
1752634229.199992418 20250716105029199 22.424681400 114.213075300 13.107000000 0.037249000 0.037249000 0.111556000
1752634229.400243282 20250716105029400 22.424685200 114.213085600 13.124000000 0.035721000 0.035721000 0.101761000
1752634229.599923849 20250716105029599 22.424688600 114.213095800 13.106000000 0.034596000 0.034596000 0.094864000
1752634229.800374508 20250716105029800 22.424692600 114.213105900 13.122000000 0.034225000 0.034225000 0.089401000
1752634229.999975443 20250716105029999 22.424696900 114.213115800 13.138000000 0.033856000 0.033856000 0.085264000
1752634230.200224161 20250716105030200 22.424701200 114.213125900 13.156000000 0.034596000 0.034596000 0.083521000
1752634230.400032282 20250716105030400 22.424705400 114.213136100 13.159000000 0.033856000 0.033856000 0.081796000
1752634230.600102186 20250716105030600 22.424710100 114.213146700 13.190000000 0.033489000 0.033489000 0.080656000
1752634230.800131559 20250716105030800 22.424714800 114.213157200 13.190000000 0.032761000 0.032761000 0.079524000
1752634230.999969006 20250716105030999 22.424719600 114.213167900 13.192000000 0.032041000 0.032041000 0.078961000
1752634231.200221777 20250716105031200 22.424724300 114.213178500 13.181000000 0.034969000 0.034969000 0.083521000
1752634231.399935722 20250716105031399 22.424729500 114.213189400 13.195000000 0.031684000 0.031684000 0.080656000
1752634231.600324869 20250716105031600 22.424734600 114.213200200 13.182000000 0.029584000 0.029584000 0.078961000
1752634231.899950743 20250716105031899 22.424742200 114.213216400 13.187000000 0.027225000 0.027225000 0.076176000
1752634232.000266075 20250716105032000 22.424744800 114.213221700 13.192000000 0.026569000 0.026569000 0.075625000
1752634232.200070620 20250716105032200 22.424750000 114.213232000 13.192000000 0.028561000 0.028561000 0.079524000
1752634232.500225544 20250716105032500 22.424757700 114.213247000 13.203000000 0.029929000 0.029929000 0.082944000
1752634232.699930668 20250716105032699 22.424762700 114.213257100 13.195000000 0.028224000 0.028224000 0.080656000
1752634233.000179291 20250716105033000 22.424770400 114.213271900 13.192000000 0.026896000 0.026896000 0.078400000
1752634233.199902534 20250716105033199 22.424775500 114.213281500 13.182000000 0.029241000 0.029241000 0.082944000
1752634233.400297642 20250716105033400 22.424780600 114.213290900 13.175000000 0.027556000 0.027556000 0.076176000
1752634233.599930763 20250716105033599 22.424786000 114.213300200 13.178000000 0.026244000 0.026244000 0.073441000
1752634233.800312281 20250716105033800 22.424791000 114.213309200 13.168000000 0.025281000 0.025281000 0.073441000
1752634234.100066900 20250716105034100 22.424796000 114.213318000 13.172000000 0.024649000 0.024649000 0.073441000
1752634234.200326920 20250716105034200 22.424801500 114.213326100 13.187000000 0.027556000 0.027556000 0.079524000
1752634234.399945498 20250716105034399 22.424807000 114.213334000 13.182000000 0.026896000 0.026896000 0.080656000
1752634234.600280523 20250716105034600 22.424812100 114.213342100 13.194000000 0.026569000 0.026569000 0.082369000
1752634234.899922848 20250716105034899 22.424820500 114.213352800 13.194000000 0.025921000 0.025921000 0.084100000
1752634235.200136662 20250716105035200 22.424828600 114.213362800 13.165000000 0.027889000 0.027889000 0.090601000
1752634235.500270844 20250716105035500 22.424836400 114.213371700 13.153000000 0.028561000 0.028561000 0.094249000
1752634235.799900055 20250716105035799 22.424844300 114.213379400 13.155000000 0.026244000 0.026244000 0.090000000
1752634236.199915409 20250716105036199 22.424853400 114.213387600 13.179000000 0.027225000 0.027225000 0.094249000
1752634236.600048780 20250716105036600 22.424861000 114.213393900 13.167000000 0.024964000 0.024964000 0.089401000
1752634237.300208569 20250716105037300 22.424869800 114.213400600 13.191000000 0.025921000 0.025921000 0.094864000
1752634238.900203705 20250716105038900 22.424877100 114.213406700 13.194000000 0.024336000 0.024336000 0.094249000
1752634239.900231838 20250716105039900 22.424884300 114.213412000 13.162000000 0.027225000 0.027225000 0.099225000
1752634241.499879122 20250716105041499 22.424892500 114.213417800 13.112000000 0.024025000 0.024025000 0.106276000
1752634243.299933910 20250716105043299 22.424900100 114.213423000 13.064000000 0.022201000 0.022201000 0.100489000
1752634244.199931145 20250716105044199 22.424908800 114.213427300 12.951000000 0.024964000 0.024964000 0.096721000
1752634244.800118446 20250716105044800 22.424918200 114.213431400 12.935000000 0.026569000 0.026569000 0.101124000
1752634245.199947834 20250716105045199 22.424926900 114.213434700 12.917000000 0.027889000 0.027889000 0.104976000
1752634245.599894047 20250716105045599 22.424937500 114.213438300 12.895000000 0.028900000 0.028900000 0.112225000
1752634245.999988556 20250716105045999 22.424949800 114.213442000 12.881000000 0.031329000 0.031329000 0.123904000
1752634246.300248623 20250716105046300 22.424960300 114.213445000 12.887000000 0.033124000 0.033124000 0.132496000
1752634246.499889612 20250716105046499 22.424967500 114.213446800 12.905000000 0.035721000 0.035721000 0.141376000
1752634246.800148726 20250716105046800 22.424978600 114.213449300 12.901000000 0.042436000 0.042436000 0.161604000
1752634247.100327969 20250716105047100 22.424990900 114.213451700 12.888000000 0.052900000 0.052900000 0.185761000
1752634247.399866819 20250716105047399 22.425004300 114.213453600 12.941000000 0.064009000 0.064009000 0.207936000
1752634247.600426912 20250716105047600 22.425013500 114.213454800 12.909000000 0.075076000 0.075076000 0.228484000
1752634247.800020695 20250716105047800 22.425022700 114.213456100 12.886000000 0.084681000 0.084681000 0.250000000
1752634248.000182390 20250716105048000 22.425032200 114.213456500 12.832000000 0.093025000 0.093025000 0.272484000
1752634248.200155973 20250716105048200 22.425042500 114.213457400 12.863000000 0.101761000 0.101761000 0.297025000
1752634248.399970770 20250716105048399 22.425057200 114.213459800 12.869000000 0.082944000 0.082944000 0.272484000
1752634248.600248575 20250716105048600 22.425062400 114.213460000 12.865000000 0.081225000 0.081225000 0.270400000
1752634248.900089741 20250716105048900 22.425077400 114.213461400 12.846000000 0.080656000 0.080656000 0.284089000
1752634249.000425816 20250716105049000 22.425082300 114.213461300 12.754000000 0.080089000 0.080089000 0.287296000
1752634249.199994564 20250716105049199 22.425092300 114.213461400 12.799000000 0.079524000 0.079524000 0.295936000
1752634249.500345707 20250716105049500 22.425106800 114.213461800 12.806000000 0.065536000 0.065536000 0.253009000
1752634249.600063801 20250716105049600 22.425111800 114.213461700 12.818000000 0.062500000 0.062500000 0.242064000
1752634249.800118208 20250716105049800 22.425121400 114.213461600 12.796000000 0.060516000 0.060516000 0.243049000
1752634250.100047112 20250716105050100 22.425135600 114.213461200 12.790000000 0.061504000 0.061504000 0.263169000
1752634250.199871063 20250716105050199 22.425140300 114.213461000 12.791000000 0.062500000 0.062500000 0.272484000
1752634250.400374889 20250716105050400 22.425149900 114.213460300 12.803000000 0.061009000 0.061009000 0.272484000
1752634250.699988127 20250716105050699 22.425164100 114.213459200 12.809000000 0.062001000 0.062001000 0.279841000
1752634250.800154686 20250716105050800 22.425168700 114.213458600 12.814000000 0.062001000 0.062001000 0.281961000
1752634251.000006199 20250716105051000 22.425178100 114.213457300 12.811000000 0.062500000 0.062500000 0.288369000
1752634251.200171471 20250716105051200 22.425187100 114.213455700 12.792000000 0.063504000 0.063504000 0.292681000
1752634251.400109768 20250716105051400 22.425196200 114.213454400 12.795000000 0.065025000 0.065025000 0.284089000
1752634251.599977732 20250716105051599 22.425205100 114.213452600 12.807000000 0.072361000 0.072361000 0.305809000
1752634251.800204039 20250716105051800 22.425214000 114.213450800 12.785000000 0.079524000 0.079524000 0.326041000
1752634252.100237608 20250716105052100 22.425227200 114.213447900 12.793000000 0.090601000 0.090601000 0.360000000
1752634252.300030708 20250716105052300 22.425236200 114.213446100 12.787000000 0.085264000 0.085264000 0.344569000
1752634252.500112057 20250716105052500 22.425245100 114.213444200 12.818000000 0.075076000 0.075076000 0.303601000
1752634252.799945116 20250716105052799 22.425258300 114.213441000 12.795000000 0.067081000 0.067081000 0.270400000
1752634253.100340843 20250716105053100 22.425271400 114.213437800 12.778000000 0.065025000 0.065025000 0.262144000
1752634253.399932623 20250716105053399 22.425284600 114.213434100 12.762000000 0.065025000 0.065025000 0.260100000
1752634253.500219107 20250716105053500 22.425288900 114.213432700 12.753000000 0.065025000 0.065025000 0.259081000
1752634253.700067043 20250716105053700 22.425297800 114.213430300 12.763000000 0.065025000 0.065025000 0.258064000
1752634253.900060415 20250716105053900 22.425306800 114.213427600 12.775000000 0.064009000 0.064009000 0.257049000
1752634254.100134850 20250716105054100 22.425315500 114.213424800 12.765000000 0.064009000 0.064009000 0.257049000
1752634254.299933195 20250716105054299 22.425324200 114.213422100 12.854000000 0.061009000 0.061009000 0.243049000
1752634254.599987507 20250716105054599 22.425337400 114.213417600 12.886000000 0.054289000 0.054289000 0.211600000
1752634254.699925661 20250716105054699 22.425341800 114.213416100 12.893000000 0.052900000 0.052900000 0.204304000
1752634254.900351286 20250716105054900 22.425350700 114.213412700 12.889000000 0.050625000 0.050625000 0.196249000
1752634255.199982166 20250716105055199 22.425364300 114.213407500 12.894000000 0.051076000 0.051076000 0.196249000
1752634255.300312042 20250716105055300 22.425368700 114.213405700 12.872000000 0.048841000 0.048841000 0.186624000
1752634255.500028849 20250716105055500 22.425377500 114.213402100 12.892000000 0.045796000 0.045796000 0.175561000
1752634255.700084686 20250716105055700 22.425386300 114.213398100 12.865000000 0.044944000 0.044944000 0.172225000
1752634255.999962807 20250716105055999 22.425399400 114.213392300 12.856000000 0.044944000 0.044944000 0.171396000
1752634256.200262070 20250716105056200 22.425408200 114.213388300 12.826000000 0.045796000 0.045796000 0.172225000
1752634256.300323486 20250716105056300 22.425412500 114.213386300 12.830000000 0.045796000 0.045796000 0.173056000
1752634256.499897003 20250716105056499 22.425420900 114.213382000 12.828000000 0.046225000 0.046225000 0.173889000
1752634256.800156116 20250716105056800 22.425437400 114.213373200 12.824000000 0.047961000 0.047961000 0.177241000
1752634256.899949789 20250716105056899 22.425437400 114.213373200 12.824000000 0.047961000 0.047961000 0.177241000
1752634257.200241089 20250716105057200 22.425448900 114.213365700 12.851000000 0.049284000 0.049284000 0.179776000
1752634257.600322962 20250716105057600 22.425464300 114.213356400 12.897000000 0.052900000 0.052900000 0.187489000
1752634257.700064659 20250716105057700 22.425468200 114.213354100 12.906000000 0.056169000 0.056169000 0.194481000
1752634258.000384092 20250716105058000 22.425479300 114.213347000 12.877000000 0.067600000 0.067600000 0.215296000
1752634258.199969053 20250716105058199 22.425490500 114.213339900 12.905000000 0.073984000 0.073984000 0.230400000
1752634258.699922800 20250716105058699 22.425505000 114.213330300 12.929000000 0.069169000 0.069169000 0.230400000
1752634258.900290489 20250716105058900 22.425512000 114.213325500 12.898000000 0.070225000 0.070225000 0.231361000
1752634259.199910641 20250716105059199 22.425522500 114.213318300 12.901000000 0.072361000 0.072361000 0.243049000
1752634259.500079632 20250716105059500 22.425533200 114.213310900 12.882000000 0.054756000 0.054756000 0.220900000
1752634259.800364733 20250716105059800 22.425543900 114.213303400 12.866000000 0.047089000 0.047089000 0.208849000
1752634260.200319529 20250716105100200 22.425558200 114.213293100 12.822000000 0.042849000 0.042849000 0.207025000
1752634260.499901295 20250716105100499 22.425568900 114.213285200 12.815000000 0.039204000 0.039204000 0.188356000
1752634260.700368166 20250716105100700 22.425576000 114.213280000 12.811000000 0.038416000 0.038416000 0.180625000
1752634261.100226879 20250716105101100 22.425587100 114.213272100 12.821000000 0.038025000 0.038025000 0.178929000
1752634261.399925709 20250716105101399 22.425601500 114.213261300 12.841000000 0.040401000 0.040401000 0.175561000
1752634261.699972391 20250716105101699 22.425612500 114.213253300 12.893000000 0.039601000 0.039601000 0.167281000
1752634262.000249386 20250716105102000 22.425623700 114.213245000 12.899000000 0.041616000 0.041616000 0.168921000
1752634262.100027084 20250716105102100 22.425627400 114.213242100 12.917000000 0.042436000 0.042436000 0.169744000
1752634262.300100088 20250716105102300 22.425634700 114.213236300 12.943000000 0.044100000 0.044100000 0.168921000
1752634262.500095606 20250716105102500 22.425642100 114.213230300 12.936000000 0.046656000 0.046656000 0.167281000
1752634262.699984074 20250716105102699 22.425649700 114.213225000 12.923000000 0.047089000 0.047089000 0.165649000
1752634262.900233746 20250716105102900 22.425657000 114.213219200 12.931000000 0.049284000 0.049284000 0.172225000
1752634263.300344944 20250716105103300 22.425671700 114.213207400 12.974000000 0.050176000 0.050176000 0.178929000
1752634263.499940634 20250716105103499 22.425679300 114.213201600 12.978000000 0.047089000 0.047089000 0.172225000
1752634263.700238943 20250716105103700 22.425686900 114.213195800 12.996000000 0.045369000 0.045369000 0.168921000
1752634263.900016785 20250716105103900 22.425694300 114.213189800 13.000000000 0.044521000 0.044521000 0.166464000
1752634264.100127220 20250716105104100 22.425701800 114.213184200 13.002000000 0.043681000 0.043681000 0.167281000
1752634264.300024271 20250716105104300 22.425709200 114.213178400 13.012000000 0.043681000 0.043681000 0.167281000
1752634264.600250006 20250716105104600 22.425719900 114.213169700 12.999000000 0.044100000 0.044100000 0.173889000
1752634265.000369072 20250716105105000 22.425734200 114.213158500 12.996000000 0.045796000 0.045796000 0.191844000
1752634265.199987650 20250716105105199 22.425741200 114.213153000 13.004000000 0.046225000 0.046225000 0.198916000
1752634265.500311852 20250716105105500 22.425751700 114.213144700 13.030000000 0.044100000 0.044100000 0.157609000
1752634265.800068855 20250716105105800 22.425761900 114.213136600 13.053000000 0.042025000 0.042025000 0.133225000
1752634266.099958420 20250716105106099 22.425772000 114.213128600 13.060000000 0.040804000 0.040804000 0.130321000
1752634266.400358200 20250716105106400 22.425781900 114.213120600 13.075000000 0.039204000 0.039204000 0.133956000
1752634266.700034618 20250716105106700 22.425791600 114.213113000 13.092000000 0.038416000 0.038416000 0.138384000
1752634267.099984169 20250716105107099 22.425804200 114.213102500 13.079000000 0.037249000 0.037249000 0.143641000
1752634267.300190210 20250716105107300 22.425810500 114.213097300 13.097000000 0.036864000 0.036864000 0.145161000
1752634267.700242996 20250716105107700 22.425823200 114.213086500 13.098000000 0.036100000 0.036100000 0.145161000
1752634268.000153542 20250716105108000 22.425832900 114.213078600 13.077000000 0.036481000 0.036481000 0.145924000
1752634268.299917221 20250716105108299 22.425842600 114.213070400 13.073000000 0.037249000 0.037249000 0.147456000
1752634268.600125074 20250716105108600 22.425852300 114.213061900 13.031000000 0.038025000 0.038025000 0.148225000
1752634268.900270700 20250716105108900 22.425862200 114.213053400 13.032000000 0.038809000 0.038809000 0.149769000
1752634269.199915886 20250716105109199 22.425872000 114.213044900 13.015000000 0.038809000 0.038809000 0.150544000
1752634269.500145674 20250716105109500 22.425881900 114.213036000 13.023000000 0.039601000 0.039601000 0.150544000
1752634269.800219536 20250716105109800 22.425892100 114.213027300 13.014000000 0.040804000 0.040804000 0.152881000
1752634270.099909782 20250716105110099 22.425902000 114.213018200 12.991000000 0.041616000 0.041616000 0.155236000
1752634270.400049210 20250716105110400 22.425912000 114.213009100 13.004000000 0.044944000 0.044944000 0.160000000
1752634270.800148010 20250716105110800 22.425925300 114.212996800 13.032000000 0.049284000 0.049284000 0.168100000
1752634270.999971390 20250716105110999 22.425932000 114.212990300 12.996000000 0.052441000 0.052441000 0.175561000
1752634271.200153112 20250716105111200 22.425942200 114.212981800 13.001000000 0.055225000 0.055225000 0.183184000
1752634271.600288630 20250716105111600 22.425952300 114.212972300 13.017000000 0.061504000 0.061504000 0.187489000
1752634271.900022745 20250716105111900 22.425962000 114.212962300 13.016000000 0.065536000 0.065536000 0.191844000
1752634272.199950695 20250716105112199 22.425972000 114.212952800 13.043000000 0.068121000 0.068121000 0.195364000
1752634272.500311613 20250716105112500 22.425981800 114.212943300 13.042000000 0.066564000 0.066564000 0.195364000
1752634272.800099850 20250716105112800 22.425991700 114.212933500 13.041000000 0.064516000 0.064516000 0.195364000
1752634273.200000525 20250716105113200 22.426004700 114.212920300 13.066000000 0.062500000 0.062500000 0.197136000
1752634273.300256491 20250716105113300 22.426008200 114.212917300 13.038000000 0.062500000 0.062500000 0.198916000
1752634273.599947453 20250716105113599 22.426022100 114.212904500 13.121000000 0.069696000 0.069696000 0.208849000
1752634273.900074482 20250716105113900 22.426028500 114.212896900 13.113000000 0.074529000 0.074529000 0.222784000
1752634274.100051641 20250716105114100 22.426035400 114.212889900 13.099000000 0.084681000 0.084681000 0.246016000
1752634274.300076008 20250716105114300 22.426042100 114.212882700 13.065000000 0.096100000 0.096100000 0.269361000
1752634274.500027657 20250716105114500 22.426048400 114.212875400 13.027000000 0.106929000 0.106929000 0.294849000
1752634274.700207949 20250716105114700 22.426055100 114.212867600 13.030000000 0.119716000 0.119716000 0.324900000
1752634274.799982071 20250716105114799 22.426061600 114.212860600 13.006000000 0.133225000 0.133225000 0.358801000
1752634275.100388765 20250716105115100 22.426068500 114.212853300 12.998000000 0.147456000 0.147456000 0.394384000
1752634275.299927235 20250716105115299 22.426075200 114.212845700 12.967000000 0.161604000 0.161604000 0.431649000
1752634275.600275755 20250716105115600 22.426084900 114.212834500 12.946000000 0.189225000 0.189225000 0.494209000
1752634275.700062752 20250716105115700 22.426088300 114.212830500 12.961000000 0.197136000 0.197136000 0.516961000
1752634276.000327826 20250716105116000 22.426098500 114.212818600 12.890000000 0.213444000 0.213444000 0.588289000
1752634276.100170612 20250716105116100 22.426101800 114.212814700 12.876000000 0.219024000 0.219024000 0.616225000
1752634276.299914837 20250716105116299 22.426108500 114.212806300 12.879000000 0.190096000 0.190096000 0.627264000
1752634276.500317812 20250716105116500 22.426115100 114.212797900 12.861000000 0.158404000 0.158404000 0.640000000
1752634276.699917078 20250716105116699 22.426121600 114.212789300 12.843000000 0.139129000 0.139129000 0.649636000
1752634277.000197887 20250716105117000 22.426131800 114.212776400 12.839000000 0.121104000 0.121104000 0.662596000
1752634277.199937582 20250716105117199 22.426138200 114.212767500 12.869000000 0.112896000 0.112896000 0.669124000
1752634277.500081301 20250716105117500 22.426151500 114.212749400 12.898000000 0.086436000 0.086436000 0.600625000
1752634277.599939823 20250716105117599 22.426151500 114.212749400 12.898000000 0.086436000 0.086436000 0.600625000
1752634277.900242329 20250716105117900 22.426161200 114.212735500 12.892000000 0.076176000 0.076176000 0.568516000
1752634278.000010967 20250716105118000 22.426164500 114.212730800 12.898000000 0.075076000 0.075076000 0.561001000
1752634278.300313711 20250716105118300 22.426174200 114.212716200 12.871000000 0.067600000 0.067600000 0.484416000
1752634278.499925613 20250716105118499 22.426180900 114.212706500 12.925000000 0.061009000 0.061009000 0.401956000
1752634278.600040436 20250716105118600 22.426184200 114.212701500 12.916000000 0.058081000 0.058081000 0.372100000
1752634278.899998903 20250716105118899 22.426194000 114.212686600 12.928000000 0.051984000 0.051984000 0.306916000
1752634278.999926329 20250716105118999 22.426197300 114.212681600 12.950000000 0.049729000 0.049729000 0.289444000
1752634279.200258732 20250716105119200 22.426203900 114.212671400 12.964000000 0.046656000 0.046656000 0.262144000
1752634279.399949789 20250716105119399 22.426210700 114.212661200 12.970000000 0.042025000 0.042025000 0.229441000
1752634279.600298643 20250716105119600 22.426217300 114.212650800 12.978000000 0.038809000 0.038809000 0.206116000
1752634279.799984694 20250716105119799 22.426224100 114.212640400 12.971000000 0.036100000 0.036100000 0.189225000
1752634280.000242710 20250716105120000 22.426230700 114.212629800 12.968000000 0.034596000 0.034596000 0.178084000
1752634280.200057030 20250716105120200 22.426237500 114.212619300 12.997000000 0.033856000 0.033856000 0.170569000
1752634280.400067329 20250716105120400 22.426244000 114.212609100 13.025000000 0.033124000 0.033124000 0.164025000
1752634280.700002670 20250716105120700 22.426253700 114.212593500 13.060000000 0.032400000 0.032400000 0.155236000
1752634280.799908161 20250716105120799 22.426257100 114.212588300 13.090000000 0.032041000 0.032041000 0.152881000
1752634281.000347853 20250716105121000 22.426263700 114.212578000 13.104000000 0.031684000 0.031684000 0.148996000
1752634281.199911118 20250716105121199 22.426270300 114.212567600 13.138000000 0.031684000 0.031684000 0.145924000
1752634281.400305986 20250716105121400 22.426276700 114.212557300 13.171000000 0.030625000 0.030625000 0.139129000
1752634281.599976540 20250716105121599 22.426283300 114.212547100 13.211000000 0.029929000 0.029929000 0.133225000
1752634281.800218344 20250716105121800 22.426289800 114.212536800 13.232000000 0.029241000 0.029241000 0.128881000
1752634282.000104904 20250716105122000 22.426296100 114.212526500 13.258000000 0.028900000 0.028900000 0.125316000
1752634282.199984074 20250716105122199 22.426302500 114.212516300 13.276000000 0.028561000 0.028561000 0.122500000
1752634282.400217295 20250716105122400 22.426309000 114.212506200 13.292000000 0.028224000 0.028224000 0.119716000
1752634282.599934101 20250716105122599 22.426315100 114.212495600 13.334000000 0.027889000 0.027889000 0.116964000
1752634282.800255775 20250716105122800 22.426321600 114.212485500 13.353000000 0.027889000 0.027889000 0.114921000
1752634282.999938726 20250716105122999 22.426328200 114.212475400 13.364000000 0.027556000 0.027556000 0.113569000
1752634283.200256824 20250716105123200 22.426334600 114.212465100 13.374000000 0.027556000 0.027556000 0.111556000
1752634283.399990082 20250716105123399 22.426340900 114.212454900 13.395000000 0.027556000 0.027556000 0.109561000
1752634283.600210667 20250716105123600 22.426347300 114.212444800 13.410000000 0.027889000 0.027889000 0.107584000
1752634283.800003290 20250716105123800 22.426353900 114.212434700 13.436000000 0.027556000 0.027556000 0.106276000
1752634284.100286961 20250716105124100 22.426363500 114.212419500 13.459000000 0.027889000 0.027889000 0.105625000
1752634284.200066566 20250716105124200 22.426366800 114.212414300 13.499000000 0.027889000 0.027889000 0.105625000
1752634284.500383377 20250716105124500 22.426376700 114.212399400 13.501000000 0.027225000 0.027225000 0.103684000
1752634284.600130081 20250716105124600 22.426380100 114.212394300 13.512000000 0.027225000 0.027225000 0.103041000
1752634284.900214672 20250716105124900 22.426390100 114.212379200 13.547000000 0.026896000 0.026896000 0.101124000
1752634285.000261545 20250716105125000 22.426393700 114.212374300 13.551000000 0.026569000 0.026569000 0.101124000
1752634285.199906349 20250716105125199 22.426400500 114.212364300 13.593000000 0.026569000 0.026569000 0.100489000
1752634285.400407076 20250716105125400 22.426407000 114.212354500 13.612000000 0.026896000 0.026896000 0.101761000
1752634285.600008965 20250716105125600 22.426413700 114.212344400 13.639000000 0.027889000 0.027889000 0.104329000
1752634285.800144434 20250716105125800 22.426420600 114.212334500 13.664000000 0.028900000 0.028900000 0.106929000
1752634286.000104189 20250716105126000 22.426427300 114.212324500 13.683000000 0.029584000 0.029584000 0.110224000
1752634286.200017691 20250716105126200 22.426434100 114.212314500 13.708000000 0.030625000 0.030625000 0.114244000
1752634286.499962568 20250716105126499 22.426444400 114.212299800 13.757000000 0.030625000 0.030625000 0.115600000
1752634286.599910736 20250716105126599 22.426451400 114.212290100 13.790000000 0.031329000 0.031329000 0.117649000
1752634286.900071383 20250716105126900 22.426458300 114.212280300 13.822000000 0.031684000 0.031684000 0.119716000
1752634287.100034237 20250716105127100 22.426465100 114.212270200 13.870000000 0.032041000 0.032041000 0.121801000
1752634287.300235748 20250716105127300 22.426471900 114.212260500 13.921000000 0.032761000 0.032761000 0.123904000
1752634287.499912024 20250716105127499 22.426478900 114.212250800 13.938000000 0.033856000 0.033856000 0.126736000
1752634287.700376511 20250716105127700 22.426485900 114.212240800 13.988000000 0.034969000 0.034969000 0.131044000
1752634287.899964333 20250716105127899 22.426493200 114.212231000 14.023000000 0.036481000 0.036481000 0.136161000
1752634288.200283766 20250716105128200 22.426503600 114.212216300 14.100000000 0.036864000 0.036864000 0.141376000
1752634288.300065756 20250716105128300 22.426507100 114.212211200 14.104000000 0.036481000 0.036481000 0.145161000
1752634288.500051737 20250716105128500 22.426514300 114.212201700 14.139000000 0.035721000 0.035721000 0.152100000
1752634288.700163603 20250716105128700 22.426521300 114.212191800 14.160000000 0.034969000 0.034969000 0.159201000
1752634289.000162601 20250716105129000 22.426531700 114.212177100 14.205000000 0.034225000 0.034225000 0.168100000
1752634289.200119495 20250716105129200 22.426538700 114.212167400 14.246000000 0.033489000 0.033489000 0.174724000
1752634289.299921036 20250716105129299 22.426542100 114.212162400 14.257000000 0.032761000 0.032761000 0.167281000
1752634289.500307083 20250716105129500 22.426548900 114.212152600 14.316000000 0.032041000 0.032041000 0.157609000
1752634289.699973345 20250716105129699 22.426555800 114.212142900 14.364000000 0.032041000 0.032041000 0.152100000
1752634289.900208473 20250716105129900 22.426562800 114.212133100 14.427000000 0.032041000 0.032041000 0.146689000
1752634290.100091219 20250716105130100 22.426569600 114.212123300 14.482000000 0.032400000 0.032400000 0.145924000
1752634290.299976587 20250716105130299 22.426576700 114.212113500 14.536000000 0.033124000 0.033124000 0.144400000
1752634290.500203371 20250716105130500 22.426583800 114.212103800 14.563000000 0.033489000 0.033489000 0.140625000
1752634290.699923992 20250716105130699 22.426590700 114.212094000 14.595000000 0.033856000 0.033856000 0.138384000
1752634290.900371552 20250716105130900 22.426597800 114.212084300 14.576000000 0.034225000 0.034225000 0.136161000
1752634291.199895382 20250716105131199 22.426608500 114.212069800 14.609000000 0.038809000 0.038809000 0.146689000
1752634291.500072002 20250716105131500 22.426619100 114.212055400 14.658000000 0.038025000 0.038025000 0.151321000
1752634291.599910736 20250716105131599 22.426622700 114.212050500 14.649000000 0.037636000 0.037636000 0.154449000
1752634291.800343275 20250716105131800 22.426630300 114.212041000 14.642000000 0.038416000 0.038416000 0.161604000
1752634291.999954224 20250716105131999 22.426637600 114.212031400 14.664000000 0.039204000 0.039204000 0.168100000
1752634292.200257063 20250716105132200 22.426644700 114.212021900 14.682000000 0.040000000 0.040000000 0.173889000
1752634292.400017262 20250716105132400 22.426651900 114.212012400 14.708000000 0.040401000 0.040401000 0.177241000
1752634292.600134134 20250716105132600 22.426659300 114.212002900 14.746000000 0.040401000 0.040401000 0.178084000
1752634292.800110102 20250716105132800 22.426666700 114.211993800 14.773000000 0.040401000 0.040401000 0.178929000
1752634292.999938726 20250716105132999 22.426674000 114.211984500 14.806000000 0.040000000 0.040000000 0.178929000
1752634293.200275183 20250716105133200 22.426681500 114.211975200 14.828000000 0.043264000 0.043264000 0.186624000
1752634293.399903059 20250716105133399 22.426688900 114.211966100 14.860000000 0.041616000 0.041616000 0.164836000
1752634293.500086069 20250716105133500 22.426696300 114.211956600 14.880000000 0.041209000 0.041209000 0.150544000
1752634293.799930334 20250716105133799 22.426703800 114.211947700 14.929000000 0.040401000 0.040401000 0.139129000
1752634294.000268698 20250716105134000 22.426711100 114.211938300 14.959000000 0.040401000 0.040401000 0.136161000
1752634294.200002670 20250716105134200 22.426719000 114.211928900 14.994000000 0.041616000 0.041616000 0.141376000
1752634294.400133371 20250716105134400 22.426726400 114.211919700 15.020000000 0.043681000 0.043681000 0.148225000
1752634294.600127220 20250716105134600 22.426733800 114.211910400 15.032000000 0.049729000 0.049729000 0.156816000
1752634294.799945354 20250716105134799 22.426741400 114.211901400 15.046000000 0.059049000 0.059049000 0.167281000
1752634295.000231981 20250716105135000 22.426748900 114.211891700 15.045000000 0.072361000 0.072361000 0.181476000
1752634295.199900389 20250716105135199 22.426756200 114.211881600 15.031000000 0.084100000 0.084100000 0.196249000
1752634295.400292158 20250716105135400 22.426763600 114.211871500 14.968000000 0.084100000 0.084100000 0.204304000
1752634295.599919081 20250716105135599 22.426771800 114.211862400 14.955000000 0.082944000 0.082944000 0.211600000
1752634295.800331593 20250716105135800 22.426779500 114.211853300 14.946000000 0.084100000 0.084100000 0.226576000
1752634295.999924898 20250716105135999 22.426787800 114.211844100 14.931000000 0.094864000 0.094864000 0.248004000
1752634296.200325012 20250716105136200 22.426796000 114.211834300 14.898000000 0.103684000 0.103684000 0.271441000
1752634296.499924183 20250716105136499 22.426808100 114.211819800 14.858000000 0.094864000 0.094864000 0.286225000
1752634296.600282907 20250716105136600 22.426812200 114.211814900 14.847000000 0.094249000 0.094249000 0.297025000
1752634296.800019264 20250716105136800 22.426820300 114.211804800 14.811000000 0.093025000 0.093025000 0.319225000
1752634297.100321293 20250716105137100 22.426832800 114.211790400 14.764000000 0.090601000 0.090601000 0.354025000
1752634297.200118780 20250716105137200 22.426836800 114.211785400 14.777000000 0.090000000 0.090000000 0.364816000
1752634297.399970770 20250716105137399 22.426844900 114.211775800 14.751000000 0.082944000 0.082944000 0.358801000
1752634297.600228786 20250716105137600 22.426853000 114.211765900 14.761000000 0.078400000 0.078400000 0.352836000
1752634297.799908876 20250716105137799 22.426860900 114.211756200 14.777000000 0.076176000 0.076176000 0.354025000
1752634298.000379801 20250716105138000 22.426868700 114.211746600 14.764000000 0.073441000 0.073441000 0.352836000
1752634298.299866676 20250716105138299 22.426880400 114.211732300 14.723000000 0.068121000 0.068121000 0.329476000
1752634298.400182247 20250716105138400 22.426884100 114.211727400 14.688000000 0.065536000 0.065536000 0.310249000
1752634298.600129128 20250716105138600 22.426891800 114.211717900 14.713000000 0.062500000 0.062500000 0.287296000
1752634298.799934626 20250716105138799 22.426899100 114.211708900 14.624000000 0.059536000 0.059536000 0.269361000
1752634299.000297785 20250716105139000 22.426906400 114.211699500 14.584000000 0.059049000 0.059049000 0.264196000
1752634299.199915409 20250716105139199 22.426914100 114.211690400 14.583000000 0.057600000 0.057600000 0.258064000
1752634299.400292635 20250716105139400 22.426921100 114.211681100 14.561000000 0.051076000 0.051076000 0.235225000
1752634299.699940681 20250716105139699 22.426932200 114.211667600 14.517000000 0.047961000 0.047961000 0.219961000
1752634299.900263309 20250716105139900 22.426939400 114.211658600 14.525000000 0.046225000 0.046225000 0.212521000
1752634300.200034142 20250716105140200 22.426949800 114.211645200 14.494000000 0.044521000 0.044521000 0.202500000
1752634300.300329685 20250716105140300 22.426953300 114.211640700 14.492000000 0.042025000 0.042025000 0.191844000
1752634300.500045776 20250716105140500 22.426960300 114.211631800 14.502000000 0.039601000 0.039601000 0.180625000
1752634300.700058937 20250716105140700 22.426966800 114.211622800 14.494000000 0.038416000 0.038416000 0.173056000
1752634300.900177956 20250716105140900 22.426973700 114.211614000 14.494000000 0.036864000 0.036864000 0.166464000
1752634301.099923372 20250716105141099 22.426980500 114.211605200 14.473000000 0.035721000 0.035721000 0.160000000
1752634301.300280333 20250716105141300 22.426986900 114.211595900 14.479000000 0.034969000 0.034969000 0.154449000
1752634301.600063086 20250716105141600 22.426997200 114.211583300 14.471000000 0.033489000 0.033489000 0.145161000
1752634301.700378180 20250716105141700 22.427000500 114.211578900 14.464000000 0.032761000 0.032761000 0.142129000
1752634301.899968147 20250716105141899 22.427006800 114.211569900 14.449000000 0.031684000 0.031684000 0.136900000
1752634302.200325727 20250716105142200 22.427016800 114.211556400 14.437000000 0.033856000 0.033856000 0.139129000
1752634302.399886847 20250716105142399 22.427023600 114.211547400 14.439000000 0.031329000 0.031329000 0.131044000
1752634302.600390911 20250716105142600 22.427030200 114.211538400 14.427000000 0.029584000 0.029584000 0.123904000
1752634302.799961090 20250716105142799 22.427036600 114.211529300 14.403000000 0.027889000 0.027889000 0.118336000
1752634303.000228405 20250716105143000 22.427043200 114.211520200 14.410000000 0.026896000 0.026896000 0.113569000
1752634303.299908161 20250716105143299 22.427053200 114.211506600 14.392000000 0.027889000 0.027889000 0.114921000
1752634303.400133371 20250716105143400 22.427056300 114.211502000 14.401000000 0.027225000 0.027225000 0.112225000
1752634303.500386000 20250716105143500 22.427062600 114.211492800 14.392000000 0.025921000 0.025921000 0.107584000
1752634303.799981594 20250716105143799 22.427069200 114.211483800 14.373000000 0.024964000 0.024964000 0.103684000
1752634304.000256777 20250716105144000 22.427075500 114.211474600 14.375000000 0.024336000 0.024336000 0.100489000
1752634304.199927092 20250716105144199 22.427081800 114.211465500 14.348000000 0.026244000 0.026244000 0.104976000
1752634304.400304556 20250716105144400 22.427088300 114.211456400 14.331000000 0.025281000 0.025281000 0.101761000
1752634304.599956512 20250716105144599 22.427094500 114.211447100 14.335000000 0.024649000 0.024649000 0.099225000
1752634304.800298929 20250716105144800 22.427100500 114.211438100 14.285000000 0.023716000 0.023716000 0.096721000
1752634305.000046492 20250716105145000 22.427107000 114.211428700 14.285000000 0.023409000 0.023409000 0.094864000
1752634305.300304890 20250716105145300 22.427116300 114.211414500 14.258000000 0.022801000 0.022801000 0.091809000
1752634305.499965906 20250716105145499 22.427122600 114.211405000 14.269000000 0.024964000 0.024964000 0.095481000
1752634305.800282955 20250716105145800 22.427132000 114.211390600 14.232000000 0.024336000 0.024336000 0.091204000
1752634305.999910355 20250716105145999 22.427138300 114.211380600 14.223000000 0.024025000 0.024025000 0.088804000
1752634306.200309515 20250716105146200 22.427144700 114.211370700 14.211000000 0.026896000 0.026896000 0.093025000
1752634306.399941206 20250716105146399 22.427151000 114.211360700 14.185000000 0.025921000 0.025921000 0.092416000
1752634306.600273371 20250716105146600 22.427157200 114.211350600 14.170000000 0.024964000 0.024964000 0.091809000
1752634306.800000906 20250716105146800 22.427163900 114.211340300 14.173000000 0.024649000 0.024649000 0.091809000
1752634307.000230551 20250716105147000 22.427170200 114.211330000 14.148000000 0.025281000 0.025281000 0.093636000
1752634307.200129032 20250716105147200 22.427176600 114.211319500 14.156000000 0.029584000 0.029584000 0.101124000
1752634307.500291348 20250716105147500 22.427186500 114.211303600 14.157000000 0.030976000 0.030976000 0.098596000
1752634307.600216866 20250716105147600 22.427189900 114.211298400 14.143000000 0.031329000 0.031329000 0.097969000
1752634307.799927711 20250716105147799 22.427196300 114.211287500 14.160000000 0.032400000 0.032400000 0.096721000
1752634308.000277519 20250716105148000 22.427202800 114.211276500 14.145000000 0.034225000 0.034225000 0.096721000
1752634308.199905872 20250716105148199 22.427209300 114.211265800 14.147000000 0.039601000 0.039601000 0.103041000
1752634308.400289059 20250716105148400 22.427215800 114.211254900 14.154000000 0.040804000 0.040804000 0.103684000
1752634308.599943638 20250716105148599 22.427222300 114.211243800 14.148000000 0.042436000 0.042436000 0.104976000
1752634308.800250530 20250716105148800 22.427228100 114.211232800 14.137000000 0.044100000 0.044100000 0.109561000
1752634308.999986172 20250716105148999 22.427234100 114.211221400 14.114000000 0.046225000 0.046225000 0.117649000
1752634309.200214624 20250716105149200 22.427240500 114.211210000 14.092000000 0.049729000 0.049729000 0.127449000
1752634309.400094509 20250716105149400 22.427246600 114.211198800 14.084000000 0.054756000 0.054756000 0.139129000
1752634309.600025654 20250716105149600 22.427253000 114.211187800 14.074000000 0.061009000 0.061009000 0.152881000
1752634309.800199986 20250716105149800 22.427259300 114.211176600 14.044000000 0.069696000 0.069696000 0.169744000
1752634309.999953985 20250716105149999 22.427265800 114.211165100 14.018000000 0.082369000 0.082369000 0.190096000
1752634310.200261593 20250716105150200 22.427272200 114.211153800 14.029000000 0.096721000 0.096721000 0.213444000
1752634310.399906158 20250716105150399 22.427278200 114.211142700 14.007000000 0.112225000 0.112225000 0.238144000
1752634310.600307465 20250716105150600 22.427284600 114.211131000 14.008000000 0.126025000 0.126025000 0.262144000
1752634310.799917221 20250716105150799 22.427291100 114.211119900 14.011000000 0.139129000 0.139129000 0.285156000
1752634311.000370026 20250716105151000 22.427297400 114.211108800 13.974000000 0.153664000 0.153664000 0.309136000
1752634311.199937105 20250716105151199 22.427303700 114.211097200 13.963000000 0.164025000 0.164025000 0.332929000
1752634311.400302172 20250716105151400 22.427309900 114.211085600 13.934000000 0.178084000 0.178084000 0.357604000
1752634311.600023031 20250716105151600 22.427316300 114.211074300 13.931000000 0.192721000 0.192721000 0.384400000
1752634311.800147057 20250716105151800 22.427322400 114.211062100 13.857000000 0.204304000 0.204304000 0.410881000
1752634312.000099182 20250716105152000 22.427329300 114.211051200 13.902000000 0.215296000 0.215296000 0.436921000
1752634312.200016737 20250716105152200 22.427335700 114.211039500 13.837000000 0.226576000 0.226576000 0.462400000
1752634312.400196314 20250716105152400 22.427341900 114.211028000 13.809000000 0.194481000 0.194481000 0.434281000
1752634312.599900484 20250716105152599 22.427348100 114.211016600 13.813000000 0.187489000 0.187489000 0.447561000
1752634312.800324440 20250716105152800 22.427354300 114.211005000 13.830000000 0.182329000 0.182329000 0.465124000
1752634312.999963284 20250716105152999 22.427361100 114.210993400 13.833000000 0.176400000 0.176400000 0.487204000
1752634313.200269222 20250716105153200 22.427367500 114.210981900 13.833000000 0.171396000 0.171396000 0.506944000
1752634313.499908209 20250716105153499 22.427377400 114.210964700 13.843000000 0.128881000 0.128881000 0.529984000
1752634313.600061417 20250716105153600 22.427380900 114.210958900 13.826000000 0.120409000 0.120409000 0.537289000
1752634313.899964571 20250716105153899 22.427390800 114.210941600 13.808000000 0.104329000 0.104329000 0.561001000
1752634313.999921322 20250716105153999 22.427394100 114.210935800 13.823000000 0.101124000 0.101124000 0.570025000
1752634314.200286865 20250716105154200 22.427400600 114.210924200 13.816000000 0.103684000 0.103684000 0.603729000
1752634314.399860382 20250716105154399 22.427407600 114.210912500 13.876000000 0.087616000 0.087616000 0.537289000
1752634314.700215340 20250716105154700 22.427421300 114.210889300 13.864000000 0.074529000 0.074529000 0.452929000
1752634314.800041914 20250716105154800 22.427421300 114.210889300 13.864000000 0.074529000 0.074529000 0.452929000
1752634315.000131845 20250716105155000 22.427428100 114.210877600 13.864000000 0.070225000 0.070225000 0.422500000
1752634315.200130463 20250716105155200 22.427435000 114.210866100 13.843000000 0.067600000 0.067600000 0.401956000
1752634315.399961233 20250716105155399 22.427442200 114.210854500 13.814000000 0.060516000 0.060516000 0.362404000
1752634315.600254297 20250716105155600 22.427449000 114.210843000 13.802000000 0.055696000 0.055696000 0.330625000
1752634315.900128365 20250716105155900 22.427459700 114.210825400 13.778000000 0.054756000 0.054756000 0.324900000
1752634316.000326633 20250716105156000 22.427463300 114.210819600 13.773000000 0.054756000 0.054756000 0.328329000
1752634316.199959040 20250716105156199 22.427470600 114.210808100 13.776000000 0.054289000 0.054289000 0.336400000
1752634316.400275707 20250716105156400 22.427477800 114.210796700 13.742000000 0.052441000 0.052441000 0.321489000
1752634316.600030899 20250716105156600 22.427485100 114.210785000 13.750000000 0.050625000 0.050625000 0.308025000
1752634316.800134659 20250716105156800 22.427492800 114.210773300 13.743000000 0.049284000 0.049284000 0.295936000
1752634317.000151873 20250716105157000 22.427500300 114.210761800 13.737000000 0.048841000 0.048841000 0.288369000
1752634317.199927807 20250716105157199 22.427507700 114.210750200 13.753000000 0.047961000 0.047961000 0.279841000
1752634317.400256157 20250716105157400 22.427515300 114.210738700 13.703000000 0.044521000 0.044521000 0.263169000
1752634317.599902391 20250716105157599 22.427523000 114.210727300 13.688000000 0.044100000 0.044100000 0.258064000
1752634317.900101662 20250716105157900 22.427534500 114.210710200 13.684000000 0.042849000 0.042849000 0.249001000
1752634317.999932051 20250716105157999 22.427538500 114.210704600 13.672000000 0.042436000 0.042436000 0.246016000
1752634318.200349808 20250716105158200 22.427546500 114.210693000 13.659000000 0.046225000 0.046225000 0.253009000
1752634318.400051117 20250716105158400 22.427554400 114.210681800 13.666000000 0.043264000 0.043264000 0.241081000
1752634318.600086927 20250716105158600 22.427562500 114.210670400 13.658000000 0.040804000 0.040804000 0.231361000
1752634318.899987221 20250716105158899 22.427574700 114.210653600 13.660000000 0.038416000 0.038416000 0.219961000
1752634318.999891520 20250716105158999 22.427578600 114.210647900 13.657000000 0.038025000 0.038025000 0.218089000
1752634319.300155163 20250716105159300 22.427591000 114.210631200 13.666000000 0.036864000 0.036864000 0.204304000
1752634319.500004530 20250716105159500 22.427599100 114.210620100 13.662000000 0.036864000 0.036864000 0.190969000
1752634319.600313187 20250716105159600 22.427603300 114.210614600 13.672000000 0.037249000 0.037249000 0.185761000
1752634319.899886608 20250716105159899 22.427615400 114.210598100 13.660000000 0.038809000 0.038809000 0.173056000
1752634320.000173092 20250716105200000 22.427623400 114.210587500 13.674000000 0.039601000 0.039601000 0.168100000
1752634320.299930096 20250716105200299 22.427631500 114.210577000 13.683000000 0.040401000 0.040401000 0.167281000
1752634320.500324726 20250716105200500 22.427639300 114.210566200 13.673000000 0.041209000 0.041209000 0.168100000
1752634320.799914598 20250716105200799 22.427651000 114.210550900 13.654000000 0.042436000 0.042436000 0.170569000
1752634320.900115013 20250716105200900 22.427655000 114.210545800 13.674000000 0.042849000 0.042849000 0.171396000
1752634321.100140572 20250716105201100 22.427662900 114.210535800 13.671000000 0.043264000 0.043264000 0.173056000
1752634321.299953222 20250716105201299 22.427670500 114.210525900 13.641000000 0.042849000 0.042849000 0.173889000
1752634321.500242233 20250716105201500 22.427678500 114.210516000 13.648000000 0.042849000 0.042849000 0.175561000
1752634321.699911594 20250716105201699 22.427686100 114.210506200 13.650000000 0.043264000 0.043264000 0.178084000
1752634321.900314808 20250716105201900 22.427693900 114.210496600 13.633000000 0.043264000 0.043264000 0.180625000
1752634322.099935293 20250716105202099 22.427701500 114.210486700 13.613000000 0.044100000 0.044100000 0.188356000
1752634322.400218964 20250716105202400 22.427713200 114.210472200 13.609000000 0.042849000 0.042849000 0.194481000
1752634322.500009060 20250716105202500 22.427717100 114.210467400 13.590000000 0.042025000 0.042025000 0.195364000
1752634322.800379992 20250716105202800 22.427728800 114.210452700 13.576000000 0.040804000 0.040804000 0.197136000
1752634322.999974251 20250716105202999 22.427736600 114.210443000 13.532000000 0.039601000 0.039601000 0.197136000
1752634323.200156689 20250716105203200 22.427744600 114.210433200 13.530000000 0.042849000 0.042849000 0.207025000
1752634323.400139332 20250716105203400 22.427752300 114.210423600 13.492000000 0.040804000 0.040804000 0.198916000
1752634323.599975348 20250716105203599 22.427760100 114.210414000 13.461000000 0.040000000 0.040000000 0.198916000
1752634323.800264120 20250716105203800 22.427768000 114.210404200 13.455000000 0.038809000 0.038809000 0.196249000
1752634324.100172043 20250716105204100 22.427775900 114.210394400 13.456000000 0.038025000 0.038025000 0.195364000
1752634324.200414419 20250716105204200 22.427783800 114.210384900 13.427000000 0.040804000 0.040804000 0.204304000
1752634324.399978399 20250716105204399 22.427791800 114.210375300 13.402000000 0.043264000 0.043264000 0.205209000
1752634324.600235939 20250716105204600 22.427799700 114.210365600 13.416000000 0.040000000 0.040000000 0.190096000
1752634324.800066710 20250716105204800 22.427807700 114.210356100 13.417000000 0.038025000 0.038025000 0.177241000
1752634325.100347996 20250716105205100 22.427815800 114.210346600 13.398000000 0.036100000 0.036100000 0.167281000
1752634325.200146198 20250716105205200 22.427823800 114.210337000 13.385000000 0.038025000 0.038025000 0.170569000
1752634325.399970055 20250716105205399 22.427831900 114.210327600 13.371000000 0.034969000 0.034969000 0.154449000
1752634325.600207806 20250716105205600 22.427839600 114.210318200 13.370000000 0.032400000 0.032400000 0.142129000
1752634325.799974918 20250716105205799 22.427847700 114.210308900 13.358000000 0.031329000 0.031329000 0.135424000
1752634326.000238657 20250716105206000 22.427855800 114.210299200 13.353000000 0.030625000 0.030625000 0.130321000
1752634326.300168276 20250716105206300 22.427867800 114.210285300 13.341000000 0.031684000 0.031684000 0.129600000
1752634326.500117779 20250716105206500 22.427875900 114.210275900 13.348000000 0.029929000 0.029929000 0.122500000
1752634326.700043917 20250716105206700 22.427883800 114.210266400 13.342000000 0.028900000 0.028900000 0.116964000
1752634326.800321341 20250716105206800 22.427887900 114.210261900 13.359000000 0.028224000 0.028224000 0.114244000
1752634326.999897957 20250716105206999 22.427896100 114.210252700 13.362000000 0.027556000 0.027556000 0.110224000
1752634327.200324535 20250716105207200 22.427904000 114.210243200 13.373000000 0.026569000 0.026569000 0.106929000
1752634327.400036097 20250716105207400 22.427912200 114.210233700 13.378000000 0.029241000 0.029241000 0.110889000
1752634327.600098848 20250716105207600 22.427920200 114.210224400 13.380000000 0.028224000 0.028224000 0.107584000
1752634327.800198317 20250716105207800 22.427928100 114.210214900 13.385000000 0.027889000 0.027889000 0.106929000
1752634327.999904394 20250716105207999 22.427936300 114.210205500 13.374000000 0.027225000 0.027225000 0.105625000
1752634328.200304270 20250716105208200 22.427944200 114.210195800 13.375000000 0.029929000 0.029929000 0.111556000
1752634328.399903297 20250716105208399 22.427952200 114.210186400 13.370000000 0.028900000 0.028900000 0.107584000
1752634328.600337505 20250716105208600 22.427960400 114.210176700 13.359000000 0.028224000 0.028224000 0.103684000
1752634328.899922609 20250716105208899 22.427972600 114.210161700 13.352000000 0.027889000 0.027889000 0.100489000
1752634329.000138283 20250716105209000 22.427976500 114.210156900 13.343000000 0.027889000 0.027889000 0.099856000
1752634329.200083494 20250716105209200 22.427984400 114.210146700 13.307000000 0.027889000 0.027889000 0.098596000
1752634329.500339985 20250716105209500 22.427996200 114.210131500 13.255000000 0.027556000 0.027556000 0.104329000
1752634329.600197077 20250716105209600 22.428000100 114.210126200 13.255000000 0.027225000 0.027225000 0.105625000
1752634329.799941063 20250716105209799 22.428007900 114.210115800 13.227000000 0.027225000 0.027225000 0.108900000
1752634330.000312090 20250716105210000 22.428015700 114.210105000 13.187000000 0.027556000 0.027556000 0.112225000
1752634330.199909210 20250716105210199 22.428023400 114.210094400 13.169000000 0.028224000 0.028224000 0.117649000
1752634330.400339365 20250716105210400 22.428031300 114.210083400 13.149000000 0.028561000 0.028561000 0.114921000
1752634330.599940777 20250716105210599 22.428039100 114.210072200 13.113000000 0.028900000 0.028900000 0.112225000
1752634330.699940681 20250716105210699 22.428046800 114.210061100 13.082000000 0.028900000 0.028900000 0.110224000
1752634331.099916220 20250716105211099 22.428062300 114.210038400 13.077000000 0.029241000 0.029241000 0.107584000
1752634331.200096846 20250716105211200 22.428066200 114.210032600 13.052000000 0.029241000 0.029241000 0.108900000
1752634331.499963045 20250716105211499 22.428073800 114.210021000 13.037000000 0.029584000 0.029584000 0.112225000
1752634331.599939346 20250716105211599 22.428081500 114.210009400 13.024000000 0.029584000 0.029584000 0.114921000
1752634331.700238943 20250716105211700 22.428085300 114.210003500 13.017000000 0.029929000 0.029929000 0.116281000
1752634332.100094557 20250716105212100 22.428096800 114.209985400 12.995000000 0.032041000 0.032041000 0.123201000
1752634332.300182104 20250716105212300 22.428104500 114.209973300 12.972000000 0.033856000 0.033856000 0.127449000
1752634332.499865770 20250716105212499 22.428112100 114.209961100 12.956000000 0.035344000 0.035344000 0.131769000
1752634332.700359821 20250716105212700 22.428119700 114.209948700 12.948000000 0.036864000 0.036864000 0.135424000
1752634333.000011683 20250716105213000 22.428131000 114.209929800 12.909000000 0.038809000 0.038809000 0.142884000
1752634333.100410223 20250716105213100 22.428134800 114.209923500 12.911000000 0.040000000 0.040000000 0.145924000
1752634333.200237751 20250716105213200 22.428142300 114.209911000 12.890000000 0.040804000 0.040804000 0.152100000
1752634333.500188828 20250716105213500 22.428149700 114.209898200 12.884000000 0.042849000 0.042849000 0.159201000
1752634333.700132132 20250716105213700 22.428157000 114.209885300 12.877000000 0.044944000 0.044944000 0.167281000
1752634333.899971247 20250716105213899 22.428164400 114.209872200 12.859000000 0.047089000 0.047089000 0.176400000
1752634334.100286007 20250716105214100 22.428171700 114.209859000 12.865000000 0.049284000 0.049284000 0.185761000
1752634334.299874544 20250716105214299 22.428178900 114.209845600 12.871000000 0.051529000 0.051529000 0.195364000
1752634334.500405312 20250716105214500 22.428186300 114.209832300 12.853000000 0.053361000 0.053361000 0.207025000
1752634334.699941397 20250716105214699 22.428193600 114.209818900 12.837000000 0.059049000 0.059049000 0.223729000
1752634334.900294542 20250716105214900 22.428201000 114.209805300 12.811000000 0.064516000 0.064516000 0.239121000
1752634335.199923038 20250716105215199 22.428211900 114.209784900 12.786000000 0.071824000 0.071824000 0.263169000
1752634335.300006628 20250716105215300 22.428215600 114.209778000 12.776000000 0.067600000 0.067600000 0.260100000
1752634335.500221014 20250716105215500 22.428222900 114.209764300 12.783000000 0.063504000 0.063504000 0.259081000
1752634335.699868441 20250716105215699 22.428230200 114.209750500 12.773000000 0.063001000 0.063001000 0.260100000
1752634335.800241709 20250716105215800 22.428233900 114.209743600 12.763000000 0.063001000 0.063001000 0.261121000
1752634336.199964523 20250716105216199 22.428248100 114.209716200 12.832000000 0.069169000 0.069169000 0.269361000
1752634336.300297499 20250716105216300 22.428251800 114.209709500 12.841000000 0.070756000 0.070756000 0.272484000
1752634336.500073433 20250716105216500 22.428258400 114.209695700 12.845000000 0.084100000 0.084100000 0.291600000
1752634336.700066328 20250716105216700 22.428265000 114.209682200 12.844000000 0.101761000 0.101761000 0.314721000
1752634336.900219917 20250716105216900 22.428271600 114.209668900 12.856000000 0.131769000 0.131769000 0.339889000
1752634337.099885941 20250716105217099 22.428278200 114.209656100 12.825000000 0.164025000 0.164025000 0.366025000
1752634337.300411463 20250716105217300 22.428286500 114.209643400 12.739000000 0.198025000 0.198025000 0.395641000
1752634337.499969959 20250716105217499 22.428294200 114.209631000 12.696000000 0.230400000 0.230400000 0.431649000
1752634337.700202703 20250716105217700 22.428301300 114.209616900 12.688000000 0.254016000 0.254016000 0.470596000
1752634337.900115490 20250716105217900 22.428308900 114.209603400 12.691000000 0.268324000 0.268324000 0.508369000
1752634338.100031137 20250716105218100 22.428315800 114.209589300 12.688000000 0.281961000 0.281961000 0.544644000
1752634338.300187349 20250716105218300 22.428322800 114.209576100 12.623000000 0.255025000 0.255025000 0.528529000
1752634338.600220680 20250716105218600 22.428337000 114.209547900 12.477000000 0.246016000 0.246016000 0.556516000
1752634338.899907112 20250716105218899 22.428344200 114.209534300 12.430000000 0.252004000 0.252004000 0.597529000
1752634339.200204134 20250716105219200 22.428355200 114.209514000 12.358000000 0.260100000 0.260100000 0.667489000
1752634339.299977779 20250716105219299 22.428358900 114.209507200 12.394000000 0.206116000 0.206116000 0.599076000
1752634339.500239611 20250716105219500 22.428366000 114.209493900 12.398000000 0.151321000 0.151321000 0.514089000
1752634339.700078249 20250716105219700 22.428373000 114.209480400 12.388000000 0.130321000 0.130321000 0.485809000
1752634339.900039673 20250716105219900 22.428380000 114.209467200 12.391000000 0.122500000 0.122500000 0.488601000
1752634341.100167274 20250716105221100 22.428387100 114.209454200 12.360000000 0.115600000 0.115600000 0.492804000
1752634341.299918413 20250716105221299 22.428394100 114.209441500 12.338000000 0.106276000 0.106276000 0.485809000
1752634341.500323534 20250716105221500 22.428401000 114.209428600 12.346000000 0.100489000 0.100489000 0.485809000
1752634341.699931622 20250716105221699 22.428408000 114.209416100 12.340000000 0.095481000 0.095481000 0.484416000
1752634341.900326490 20250716105221900 22.428415000 114.209403700 12.343000000 0.091204000 0.091204000 0.481636000
1752634342.099978447 20250716105222099 22.428422100 114.209391400 12.366000000 0.090000000 0.090000000 0.488601000
1752634342.300199986 20250716105222300 22.428429200 114.209379400 12.370000000 0.088804000 0.088804000 0.483025000
1752634342.599939346 20250716105222599 22.428439800 114.209361000 12.373000000 0.088804000 0.088804000 0.487204000
1752634342.699990988 20250716105222699 22.428443100 114.209354700 12.365000000 0.091204000 0.091204000 0.499849000
1752634342.900178909 20250716105222900 22.428450100 114.209342400 12.322000000 0.101761000 0.101761000 0.537289000
1752634343.099890232 20250716105223099 22.428457000 114.209330000 12.314000000 0.114921000 0.114921000 0.580644000
1752634343.200203180 20250716105223200 22.428463800 114.209317800 12.302000000 0.132496000 0.132496000 0.627264000
1752634343.499943495 20250716105223499 22.428471000 114.209306000 12.277000000 0.156025000 0.156025000 0.678976000
1752634343.700247049 20250716105223700 22.428477700 114.209295300 12.182000000 0.191844000 0.191844000 0.732736000
1752634343.999889374 20250716105223999 22.428488000 114.209278100 12.028000000 0.251001000 0.251001000 0.810000000
1752634343.100080013 20250716105223100 22.428491900 114.209272300 11.976000000 0.271441000 0.271441000 0.833569000
1752634344.100315332 20250716105224100 22.428527600 114.209214500 11.672000000 0.356409000 0.356409000 1.046529000
1752634344.300034523 20250716105224300 22.428534500 114.209203400 11.711000000 0.309136000 0.309136000 0.938961000
1752634344.500201702 20250716105224500 22.428541700 114.209192600 11.656000000 0.284089000 0.284089000 0.889249000
1752634344.700062513 20250716105224700 22.428548500 114.209181700 11.629000000 0.292681000 0.292681000 0.927369000
1752634344.900114059 20250716105224900 22.428555100 114.209170800 11.613000000 0.301401000 0.301401000 0.976144000
1752634346.199932814 20250716105226199 22.428565500 114.209155100 11.568000000 0.312481000 0.312481000 1.050625000
1752634346.299987555 20250716105226299 22.428568900 114.209149700 11.595000000 0.258064000 0.258064000 0.994009000
1752634346.500257492 20250716105226500 22.428575500 114.209139300 11.614000000 0.196249000 0.196249000 0.946729000
1752634346.699887276 20250716105226699 22.428582100 114.209129000 11.555000000 0.168921000 0.168921000 0.948676000
1752634346.900425673 20250716105226900 22.428588700 114.209118500 11.542000000 0.155236000 0.155236000 0.972196000
1752634347.100002289 20250716105227100 22.428595100 114.209108100 11.555000000 0.144400000 0.144400000 0.996004000
1752634347.400290489 20250716105227400 22.428604600 114.209092900 11.475000000 0.133956000 0.133956000 1.032256000
1752634347.500076532 20250716105227500 22.428610900 114.209082900 11.456000000 0.128881000 0.128881000 1.060900000
1752634347.800307035 20250716105227800 22.428617100 114.209073100 11.418000000 0.124609000 0.124609000 1.087849000
1752634348.099872351 20250716105228099 22.428626200 114.209058300 11.363000000 0.119025000 0.119025000 1.123600000
1752634348.300352335 20250716105228300 22.428632100 114.209048800 11.331000000 0.110224000 0.110224000 1.123600000
1752634348.400089741 20250716105228400 22.428635000 114.209044000 11.348000000 0.104329000 0.104329000 1.117249000
1752634348.600061655 20250716105228600 22.428640800 114.209034500 11.322000000 0.101761000 0.101761000 1.138489000
1752634348.800167799 20250716105228800 22.428646700 114.209025200 11.283000000 0.098596000 0.098596000 1.162084000
1752634348.999925613 20250716105228999 22.428652400 114.209016000 11.370000000 0.097344000 0.097344000 1.170724000
1752634349.300042152 20250716105229300 22.428660300 114.209002100 11.213000000 0.094864000 0.094864000 1.183744000
1752634349.399860144 20250716105229399 22.428662900 114.208997700 11.189000000 0.096100000 0.096100000 1.196836000
1752634349.600410223 20250716105229600 22.428667900 114.208989200 11.161000000 0.098596000 0.098596000 1.225449000
1752634349.899910688 20250716105229899 22.428674500 114.208976800 11.133000000 0.104329000 0.104329000 1.276900000
1752634350.100048065 20250716105230100 22.428694800 114.208934000 11.297000000 0.096721000 0.096721000 0.697225000
1752634350.500204086 20250716105230500 22.428699300 114.208921700 11.397000000 0.082369000 0.082369000 0.519841000
1752634351.000078917 20250716105231000 22.428704200 114.208907400 11.437000000 0.069169000 0.069169000 0.394384000
1752634351.300329685 20250716105231300 22.428706400 114.208899000 11.451000000 0.064516000 0.064516000 0.344569000
1752634351.700282812 20250716105231700 22.428709000 114.208887500 11.484000000 0.061009000 0.061009000 0.290521000
1752634352.200264931 20250716105232200 22.428711600 114.208873100 11.545000000 0.058564000 0.058564000 0.256036000
1752634352.499989271 20250716105232499 22.428712200 114.208864400 11.541000000 0.057600000 0.057600000 0.241081000
1752634352.899891853 20250716105232899 22.428712600 114.208853000 11.556000000 0.056644000 0.056644000 0.230400000
1752634353.299934387 20250716105233299 22.428711700 114.208841100 11.603000000 0.054756000 0.054756000 0.220900000
1752634353.699918032 20250716105233699 22.428709400 114.208829000 11.619000000 0.051529000 0.051529000 0.208849000
1752634354.000257254 20250716105234000 22.428706500 114.208819600 11.642000000 0.049729000 0.049729000 0.201601000
1752634354.300207138 20250716105234300 22.428702600 114.208810200 11.662000000 0.048841000 0.048841000 0.198025000
1752634354.700094223 20250716105234700 22.428695600 114.208797700 11.675000000 0.047961000 0.047961000 0.199809000
1752634354.999920607 20250716105234999 22.428689100 114.208788300 11.711000000 0.047961000 0.047961000 0.201601000
1752634355.200337648 20250716105235200 22.428684100 114.208782100 11.690000000 0.047961000 0.047961000 0.202500000
1752634355.499893665 20250716105235499 22.428676000 114.208773000 11.713000000 0.047524000 0.047524000 0.204304000
1752634355.899897337 20250716105235899 22.428663800 114.208760700 11.718000000 0.047089000 0.047089000 0.206116000
1752634356.100328207 20250716105236100 22.428657200 114.208754600 11.721000000 0.047089000 0.047089000 0.206116000
1752634356.399931908 20250716105236399 22.428646700 114.208745400 11.740000000 0.046656000 0.046656000 0.203401000
1752634356.700045347 20250716105236700 22.428635700 114.208736200 11.732000000 0.046656000 0.046656000 0.200704000
1752634356.799917936 20250716105236799 22.428631800 114.208733100 11.725000000 0.046225000 0.046225000 0.199809000
1752634357.000288725 20250716105237000 22.428624100 114.208727100 11.737000000 0.046225000 0.046225000 0.198025000
1752634357.299894094 20250716105237299 22.428612100 114.208717500 11.742000000 0.046225000 0.046225000 0.198025000
1752634357.400186539 20250716105237400 22.428608000 114.208714300 11.720000000 0.046656000 0.046656000 0.199809000
1752634357.699911594 20250716105237699 22.428595600 114.208704700 11.730000000 0.047089000 0.047089000 0.205209000
1752634357.799934626 20250716105237799 22.428591500 114.208701500 11.726000000 0.047089000 0.047089000 0.206116000
1752634358.000393867 20250716105238000 22.428583200 114.208694800 11.702000000 0.047089000 0.047089000 0.209764000
1752634358.199917316 20250716105238199 22.428574800 114.208688200 11.729000000 0.047524000 0.047524000 0.213444000
1752634358.500357866 20250716105238500 22.428561700 114.208678500 11.680000000 0.047524000 0.047524000 0.215296000
1752634358.600078583 20250716105238600 22.428557400 114.208675400 11.683000000 0.047961000 0.047961000 0.217156000
1752634358.699903250 20250716105238699 22.428549000 114.208668400 11.663000000 0.048400000 0.048400000 0.219024000
1752634359.000263453 20250716105239000 22.428540500 114.208661800 11.637000000 0.048841000 0.048841000 0.220900000
1752634359.199862480 20250716105239199 22.428531700 114.208655100 11.622000000 0.049284000 0.049284000 0.222784000
1752634359.400417566 20250716105239400 22.428523300 114.208648300 11.631000000 0.048400000 0.048400000 0.223729000
1752634359.599935770 20250716105239599 22.428514800 114.208641500 11.604000000 0.047961000 0.047961000 0.224676000
1752634359.800231934 20250716105239800 22.428506400 114.208634800 11.590000000 0.047524000 0.047524000 0.225625000
1752634360.000058651 20250716105240000 22.428497900 114.208628100 11.563000000 0.047089000 0.047089000 0.225625000
1752634360.200029612 20250716105240200 22.428489700 114.208621600 11.554000000 0.047089000 0.047089000 0.226576000
1752634360.400198460 20250716105240400 22.428481600 114.208615000 11.536000000 0.047089000 0.047089000 0.229441000
1752634360.700134039 20250716105240700 22.428469600 114.208605300 11.511000000 0.047524000 0.047524000 0.233289000
1752634360.800300598 20250716105240800 22.428465700 114.208602000 11.508000000 0.047524000 0.047524000 0.234256000
1752634361.099973202 20250716105241099 22.428454100 114.208592200 11.506000000 0.050625000 0.050625000 0.247009000
1752634361.200265169 20250716105241200 22.428450100 114.208588900 11.480000000 0.051529000 0.051529000 0.251001000
1752634361.399948597 20250716105241399 22.428442600 114.208582800 11.464000000 0.054289000 0.054289000 0.260100000
1752634361.499904156 20250716105241499 22.428434900 114.208576500 11.449000000 0.056644000 0.056644000 0.269361000
1752634361.800105810 20250716105241800 22.428427400 114.208570300 11.420000000 0.058564000 0.058564000 0.278784000
1752634361.999948263 20250716105241999 22.428420100 114.208564200 11.426000000 0.059536000 0.059536000 0.284089000
1752634362.200278282 20250716105242200 22.428412800 114.208558100 11.427000000 0.060025000 0.060025000 0.288369000
1752634362.500097990 20250716105242500 22.428402200 114.208549100 11.440000000 0.053824000 0.053824000 0.260100000
1752634362.700149059 20250716105242700 22.428395100 114.208543200 11.440000000 0.051076000 0.051076000 0.248004000
1752634363.000228643 20250716105243000 22.428384700 114.208534600 11.445000000 0.047961000 0.047961000 0.234256000
1752634363.299942493 20250716105243299 22.428374700 114.208526000 11.444000000 0.046225000 0.046225000 0.222784000
1752634363.600311995 20250716105243600 22.428364600 114.208517900 11.419000000 0.046656000 0.046656000 0.222784000
1752634363.900087833 20250716105243900 22.428355000 114.208509700 11.391000000 0.047524000 0.047524000 0.228484000
1752634364.199902534 20250716105244199 22.428345500 114.208501900 11.373000000 0.047961000 0.047961000 0.232324000
1752634364.500123501 20250716105244500 22.428336400 114.208494400 11.339000000 0.047961000 0.047961000 0.229441000
1752634364.800267458 20250716105244800 22.428327600 114.208487300 11.296000000 0.049284000 0.049284000 0.227529000
1752634365.099937201 20250716105245099 22.428319200 114.208480500 11.261000000 0.053824000 0.053824000 0.229441000
1752634365.400108814 20250716105245400 22.428311500 114.208474000 11.293000000 0.053361000 0.053361000 0.219961000
1752634365.700215816 20250716105245700 22.428304300 114.208468100 11.287000000 0.051076000 0.051076000 0.207936000
1752634366.200352430 20250716105246200 22.428293400 114.208458900 11.273000000 0.051984000 0.051984000 0.201601000
1752634366.600275040 20250716105246600 22.428286100 114.208452900 11.270000000 0.045796000 0.045796000 0.188356000
1752634367.200124979 20250716105247200 22.428277500 114.208445700 11.205000000 0.044100000 0.044100000 0.189225000
1752634368.199900150 20250716105248199 22.428269200 114.208439400 11.137000000 0.038809000 0.038809000 0.173056000
1752634389.800087452 20250716105309800 22.428262400 114.208445500 10.820000000 0.026244000 0.026244000 0.132496000
1752634401.200319529 20250716105321200 22.428253500 114.208447600 10.363000000 0.023716000 0.023716000 0.105625000
1752634412.999959707 20250716105332999 22.428245100 114.208440900 8.506000000 0.017689000 0.017689000 0.055696000
1752634413.499903440 20250716105333499 22.428237100 114.208434600 8.431000000 0.017689000 0.017689000 0.052900000
1752634413.999914408 20250716105333999 22.428226900 114.208426600 8.351000000 0.015876000 0.015876000 0.045796000
1752634414.300170660 20250716105334300 22.428219900 114.208421300 8.324000000 0.017424000 0.017424000 0.047524000
1752634414.700306177 20250716105334700 22.428209400 114.208413700 8.261000000 0.016384000 0.016384000 0.044944000
1752634414.899955034 20250716105334899 22.428203600 114.208409900 8.232000000 0.016384000 0.016384000 0.044944000
1752634415.200224161 20250716105335200 22.428194300 114.208404300 8.213000000 0.019321000 0.019321000 0.048400000
1752634415.500173330 20250716105335500 22.428184700 114.208399100 8.140000000 0.018769000 0.018769000 0.050625000
1752634415.799967289 20250716105335799 22.428174000 114.208394700 8.073000000 0.018225000 0.018225000 0.053824000
1752634416.200004578 20250716105336200 22.428158700 114.208389500 8.006000000 0.020449000 0.020449000 0.061504000
1752634416.500343561 20250716105336500 22.428146300 114.208386800 7.935000000 0.018496000 0.018496000 0.061504000
1752634416.799941063 20250716105336799 22.428133200 114.208385000 7.870000000 0.016900000 0.016900000 0.060516000
1752634417.199896336 20250716105337199 22.428115000 114.208384700 7.809000000 0.015876000 0.015876000 0.059536000
1752634417.300008774 20250716105337300 22.428110300 114.208384900 7.790000000 0.015876000 0.015876000 0.059049000
1752634417.500260353 20250716105337500 22.428101200 114.208385900 7.738000000 0.015625000 0.015625000 0.058564000
1752634417.699898720 20250716105337699 22.428091800 114.208387500 7.690000000 0.015376000 0.015376000 0.058564000
1752634417.900340319 20250716105337900 22.428082300 114.208390000 7.655000000 0.015625000 0.015625000 0.058564000
1752634418.099967480 20250716105338099 22.428073000 114.208392700 7.626000000 0.015625000 0.015625000 0.059536000
1752634418.300196648 20250716105338300 22.428063600 114.208396200 7.601000000 0.015876000 0.015876000 0.060516000
1752634418.500114441 20250716105338500 22.428054300 114.208400500 7.567000000 0.015625000 0.015625000 0.058564000
1752634418.699993372 20250716105338699 22.428045100 114.208405400 7.542000000 0.015625000 0.015625000 0.057121000
1752634418.900253296 20250716105338900 22.428035800 114.208410600 7.515000000 0.015625000 0.015625000 0.056169000
1752634419.300335646 20250716105339300 22.428017000 114.208421700 7.472000000 0.017424000 0.017424000 0.059049000
1752634419.400188923 20250716105339400 22.428012300 114.208424600 7.447000000 0.017424000 0.017424000 0.059049000
1752634419.700224876 20250716105339700 22.427997900 114.208432900 7.403000000 0.017424000 0.017424000 0.059536000
1752634419.900140762 20250716105339900 22.427988100 114.208438800 7.374000000 0.017689000 0.017689000 0.059536000
1752634420.099936247 20250716105340099 22.427983300 114.208441800 7.362000000 0.017689000 0.017689000 0.059536000
1752634420.200195551 20250716105340200 22.427973400 114.208447600 7.348000000 0.020736000 0.020736000 0.064516000
1752634420.499920368 20250716105340499 22.427958600 114.208456700 7.295000000 0.020736000 0.020736000 0.064516000
1752634420.599944353 20250716105340599 22.427953700 114.208459700 7.288000000 0.020736000 0.020736000 0.064516000
1752634420.800314188 20250716105340800 22.427943700 114.208465500 7.255000000 0.020736000 0.020736000 0.064516000
1752634421.099998236 20250716105341099 22.427928800 114.208474300 7.203000000 0.020736000 0.020736000 0.064516000
1752634421.200426102 20250716105341200 22.427923800 114.208477300 7.183000000 0.020736000 0.020736000 0.064516000
1752634421.499841213 20250716105341499 22.427908800 114.208485900 7.142000000 0.020164000 0.020164000 0.064516000
1752634421.600148916 20250716105341600 22.427903700 114.208488900 7.128000000 0.019881000 0.019881000 0.064516000
1752634421.800170660 20250716105341800 22.427888100 114.208497200 7.076000000 0.020164000 0.020164000 0.069169000
1752634422.100185633 20250716105342100 22.427877800 114.208502800 7.056000000 0.020164000 0.020164000 0.072361000
1752634422.300130606 20250716105342300 22.427867800 114.208508000 7.026000000 0.020164000 0.020164000 0.075076000
1752634422.499993086 20250716105342499 22.427857200 114.208513000 6.985000000 0.020736000 0.020736000 0.078961000
1752634422.799995661 20250716105342799 22.427841300 114.208520600 6.980000000 0.022201000 0.022201000 0.088209000
1752634422.899870396 20250716105342899 22.427836100 114.208523000 6.966000000 0.022801000 0.022801000 0.091809000
1752634423.200144529 20250716105343200 22.427819900 114.208530000 6.952000000 0.025600000 0.025600000 0.104976000
1752634423.299926758 20250716105343299 22.427814500 114.208532300 6.938000000 0.026244000 0.026244000 0.110224000
1752634423.500366449 20250716105343500 22.427803700 114.208536800 6.929000000 0.027225000 0.027225000 0.113569000
1752634423.700038195 20250716105343700 22.427792700 114.208541000 6.914000000 0.027889000 0.027889000 0.116964000
1752634423.900100470 20250716105343900 22.427781800 114.208545000 6.911000000 0.028561000 0.028561000 0.120409000
1752634424.200026989 20250716105344200 22.427765200 114.208551100 6.884000000 0.029241000 0.029241000 0.123904000
1752634424.299930811 20250716105344299 22.427759500 114.208552800 6.886000000 0.029584000 0.029584000 0.129600000
1752634424.500331163 20250716105344500 22.427748500 114.208556600 6.867000000 0.029929000 0.029929000 0.128881000
1752634424.799904108 20250716105344799 22.427731700 114.208561800 6.870000000 0.030276000 0.030276000 0.132496000
1752634425.000381947 20250716105345000 22.427720500 114.208565000 6.876000000 0.030625000 0.030625000 0.141376000
1752634425.100121498 20250716105345100 22.427714900 114.208566500 6.872000000 0.030976000 0.030976000 0.146689000
1752634425.299984455 20250716105345299 22.427703500 114.208569400 6.862000000 0.031329000 0.031329000 0.157609000
1752634425.500288725 20250716105345500 22.427692200 114.208572300 6.859000000 0.030976000 0.030976000 0.168921000
1752634425.699958086 20250716105345699 22.427680800 114.208575000 6.857000000 0.031329000 0.031329000 0.179776000
1752634425.900261164 20250716105345900 22.427669400 114.208577500 6.850000000 0.030976000 0.030976000 0.190969000
1752634426.099912167 20250716105346099 22.427658100 114.208579900 6.844000000 0.031329000 0.031329000 0.201601000
1752634426.300340414 20250716105346300 22.427646700 114.208582100 6.865000000 0.031329000 0.031329000 0.210681000
1752634426.500070095 20250716105346500 22.427635500 114.208584500 6.855000000 0.030976000 0.030976000 0.206116000
1752634426.700075150 20250716105346700 22.427624000 114.208586400 6.830000000 0.033124000 0.033124000 0.206116000
1752634426.999941111 20250716105346999 22.427607100 114.208589600 6.828000000 0.036481000 0.036481000 0.208849000
1752634427.099932194 20250716105347099 22.427601500 114.208590700 6.836000000 0.038025000 0.038025000 0.210681000
1752634427.400065899 20250716105347400 22.427584600 114.208593700 6.820000000 0.041616000 0.041616000 0.211600000
1752634427.600023746 20250716105347600 22.427573300 114.208596100 6.803000000 0.043681000 0.043681000 0.207936000
1752634427.700320721 20250716105347700 22.427567600 114.208597100 6.807000000 0.044521000 0.044521000 0.206116000
1752634427.899992228 20250716105347899 22.427556300 114.208599200 6.785000000 0.045796000 0.045796000 0.204304000
1752634428.100182772 20250716105348100 22.427544900 114.208601300 6.772000000 0.047524000 0.047524000 0.201601000
1752634428.300089598 20250716105348300 22.427533800 114.208603300 6.778000000 0.047961000 0.047961000 0.198916000
1752634428.500016212 20250716105348500 22.427522600 114.208605300 6.793000000 0.046656000 0.046656000 0.178929000
1752634428.700251102 20250716105348700 22.427511200 114.208607500 6.791000000 0.046225000 0.046225000 0.183184000
1752634429.000113249 20250716105349000 22.427494300 114.208610700 6.770000000 0.045369000 0.045369000 0.188356000
1752634429.200163364 20250716105349200 22.427483000 114.208612700 6.780000000 0.047089000 0.047089000 0.205209000
1752634429.299959898 20250716105349299 22.427477300 114.208613900 6.780000000 0.047524000 0.047524000 0.211600000
1752634429.500154018 20250716105349500 22.427466200 114.208616200 6.792000000 0.043264000 0.043264000 0.185761000
1752634429.700183868 20250716105349700 22.427455200 114.208618600 6.832000000 0.043681000 0.043681000 0.184900000
1752634429.899936199 20250716105349899 22.427444000 114.208620800 6.823000000 0.046225000 0.046225000 0.199809000
1752634430.100286484 20250716105350100 22.427432800 114.208623200 6.833000000 0.049729000 0.049729000 0.214369000
1752634430.299883842 20250716105350299 22.427421700 114.208625700 6.813000000 0.055225000 0.055225000 0.232324000
1752634430.500361443 20250716105350500 22.427410700 114.208628100 6.868000000 0.047089000 0.047089000 0.187489000
1752634430.699937820 20250716105350699 22.427394100 114.208632300 6.905000000 0.039601000 0.039601000 0.152100000
1752634431.000257492 20250716105351000 22.427383100 114.208635400 6.908000000 0.038809000 0.038809000 0.150544000
1752634431.199917555 20250716105351199 22.427372000 114.208638500 6.930000000 0.037636000 0.037636000 0.148996000
1752634431.400389910 20250716105351400 22.427360700 114.208641700 6.926000000 0.034969000 0.034969000 0.136900000
1752634431.599969625 20250716105351599 22.427349600 114.208645400 6.933000000 0.033856000 0.033856000 0.129600000
1752634431.900353432 20250716105351900 22.427332700 114.208650800 6.933000000 0.033489000 0.033489000 0.121801000
1752634432.000137329 20250716105352000 22.427327100 114.208652800 6.937000000 0.033489000 0.033489000 0.120409000
1752634432.199981451 20250716105352199 22.427315900 114.208656900 6.930000000 0.034225000 0.034225000 0.121801000
1752634432.400251627 20250716105352400 22.427304500 114.208661100 6.930000000 0.033489000 0.033489000 0.110224000
1752634432.599934101 20250716105352599 22.427293200 114.208665700 6.948000000 0.031684000 0.031684000 0.093025000
1752634432.800328493 20250716105352800 22.427281800 114.208670400 6.939000000 0.030276000 0.030276000 0.082369000
1752634433.000035286 20250716105353000 22.427270600 114.208675100 6.942000000 0.029241000 0.029241000 0.074529000
1752634433.200103283 20250716105353200 22.427259300 114.208680100 6.957000000 0.028224000 0.028224000 0.069169000
1752634433.400231123 20250716105353400 22.427248000 114.208685200 6.966000000 0.027556000 0.027556000 0.065536000
1752634433.599895000 20250716105353599 22.427236600 114.208690500 6.968000000 0.027225000 0.027225000 0.068121000
1752634433.800370693 20250716105353800 22.427225400 114.208696000 6.976000000 0.026896000 0.026896000 0.070225000
1752634434.000002146 20250716105354000 22.427214300 114.208701800 6.974000000 0.026244000 0.026244000 0.072900000
1752634434.200139046 20250716105354200 22.427203200 114.208707800 6.972000000 0.026244000 0.026244000 0.075625000
1752634434.400200367 20250716105354400 22.427191900 114.208714000 6.981000000 0.025921000 0.025921000 0.077841000
1752634434.599850416 20250716105354599 22.427180900 114.208720600 6.975000000 0.025921000 0.025921000 0.080089000
1752634434.800416946 20250716105354800 22.427169800 114.208727300 6.998000000 0.026244000 0.026244000 0.082369000
1752634434.999968290 20250716105354999 22.427158900 114.208734200 7.013000000 0.027225000 0.027225000 0.085264000
1752634435.200210571 20250716105355200 22.427148000 114.208741200 7.027000000 0.028561000 0.028561000 0.087616000
1752634435.400084972 20250716105355400 22.427137200 114.208748500 7.039000000 0.029929000 0.029929000 0.090000000
1752634435.600064993 20250716105355600 22.427126300 114.208756100 7.039000000 0.031329000 0.031329000 0.092416000
1752634435.800198555 20250716105355800 22.427115600 114.208763700 7.062000000 0.032041000 0.032041000 0.094249000
1752634435.999883175 20250716105355999 22.427104900 114.208771800 7.070000000 0.033856000 0.033856000 0.098596000
1752634436.200326681 20250716105356200 22.427094300 114.208780000 7.082000000 0.036100000 0.036100000 0.106276000
1752634436.399898767 20250716105356399 22.427083900 114.208788700 7.092000000 0.037249000 0.037249000 0.111556000
1752634436.700201988 20250716105356700 22.427068300 114.208801600 7.101000000 0.041209000 0.041209000 0.126736000
1752634436.899855137 20250716105356899 22.427058100 114.208810700 7.122000000 0.044100000 0.044100000 0.138384000
1752634437.100426197 20250716105357100 22.427047900 114.208819900 7.123000000 0.047089000 0.047089000 0.149769000
1752634437.200216770 20250716105357200 22.427042900 114.208824900 7.133000000 0.048841000 0.048841000 0.156025000
1752634437.399903297 20250716105357399 22.427033100 114.208834700 7.146000000 0.051529000 0.051529000 0.168100000
1752634437.700095415 20250716105357700 22.427018400 114.208849400 7.161000000 0.055225000 0.055225000 0.185761000
1752634437.900078297 20250716105357900 22.427008600 114.208859400 7.191000000 0.057121000 0.057121000 0.197136000
1752634438.000357151 20250716105358000 22.426999200 114.208869900 7.219000000 0.059049000 0.059049000 0.207936000
1752634438.299882174 20250716105358299 22.426989800 114.208880700 7.205000000 0.058564000 0.058564000 0.217156000
1752634438.600102663 20250716105358600 22.426975700 114.208897200 7.219000000 0.051076000 0.051076000 0.220900000
1752634438.800108194 20250716105358800 22.426966200 114.208908100 7.215000000 0.049284000 0.049284000 0.231361000
1752634439.000211954 20250716105359000 22.426957100 114.208919600 7.185000000 0.047961000 0.047961000 0.243049000
1752634439.300131798 20250716105359300 22.426938700 114.208942700 7.228000000 0.048400000 0.048400000 0.269361000
1752634439.599987984 20250716105359599 22.426929400 114.208954600 7.231000000 0.052441000 0.052441000 0.289444000
1752634439.800213575 20250716105359800 22.426920200 114.208966900 7.234000000 0.057121000 0.057121000 0.311364000
1752634441.000189066 20250716105401000 22.426910700 114.208979200 7.245000000 0.072361000 0.072361000 0.346921000
1752634441.199902296 20250716105401199 22.426896300 114.208997600 7.276000000 0.098596000 0.098596000 0.408321000
1752634441.500072956 20250716105401500 22.426881700 114.209017000 7.273000000 0.133225000 0.133225000 0.478864000
1752634441.700123072 20250716105401700 22.426872200 114.209030300 7.285000000 0.157609000 0.157609000 0.529984000
1752634442.099948645 20250716105402099 22.426857400 114.209050300 7.298000000 0.190096000 0.190096000 0.613089000
1752634442.300288439 20250716105402300 22.426847300 114.209063300 7.267000000 0.205209000 0.205209000 0.672400000
1752634442.400079250 20250716105402400 22.426842700 114.209070700 7.351000000 0.189225000 0.189225000 0.674041000
1752634442.700392008 20250716105402700 22.426827600 114.209090800 7.463000000 0.160801000 0.160801000 0.680625000
1752634442.800279856 20250716105402800 22.426822500 114.209097800 7.472000000 0.154449000 0.154449000 0.682276000
1752634442.999892473 20250716105402999 22.426812500 114.209112000 7.567000000 0.145161000 0.145161000 0.687241000
1752634443.300109863 20250716105403300 22.426797200 114.209132700 7.622000000 0.160000000 0.160000000 0.772641000
1752634443.399905443 20250716105403399 22.426792200 114.209140200 7.607000000 0.166464000 0.166464000 0.802816000
1752634443.700303316 20250716105403700 22.426776300 114.209161700 7.603000000 0.182329000 0.182329000 0.896809000
1752634443.800043583 20250716105403800 22.426771100 114.209168900 7.641000000 0.186624000 0.186624000 0.925444000
1752634444.100394011 20250716105404100 22.426755000 114.209191100 7.615000000 0.199809000 0.199809000 1.014049000
1752634444.200136423 20250716105404200 22.426749800 114.209198400 7.672000000 0.201601000 0.201601000 1.036324000
1752634444.399957657 20250716105404399 22.426739000 114.209213200 7.669000000 0.207936000 0.207936000 1.079521000
1752634444.600262880 20250716105404600 22.426728200 114.209228100 7.760000000 0.217156000 0.217156000 1.140624000
1752634444.700011730 20250716105404700 22.426717500 114.209243300 7.800000000 0.227529000 0.227529000 1.210000000
1752634445.100205421 20250716105405100 22.426701000 114.209266500 7.821000000 0.244036000 0.244036000 1.320201000
1752634445.200026989 20250716105405200 22.426695800 114.209273500 7.882000000 0.253009000 0.253009000 1.361889000
1752634445.400114059 20250716105405400 22.426685800 114.209287200 7.990000000 0.273529000 0.273529000 1.452025000
1752634445.600035191 20250716105405600 22.426676400 114.209299900 7.978000000 0.308025000 0.308025000 1.550025000
1752634445.800101519 20250716105405800 22.426667000 114.209311300 8.090000000 0.364816000 0.364816000 1.656369000
1752634446.000219107 20250716105406000 22.426657300 114.209325200 8.096000000 0.430336000 0.430336000 1.766241000
1752634446.300200224 20250716105406300 22.426644200 114.209348200 8.220000000 0.564001000 0.564001000 1.999396000
1752634446.500110865 20250716105406500 22.426639400 114.209356500 8.120000000 0.585225000 0.585225000 2.059225000
1752634446.699990273 20250716105406699 22.426621700 114.209383000 8.020000000 0.622521000 0.622521000 2.229049000
1752634446.800332546 20250716105406800 22.426621700 114.209383000 8.020000000 0.622521000 0.622521000 2.229049000
1752634447.000030041 20250716105407000 22.426610100 114.209399100 8.077000000 0.627264000 0.627264000 2.337841000
1752634447.200153589 20250716105407200 22.426599000 114.209414600 8.112000000 0.651249000 0.651249000 2.461761000
1752634447.400068283 20250716105407400 22.426588000 114.209429800 8.167000000 0.672400000 0.672400000 2.592100000
1752634447.499905348 20250716105407499 22.426582300 114.209437600 8.160000000 0.682276000 0.682276000 2.653641000
1752634447.700300694 20250716105407700 22.426571400 114.209452800 8.152000000 0.697225000 0.697225000 2.775556000
1752634447.899912596 20250716105407899 22.426560800 114.209468300 8.234000000 0.705600000 0.705600000 2.808976000
1752634448.100370646 20250716105408100 22.426550000 114.209483300 8.267000000 0.717409000 0.717409000 2.879809000
1752634448.399854422 20250716105408399 22.426534400 114.209505300 8.487000000 0.385641000 0.385641000 1.495729000
1752634448.500249147 20250716105408500 22.426529200 114.209513000 8.390000000 0.292681000 0.292681000 1.098304000
1752634448.799941301 20250716105408799 22.426513500 114.209534900 8.489000000 0.253009000 0.253009000 0.919681000
1752634448.899967909 20250716105408899 22.426508300 114.209542300 8.533000000 0.258064000 0.258064000 0.933156000
1752634449.100250959 20250716105409100 22.426498100 114.209556800 8.516000000 0.274576000 0.274576000 0.972196000
1752634449.400109291 20250716105409400 22.426483000 114.209578500 8.552000000 0.311364000 0.311364000 1.040400000
1752634449.500341654 20250716105409500 22.426478100 114.209585500 8.568000000 0.326041000 0.326041000 1.065024000
1752634449.699951410 20250716105409699 22.426468000 114.209599300 8.615000000 0.352836000 0.352836000 1.108809000
1752634449.900258541 20250716105409900 22.426458300 114.209613000 8.632000000 0.378225000 0.378225000 1.157776000
1752634450.199883461 20250716105410199 22.426445000 114.209633600 8.650000000 0.416025000 0.416025000 1.245456000
1752634450.400370359 20250716105410400 22.426436100 114.209646400 8.675000000 0.442225000 0.442225000 1.308736000
1752634450.500157595 20250716105410500 22.426432300 114.209653100 8.683000000 0.455625000 0.455625000 1.343281000
1752634450.699891806 20250716105410699 22.426423700 114.209665000 8.732000000 0.480249000 0.480249000 1.408969000
1752634450.900389671 20250716105410900 22.426415500 114.209676600 8.793000000 0.501264000 0.501264000 1.471369000
1752634451.099943876 20250716105411099 22.426407800 114.209687900 8.831000000 0.525625000 0.525625000 1.542564000
1752634451.300281048 20250716105411300 22.426400200 114.209698300 8.912000000 0.552049000 0.552049000 1.617984000
1752634451.500013828 20250716105411500 22.426393500 114.209709500 8.916000000 0.564001000 0.564001000 1.684804000
1752634451.700133324 20250716105411700 22.426387100 114.209719600 8.981000000 0.576081000 0.576081000 1.758276000
1752634451.900099754 20250716105411900 22.426381100 114.209730000 9.000000000 0.586756000 0.586756000 1.825201000
1752634452.100010395 20250716105412100 22.426375300 114.209740000 9.122000000 0.597529000 0.597529000 1.887876000
1752634452.300180912 20250716105412300 22.426370500 114.209750100 8.939000000 0.605284000 0.605284000 1.943236000
1752634452.499962807 20250716105412499 22.426365700 114.209759900 9.160000000 0.613089000 0.613089000 1.996569000
1752634452.700232983 20250716105412700 22.426360700 114.209769300 8.860000000 0.622521000 0.622521000 2.047761000
1752634452.899874926 20250716105412899 22.426356600 114.209778700 8.690000000 0.630436000 0.630436000 2.108304000
1752634453.100402117 20250716105413100 22.426353600 114.209788400 8.810000000 0.636804000 0.636804000 2.157961000
1752634453.399918556 20250716105413399 22.426349500 114.209802300 8.581000000 0.425104000 0.425104000 1.713481000
1752634453.700124264 20250716105413700 22.426346600 114.209815600 8.546000000 0.354025000 0.354025000 1.577536000
1752634454.000325441 20250716105414000 22.426343400 114.209828500 8.530000000 0.370881000 0.370881000 1.658944000
1752634454.299853802 20250716105414299 22.426340800 114.209841000 8.467000000 0.388129000 0.388129000 1.747684000
1752634454.600139856 20250716105414600 22.426339500 114.209853700 8.362000000 0.287296000 0.287296000 1.452025000
1752634454.900338650 20250716105414900 22.426338100 114.209865400 8.332000000 0.298116000 0.298116000 1.517824000
1752634455.100016594 20250716105415100 22.426337400 114.209876700 8.304000000 0.315844000 0.315844000 1.597696000
1752634455.500160933 20250716105415500 22.426336300 114.209887100 8.370000000 0.306916000 0.306916000 1.572516000
1752634455.800163031 20250716105415800 22.426335100 114.209897200 8.355000000 0.320356000 0.320356000 1.643524000
1752634456.200052738 20250716105416200 22.426334000 114.209909900 8.336000000 0.336400000 0.336400000 1.737124000
1752634456.499975681 20250716105416499 22.426332700 114.209918600 8.297000000 0.305809000 0.305809000 1.498176000
1752634456.900118589 20250716105416900 22.426330500 114.209929300 8.276000000 0.291600000 0.291600000 1.350244000
1752634457.300260544 20250716105417300 22.426327800 114.209939000 8.309000000 0.304704000 0.304704000 1.401856000
1752634457.800210953 20250716105417800 22.426322900 114.209949300 8.333000000 0.246016000 0.246016000 1.207801000
1752634458.399924278 20250716105418399 22.426316800 114.209958300 8.421000000 0.207936000 0.207936000 1.073296000
1752634459.299952984 20250716105419299 22.426310800 114.209966500 8.548000000 0.207025000 0.207025000 1.071225000
1752634460.900322676 20250716105420900 22.426305100 114.209974100 8.789000000 0.217156000 0.217156000 1.136356000
