==========================================================
                STREAM STATUS CHECK @ Thursday, July 24, 2025 PM07:15:54 HKT
==========================================================

------------------[ Checking Stream: front_left ]------------------
URL: rtmp://43.199.149.178/live/front_left
--------------------[ ffprobe Log Start ]---------------------
ffprobe version 4.2.7-0ubuntu0.1 Copyright (c) 2007-2022 the FFmpeg developers
  built with gcc 9 (Ubuntu 9.4.0-1ubuntu1~20.04.1)
  configuration: --prefix=/usr --extra-version=0ubuntu0.1 --toolchain=hardened --libdir=/usr/lib/x86_64-linux-gnu --incdir=/usr/include/x86_64-linux-gnu --arch=amd64 --enable-gpl --disable-stripping --enable-avresample --disable-filter=resample --enable-avisynth --enable-gnutls --enable-ladspa --enable-libaom --enable-libass --enable-libbluray --enable-libbs2b --enable-libcaca --enable-libcdio --enable-libcodec2 --enable-libflite --enable-libfontconfig --enable-libfreetype --enable-libfribidi --enable-libgme --enable-libgsm --enable-libjack --enable-libmp3lame --enable-libmysofa --enable-libopenjpeg --enable-libopenmpt --enable-libopus --enable-libpulse --enable-librsvg --enable-librubberband --enable-libshine --enable-libsnappy --enable-libsoxr --enable-libspeex --enable-libssh --enable-libtheora --enable-libtwolame --enable-libvidstab --enable-libvorbis --enable-libvpx --enable-libwavpack --enable-libwebp --enable-libx265 --enable-libxml2 --enable-libxvid --enable-libzmq --enable-libzvbi --enable-lv2 --enable-omx --enable-openal --enable-opencl --enable-opengl --enable-sdl2 --enable-libdc1394 --enable-libdrm --enable-libiec61883 --enable-nvenc --enable-chromaprint --enable-frei0r --enable-libx264 --enable-shared
  libavutil      56. 31.100 / 56. 31.100
  libavcodec     58. 54.100 / 58. 54.100
  libavformat    58. 29.100 / 58. 29.100
  libavdevice    58.  8.100 / 58.  8.100
  libavfilter     7. 57.100 /  7. 57.100
  libavresample   4.  0.  0 /  4.  0.  0
  libswscale      5.  5.100 /  5.  5.100
  libswresample   3.  5.100 /  3.  5.100
  libpostproc    55.  5.100 / 55.  5.100
[tcp @ 0x561236e41c00] Starting connection attempt to 43.199.149.178 port 1935
[tcp @ 0x561236e41c00] Successfully connected to 43.199.149.178 port 1935
==========================================================
                STREAM STATUS CHECK @ Thursday, July 24, 2025 PM07:20:13 HKT
==========================================================

------------------[ Checking Stream: front_left ]------------------
URL: rtmp://43.199.149.178/live/front_left
--------------------[ ffprobe Log Start ]---------------------
ffprobe version 4.2.7-0ubuntu0.1 Copyright (c) 2007-2022 the FFmpeg developers
  built with gcc 9 (Ubuntu 9.4.0-1ubuntu1~20.04.1)
  configuration: --prefix=/usr --extra-version=0ubuntu0.1 --toolchain=hardened --libdir=/usr/lib/x86_64-linux-gnu --incdir=/usr/include/x86_64-linux-gnu --arch=amd64 --enable-gpl --disable-stripping --enable-avresample --disable-filter=resample --enable-avisynth --enable-gnutls --enable-ladspa --enable-libaom --enable-libass --enable-libbluray --enable-libbs2b --enable-libcaca --enable-libcdio --enable-libcodec2 --enable-libflite --enable-libfontconfig --enable-libfreetype --enable-libfribidi --enable-libgme --enable-libgsm --enable-libjack --enable-libmp3lame --enable-libmysofa --enable-libopenjpeg --enable-libopenmpt --enable-libopus --enable-libpulse --enable-librsvg --enable-librubberband --enable-libshine --enable-libsnappy --enable-libsoxr --enable-libspeex --enable-libssh --enable-libtheora --enable-libtwolame --enable-libvidstab --enable-libvorbis --enable-libvpx --enable-libwavpack --enable-libwebp --enable-libx265 --enable-libxml2 --enable-libxvid --enable-libzmq --enable-libzvbi --enable-lv2 --enable-omx --enable-openal --enable-opencl --enable-opengl --enable-sdl2 --enable-libdc1394 --enable-libdrm --enable-libiec61883 --enable-nvenc --enable-chromaprint --enable-frei0r --enable-libx264 --enable-shared
  libavutil      56. 31.100 / 56. 31.100
  libavcodec     58. 54.100 / 58. 54.100
  libavformat    58. 29.100 / 58. 29.100
  libavdevice    58.  8.100 / 58.  8.100
  libavfilter     7. 57.100 /  7. 57.100
  libavresample   4.  0.  0 /  4.  0.  0
  libswscale      5.  5.100 /  5.  5.100
  libswresample   3.  5.100 /  3.  5.100
  libpostproc    55.  5.100 / 55.  5.100
[tcp @ 0x558c7d330c00] Starting connection attempt to 43.199.149.178 port 1935
[tcp @ 0x558c7d330c00] Successfully connected to 43.199.149.178 port 1935
[h264 @ 0x558c7d333a00] Reinit context to 1024x624, pix_fmt: yuv420p
[h264 @ 0x558c7d333a00] error while decoding MB 41 34, bytestream -6
[h264 @ 0x558c7d333a00] concealing 328 DC, 328 AC, 328 MV errors in I frame
==========================================================
                STREAM STATUS CHECK @ Friday, July 25, 2025 AM11:21:58 HKT
==========================================================

------------------[ Checking Stream: front_left ]------------------
URL: rtmp://43.199.149.178/live/front_left
--------------------[ ffprobe Log Start ]---------------------
ffprobe version 4.2.7-0ubuntu0.1 Copyright (c) 2007-2022 the FFmpeg developers
  built with gcc 9 (Ubuntu 9.4.0-1ubuntu1~20.04.1)
  configuration: --prefix=/usr --extra-version=0ubuntu0.1 --toolchain=hardened --libdir=/usr/lib/x86_64-linux-gnu --incdir=/usr/include/x86_64-linux-gnu --arch=amd64 --enable-gpl --disable-stripping --enable-avresample --disable-filter=resample --enable-avisynth --enable-gnutls --enable-ladspa --enable-libaom --enable-libass --enable-libbluray --enable-libbs2b --enable-libcaca --enable-libcdio --enable-libcodec2 --enable-libflite --enable-libfontconfig --enable-libfreetype --enable-libfribidi --enable-libgme --enable-libgsm --enable-libjack --enable-libmp3lame --enable-libmysofa --enable-libopenjpeg --enable-libopenmpt --enable-libopus --enable-libpulse --enable-librsvg --enable-librubberband --enable-libshine --enable-libsnappy --enable-libsoxr --enable-libspeex --enable-libssh --enable-libtheora --enable-libtwolame --enable-libvidstab --enable-libvorbis --enable-libvpx --enable-libwavpack --enable-libwebp --enable-libx265 --enable-libxml2 --enable-libxvid --enable-libzmq --enable-libzvbi --enable-lv2 --enable-omx --enable-openal --enable-opencl --enable-opengl --enable-sdl2 --enable-libdc1394 --enable-libdrm --enable-libiec61883 --enable-nvenc --enable-chromaprint --enable-frei0r --enable-libx264 --enable-shared
  libavutil      56. 31.100 / 56. 31.100
  libavcodec     58. 54.100 / 58. 54.100
  libavformat    58. 29.100 / 58. 29.100
  libavdevice    58.  8.100 / 58.  8.100
  libavfilter     7. 57.100 /  7. 57.100
  libavresample   4.  0.  0 /  4.  0.  0
  libswscale      5.  5.100 /  5.  5.100
  libswresample   3.  5.100 /  3.  5.100
  libpostproc    55.  5.100 / 55.  5.100
[tcp @ 0x561abd949c00] Starting connection attempt to 43.199.149.178 port 1935
[tcp @ 0x561abd949c00] Successfully connected to 43.199.149.178 port 1935
[h264 @ 0x561abd94dfc0] Reinit context to 1024x624, pix_fmt: yuv420p
[flv @ 0x561abd948980] max_analyze_duration 5000000 reached at 5000000 microseconds st:1
Input #0, flv, from 'rtmp://43.199.149.178/live/front_left':
  Metadata:
    title           : /camera5/rtsp
    comment         : rtsp_image_transport
    encoder         : Lavf58.29.100
    server          : SRS/5.0.213(Bee)
    server_version  : 5.0.213
  Duration: N/A, start: 0.000000, bitrate: N/A
    Stream #0:0: Data: none
    Stream #0:1: Video: h264 (Main), 1 reference frame, yuv420p(progressive, left), 1024x616 (1024x624) [SAR 1:1 DAR 128:77], 30 fps, 10 tbr, 1k tbn, 60 tbc
Unsupported codec with id 0 for input stream 0
[STREAM]
index=0
codec_name=unknown
codec_long_name=unknown
profile=unknown
codec_type=data
codec_tag_string=[0][0][0][0]
codec_tag=0x0000
id=N/A
r_frame_rate=0/0
avg_frame_rate=0/0
time_base=1/1000
start_pts=0
start_time=0.000000
duration_ts=N/A
duration=N/A
bit_rate=N/A
max_bit_rate=N/A
bits_per_raw_sample=N/A
nb_frames=N/A
nb_read_frames=N/A
nb_read_packets=N/A
DISPOSITION:default=0
DISPOSITION:dub=0
DISPOSITION:original=0
DISPOSITION:comment=0
DISPOSITION:lyrics=0
DISPOSITION:karaoke=0
DISPOSITION:forced=0
DISPOSITION:hearing_impaired=0
DISPOSITION:visual_impaired=0
DISPOSITION:clean_effects=0
DISPOSITION:attached_pic=0
DISPOSITION:timed_thumbnails=0
[/STREAM]
[STREAM]
index=1
codec_name=h264
codec_long_name=H.264 / AVC / MPEG-4 AVC / MPEG-4 part 10
profile=Main
codec_type=video
codec_time_base=1/60
codec_tag_string=[0][0][0][0]
codec_tag=0x0000
width=1024
height=616
coded_width=1024
coded_height=624
has_b_frames=0
sample_aspect_ratio=1:1
display_aspect_ratio=128:77
pix_fmt=yuv420p
level=31
color_range=unknown
color_space=unknown
color_transfer=unknown
color_primaries=unknown
chroma_location=left
field_order=progressive
timecode=N/A
refs=1
is_avc=true
nal_length_size=4
id=N/A
r_frame_rate=10/1
avg_frame_rate=30/1
time_base=1/1000
start_pts=10
start_time=0.010000
duration_ts=N/A
duration=N/A
bit_rate=N/A
max_bit_rate=N/A
bits_per_raw_sample=8
nb_frames=N/A
nb_read_frames=N/A
nb_read_packets=N/A
DISPOSITION:default=0
DISPOSITION:dub=0
DISPOSITION:original=0
DISPOSITION:comment=0
DISPOSITION:lyrics=0
DISPOSITION:karaoke=0
DISPOSITION:forced=0
DISPOSITION:hearing_impaired=0
DISPOSITION:visual_impaired=0
DISPOSITION:clean_effects=0
DISPOSITION:attached_pic=0
DISPOSITION:timed_thumbnails=0
[/STREAM]
[FORMAT]
filename=rtmp://43.199.149.178/live/front_left
nb_streams=2
nb_programs=0
format_name=flv
format_long_name=FLV (Flash Video)
start_time=0.000000
duration=N/A
size=N/A
bit_rate=N/A
probe_score=100
TAG:title=/camera5/rtsp
TAG:comment=rtsp_image_transport
TAG:encoder=Lavf58.29.100
TAG:server=SRS/5.0.213(Bee)
TAG:server_version=5.0.213
[/FORMAT]
[AVIOContext @ 0x561abd94b640] Statistics: 631577 bytes read, 0 seeks
---------------------[ ffprobe Log End ]----------------------
SUMMARY: Status OK. Check passed because ffprobe successfully connected to the stream and retrieved its information (Exit Code: 0).


------------------[ Checking Stream: front_right ]------------------
URL: rtmp://43.199.149.178/live/front_right
--------------------[ ffprobe Log Start ]---------------------
ffprobe version 4.2.7-0ubuntu0.1 Copyright (c) 2007-2022 the FFmpeg developers
  built with gcc 9 (Ubuntu 9.4.0-1ubuntu1~20.04.1)
  configuration: --prefix=/usr --extra-version=0ubuntu0.1 --toolchain=hardened --libdir=/usr/lib/x86_64-linux-gnu --incdir=/usr/include/x86_64-linux-gnu --arch=amd64 --enable-gpl --disable-stripping --enable-avresample --disable-filter=resample --enable-avisynth --enable-gnutls --enable-ladspa --enable-libaom --enable-libass --enable-libbluray --enable-libbs2b --enable-libcaca --enable-libcdio --enable-libcodec2 --enable-libflite --enable-libfontconfig --enable-libfreetype --enable-libfribidi --enable-libgme --enable-libgsm --enable-libjack --enable-libmp3lame --enable-libmysofa --enable-libopenjpeg --enable-libopenmpt --enable-libopus --enable-libpulse --enable-librsvg --enable-librubberband --enable-libshine --enable-libsnappy --enable-libsoxr --enable-libspeex --enable-libssh --enable-libtheora --enable-libtwolame --enable-libvidstab --enable-libvorbis --enable-libvpx --enable-libwavpack --enable-libwebp --enable-libx265 --enable-libxml2 --enable-libxvid --enable-libzmq --enable-libzvbi --enable-lv2 --enable-omx --enable-openal --enable-opencl --enable-opengl --enable-sdl2 --enable-libdc1394 --enable-libdrm --enable-libiec61883 --enable-nvenc --enable-chromaprint --enable-frei0r --enable-libx264 --enable-shared
  libavutil      56. 31.100 / 56. 31.100
  libavcodec     58. 54.100 / 58. 54.100
  libavformat    58. 29.100 / 58. 29.100
  libavdevice    58.  8.100 / 58.  8.100
  libavfilter     7. 57.100 /  7. 57.100
  libavresample   4.  0.  0 /  4.  0.  0
  libswscale      5.  5.100 /  5.  5.100
  libswresample   3.  5.100 /  3.  5.100
  libpostproc    55.  5.100 / 55.  5.100
[tcp @ 0x56546c762c00] Starting connection attempt to 43.199.149.178 port 1935
[tcp @ 0x56546c762c00] Successfully connected to 43.199.149.178 port 1935
[h264 @ 0x56546c766fc0] Reinit context to 1024x624, pix_fmt: yuv420p
[flv @ 0x56546c761980] max_analyze_duration 5000000 reached at 5000000 microseconds st:1
Input #0, flv, from 'rtmp://43.199.149.178/live/front_right':
  Metadata:
    title           : /camera3/rtsp
    comment         : rtsp_image_transport
    encoder         : Lavf58.29.100
    server          : SRS/5.0.213(Bee)
    server_version  : 5.0.213
  Duration: N/A, start: 0.000000, bitrate: N/A
    Stream #0:0: Data: none
    Stream #0:1: Video: h264 (Main), 1 reference frame, yuv420p(progressive, left), 1024x616 (1024x624) [SAR 1:1 DAR 128:77], 30 fps, 10 tbr, 1k tbn, 60 tbc
Unsupported codec with id 0 for input stream 0
[STREAM]
index=0
codec_name=unknown
codec_long_name=unknown
profile=unknown
codec_type=data
codec_tag_string=[0][0][0][0]
codec_tag=0x0000
id=N/A
r_frame_rate=0/0
avg_frame_rate=0/0
time_base=1/1000
start_pts=0
start_time=0.000000
duration_ts=N/A
duration=N/A
bit_rate=N/A
max_bit_rate=N/A
bits_per_raw_sample=N/A
nb_frames=N/A
nb_read_frames=N/A
nb_read_packets=N/A
DISPOSITION:default=0
DISPOSITION:dub=0
DISPOSITION:original=0
DISPOSITION:comment=0
DISPOSITION:lyrics=0
DISPOSITION:karaoke=0
DISPOSITION:forced=0
DISPOSITION:hearing_impaired=0
DISPOSITION:visual_impaired=0
DISPOSITION:clean_effects=0
DISPOSITION:attached_pic=0
DISPOSITION:timed_thumbnails=0
[/STREAM]
[STREAM]
index=1
codec_name=h264
codec_long_name=H.264 / AVC / MPEG-4 AVC / MPEG-4 part 10
profile=Main
codec_type=video
codec_time_base=1/60
codec_tag_string=[0][0][0][0]
codec_tag=0x0000
width=1024
height=616
coded_width=1024
coded_height=624
has_b_frames=0
sample_aspect_ratio=1:1
display_aspect_ratio=128:77
pix_fmt=yuv420p
level=31
color_range=unknown
color_space=unknown
color_transfer=unknown
color_primaries=unknown
chroma_location=left
field_order=progressive
timecode=N/A
refs=1
is_avc=true
nal_length_size=4
id=N/A
r_frame_rate=10/1
avg_frame_rate=30/1
time_base=1/1000
start_pts=10
start_time=0.010000
duration_ts=N/A
duration=N/A
bit_rate=N/A
max_bit_rate=N/A
bits_per_raw_sample=8
nb_frames=N/A
nb_read_frames=N/A
nb_read_packets=N/A
DISPOSITION:default=0
DISPOSITION:dub=0
DISPOSITION:original=0
DISPOSITION:comment=0
DISPOSITION:lyrics=0
DISPOSITION:karaoke=0
DISPOSITION:forced=0
DISPOSITION:hearing_impaired=0
DISPOSITION:visual_impaired=0
DISPOSITION:clean_effects=0
DISPOSITION:attached_pic=0
DISPOSITION:timed_thumbnails=0
[/STREAM]
[FORMAT]
filename=rtmp://43.199.149.178/live/front_right
nb_streams=2
nb_programs=0
format_name=flv
format_long_name=FLV (Flash Video)
start_time=0.000000
duration=N/A
size=N/A
bit_rate=N/A
probe_score=100
TAG:title=/camera3/rtsp
TAG:comment=rtsp_image_transport
TAG:encoder=Lavf58.29.100
TAG:server=SRS/5.0.213(Bee)
TAG:server_version=5.0.213
[/FORMAT]
[AVIOContext @ 0x56546c764640] Statistics: 668262 bytes read, 0 seeks
---------------------[ ffprobe Log End ]----------------------
SUMMARY: Status OK. Check passed because ffprobe successfully connected to the stream and retrieved its information (Exit Code: 0).

====================[ End of Check Cycle ]====================

==========================================================
                STREAM STATUS CHECK @ Friday, July 25, 2025 AM11:23:28 HKT
==========================================================

------------------[ Checking Stream: front_left ]------------------
URL: rtmp://43.199.149.178/live/front_left
--------------------[ ffprobe Log Start ]---------------------
ffprobe version 4.2.7-0ubuntu0.1 Copyright (c) 2007-2022 the FFmpeg developers
  built with gcc 9 (Ubuntu 9.4.0-1ubuntu1~20.04.1)
  configuration: --prefix=/usr --extra-version=0ubuntu0.1 --toolchain=hardened --libdir=/usr/lib/x86_64-linux-gnu --incdir=/usr/include/x86_64-linux-gnu --arch=amd64 --enable-gpl --disable-stripping --enable-avresample --disable-filter=resample --enable-avisynth --enable-gnutls --enable-ladspa --enable-libaom --enable-libass --enable-libbluray --enable-libbs2b --enable-libcaca --enable-libcdio --enable-libcodec2 --enable-libflite --enable-libfontconfig --enable-libfreetype --enable-libfribidi --enable-libgme --enable-libgsm --enable-libjack --enable-libmp3lame --enable-libmysofa --enable-libopenjpeg --enable-libopenmpt --enable-libopus --enable-libpulse --enable-librsvg --enable-librubberband --enable-libshine --enable-libsnappy --enable-libsoxr --enable-libspeex --enable-libssh --enable-libtheora --enable-libtwolame --enable-libvidstab --enable-libvorbis --enable-libvpx --enable-libwavpack --enable-libwebp --enable-libx265 --enable-libxml2 --enable-libxvid --enable-libzmq --enable-libzvbi --enable-lv2 --enable-omx --enable-openal --enable-opencl --enable-opengl --enable-sdl2 --enable-libdc1394 --enable-libdrm --enable-libiec61883 --enable-nvenc --enable-chromaprint --enable-frei0r --enable-libx264 --enable-shared
  libavutil      56. 31.100 / 56. 31.100
  libavcodec     58. 54.100 / 58. 54.100
  libavformat    58. 29.100 / 58. 29.100
  libavdevice    58.  8.100 / 58.  8.100
  libavfilter     7. 57.100 /  7. 57.100
  libavresample   4.  0.  0 /  4.  0.  0
  libswscale      5.  5.100 /  5.  5.100
  libswresample   3.  5.100 /  3.  5.100
  libpostproc    55.  5.100 / 55.  5.100
[tcp @ 0x56033cbeec00] Starting connection attempt to 43.199.149.178 port 1935
[tcp @ 0x56033cbeec00] Successfully connected to 43.199.149.178 port 1935
[h264 @ 0x56033cc03240] Reinit context to 1024x624, pix_fmt: yuv420p
[flv @ 0x56033cbed980] max_analyze_duration 5000000 reached at 5000000 microseconds st:1
Input #0, flv, from 'rtmp://43.199.149.178/live/front_left':
  Metadata:
    title           : /camera5/rtsp
    comment         : rtsp_image_transport
    encoder         : Lavf58.29.100
    server          : SRS/5.0.213(Bee)
    server_version  : 5.0.213
  Duration: N/A, start: 0.000000, bitrate: N/A
    Stream #0:0: Data: none
    Stream #0:1: Video: h264 (Main), 1 reference frame, yuv420p(progressive, left), 1024x616 (1024x624) [SAR 1:1 DAR 128:77], 30 fps, 10 tbr, 1k tbn, 60 tbc
Unsupported codec with id 0 for input stream 0
[STREAM]
index=0
codec_name=unknown
codec_long_name=unknown
profile=unknown
codec_type=data
codec_tag_string=[0][0][0][0]
codec_tag=0x0000
id=N/A
r_frame_rate=0/0
avg_frame_rate=0/0
time_base=1/1000
start_pts=0
start_time=0.000000
duration_ts=N/A
duration=N/A
bit_rate=N/A
max_bit_rate=N/A
bits_per_raw_sample=N/A
nb_frames=N/A
nb_read_frames=N/A
nb_read_packets=N/A
DISPOSITION:default=0
DISPOSITION:dub=0
DISPOSITION:original=0
DISPOSITION:comment=0
DISPOSITION:lyrics=0
DISPOSITION:karaoke=0
DISPOSITION:forced=0
DISPOSITION:hearing_impaired=0
DISPOSITION:visual_impaired=0
DISPOSITION:clean_effects=0
DISPOSITION:attached_pic=0
DISPOSITION:timed_thumbnails=0
[/STREAM]
[STREAM]
index=1
codec_name=h264
codec_long_name=H.264 / AVC / MPEG-4 AVC / MPEG-4 part 10
profile=Main
codec_type=video
codec_time_base=1/60
codec_tag_string=[0][0][0][0]
codec_tag=0x0000
width=1024
height=616
coded_width=1024
coded_height=624
has_b_frames=0
sample_aspect_ratio=1:1
display_aspect_ratio=128:77
pix_fmt=yuv420p
level=31
color_range=unknown
color_space=unknown
color_transfer=unknown
color_primaries=unknown
chroma_location=left
field_order=progressive
timecode=N/A
refs=1
is_avc=true
nal_length_size=4
id=N/A
r_frame_rate=10/1
avg_frame_rate=30/1
time_base=1/1000
start_pts=10
start_time=0.010000
duration_ts=N/A
duration=N/A
bit_rate=N/A
max_bit_rate=N/A
bits_per_raw_sample=8
nb_frames=N/A
nb_read_frames=N/A
nb_read_packets=N/A
DISPOSITION:default=0
DISPOSITION:dub=0
DISPOSITION:original=0
DISPOSITION:comment=0
DISPOSITION:lyrics=0
DISPOSITION:karaoke=0
DISPOSITION:forced=0
DISPOSITION:hearing_impaired=0
DISPOSITION:visual_impaired=0
DISPOSITION:clean_effects=0
DISPOSITION:attached_pic=0
DISPOSITION:timed_thumbnails=0
[/STREAM]
[FORMAT]
filename=rtmp://43.199.149.178/live/front_left
nb_streams=2
nb_programs=0
format_name=flv
format_long_name=FLV (Flash Video)
start_time=0.000000
duration=N/A
size=N/A
bit_rate=N/A
probe_score=100
TAG:title=/camera5/rtsp
TAG:comment=rtsp_image_transport
TAG:encoder=Lavf58.29.100
TAG:server=SRS/5.0.213(Bee)
TAG:server_version=5.0.213
[/FORMAT]
[AVIOContext @ 0x56033cbf0640] Statistics: 681031 bytes read, 0 seeks
---------------------[ ffprobe Log End ]----------------------
SUMMARY: Status OK. Check passed because ffprobe successfully connected to the stream and retrieved its information (Exit Code: 0).


------------------[ Checking Stream: front_right ]------------------
URL: rtmp://43.199.149.178/live/front_right
--------------------[ ffprobe Log Start ]---------------------
ffprobe version 4.2.7-0ubuntu0.1 Copyright (c) 2007-2022 the FFmpeg developers
  built with gcc 9 (Ubuntu 9.4.0-1ubuntu1~20.04.1)
  configuration: --prefix=/usr --extra-version=0ubuntu0.1 --toolchain=hardened --libdir=/usr/lib/x86_64-linux-gnu --incdir=/usr/include/x86_64-linux-gnu --arch=amd64 --enable-gpl --disable-stripping --enable-avresample --disable-filter=resample --enable-avisynth --enable-gnutls --enable-ladspa --enable-libaom --enable-libass --enable-libbluray --enable-libbs2b --enable-libcaca --enable-libcdio --enable-libcodec2 --enable-libflite --enable-libfontconfig --enable-libfreetype --enable-libfribidi --enable-libgme --enable-libgsm --enable-libjack --enable-libmp3lame --enable-libmysofa --enable-libopenjpeg --enable-libopenmpt --enable-libopus --enable-libpulse --enable-librsvg --enable-librubberband --enable-libshine --enable-libsnappy --enable-libsoxr --enable-libspeex --enable-libssh --enable-libtheora --enable-libtwolame --enable-libvidstab --enable-libvorbis --enable-libvpx --enable-libwavpack --enable-libwebp --enable-libx265 --enable-libxml2 --enable-libxvid --enable-libzmq --enable-libzvbi --enable-lv2 --enable-omx --enable-openal --enable-opencl --enable-opengl --enable-sdl2 --enable-libdc1394 --enable-libdrm --enable-libiec61883 --enable-nvenc --enable-chromaprint --enable-frei0r --enable-libx264 --enable-shared
  libavutil      56. 31.100 / 56. 31.100
  libavcodec     58. 54.100 / 58. 54.100
  libavformat    58. 29.100 / 58. 29.100
  libavdevice    58.  8.100 / 58.  8.100
  libavfilter     7. 57.100 /  7. 57.100
  libavresample   4.  0.  0 /  4.  0.  0
  libswscale      5.  5.100 /  5.  5.100
  libswresample   3.  5.100 /  3.  5.100
  libpostproc    55.  5.100 / 55.  5.100
[tcp @ 0x562274ad1c00] Starting connection attempt to 43.199.149.178 port 1935
[tcp @ 0x562274ad1c00] Successfully connected to 43.199.149.178 port 1935
[h264 @ 0x562274ae6240] Reinit context to 1024x624, pix_fmt: yuv420p
[flv @ 0x562274ad0980] max_analyze_duration 5000000 reached at 5000000 microseconds st:1
Input #0, flv, from 'rtmp://43.199.149.178/live/front_right':
  Metadata:
    title           : /camera3/rtsp
    comment         : rtsp_image_transport
    encoder         : Lavf58.29.100
    server          : SRS/5.0.213(Bee)
    server_version  : 5.0.213
  Duration: N/A, start: 0.000000, bitrate: N/A
    Stream #0:0: Data: none
    Stream #0:1: Video: h264 (Main), 1 reference frame, yuv420p(progressive, left), 1024x616 (1024x624) [SAR 1:1 DAR 128:77], 30 fps, 10 tbr, 1k tbn, 60 tbc
Unsupported codec with id 0 for input stream 0
[STREAM]
index=0
codec_name=unknown
codec_long_name=unknown
profile=unknown
codec_type=data
codec_tag_string=[0][0][0][0]
codec_tag=0x0000
id=N/A
r_frame_rate=0/0
avg_frame_rate=0/0
time_base=1/1000
start_pts=0
start_time=0.000000
duration_ts=N/A
duration=N/A
bit_rate=N/A
max_bit_rate=N/A
bits_per_raw_sample=N/A
nb_frames=N/A
nb_read_frames=N/A
nb_read_packets=N/A
DISPOSITION:default=0
DISPOSITION:dub=0
DISPOSITION:original=0
DISPOSITION:comment=0
DISPOSITION:lyrics=0
DISPOSITION:karaoke=0
DISPOSITION:forced=0
DISPOSITION:hearing_impaired=0
DISPOSITION:visual_impaired=0
DISPOSITION:clean_effects=0
DISPOSITION:attached_pic=0
DISPOSITION:timed_thumbnails=0
[/STREAM]
[STREAM]
index=1
codec_name=h264
codec_long_name=H.264 / AVC / MPEG-4 AVC / MPEG-4 part 10
profile=Main
codec_type=video
codec_time_base=1/60
codec_tag_string=[0][0][0][0]
codec_tag=0x0000
width=1024
height=616
coded_width=1024
coded_height=624
has_b_frames=0
sample_aspect_ratio=1:1
display_aspect_ratio=128:77
pix_fmt=yuv420p
level=31
color_range=unknown
color_space=unknown
color_transfer=unknown
color_primaries=unknown
chroma_location=left
field_order=progressive
timecode=N/A
refs=1
is_avc=true
nal_length_size=4
id=N/A
r_frame_rate=10/1
avg_frame_rate=30/1
time_base=1/1000
start_pts=10
start_time=0.010000
duration_ts=N/A
duration=N/A
bit_rate=N/A
max_bit_rate=N/A
bits_per_raw_sample=8
nb_frames=N/A
nb_read_frames=N/A
nb_read_packets=N/A
DISPOSITION:default=0
DISPOSITION:dub=0
DISPOSITION:original=0
DISPOSITION:comment=0
DISPOSITION:lyrics=0
DISPOSITION:karaoke=0
DISPOSITION:forced=0
DISPOSITION:hearing_impaired=0
DISPOSITION:visual_impaired=0
DISPOSITION:clean_effects=0
DISPOSITION:attached_pic=0
DISPOSITION:timed_thumbnails=0
[/STREAM]
[FORMAT]
filename=rtmp://43.199.149.178/live/front_right
nb_streams=2
nb_programs=0
format_name=flv
format_long_name=FLV (Flash Video)
start_time=0.000000
duration=N/A
size=N/A
bit_rate=N/A
probe_score=100
TAG:title=/camera3/rtsp
TAG:comment=rtsp_image_transport
TAG:encoder=Lavf58.29.100
TAG:server=SRS/5.0.213(Bee)
TAG:server_version=5.0.213
[/FORMAT]
[AVIOContext @ 0x562274ad3640] Statistics: 683130 bytes read, 0 seeks
---------------------[ ffprobe Log End ]----------------------
SUMMARY: Status OK. Check passed because ffprobe successfully connected to the stream and retrieved its information (Exit Code: 0).

====================[ End of Check Cycle ]====================

==========================================================
                STREAM STATUS CHECK @ Friday, July 25, 2025 AM11:24:58 HKT
==========================================================

------------------[ Checking Stream: front_left ]------------------
URL: rtmp://43.199.149.178/live/front_left
--------------------[ ffprobe Log Start ]---------------------
ffprobe version 4.2.7-0ubuntu0.1 Copyright (c) 2007-2022 the FFmpeg developers
  built with gcc 9 (Ubuntu 9.4.0-1ubuntu1~20.04.1)
  configuration: --prefix=/usr --extra-version=0ubuntu0.1 --toolchain=hardened --libdir=/usr/lib/x86_64-linux-gnu --incdir=/usr/include/x86_64-linux-gnu --arch=amd64 --enable-gpl --disable-stripping --enable-avresample --disable-filter=resample --enable-avisynth --enable-gnutls --enable-ladspa --enable-libaom --enable-libass --enable-libbluray --enable-libbs2b --enable-libcaca --enable-libcdio --enable-libcodec2 --enable-libflite --enable-libfontconfig --enable-libfreetype --enable-libfribidi --enable-libgme --enable-libgsm --enable-libjack --enable-libmp3lame --enable-libmysofa --enable-libopenjpeg --enable-libopenmpt --enable-libopus --enable-libpulse --enable-librsvg --enable-librubberband --enable-libshine --enable-libsnappy --enable-libsoxr --enable-libspeex --enable-libssh --enable-libtheora --enable-libtwolame --enable-libvidstab --enable-libvorbis --enable-libvpx --enable-libwavpack --enable-libwebp --enable-libx265 --enable-libxml2 --enable-libxvid --enable-libzmq --enable-libzvbi --enable-lv2 --enable-omx --enable-openal --enable-opencl --enable-opengl --enable-sdl2 --enable-libdc1394 --enable-libdrm --enable-libiec61883 --enable-nvenc --enable-chromaprint --enable-frei0r --enable-libx264 --enable-shared
  libavutil      56. 31.100 / 56. 31.100
  libavcodec     58. 54.100 / 58. 54.100
  libavformat    58. 29.100 / 58. 29.100
  libavdevice    58.  8.100 / 58.  8.100
  libavfilter     7. 57.100 /  7. 57.100
  libavresample   4.  0.  0 /  4.  0.  0
  libswscale      5.  5.100 /  5.  5.100
  libswresample   3.  5.100 /  3.  5.100
  libpostproc    55.  5.100 / 55.  5.100
[tcp @ 0x5573e6ea7c00] Starting connection attempt to 43.199.149.178 port 1935
[tcp @ 0x5573e6ea7c00] Successfully connected to 43.199.149.178 port 1935
[h264 @ 0x5573e6eabfc0] Reinit context to 1024x624, pix_fmt: yuv420p
[flv @ 0x5573e6ea6980] max_analyze_duration 5000000 reached at 5000000 microseconds st:1
Input #0, flv, from 'rtmp://43.199.149.178/live/front_left':
  Metadata:
    title           : /camera5/rtsp
    comment         : rtsp_image_transport
    encoder         : Lavf58.29.100
    server          : SRS/5.0.213(Bee)
    server_version  : 5.0.213
  Duration: N/A, start: 0.000000, bitrate: N/A
    Stream #0:0: Data: none
    Stream #0:1: Video: h264 (Main), 1 reference frame, yuv420p(progressive, left), 1024x616 (1024x624) [SAR 1:1 DAR 128:77], 30 fps, 10 tbr, 1k tbn, 60 tbc
Unsupported codec with id 0 for input stream 0
[STREAM]
index=0
codec_name=unknown
codec_long_name=unknown
profile=unknown
codec_type=data
codec_tag_string=[0][0][0][0]
codec_tag=0x0000
id=N/A
r_frame_rate=0/0
avg_frame_rate=0/0
time_base=1/1000
start_pts=0
start_time=0.000000
duration_ts=N/A
duration=N/A
bit_rate=N/A
max_bit_rate=N/A
bits_per_raw_sample=N/A
nb_frames=N/A
nb_read_frames=N/A
nb_read_packets=N/A
DISPOSITION:default=0
DISPOSITION:dub=0
DISPOSITION:original=0
DISPOSITION:comment=0
DISPOSITION:lyrics=0
DISPOSITION:karaoke=0
DISPOSITION:forced=0
DISPOSITION:hearing_impaired=0
DISPOSITION:visual_impaired=0
DISPOSITION:clean_effects=0
DISPOSITION:attached_pic=0
DISPOSITION:timed_thumbnails=0
[/STREAM]
[STREAM]
index=1
codec_name=h264
codec_long_name=H.264 / AVC / MPEG-4 AVC / MPEG-4 part 10
profile=Main
codec_type=video
codec_time_base=1/60
codec_tag_string=[0][0][0][0]
codec_tag=0x0000
width=1024
height=616
coded_width=1024
coded_height=624
has_b_frames=0
sample_aspect_ratio=1:1
display_aspect_ratio=128:77
pix_fmt=yuv420p
level=31
color_range=unknown
color_space=unknown
color_transfer=unknown
color_primaries=unknown
chroma_location=left
field_order=progressive
timecode=N/A
refs=1
is_avc=true
nal_length_size=4
id=N/A
r_frame_rate=10/1
avg_frame_rate=30/1
time_base=1/1000
start_pts=10
start_time=0.010000
duration_ts=N/A
duration=N/A
bit_rate=N/A
max_bit_rate=N/A
bits_per_raw_sample=8
nb_frames=N/A
nb_read_frames=N/A
nb_read_packets=N/A
DISPOSITION:default=0
DISPOSITION:dub=0
DISPOSITION:original=0
DISPOSITION:comment=0
DISPOSITION:lyrics=0
DISPOSITION:karaoke=0
DISPOSITION:forced=0
DISPOSITION:hearing_impaired=0
DISPOSITION:visual_impaired=0
DISPOSITION:clean_effects=0
DISPOSITION:attached_pic=0
DISPOSITION:timed_thumbnails=0
[/STREAM]
[FORMAT]
filename=rtmp://43.199.149.178/live/front_left
nb_streams=2
nb_programs=0
format_name=flv
format_long_name=FLV (Flash Video)
start_time=0.000000
duration=N/A
size=N/A
bit_rate=N/A
probe_score=100
TAG:title=/camera5/rtsp
TAG:comment=rtsp_image_transport
TAG:encoder=Lavf58.29.100
TAG:server=SRS/5.0.213(Bee)
TAG:server_version=5.0.213
[/FORMAT]
[AVIOContext @ 0x5573e6ea9640] Statistics: 645934 bytes read, 0 seeks
---------------------[ ffprobe Log End ]----------------------
SUMMARY: Status OK. Check passed because ffprobe successfully connected to the stream and retrieved its information (Exit Code: 0).


------------------[ Checking Stream: front_right ]------------------
URL: rtmp://43.199.149.178/live/front_right
--------------------[ ffprobe Log Start ]---------------------
ffprobe version 4.2.7-0ubuntu0.1 Copyright (c) 2007-2022 the FFmpeg developers
  built with gcc 9 (Ubuntu 9.4.0-1ubuntu1~20.04.1)
  configuration: --prefix=/usr --extra-version=0ubuntu0.1 --toolchain=hardened --libdir=/usr/lib/x86_64-linux-gnu --incdir=/usr/include/x86_64-linux-gnu --arch=amd64 --enable-gpl --disable-stripping --enable-avresample --disable-filter=resample --enable-avisynth --enable-gnutls --enable-ladspa --enable-libaom --enable-libass --enable-libbluray --enable-libbs2b --enable-libcaca --enable-libcdio --enable-libcodec2 --enable-libflite --enable-libfontconfig --enable-libfreetype --enable-libfribidi --enable-libgme --enable-libgsm --enable-libjack --enable-libmp3lame --enable-libmysofa --enable-libopenjpeg --enable-libopenmpt --enable-libopus --enable-libpulse --enable-librsvg --enable-librubberband --enable-libshine --enable-libsnappy --enable-libsoxr --enable-libspeex --enable-libssh --enable-libtheora --enable-libtwolame --enable-libvidstab --enable-libvorbis --enable-libvpx --enable-libwavpack --enable-libwebp --enable-libx265 --enable-libxml2 --enable-libxvid --enable-libzmq --enable-libzvbi --enable-lv2 --enable-omx --enable-openal --enable-opencl --enable-opengl --enable-sdl2 --enable-libdc1394 --enable-libdrm --enable-libiec61883 --enable-nvenc --enable-chromaprint --enable-frei0r --enable-libx264 --enable-shared
  libavutil      56. 31.100 / 56. 31.100
  libavcodec     58. 54.100 / 58. 54.100
  libavformat    58. 29.100 / 58. 29.100
  libavdevice    58.  8.100 / 58.  8.100
  libavfilter     7. 57.100 /  7. 57.100
  libavresample   4.  0.  0 /  4.  0.  0
  libswscale      5.  5.100 /  5.  5.100
  libswresample   3.  5.100 /  3.  5.100
  libpostproc    55.  5.100 / 55.  5.100
[tcp @ 0x556ca1f3ec00] Starting connection attempt to 43.199.149.178 port 1935
[tcp @ 0x556ca1f3ec00] Successfully connected to 43.199.149.178 port 1935
[h264 @ 0x556ca1f41a00] Reinit context to 1024x624, pix_fmt: yuv420p
[h264 @ 0x556ca1f41a00] error while decoding MB 33 25, bytestream -18
[h264 @ 0x556ca1f41a00] concealing 912 DC, 912 AC, 912 MV errors in I frame
[flv @ 0x556ca1f3d980] max_analyze_duration 5000000 reached at 5000000 microseconds st:1
Input #0, flv, from 'rtmp://43.199.149.178/live/front_right':
  Metadata:
    title           : /camera3/rtsp
    comment         : rtsp_image_transport
    encoder         : Lavf58.29.100
    server          : SRS/5.0.213(Bee)
    server_version  : 5.0.213
  Duration: N/A, start: 0.000000, bitrate: N/A
    Stream #0:0: Data: none
    Stream #0:1: Video: h264 (Main), 1 reference frame, yuv420p(progressive, left), 1024x616 (1024x624) [SAR 1:1 DAR 128:77], 30 fps, 10 tbr, 1k tbn, 60 tbc
Unsupported codec with id 0 for input stream 0
[STREAM]
index=0
codec_name=unknown
codec_long_name=unknown
profile=unknown
codec_type=data
codec_tag_string=[0][0][0][0]
codec_tag=0x0000
id=N/A
r_frame_rate=0/0
avg_frame_rate=0/0
time_base=1/1000
start_pts=0
start_time=0.000000
duration_ts=N/A
duration=N/A
bit_rate=N/A
max_bit_rate=N/A
bits_per_raw_sample=N/A
nb_frames=N/A
nb_read_frames=N/A
nb_read_packets=N/A
DISPOSITION:default=0
DISPOSITION:dub=0
DISPOSITION:original=0
DISPOSITION:comment=0
DISPOSITION:lyrics=0
DISPOSITION:karaoke=0
DISPOSITION:forced=0
DISPOSITION:hearing_impaired=0
DISPOSITION:visual_impaired=0
DISPOSITION:clean_effects=0
DISPOSITION:attached_pic=0
DISPOSITION:timed_thumbnails=0
[/STREAM]
[STREAM]
index=1
codec_name=h264
codec_long_name=H.264 / AVC / MPEG-4 AVC / MPEG-4 part 10
profile=Main
codec_type=video
codec_time_base=1/60
codec_tag_string=[0][0][0][0]
codec_tag=0x0000
width=1024
height=616
coded_width=1024
coded_height=624
has_b_frames=0
sample_aspect_ratio=1:1
display_aspect_ratio=128:77
pix_fmt=yuv420p
level=31
color_range=unknown
color_space=unknown
color_transfer=unknown
color_primaries=unknown
chroma_location=left
field_order=progressive
timecode=N/A
refs=1
is_avc=true
nal_length_size=4
id=N/A
r_frame_rate=10/1
avg_frame_rate=30/1
time_base=1/1000
start_pts=10
start_time=0.010000
duration_ts=N/A
duration=N/A
bit_rate=N/A
max_bit_rate=N/A
bits_per_raw_sample=8
nb_frames=N/A
nb_read_frames=N/A
nb_read_packets=N/A
DISPOSITION:default=0
DISPOSITION:dub=0
DISPOSITION:original=0
DISPOSITION:comment=0
DISPOSITION:lyrics=0
DISPOSITION:karaoke=0
DISPOSITION:forced=0
DISPOSITION:hearing_impaired=0
DISPOSITION:visual_impaired=0
DISPOSITION:clean_effects=0
DISPOSITION:attached_pic=0
DISPOSITION:timed_thumbnails=0
[/STREAM]
[FORMAT]
filename=rtmp://43.199.149.178/live/front_right
nb_streams=2
nb_programs=0
format_name=flv
format_long_name=FLV (Flash Video)
start_time=0.000000
duration=N/A
size=N/A
bit_rate=N/A
probe_score=100
TAG:title=/camera3/rtsp
TAG:comment=rtsp_image_transport
TAG:encoder=Lavf58.29.100
TAG:server=SRS/5.0.213(Bee)
TAG:server_version=5.0.213
[/FORMAT]
[AVIOContext @ 0x556ca1f40640] Statistics: 640868 bytes read, 0 seeks
---------------------[ ffprobe Log End ]----------------------
SUMMARY: Status OK. Check passed because ffprobe successfully connected to the stream and retrieved its information (Exit Code: 0).

====================[ End of Check Cycle ]====================

==========================================================
                STREAM STATUS CHECK @ Friday, July 25, 2025 AM11:26:27 HKT
==========================================================

------------------[ Checking Stream: front_left ]------------------
URL: rtmp://43.199.149.178/live/front_left
--------------------[ ffprobe Log Start ]---------------------
ffprobe version 4.2.7-0ubuntu0.1 Copyright (c) 2007-2022 the FFmpeg developers
  built with gcc 9 (Ubuntu 9.4.0-1ubuntu1~20.04.1)
  configuration: --prefix=/usr --extra-version=0ubuntu0.1 --toolchain=hardened --libdir=/usr/lib/x86_64-linux-gnu --incdir=/usr/include/x86_64-linux-gnu --arch=amd64 --enable-gpl --disable-stripping --enable-avresample --disable-filter=resample --enable-avisynth --enable-gnutls --enable-ladspa --enable-libaom --enable-libass --enable-libbluray --enable-libbs2b --enable-libcaca --enable-libcdio --enable-libcodec2 --enable-libflite --enable-libfontconfig --enable-libfreetype --enable-libfribidi --enable-libgme --enable-libgsm --enable-libjack --enable-libmp3lame --enable-libmysofa --enable-libopenjpeg --enable-libopenmpt --enable-libopus --enable-libpulse --enable-librsvg --enable-librubberband --enable-libshine --enable-libsnappy --enable-libsoxr --enable-libspeex --enable-libssh --enable-libtheora --enable-libtwolame --enable-libvidstab --enable-libvorbis --enable-libvpx --enable-libwavpack --enable-libwebp --enable-libx265 --enable-libxml2 --enable-libxvid --enable-libzmq --enable-libzvbi --enable-lv2 --enable-omx --enable-openal --enable-opencl --enable-opengl --enable-sdl2 --enable-libdc1394 --enable-libdrm --enable-libiec61883 --enable-nvenc --enable-chromaprint --enable-frei0r --enable-libx264 --enable-shared
  libavutil      56. 31.100 / 56. 31.100
  libavcodec     58. 54.100 / 58. 54.100
  libavformat    58. 29.100 / 58. 29.100
  libavdevice    58.  8.100 / 58.  8.100
  libavfilter     7. 57.100 /  7. 57.100
  libavresample   4.  0.  0 /  4.  0.  0
  libswscale      5.  5.100 /  5.  5.100
  libswresample   3.  5.100 /  3.  5.100
  libpostproc    55.  5.100 / 55.  5.100
[tcp @ 0x5639b2f98c00] Starting connection attempt to 43.199.149.178 port 1935
[tcp @ 0x5639b2f98c00] Successfully connected to 43.199.149.178 port 1935
[h264 @ 0x5639b2f9c400] Reinit context to 1024x624, pix_fmt: yuv420p
[flv @ 0x5639b2f97980] max_analyze_duration 5000000 reached at 5000000 microseconds st:1
Input #0, flv, from 'rtmp://43.199.149.178/live/front_left':
  Metadata:
    title           : /camera5/rtsp
    comment         : rtsp_image_transport
    encoder         : Lavf58.29.100
    server          : SRS/5.0.213(Bee)
    server_version  : 5.0.213
  Duration: N/A, start: 0.000000, bitrate: N/A
    Stream #0:0: Data: none
    Stream #0:1: Video: h264 (Main), 1 reference frame, yuv420p(progressive, left), 1024x616 (1024x624) [SAR 1:1 DAR 128:77], 30 fps, 10 tbr, 1k tbn, 60 tbc
Unsupported codec with id 0 for input stream 0
[STREAM]
index=0
codec_name=unknown
codec_long_name=unknown
profile=unknown
codec_type=data
codec_tag_string=[0][0][0][0]
codec_tag=0x0000
id=N/A
r_frame_rate=0/0
avg_frame_rate=0/0
time_base=1/1000
start_pts=0
start_time=0.000000
duration_ts=N/A
duration=N/A
bit_rate=N/A
max_bit_rate=N/A
bits_per_raw_sample=N/A
nb_frames=N/A
nb_read_frames=N/A
nb_read_packets=N/A
DISPOSITION:default=0
DISPOSITION:dub=0
DISPOSITION:original=0
DISPOSITION:comment=0
DISPOSITION:lyrics=0
DISPOSITION:karaoke=0
DISPOSITION:forced=0
DISPOSITION:hearing_impaired=0
DISPOSITION:visual_impaired=0
DISPOSITION:clean_effects=0
DISPOSITION:attached_pic=0
DISPOSITION:timed_thumbnails=0
[/STREAM]
[STREAM]
index=1
codec_name=h264
codec_long_name=H.264 / AVC / MPEG-4 AVC / MPEG-4 part 10
profile=Main
codec_type=video
codec_time_base=1/60
codec_tag_string=[0][0][0][0]
codec_tag=0x0000
width=1024
height=616
coded_width=1024
coded_height=624
has_b_frames=0
sample_aspect_ratio=1:1
display_aspect_ratio=128:77
pix_fmt=yuv420p
level=31
color_range=unknown
color_space=unknown
color_transfer=unknown
color_primaries=unknown
chroma_location=left
field_order=progressive
timecode=N/A
refs=1
is_avc=true
nal_length_size=4
id=N/A
r_frame_rate=10/1
avg_frame_rate=30/1
time_base=1/1000
start_pts=10
start_time=0.010000
duration_ts=N/A
duration=N/A
bit_rate=N/A
max_bit_rate=N/A
bits_per_raw_sample=8
nb_frames=N/A
nb_read_frames=N/A
nb_read_packets=N/A
DISPOSITION:default=0
DISPOSITION:dub=0
DISPOSITION:original=0
DISPOSITION:comment=0
DISPOSITION:lyrics=0
DISPOSITION:karaoke=0
DISPOSITION:forced=0
DISPOSITION:hearing_impaired=0
DISPOSITION:visual_impaired=0
DISPOSITION:clean_effects=0
DISPOSITION:attached_pic=0
DISPOSITION:timed_thumbnails=0
[/STREAM]
[FORMAT]
filename=rtmp://43.199.149.178/live/front_left
nb_streams=2
nb_programs=0
format_name=flv
format_long_name=FLV (Flash Video)
start_time=0.000000
duration=N/A
size=N/A
bit_rate=N/A
probe_score=100
TAG:title=/camera5/rtsp
TAG:comment=rtsp_image_transport
TAG:encoder=Lavf58.29.100
TAG:server=SRS/5.0.213(Bee)
TAG:server_version=5.0.213
[/FORMAT]
[AVIOContext @ 0x5639b2f9a640] Statistics: 621749 bytes read, 0 seeks
---------------------[ ffprobe Log End ]----------------------
SUMMARY: Status OK. Check passed because ffprobe successfully connected to the stream and retrieved its information (Exit Code: 0).


------------------[ Checking Stream: front_right ]------------------
URL: rtmp://43.199.149.178/live/front_right
--------------------[ ffprobe Log Start ]---------------------
ffprobe version 4.2.7-0ubuntu0.1 Copyright (c) 2007-2022 the FFmpeg developers
  built with gcc 9 (Ubuntu 9.4.0-1ubuntu1~20.04.1)
  configuration: --prefix=/usr --extra-version=0ubuntu0.1 --toolchain=hardened --libdir=/usr/lib/x86_64-linux-gnu --incdir=/usr/include/x86_64-linux-gnu --arch=amd64 --enable-gpl --disable-stripping --enable-avresample --disable-filter=resample --enable-avisynth --enable-gnutls --enable-ladspa --enable-libaom --enable-libass --enable-libbluray --enable-libbs2b --enable-libcaca --enable-libcdio --enable-libcodec2 --enable-libflite --enable-libfontconfig --enable-libfreetype --enable-libfribidi --enable-libgme --enable-libgsm --enable-libjack --enable-libmp3lame --enable-libmysofa --enable-libopenjpeg --enable-libopenmpt --enable-libopus --enable-libpulse --enable-librsvg --enable-librubberband --enable-libshine --enable-libsnappy --enable-libsoxr --enable-libspeex --enable-libssh --enable-libtheora --enable-libtwolame --enable-libvidstab --enable-libvorbis --enable-libvpx --enable-libwavpack --enable-libwebp --enable-libx265 --enable-libxml2 --enable-libxvid --enable-libzmq --enable-libzvbi --enable-lv2 --enable-omx --enable-openal --enable-opencl --enable-opengl --enable-sdl2 --enable-libdc1394 --enable-libdrm --enable-libiec61883 --enable-nvenc --enable-chromaprint --enable-frei0r --enable-libx264 --enable-shared
  libavutil      56. 31.100 / 56. 31.100
  libavcodec     58. 54.100 / 58. 54.100
  libavformat    58. 29.100 / 58. 29.100
  libavdevice    58.  8.100 / 58.  8.100
  libavfilter     7. 57.100 /  7. 57.100
  libavresample   4.  0.  0 /  4.  0.  0
  libswscale      5.  5.100 /  5.  5.100
  libswresample   3.  5.100 /  3.  5.100
  libpostproc    55.  5.100 / 55.  5.100
[tcp @ 0x5606f829bc00] Starting connection attempt to 43.199.149.178 port 1935
[tcp @ 0x5606f829bc00] Successfully connected to 43.199.149.178 port 1935
[h264 @ 0x5606f829ffc0] Reinit context to 1024x624, pix_fmt: yuv420p
[flv @ 0x5606f829a980] max_analyze_duration 5000000 reached at 5000000 microseconds st:1
Input #0, flv, from 'rtmp://43.199.149.178/live/front_right':
  Metadata:
    title           : /camera3/rtsp
    comment         : rtsp_image_transport
    encoder         : Lavf58.29.100
    server          : SRS/5.0.213(Bee)
    server_version  : 5.0.213
  Duration: N/A, start: 0.000000, bitrate: N/A
    Stream #0:0: Data: none
    Stream #0:1: Video: h264 (Main), 1 reference frame, yuv420p(progressive, left), 1024x616 (1024x624) [SAR 1:1 DAR 128:77], 30 fps, 10 tbr, 1k tbn, 60 tbc
Unsupported codec with id 0 for input stream 0
[STREAM]
index=0
codec_name=unknown
codec_long_name=unknown
profile=unknown
codec_type=data
codec_tag_string=[0][0][0][0]
codec_tag=0x0000
id=N/A
r_frame_rate=0/0
avg_frame_rate=0/0
time_base=1/1000
start_pts=0
start_time=0.000000
duration_ts=N/A
duration=N/A
bit_rate=N/A
max_bit_rate=N/A
bits_per_raw_sample=N/A
nb_frames=N/A
nb_read_frames=N/A
nb_read_packets=N/A
DISPOSITION:default=0
DISPOSITION:dub=0
DISPOSITION:original=0
DISPOSITION:comment=0
DISPOSITION:lyrics=0
DISPOSITION:karaoke=0
DISPOSITION:forced=0
DISPOSITION:hearing_impaired=0
DISPOSITION:visual_impaired=0
DISPOSITION:clean_effects=0
DISPOSITION:attached_pic=0
DISPOSITION:timed_thumbnails=0
[/STREAM]
[STREAM]
index=1
codec_name=h264
codec_long_name=H.264 / AVC / MPEG-4 AVC / MPEG-4 part 10
profile=Main
codec_type=video
codec_time_base=1/60
codec_tag_string=[0][0][0][0]
codec_tag=0x0000
width=1024
height=616
coded_width=1024
coded_height=624
has_b_frames=0
sample_aspect_ratio=1:1
display_aspect_ratio=128:77
pix_fmt=yuv420p
level=31
color_range=unknown
color_space=unknown
color_transfer=unknown
color_primaries=unknown
chroma_location=left
field_order=progressive
timecode=N/A
refs=1
is_avc=true
nal_length_size=4
id=N/A
r_frame_rate=10/1
avg_frame_rate=30/1
time_base=1/1000
start_pts=10
start_time=0.010000
duration_ts=N/A
duration=N/A
bit_rate=N/A
max_bit_rate=N/A
bits_per_raw_sample=8
nb_frames=N/A
nb_read_frames=N/A
nb_read_packets=N/A
DISPOSITION:default=0
DISPOSITION:dub=0
DISPOSITION:original=0
DISPOSITION:comment=0
DISPOSITION:lyrics=0
DISPOSITION:karaoke=0
DISPOSITION:forced=0
DISPOSITION:hearing_impaired=0
DISPOSITION:visual_impaired=0
DISPOSITION:clean_effects=0
DISPOSITION:attached_pic=0
DISPOSITION:timed_thumbnails=0
[/STREAM]
[FORMAT]
filename=rtmp://43.199.149.178/live/front_right
nb_streams=2
nb_programs=0
format_name=flv
format_long_name=FLV (Flash Video)
start_time=0.000000
duration=N/A
size=N/A
bit_rate=N/A
probe_score=100
TAG:title=/camera3/rtsp
TAG:comment=rtsp_image_transport
TAG:encoder=Lavf58.29.100
TAG:server=SRS/5.0.213(Bee)
TAG:server_version=5.0.213
[/FORMAT]
[AVIOContext @ 0x5606f829d640] Statistics: 694229 bytes read, 0 seeks
---------------------[ ffprobe Log End ]----------------------
SUMMARY: Status OK. Check passed because ffprobe successfully connected to the stream and retrieved its information (Exit Code: 0).

====================[ End of Check Cycle ]====================

==========================================================
                STREAM STATUS CHECK @ Friday, July 25, 2025 AM11:27:58 HKT
==========================================================

------------------[ Checking Stream: front_left ]------------------
URL: rtmp://43.199.149.178/live/front_left
--------------------[ ffprobe Log Start ]---------------------
ffprobe version 4.2.7-0ubuntu0.1 Copyright (c) 2007-2022 the FFmpeg developers
  built with gcc 9 (Ubuntu 9.4.0-1ubuntu1~20.04.1)
  configuration: --prefix=/usr --extra-version=0ubuntu0.1 --toolchain=hardened --libdir=/usr/lib/x86_64-linux-gnu --incdir=/usr/include/x86_64-linux-gnu --arch=amd64 --enable-gpl --disable-stripping --enable-avresample --disable-filter=resample --enable-avisynth --enable-gnutls --enable-ladspa --enable-libaom --enable-libass --enable-libbluray --enable-libbs2b --enable-libcaca --enable-libcdio --enable-libcodec2 --enable-libflite --enable-libfontconfig --enable-libfreetype --enable-libfribidi --enable-libgme --enable-libgsm --enable-libjack --enable-libmp3lame --enable-libmysofa --enable-libopenjpeg --enable-libopenmpt --enable-libopus --enable-libpulse --enable-librsvg --enable-librubberband --enable-libshine --enable-libsnappy --enable-libsoxr --enable-libspeex --enable-libssh --enable-libtheora --enable-libtwolame --enable-libvidstab --enable-libvorbis --enable-libvpx --enable-libwavpack --enable-libwebp --enable-libx265 --enable-libxml2 --enable-libxvid --enable-libzmq --enable-libzvbi --enable-lv2 --enable-omx --enable-openal --enable-opencl --enable-opengl --enable-sdl2 --enable-libdc1394 --enable-libdrm --enable-libiec61883 --enable-nvenc --enable-chromaprint --enable-frei0r --enable-libx264 --enable-shared
  libavutil      56. 31.100 / 56. 31.100
  libavcodec     58. 54.100 / 58. 54.100
  libavformat    58. 29.100 / 58. 29.100
  libavdevice    58.  8.100 / 58.  8.100
  libavfilter     7. 57.100 /  7. 57.100
  libavresample   4.  0.  0 /  4.  0.  0
  libswscale      5.  5.100 /  5.  5.100
  libswresample   3.  5.100 /  3.  5.100
  libpostproc    55.  5.100 / 55.  5.100
[tcp @ 0x55d5ba4c6c00] Starting connection attempt to 43.199.149.178 port 1935
[tcp @ 0x55d5ba4c6c00] Successfully connected to 43.199.149.178 port 1935
[h264 @ 0x55d5ba4db240] Reinit context to 1024x624, pix_fmt: yuv420p
[flv @ 0x55d5ba4c5980] max_analyze_duration 5000000 reached at 5000000 microseconds st:1
Input #0, flv, from 'rtmp://43.199.149.178/live/front_left':
  Metadata:
    title           : /camera5/rtsp
    comment         : rtsp_image_transport
    encoder         : Lavf58.29.100
    server          : SRS/5.0.213(Bee)
    server_version  : 5.0.213
  Duration: N/A, start: 0.000000, bitrate: N/A
    Stream #0:0: Data: none
    Stream #0:1: Video: h264 (Main), 1 reference frame, yuv420p(progressive, left), 1024x616 (1024x624) [SAR 1:1 DAR 128:77], 30 fps, 10 tbr, 1k tbn, 60 tbc
Unsupported codec with id 0 for input stream 0
[STREAM]
index=0
codec_name=unknown
codec_long_name=unknown
profile=unknown
codec_type=data
codec_tag_string=[0][0][0][0]
codec_tag=0x0000
id=N/A
r_frame_rate=0/0
avg_frame_rate=0/0
time_base=1/1000
start_pts=0
start_time=0.000000
duration_ts=N/A
duration=N/A
bit_rate=N/A
max_bit_rate=N/A
bits_per_raw_sample=N/A
nb_frames=N/A
nb_read_frames=N/A
nb_read_packets=N/A
DISPOSITION:default=0
DISPOSITION:dub=0
DISPOSITION:original=0
DISPOSITION:comment=0
DISPOSITION:lyrics=0
DISPOSITION:karaoke=0
DISPOSITION:forced=0
DISPOSITION:hearing_impaired=0
DISPOSITION:visual_impaired=0
DISPOSITION:clean_effects=0
DISPOSITION:attached_pic=0
DISPOSITION:timed_thumbnails=0
[/STREAM]
[STREAM]
index=1
codec_name=h264
codec_long_name=H.264 / AVC / MPEG-4 AVC / MPEG-4 part 10
profile=Main
codec_type=video
codec_time_base=1/60
codec_tag_string=[0][0][0][0]
codec_tag=0x0000
width=1024
height=616
coded_width=1024
coded_height=624
has_b_frames=0
sample_aspect_ratio=1:1
display_aspect_ratio=128:77
pix_fmt=yuv420p
level=31
color_range=unknown
color_space=unknown
color_transfer=unknown
color_primaries=unknown
chroma_location=left
field_order=progressive
timecode=N/A
refs=1
is_avc=true
nal_length_size=4
id=N/A
r_frame_rate=10/1
avg_frame_rate=30/1
time_base=1/1000
start_pts=10
start_time=0.010000
duration_ts=N/A
duration=N/A
bit_rate=N/A
max_bit_rate=N/A
bits_per_raw_sample=8
nb_frames=N/A
nb_read_frames=N/A
nb_read_packets=N/A
DISPOSITION:default=0
DISPOSITION:dub=0
DISPOSITION:original=0
DISPOSITION:comment=0
DISPOSITION:lyrics=0
DISPOSITION:karaoke=0
DISPOSITION:forced=0
DISPOSITION:hearing_impaired=0
DISPOSITION:visual_impaired=0
DISPOSITION:clean_effects=0
DISPOSITION:attached_pic=0
DISPOSITION:timed_thumbnails=0
[/STREAM]
[FORMAT]
filename=rtmp://43.199.149.178/live/front_left
nb_streams=2
nb_programs=0
format_name=flv
format_long_name=FLV (Flash Video)
start_time=0.000000
duration=N/A
size=N/A
bit_rate=N/A
probe_score=100
TAG:title=/camera5/rtsp
TAG:comment=rtsp_image_transport
TAG:encoder=Lavf58.29.100
TAG:server=SRS/5.0.213(Bee)
TAG:server_version=5.0.213
[/FORMAT]
[AVIOContext @ 0x55d5ba4c8640] Statistics: 683164 bytes read, 0 seeks
---------------------[ ffprobe Log End ]----------------------
SUMMARY: Status OK. Check passed because ffprobe successfully connected to the stream and retrieved its information (Exit Code: 0).


------------------[ Checking Stream: front_right ]------------------
URL: rtmp://43.199.149.178/live/front_right
--------------------[ ffprobe Log Start ]---------------------
ffprobe version 4.2.7-0ubuntu0.1 Copyright (c) 2007-2022 the FFmpeg developers
  built with gcc 9 (Ubuntu 9.4.0-1ubuntu1~20.04.1)
  configuration: --prefix=/usr --extra-version=0ubuntu0.1 --toolchain=hardened --libdir=/usr/lib/x86_64-linux-gnu --incdir=/usr/include/x86_64-linux-gnu --arch=amd64 --enable-gpl --disable-stripping --enable-avresample --disable-filter=resample --enable-avisynth --enable-gnutls --enable-ladspa --enable-libaom --enable-libass --enable-libbluray --enable-libbs2b --enable-libcaca --enable-libcdio --enable-libcodec2 --enable-libflite --enable-libfontconfig --enable-libfreetype --enable-libfribidi --enable-libgme --enable-libgsm --enable-libjack --enable-libmp3lame --enable-libmysofa --enable-libopenjpeg --enable-libopenmpt --enable-libopus --enable-libpulse --enable-librsvg --enable-librubberband --enable-libshine --enable-libsnappy --enable-libsoxr --enable-libspeex --enable-libssh --enable-libtheora --enable-libtwolame --enable-libvidstab --enable-libvorbis --enable-libvpx --enable-libwavpack --enable-libwebp --enable-libx265 --enable-libxml2 --enable-libxvid --enable-libzmq --enable-libzvbi --enable-lv2 --enable-omx --enable-openal --enable-opencl --enable-opengl --enable-sdl2 --enable-libdc1394 --enable-libdrm --enable-libiec61883 --enable-nvenc --enable-chromaprint --enable-frei0r --enable-libx264 --enable-shared
  libavutil      56. 31.100 / 56. 31.100
  libavcodec     58. 54.100 / 58. 54.100
  libavformat    58. 29.100 / 58. 29.100
  libavdevice    58.  8.100 / 58.  8.100
  libavfilter     7. 57.100 /  7. 57.100
  libavresample   4.  0.  0 /  4.  0.  0
  libswscale      5.  5.100 /  5.  5.100
  libswresample   3.  5.100 /  3.  5.100
  libpostproc    55.  5.100 / 55.  5.100
[tcp @ 0x55a48c6d8c00] Starting connection attempt to 43.199.149.178 port 1935
[tcp @ 0x55a48c6d8c00] Successfully connected to 43.199.149.178 port 1935
[h264 @ 0x55a48c6ed240] Reinit context to 1024x624, pix_fmt: yuv420p
[flv @ 0x55a48c6d7980] max_analyze_duration 5000000 reached at 5000000 microseconds st:1
Input #0, flv, from 'rtmp://43.199.149.178/live/front_right':
  Metadata:
    title           : /camera3/rtsp
    comment         : rtsp_image_transport
    encoder         : Lavf58.29.100
    server          : SRS/5.0.213(Bee)
    server_version  : 5.0.213
  Duration: N/A, start: 0.000000, bitrate: N/A
    Stream #0:0: Data: none
    Stream #0:1: Video: h264 (Main), 1 reference frame, yuv420p(progressive, left), 1024x616 (1024x624) [SAR 1:1 DAR 128:77], 30 fps, 10 tbr, 1k tbn, 60 tbc
Unsupported codec with id 0 for input stream 0
[STREAM]
index=0
codec_name=unknown
codec_long_name=unknown
profile=unknown
codec_type=data
codec_tag_string=[0][0][0][0]
codec_tag=0x0000
id=N/A
r_frame_rate=0/0
avg_frame_rate=0/0
time_base=1/1000
start_pts=0
start_time=0.000000
duration_ts=N/A
duration=N/A
bit_rate=N/A
max_bit_rate=N/A
bits_per_raw_sample=N/A
nb_frames=N/A
nb_read_frames=N/A
nb_read_packets=N/A
DISPOSITION:default=0
DISPOSITION:dub=0
DISPOSITION:original=0
DISPOSITION:comment=0
DISPOSITION:lyrics=0
DISPOSITION:karaoke=0
DISPOSITION:forced=0
DISPOSITION:hearing_impaired=0
DISPOSITION:visual_impaired=0
DISPOSITION:clean_effects=0
DISPOSITION:attached_pic=0
DISPOSITION:timed_thumbnails=0
[/STREAM]
[STREAM]
index=1
codec_name=h264
codec_long_name=H.264 / AVC / MPEG-4 AVC / MPEG-4 part 10
profile=Main
codec_type=video
codec_time_base=1/60
codec_tag_string=[0][0][0][0]
codec_tag=0x0000
width=1024
height=616
coded_width=1024
coded_height=624
has_b_frames=0
sample_aspect_ratio=1:1
display_aspect_ratio=128:77
pix_fmt=yuv420p
level=31
color_range=unknown
color_space=unknown
color_transfer=unknown
color_primaries=unknown
chroma_location=left
field_order=progressive
timecode=N/A
refs=1
is_avc=true
nal_length_size=4
id=N/A
r_frame_rate=10/1
avg_frame_rate=30/1
time_base=1/1000
start_pts=10
start_time=0.010000
duration_ts=N/A
duration=N/A
bit_rate=N/A
max_bit_rate=N/A
bits_per_raw_sample=8
nb_frames=N/A
nb_read_frames=N/A
nb_read_packets=N/A
DISPOSITION:default=0
DISPOSITION:dub=0
DISPOSITION:original=0
DISPOSITION:comment=0
DISPOSITION:lyrics=0
DISPOSITION:karaoke=0
DISPOSITION:forced=0
DISPOSITION:hearing_impaired=0
DISPOSITION:visual_impaired=0
DISPOSITION:clean_effects=0
DISPOSITION:attached_pic=0
DISPOSITION:timed_thumbnails=0
[/STREAM]
[FORMAT]
filename=rtmp://43.199.149.178/live/front_right
nb_streams=2
nb_programs=0
format_name=flv
format_long_name=FLV (Flash Video)
start_time=0.000000
duration=N/A
size=N/A
bit_rate=N/A
probe_score=100
TAG:title=/camera3/rtsp
TAG:comment=rtsp_image_transport
TAG:encoder=Lavf58.29.100
TAG:server=SRS/5.0.213(Bee)
TAG:server_version=5.0.213
[/FORMAT]
[AVIOContext @ 0x55a48c6da640] Statistics: 640395 bytes read, 0 seeks
---------------------[ ffprobe Log End ]----------------------
SUMMARY: Status OK. Check passed because ffprobe successfully connected to the stream and retrieved its information (Exit Code: 0).

====================[ End of Check Cycle ]====================

==========================================================
                STREAM STATUS CHECK @ Friday, July 25, 2025 AM11:29:28 HKT
==========================================================

------------------[ Checking Stream: front_left ]------------------
URL: rtmp://43.199.149.178/live/front_left
--------------------[ ffprobe Log Start ]---------------------
ffprobe version 4.2.7-0ubuntu0.1 Copyright (c) 2007-2022 the FFmpeg developers
  built with gcc 9 (Ubuntu 9.4.0-1ubuntu1~20.04.1)
  configuration: --prefix=/usr --extra-version=0ubuntu0.1 --toolchain=hardened --libdir=/usr/lib/x86_64-linux-gnu --incdir=/usr/include/x86_64-linux-gnu --arch=amd64 --enable-gpl --disable-stripping --enable-avresample --disable-filter=resample --enable-avisynth --enable-gnutls --enable-ladspa --enable-libaom --enable-libass --enable-libbluray --enable-libbs2b --enable-libcaca --enable-libcdio --enable-libcodec2 --enable-libflite --enable-libfontconfig --enable-libfreetype --enable-libfribidi --enable-libgme --enable-libgsm --enable-libjack --enable-libmp3lame --enable-libmysofa --enable-libopenjpeg --enable-libopenmpt --enable-libopus --enable-libpulse --enable-librsvg --enable-librubberband --enable-libshine --enable-libsnappy --enable-libsoxr --enable-libspeex --enable-libssh --enable-libtheora --enable-libtwolame --enable-libvidstab --enable-libvorbis --enable-libvpx --enable-libwavpack --enable-libwebp --enable-libx265 --enable-libxml2 --enable-libxvid --enable-libzmq --enable-libzvbi --enable-lv2 --enable-omx --enable-openal --enable-opencl --enable-opengl --enable-sdl2 --enable-libdc1394 --enable-libdrm --enable-libiec61883 --enable-nvenc --enable-chromaprint --enable-frei0r --enable-libx264 --enable-shared
  libavutil      56. 31.100 / 56. 31.100
  libavcodec     58. 54.100 / 58. 54.100
  libavformat    58. 29.100 / 58. 29.100
  libavdevice    58.  8.100 / 58.  8.100
  libavfilter     7. 57.100 /  7. 57.100
  libavresample   4.  0.  0 /  4.  0.  0
  libswscale      5.  5.100 /  5.  5.100
  libswresample   3.  5.100 /  3.  5.100
  libpostproc    55.  5.100 / 55.  5.100
[tcp @ 0x55a009ccdc00] Starting connection attempt to 43.199.149.178 port 1935
[tcp @ 0x55a009ccdc00] Successfully connected to 43.199.149.178 port 1935
[h264 @ 0x55a009cd0a00] Reinit context to 1024x624, pix_fmt: yuv420p
[h264 @ 0x55a009cd0a00] error while decoding MB 36 23, bytestream -24
[h264 @ 0x55a009cd0a00] concealing 1037 DC, 1037 AC, 1037 MV errors in I frame
[flv @ 0x55a009ccc980] max_analyze_duration 5000000 reached at 5000000 microseconds st:1
Input #0, flv, from 'rtmp://43.199.149.178/live/front_left':
  Metadata:
    title           : /camera5/rtsp
    comment         : rtsp_image_transport
    encoder         : Lavf58.29.100
    server          : SRS/5.0.213(Bee)
    server_version  : 5.0.213
  Duration: N/A, start: 0.000000, bitrate: N/A
    Stream #0:0: Data: none
    Stream #0:1: Video: h264 (Main), 1 reference frame, yuv420p(progressive, left), 1024x616 (1024x624) [SAR 1:1 DAR 128:77], 30 fps, 10 tbr, 1k tbn, 60 tbc
Unsupported codec with id 0 for input stream 0
[STREAM]
index=0
codec_name=unknown
codec_long_name=unknown
profile=unknown
codec_type=data
codec_tag_string=[0][0][0][0]
codec_tag=0x0000
id=N/A
r_frame_rate=0/0
avg_frame_rate=0/0
time_base=1/1000
start_pts=0
start_time=0.000000
duration_ts=N/A
duration=N/A
bit_rate=N/A
max_bit_rate=N/A
bits_per_raw_sample=N/A
nb_frames=N/A
nb_read_frames=N/A
nb_read_packets=N/A
DISPOSITION:default=0
DISPOSITION:dub=0
DISPOSITION:original=0
DISPOSITION:comment=0
DISPOSITION:lyrics=0
DISPOSITION:karaoke=0
DISPOSITION:forced=0
DISPOSITION:hearing_impaired=0
DISPOSITION:visual_impaired=0
DISPOSITION:clean_effects=0
DISPOSITION:attached_pic=0
DISPOSITION:timed_thumbnails=0
[/STREAM]
[STREAM]
index=1
codec_name=h264
codec_long_name=H.264 / AVC / MPEG-4 AVC / MPEG-4 part 10
profile=Main
codec_type=video
codec_time_base=1/60
codec_tag_string=[0][0][0][0]
codec_tag=0x0000
width=1024
height=616
coded_width=1024
coded_height=624
has_b_frames=0
sample_aspect_ratio=1:1
display_aspect_ratio=128:77
pix_fmt=yuv420p
level=31
color_range=unknown
color_space=unknown
color_transfer=unknown
color_primaries=unknown
chroma_location=left
field_order=progressive
timecode=N/A
refs=1
is_avc=true
nal_length_size=4
id=N/A
r_frame_rate=10/1
avg_frame_rate=30/1
time_base=1/1000
start_pts=10
start_time=0.010000
duration_ts=N/A
duration=N/A
bit_rate=N/A
max_bit_rate=N/A
bits_per_raw_sample=8
nb_frames=N/A
nb_read_frames=N/A
nb_read_packets=N/A
DISPOSITION:default=0
DISPOSITION:dub=0
DISPOSITION:original=0
DISPOSITION:comment=0
DISPOSITION:lyrics=0
DISPOSITION:karaoke=0
DISPOSITION:forced=0
DISPOSITION:hearing_impaired=0
DISPOSITION:visual_impaired=0
DISPOSITION:clean_effects=0
DISPOSITION:attached_pic=0
DISPOSITION:timed_thumbnails=0
[/STREAM]
[FORMAT]
filename=rtmp://43.199.149.178/live/front_left
nb_streams=2
nb_programs=0
format_name=flv
format_long_name=FLV (Flash Video)
start_time=0.000000
duration=N/A
size=N/A
bit_rate=N/A
probe_score=100
TAG:title=/camera5/rtsp
TAG:comment=rtsp_image_transport
TAG:encoder=Lavf58.29.100
TAG:server=SRS/5.0.213(Bee)
TAG:server_version=5.0.213
[/FORMAT]
[AVIOContext @ 0x55a009ccf640] Statistics: 669766 bytes read, 0 seeks
---------------------[ ffprobe Log End ]----------------------
SUMMARY: Status OK. Check passed because ffprobe successfully connected to the stream and retrieved its information (Exit Code: 0).


------------------[ Checking Stream: front_right ]------------------
URL: rtmp://43.199.149.178/live/front_right
--------------------[ ffprobe Log Start ]---------------------
ffprobe version 4.2.7-0ubuntu0.1 Copyright (c) 2007-2022 the FFmpeg developers
  built with gcc 9 (Ubuntu 9.4.0-1ubuntu1~20.04.1)
  configuration: --prefix=/usr --extra-version=0ubuntu0.1 --toolchain=hardened --libdir=/usr/lib/x86_64-linux-gnu --incdir=/usr/include/x86_64-linux-gnu --arch=amd64 --enable-gpl --disable-stripping --enable-avresample --disable-filter=resample --enable-avisynth --enable-gnutls --enable-ladspa --enable-libaom --enable-libass --enable-libbluray --enable-libbs2b --enable-libcaca --enable-libcdio --enable-libcodec2 --enable-libflite --enable-libfontconfig --enable-libfreetype --enable-libfribidi --enable-libgme --enable-libgsm --enable-libjack --enable-libmp3lame --enable-libmysofa --enable-libopenjpeg --enable-libopenmpt --enable-libopus --enable-libpulse --enable-librsvg --enable-librubberband --enable-libshine --enable-libsnappy --enable-libsoxr --enable-libspeex --enable-libssh --enable-libtheora --enable-libtwolame --enable-libvidstab --enable-libvorbis --enable-libvpx --enable-libwavpack --enable-libwebp --enable-libx265 --enable-libxml2 --enable-libxvid --enable-libzmq --enable-libzvbi --enable-lv2 --enable-omx --enable-openal --enable-opencl --enable-opengl --enable-sdl2 --enable-libdc1394 --enable-libdrm --enable-libiec61883 --enable-nvenc --enable-chromaprint --enable-frei0r --enable-libx264 --enable-shared
  libavutil      56. 31.100 / 56. 31.100
  libavcodec     58. 54.100 / 58. 54.100
  libavformat    58. 29.100 / 58. 29.100
  libavdevice    58.  8.100 / 58.  8.100
  libavfilter     7. 57.100 /  7. 57.100
  libavresample   4.  0.  0 /  4.  0.  0
  libswscale      5.  5.100 /  5.  5.100
  libswresample   3.  5.100 /  3.  5.100
  libpostproc    55.  5.100 / 55.  5.100
[tcp @ 0x5644ef016c00] Starting connection attempt to 43.199.149.178 port 1935
[tcp @ 0x5644ef016c00] Successfully connected to 43.199.149.178 port 1935
[h264 @ 0x5644ef01afc0] Reinit context to 1024x624, pix_fmt: yuv420p
[flv @ 0x5644ef015980] max_analyze_duration 5000000 reached at 5000000 microseconds st:1
Input #0, flv, from 'rtmp://43.199.149.178/live/front_right':
  Metadata:
    title           : /camera3/rtsp
    comment         : rtsp_image_transport
    encoder         : Lavf58.29.100
    server          : SRS/5.0.213(Bee)
    server_version  : 5.0.213
  Duration: N/A, start: 0.000000, bitrate: N/A
    Stream #0:0: Data: none
    Stream #0:1: Video: h264 (Main), 1 reference frame, yuv420p(progressive, left), 1024x616 (1024x624) [SAR 1:1 DAR 128:77], 30 fps, 10 tbr, 1k tbn, 60 tbc
Unsupported codec with id 0 for input stream 0
[STREAM]
index=0
codec_name=unknown
codec_long_name=unknown
profile=unknown
codec_type=data
codec_tag_string=[0][0][0][0]
codec_tag=0x0000
id=N/A
r_frame_rate=0/0
avg_frame_rate=0/0
time_base=1/1000
start_pts=0
start_time=0.000000
duration_ts=N/A
duration=N/A
bit_rate=N/A
max_bit_rate=N/A
bits_per_raw_sample=N/A
nb_frames=N/A
nb_read_frames=N/A
nb_read_packets=N/A
DISPOSITION:default=0
DISPOSITION:dub=0
DISPOSITION:original=0
DISPOSITION:comment=0
DISPOSITION:lyrics=0
DISPOSITION:karaoke=0
DISPOSITION:forced=0
DISPOSITION:hearing_impaired=0
DISPOSITION:visual_impaired=0
DISPOSITION:clean_effects=0
DISPOSITION:attached_pic=0
DISPOSITION:timed_thumbnails=0
[/STREAM]
[STREAM]
index=1
codec_name=h264
codec_long_name=H.264 / AVC / MPEG-4 AVC / MPEG-4 part 10
profile=Main
codec_type=video
codec_time_base=1/60
codec_tag_string=[0][0][0][0]
codec_tag=0x0000
width=1024
height=616
coded_width=1024
coded_height=624
has_b_frames=0
sample_aspect_ratio=1:1
display_aspect_ratio=128:77
pix_fmt=yuv420p
level=31
color_range=unknown
color_space=unknown
color_transfer=unknown
color_primaries=unknown
chroma_location=left
field_order=progressive
timecode=N/A
refs=1
is_avc=true
nal_length_size=4
id=N/A
r_frame_rate=10/1
avg_frame_rate=30/1
time_base=1/1000
start_pts=10
start_time=0.010000
duration_ts=N/A
duration=N/A
bit_rate=N/A
max_bit_rate=N/A
bits_per_raw_sample=8
nb_frames=N/A
nb_read_frames=N/A
nb_read_packets=N/A
DISPOSITION:default=0
DISPOSITION:dub=0
DISPOSITION:original=0
DISPOSITION:comment=0
DISPOSITION:lyrics=0
DISPOSITION:karaoke=0
DISPOSITION:forced=0
DISPOSITION:hearing_impaired=0
DISPOSITION:visual_impaired=0
DISPOSITION:clean_effects=0
DISPOSITION:attached_pic=0
DISPOSITION:timed_thumbnails=0
[/STREAM]
[FORMAT]
filename=rtmp://43.199.149.178/live/front_right
nb_streams=2
nb_programs=0
format_name=flv
format_long_name=FLV (Flash Video)
start_time=0.000000
duration=N/A
size=N/A
bit_rate=N/A
probe_score=100
TAG:title=/camera3/rtsp
TAG:comment=rtsp_image_transport
TAG:encoder=Lavf58.29.100
TAG:server=SRS/5.0.213(Bee)
TAG:server_version=5.0.213
[/FORMAT]
[AVIOContext @ 0x5644ef018640] Statistics: 674689 bytes read, 0 seeks
---------------------[ ffprobe Log End ]----------------------
SUMMARY: Status OK. Check passed because ffprobe successfully connected to the stream and retrieved its information (Exit Code: 0).

====================[ End of Check Cycle ]====================

==========================================================
                STREAM STATUS CHECK @ Friday, July 25, 2025 AM11:30:58 HKT
==========================================================

------------------[ Checking Stream: front_left ]------------------
URL: rtmp://43.199.149.178/live/front_left
--------------------[ ffprobe Log Start ]---------------------
ffprobe version 4.2.7-0ubuntu0.1 Copyright (c) 2007-2022 the FFmpeg developers
  built with gcc 9 (Ubuntu 9.4.0-1ubuntu1~20.04.1)
  configuration: --prefix=/usr --extra-version=0ubuntu0.1 --toolchain=hardened --libdir=/usr/lib/x86_64-linux-gnu --incdir=/usr/include/x86_64-linux-gnu --arch=amd64 --enable-gpl --disable-stripping --enable-avresample --disable-filter=resample --enable-avisynth --enable-gnutls --enable-ladspa --enable-libaom --enable-libass --enable-libbluray --enable-libbs2b --enable-libcaca --enable-libcdio --enable-libcodec2 --enable-libflite --enable-libfontconfig --enable-libfreetype --enable-libfribidi --enable-libgme --enable-libgsm --enable-libjack --enable-libmp3lame --enable-libmysofa --enable-libopenjpeg --enable-libopenmpt --enable-libopus --enable-libpulse --enable-librsvg --enable-librubberband --enable-libshine --enable-libsnappy --enable-libsoxr --enable-libspeex --enable-libssh --enable-libtheora --enable-libtwolame --enable-libvidstab --enable-libvorbis --enable-libvpx --enable-libwavpack --enable-libwebp --enable-libx265 --enable-libxml2 --enable-libxvid --enable-libzmq --enable-libzvbi --enable-lv2 --enable-omx --enable-openal --enable-opencl --enable-opengl --enable-sdl2 --enable-libdc1394 --enable-libdrm --enable-libiec61883 --enable-nvenc --enable-chromaprint --enable-frei0r --enable-libx264 --enable-shared
  libavutil      56. 31.100 / 56. 31.100
  libavcodec     58. 54.100 / 58. 54.100
  libavformat    58. 29.100 / 58. 29.100
  libavdevice    58.  8.100 / 58.  8.100
  libavfilter     7. 57.100 /  7. 57.100
  libavresample   4.  0.  0 /  4.  0.  0
  libswscale      5.  5.100 /  5.  5.100
  libswresample   3.  5.100 /  3.  5.100
  libpostproc    55.  5.100 / 55.  5.100
[tcp @ 0x55904972fc00] Starting connection attempt to 43.199.149.178 port 1935
[tcp @ 0x55904972fc00] Successfully connected to 43.199.149.178 port 1935
[h264 @ 0x559049744240] Reinit context to 1024x624, pix_fmt: yuv420p
[flv @ 0x55904972e980] max_analyze_duration 5000000 reached at 5000000 microseconds st:1
Input #0, flv, from 'rtmp://43.199.149.178/live/front_left':
  Metadata:
    title           : /camera5/rtsp
    comment         : rtsp_image_transport
    encoder         : Lavf58.29.100
    server          : SRS/5.0.213(Bee)
    server_version  : 5.0.213
  Duration: N/A, start: 0.000000, bitrate: N/A
    Stream #0:0: Data: none
    Stream #0:1: Video: h264 (Main), 1 reference frame, yuv420p(progressive, left), 1024x616 (1024x624) [SAR 1:1 DAR 128:77], 30 fps, 10 tbr, 1k tbn, 60 tbc
Unsupported codec with id 0 for input stream 0
[STREAM]
index=0
codec_name=unknown
codec_long_name=unknown
profile=unknown
codec_type=data
codec_tag_string=[0][0][0][0]
codec_tag=0x0000
id=N/A
r_frame_rate=0/0
avg_frame_rate=0/0
time_base=1/1000
start_pts=0
start_time=0.000000
duration_ts=N/A
duration=N/A
bit_rate=N/A
max_bit_rate=N/A
bits_per_raw_sample=N/A
nb_frames=N/A
nb_read_frames=N/A
nb_read_packets=N/A
DISPOSITION:default=0
DISPOSITION:dub=0
DISPOSITION:original=0
DISPOSITION:comment=0
DISPOSITION:lyrics=0
DISPOSITION:karaoke=0
DISPOSITION:forced=0
DISPOSITION:hearing_impaired=0
DISPOSITION:visual_impaired=0
DISPOSITION:clean_effects=0
DISPOSITION:attached_pic=0
DISPOSITION:timed_thumbnails=0
[/STREAM]
[STREAM]
index=1
codec_name=h264
codec_long_name=H.264 / AVC / MPEG-4 AVC / MPEG-4 part 10
profile=Main
codec_type=video
codec_time_base=1/60
codec_tag_string=[0][0][0][0]
codec_tag=0x0000
width=1024
height=616
coded_width=1024
coded_height=624
has_b_frames=0
sample_aspect_ratio=1:1
display_aspect_ratio=128:77
pix_fmt=yuv420p
level=31
color_range=unknown
color_space=unknown
color_transfer=unknown
color_primaries=unknown
chroma_location=left
field_order=progressive
timecode=N/A
refs=1
is_avc=true
nal_length_size=4
id=N/A
r_frame_rate=10/1
avg_frame_rate=30/1
time_base=1/1000
start_pts=10
start_time=0.010000
duration_ts=N/A
duration=N/A
bit_rate=N/A
max_bit_rate=N/A
bits_per_raw_sample=8
nb_frames=N/A
nb_read_frames=N/A
nb_read_packets=N/A
DISPOSITION:default=0
DISPOSITION:dub=0
DISPOSITION:original=0
DISPOSITION:comment=0
DISPOSITION:lyrics=0
DISPOSITION:karaoke=0
DISPOSITION:forced=0
DISPOSITION:hearing_impaired=0
DISPOSITION:visual_impaired=0
DISPOSITION:clean_effects=0
DISPOSITION:attached_pic=0
DISPOSITION:timed_thumbnails=0
[/STREAM]
[FORMAT]
filename=rtmp://43.199.149.178/live/front_left
nb_streams=2
nb_programs=0
format_name=flv
format_long_name=FLV (Flash Video)
start_time=0.000000
duration=N/A
size=N/A
bit_rate=N/A
probe_score=100
TAG:title=/camera5/rtsp
TAG:comment=rtsp_image_transport
TAG:encoder=Lavf58.29.100
TAG:server=SRS/5.0.213(Bee)
TAG:server_version=5.0.213
[/FORMAT]
[AVIOContext @ 0x559049731640] Statistics: 682657 bytes read, 0 seeks
---------------------[ ffprobe Log End ]----------------------
SUMMARY: Status OK. Check passed because ffprobe successfully connected to the stream and retrieved its information (Exit Code: 0).


------------------[ Checking Stream: front_right ]------------------
URL: rtmp://43.199.149.178/live/front_right
--------------------[ ffprobe Log Start ]---------------------
ffprobe version 4.2.7-0ubuntu0.1 Copyright (c) 2007-2022 the FFmpeg developers
  built with gcc 9 (Ubuntu 9.4.0-1ubuntu1~20.04.1)
  configuration: --prefix=/usr --extra-version=0ubuntu0.1 --toolchain=hardened --libdir=/usr/lib/x86_64-linux-gnu --incdir=/usr/include/x86_64-linux-gnu --arch=amd64 --enable-gpl --disable-stripping --enable-avresample --disable-filter=resample --enable-avisynth --enable-gnutls --enable-ladspa --enable-libaom --enable-libass --enable-libbluray --enable-libbs2b --enable-libcaca --enable-libcdio --enable-libcodec2 --enable-libflite --enable-libfontconfig --enable-libfreetype --enable-libfribidi --enable-libgme --enable-libgsm --enable-libjack --enable-libmp3lame --enable-libmysofa --enable-libopenjpeg --enable-libopenmpt --enable-libopus --enable-libpulse --enable-librsvg --enable-librubberband --enable-libshine --enable-libsnappy --enable-libsoxr --enable-libspeex --enable-libssh --enable-libtheora --enable-libtwolame --enable-libvidstab --enable-libvorbis --enable-libvpx --enable-libwavpack --enable-libwebp --enable-libx265 --enable-libxml2 --enable-libxvid --enable-libzmq --enable-libzvbi --enable-lv2 --enable-omx --enable-openal --enable-opencl --enable-opengl --enable-sdl2 --enable-libdc1394 --enable-libdrm --enable-libiec61883 --enable-nvenc --enable-chromaprint --enable-frei0r --enable-libx264 --enable-shared
  libavutil      56. 31.100 / 56. 31.100
  libavcodec     58. 54.100 / 58. 54.100
  libavformat    58. 29.100 / 58. 29.100
  libavdevice    58.  8.100 / 58.  8.100
  libavfilter     7. 57.100 /  7. 57.100
  libavresample   4.  0.  0 /  4.  0.  0
  libswscale      5.  5.100 /  5.  5.100
  libswresample   3.  5.100 /  3.  5.100
  libpostproc    55.  5.100 / 55.  5.100
[tcp @ 0x565096dd3c00] Starting connection attempt to 43.199.149.178 port 1935
[tcp @ 0x565096dd3c00] Successfully connected to 43.199.149.178 port 1935
[h264 @ 0x565096de8240] Reinit context to 1024x624, pix_fmt: yuv420p
[flv @ 0x565096dd2980] max_analyze_duration 5000000 reached at 5000000 microseconds st:1
Input #0, flv, from 'rtmp://43.199.149.178/live/front_right':
  Metadata:
    title           : /camera3/rtsp
    comment         : rtsp_image_transport
    encoder         : Lavf58.29.100
    server          : SRS/5.0.213(Bee)
    server_version  : 5.0.213
  Duration: N/A, start: 0.000000, bitrate: N/A
    Stream #0:0: Data: none
    Stream #0:1: Video: h264 (Main), 1 reference frame, yuv420p(progressive, left), 1024x616 (1024x624) [SAR 1:1 DAR 128:77], 30 fps, 10 tbr, 1k tbn, 60 tbc
Unsupported codec with id 0 for input stream 0
[STREAM]
index=0
codec_name=unknown
codec_long_name=unknown
profile=unknown
codec_type=data
codec_tag_string=[0][0][0][0]
codec_tag=0x0000
id=N/A
r_frame_rate=0/0
avg_frame_rate=0/0
time_base=1/1000
start_pts=0
start_time=0.000000
duration_ts=N/A
duration=N/A
bit_rate=N/A
max_bit_rate=N/A
bits_per_raw_sample=N/A
nb_frames=N/A
nb_read_frames=N/A
nb_read_packets=N/A
DISPOSITION:default=0
DISPOSITION:dub=0
DISPOSITION:original=0
DISPOSITION:comment=0
DISPOSITION:lyrics=0
DISPOSITION:karaoke=0
DISPOSITION:forced=0
DISPOSITION:hearing_impaired=0
DISPOSITION:visual_impaired=0
DISPOSITION:clean_effects=0
DISPOSITION:attached_pic=0
DISPOSITION:timed_thumbnails=0
[/STREAM]
[STREAM]
index=1
codec_name=h264
codec_long_name=H.264 / AVC / MPEG-4 AVC / MPEG-4 part 10
profile=Main
codec_type=video
codec_time_base=1/60
codec_tag_string=[0][0][0][0]
codec_tag=0x0000
width=1024
height=616
coded_width=1024
coded_height=624
has_b_frames=0
sample_aspect_ratio=1:1
display_aspect_ratio=128:77
pix_fmt=yuv420p
level=31
color_range=unknown
color_space=unknown
color_transfer=unknown
color_primaries=unknown
chroma_location=left
field_order=progressive
timecode=N/A
refs=1
is_avc=true
nal_length_size=4
id=N/A
r_frame_rate=10/1
avg_frame_rate=30/1
time_base=1/1000
start_pts=10
start_time=0.010000
duration_ts=N/A
duration=N/A
bit_rate=N/A
max_bit_rate=N/A
bits_per_raw_sample=8
nb_frames=N/A
nb_read_frames=N/A
nb_read_packets=N/A
DISPOSITION:default=0
DISPOSITION:dub=0
DISPOSITION:original=0
DISPOSITION:comment=0
DISPOSITION:lyrics=0
DISPOSITION:karaoke=0
DISPOSITION:forced=0
DISPOSITION:hearing_impaired=0
DISPOSITION:visual_impaired=0
DISPOSITION:clean_effects=0
DISPOSITION:attached_pic=0
DISPOSITION:timed_thumbnails=0
[/STREAM]
[FORMAT]
filename=rtmp://43.199.149.178/live/front_right
nb_streams=2
nb_programs=0
format_name=flv
format_long_name=FLV (Flash Video)
start_time=0.000000
duration=N/A
size=N/A
bit_rate=N/A
probe_score=100
TAG:title=/camera3/rtsp
TAG:comment=rtsp_image_transport
TAG:encoder=Lavf58.29.100
TAG:server=SRS/5.0.213(Bee)
TAG:server_version=5.0.213
[/FORMAT]
[AVIOContext @ 0x565096dd5640] Statistics: 638327 bytes read, 0 seeks
---------------------[ ffprobe Log End ]----------------------
SUMMARY: Status OK. Check passed because ffprobe successfully connected to the stream and retrieved its information (Exit Code: 0).

====================[ End of Check Cycle ]====================

==========================================================
                STREAM STATUS CHECK @ Friday, July 25, 2025 AM11:32:28 HKT
==========================================================

------------------[ Checking Stream: front_left ]------------------
URL: rtmp://43.199.149.178/live/front_left
--------------------[ ffprobe Log Start ]---------------------
ffprobe version 4.2.7-0ubuntu0.1 Copyright (c) 2007-2022 the FFmpeg developers
  built with gcc 9 (Ubuntu 9.4.0-1ubuntu1~20.04.1)
  configuration: --prefix=/usr --extra-version=0ubuntu0.1 --toolchain=hardened --libdir=/usr/lib/x86_64-linux-gnu --incdir=/usr/include/x86_64-linux-gnu --arch=amd64 --enable-gpl --disable-stripping --enable-avresample --disable-filter=resample --enable-avisynth --enable-gnutls --enable-ladspa --enable-libaom --enable-libass --enable-libbluray --enable-libbs2b --enable-libcaca --enable-libcdio --enable-libcodec2 --enable-libflite --enable-libfontconfig --enable-libfreetype --enable-libfribidi --enable-libgme --enable-libgsm --enable-libjack --enable-libmp3lame --enable-libmysofa --enable-libopenjpeg --enable-libopenmpt --enable-libopus --enable-libpulse --enable-librsvg --enable-librubberband --enable-libshine --enable-libsnappy --enable-libsoxr --enable-libspeex --enable-libssh --enable-libtheora --enable-libtwolame --enable-libvidstab --enable-libvorbis --enable-libvpx --enable-libwavpack --enable-libwebp --enable-libx265 --enable-libxml2 --enable-libxvid --enable-libzmq --enable-libzvbi --enable-lv2 --enable-omx --enable-openal --enable-opencl --enable-opengl --enable-sdl2 --enable-libdc1394 --enable-libdrm --enable-libiec61883 --enable-nvenc --enable-chromaprint --enable-frei0r --enable-libx264 --enable-shared
  libavutil      56. 31.100 / 56. 31.100
  libavcodec     58. 54.100 / 58. 54.100
  libavformat    58. 29.100 / 58. 29.100
  libavdevice    58.  8.100 / 58.  8.100
  libavfilter     7. 57.100 /  7. 57.100
  libavresample   4.  0.  0 /  4.  0.  0
  libswscale      5.  5.100 /  5.  5.100
  libswresample   3.  5.100 /  3.  5.100
  libpostproc    55.  5.100 / 55.  5.100
[tcp @ 0x563994accc00] Starting connection attempt to 43.199.149.178 port 1935
[tcp @ 0x563994accc00] Successfully connected to 43.199.149.178 port 1935
[h264 @ 0x563994ae1240] Reinit context to 1024x624, pix_fmt: yuv420p
[flv @ 0x563994acb980] max_analyze_duration 5000000 reached at 5000000 microseconds st:1
Input #0, flv, from 'rtmp://43.199.149.178/live/front_left':
  Metadata:
    title           : /camera5/rtsp
    comment         : rtsp_image_transport
    encoder         : Lavf58.29.100
    server          : SRS/5.0.213(Bee)
    server_version  : 5.0.213
  Duration: N/A, start: 0.000000, bitrate: N/A
    Stream #0:0: Data: none
    Stream #0:1: Video: h264 (Main), 1 reference frame, yuv420p(progressive, left), 1024x616 (1024x624) [SAR 1:1 DAR 128:77], 30 fps, 10 tbr, 1k tbn, 60 tbc
Unsupported codec with id 0 for input stream 0
[STREAM]
index=0
codec_name=unknown
codec_long_name=unknown
profile=unknown
codec_type=data
codec_tag_string=[0][0][0][0]
codec_tag=0x0000
id=N/A
r_frame_rate=0/0
avg_frame_rate=0/0
time_base=1/1000
start_pts=0
start_time=0.000000
duration_ts=N/A
duration=N/A
bit_rate=N/A
max_bit_rate=N/A
bits_per_raw_sample=N/A
nb_frames=N/A
nb_read_frames=N/A
nb_read_packets=N/A
DISPOSITION:default=0
DISPOSITION:dub=0
DISPOSITION:original=0
DISPOSITION:comment=0
DISPOSITION:lyrics=0
DISPOSITION:karaoke=0
DISPOSITION:forced=0
DISPOSITION:hearing_impaired=0
DISPOSITION:visual_impaired=0
DISPOSITION:clean_effects=0
DISPOSITION:attached_pic=0
DISPOSITION:timed_thumbnails=0
[/STREAM]
[STREAM]
index=1
codec_name=h264
codec_long_name=H.264 / AVC / MPEG-4 AVC / MPEG-4 part 10
profile=Main
codec_type=video
codec_time_base=1/60
codec_tag_string=[0][0][0][0]
codec_tag=0x0000
width=1024
height=616
coded_width=1024
coded_height=624
has_b_frames=0
sample_aspect_ratio=1:1
display_aspect_ratio=128:77
pix_fmt=yuv420p
level=31
color_range=unknown
color_space=unknown
color_transfer=unknown
color_primaries=unknown
chroma_location=left
field_order=progressive
timecode=N/A
refs=1
is_avc=true
nal_length_size=4
id=N/A
r_frame_rate=10/1
avg_frame_rate=30/1
time_base=1/1000
start_pts=10
start_time=0.010000
duration_ts=N/A
duration=N/A
bit_rate=N/A
max_bit_rate=N/A
bits_per_raw_sample=8
nb_frames=N/A
nb_read_frames=N/A
nb_read_packets=N/A
DISPOSITION:default=0
DISPOSITION:dub=0
DISPOSITION:original=0
DISPOSITION:comment=0
DISPOSITION:lyrics=0
DISPOSITION:karaoke=0
DISPOSITION:forced=0
DISPOSITION:hearing_impaired=0
DISPOSITION:visual_impaired=0
DISPOSITION:clean_effects=0
DISPOSITION:attached_pic=0
DISPOSITION:timed_thumbnails=0
[/STREAM]
[FORMAT]
filename=rtmp://43.199.149.178/live/front_left
nb_streams=2
nb_programs=0
format_name=flv
format_long_name=FLV (Flash Video)
start_time=0.000000
duration=N/A
size=N/A
bit_rate=N/A
probe_score=100
TAG:title=/camera5/rtsp
TAG:comment=rtsp_image_transport
TAG:encoder=Lavf58.29.100
TAG:server=SRS/5.0.213(Bee)
TAG:server_version=5.0.213
[/FORMAT]
[AVIOContext @ 0x563994ace640] Statistics: 677278 bytes read, 0 seeks
---------------------[ ffprobe Log End ]----------------------
SUMMARY: Status OK. Check passed because ffprobe successfully connected to the stream and retrieved its information (Exit Code: 0).


------------------[ Checking Stream: front_right ]------------------
URL: rtmp://43.199.149.178/live/front_right
--------------------[ ffprobe Log Start ]---------------------
ffprobe version 4.2.7-0ubuntu0.1 Copyright (c) 2007-2022 the FFmpeg developers
  built with gcc 9 (Ubuntu 9.4.0-1ubuntu1~20.04.1)
  configuration: --prefix=/usr --extra-version=0ubuntu0.1 --toolchain=hardened --libdir=/usr/lib/x86_64-linux-gnu --incdir=/usr/include/x86_64-linux-gnu --arch=amd64 --enable-gpl --disable-stripping --enable-avresample --disable-filter=resample --enable-avisynth --enable-gnutls --enable-ladspa --enable-libaom --enable-libass --enable-libbluray --enable-libbs2b --enable-libcaca --enable-libcdio --enable-libcodec2 --enable-libflite --enable-libfontconfig --enable-libfreetype --enable-libfribidi --enable-libgme --enable-libgsm --enable-libjack --enable-libmp3lame --enable-libmysofa --enable-libopenjpeg --enable-libopenmpt --enable-libopus --enable-libpulse --enable-librsvg --enable-librubberband --enable-libshine --enable-libsnappy --enable-libsoxr --enable-libspeex --enable-libssh --enable-libtheora --enable-libtwolame --enable-libvidstab --enable-libvorbis --enable-libvpx --enable-libwavpack --enable-libwebp --enable-libx265 --enable-libxml2 --enable-libxvid --enable-libzmq --enable-libzvbi --enable-lv2 --enable-omx --enable-openal --enable-opencl --enable-opengl --enable-sdl2 --enable-libdc1394 --enable-libdrm --enable-libiec61883 --enable-nvenc --enable-chromaprint --enable-frei0r --enable-libx264 --enable-shared
  libavutil      56. 31.100 / 56. 31.100
  libavcodec     58. 54.100 / 58. 54.100
  libavformat    58. 29.100 / 58. 29.100
  libavdevice    58.  8.100 / 58.  8.100
  libavfilter     7. 57.100 /  7. 57.100
  libavresample   4.  0.  0 /  4.  0.  0
  libswscale      5.  5.100 /  5.  5.100
  libswresample   3.  5.100 /  3.  5.100
  libpostproc    55.  5.100 / 55.  5.100
[tcp @ 0x563647ab8c00] Starting connection attempt to 43.199.149.178 port 1935
[tcp @ 0x563647ab8c00] Successfully connected to 43.199.149.178 port 1935
[h264 @ 0x563647acd240] Reinit context to 1024x624, pix_fmt: yuv420p
[flv @ 0x563647ab7980] max_analyze_duration 5000000 reached at 5000000 microseconds st:1
Input #0, flv, from 'rtmp://43.199.149.178/live/front_right':
  Metadata:
    title           : /camera3/rtsp
    comment         : rtsp_image_transport
    encoder         : Lavf58.29.100
    server          : SRS/5.0.213(Bee)
    server_version  : 5.0.213
  Duration: N/A, start: 0.000000, bitrate: N/A
    Stream #0:0: Data: none
    Stream #0:1: Video: h264 (Main), 1 reference frame, yuv420p(progressive, left), 1024x616 (1024x624) [SAR 1:1 DAR 128:77], 30 fps, 10 tbr, 1k tbn, 60 tbc
Unsupported codec with id 0 for input stream 0
[STREAM]
index=0
codec_name=unknown
codec_long_name=unknown
profile=unknown
codec_type=data
codec_tag_string=[0][0][0][0]
codec_tag=0x0000
id=N/A
r_frame_rate=0/0
avg_frame_rate=0/0
time_base=1/1000
start_pts=0
start_time=0.000000
duration_ts=N/A
duration=N/A
bit_rate=N/A
max_bit_rate=N/A
bits_per_raw_sample=N/A
nb_frames=N/A
nb_read_frames=N/A
nb_read_packets=N/A
DISPOSITION:default=0
DISPOSITION:dub=0
DISPOSITION:original=0
DISPOSITION:comment=0
DISPOSITION:lyrics=0
DISPOSITION:karaoke=0
DISPOSITION:forced=0
DISPOSITION:hearing_impaired=0
DISPOSITION:visual_impaired=0
DISPOSITION:clean_effects=0
DISPOSITION:attached_pic=0
DISPOSITION:timed_thumbnails=0
[/STREAM]
[STREAM]
index=1
codec_name=h264
codec_long_name=H.264 / AVC / MPEG-4 AVC / MPEG-4 part 10
profile=Main
codec_type=video
codec_time_base=1/60
codec_tag_string=[0][0][0][0]
codec_tag=0x0000
width=1024
height=616
coded_width=1024
coded_height=624
has_b_frames=0
sample_aspect_ratio=1:1
display_aspect_ratio=128:77
pix_fmt=yuv420p
level=31
color_range=unknown
color_space=unknown
color_transfer=unknown
color_primaries=unknown
chroma_location=left
field_order=progressive
timecode=N/A
refs=1
is_avc=true
nal_length_size=4
id=N/A
r_frame_rate=10/1
avg_frame_rate=30/1
time_base=1/1000
start_pts=10
start_time=0.010000
duration_ts=N/A
duration=N/A
bit_rate=N/A
max_bit_rate=N/A
bits_per_raw_sample=8
nb_frames=N/A
nb_read_frames=N/A
nb_read_packets=N/A
DISPOSITION:default=0
DISPOSITION:dub=0
DISPOSITION:original=0
DISPOSITION:comment=0
DISPOSITION:lyrics=0
DISPOSITION:karaoke=0
DISPOSITION:forced=0
DISPOSITION:hearing_impaired=0
DISPOSITION:visual_impaired=0
DISPOSITION:clean_effects=0
DISPOSITION:attached_pic=0
DISPOSITION:timed_thumbnails=0
[/STREAM]
[FORMAT]
filename=rtmp://43.199.149.178/live/front_right
nb_streams=2
nb_programs=0
format_name=flv
format_long_name=FLV (Flash Video)
start_time=0.000000
duration=N/A
size=N/A
bit_rate=N/A
probe_score=100
TAG:title=/camera3/rtsp
TAG:comment=rtsp_image_transport
TAG:encoder=Lavf58.29.100
TAG:server=SRS/5.0.213(Bee)
TAG:server_version=5.0.213
[/FORMAT]
[AVIOContext @ 0x563647aba640] Statistics: 671664 bytes read, 0 seeks
---------------------[ ffprobe Log End ]----------------------
SUMMARY: Status OK. Check passed because ffprobe successfully connected to the stream and retrieved its information (Exit Code: 0).

====================[ End of Check Cycle ]====================

==========================================================
                STREAM STATUS CHECK @ Friday, July 25, 2025 AM11:33:58 HKT
==========================================================

------------------[ Checking Stream: front_left ]------------------
URL: rtmp://43.199.149.178/live/front_left
--------------------[ ffprobe Log Start ]---------------------
ffprobe version 4.2.7-0ubuntu0.1 Copyright (c) 2007-2022 the FFmpeg developers
  built with gcc 9 (Ubuntu 9.4.0-1ubuntu1~20.04.1)
  configuration: --prefix=/usr --extra-version=0ubuntu0.1 --toolchain=hardened --libdir=/usr/lib/x86_64-linux-gnu --incdir=/usr/include/x86_64-linux-gnu --arch=amd64 --enable-gpl --disable-stripping --enable-avresample --disable-filter=resample --enable-avisynth --enable-gnutls --enable-ladspa --enable-libaom --enable-libass --enable-libbluray --enable-libbs2b --enable-libcaca --enable-libcdio --enable-libcodec2 --enable-libflite --enable-libfontconfig --enable-libfreetype --enable-libfribidi --enable-libgme --enable-libgsm --enable-libjack --enable-libmp3lame --enable-libmysofa --enable-libopenjpeg --enable-libopenmpt --enable-libopus --enable-libpulse --enable-librsvg --enable-librubberband --enable-libshine --enable-libsnappy --enable-libsoxr --enable-libspeex --enable-libssh --enable-libtheora --enable-libtwolame --enable-libvidstab --enable-libvorbis --enable-libvpx --enable-libwavpack --enable-libwebp --enable-libx265 --enable-libxml2 --enable-libxvid --enable-libzmq --enable-libzvbi --enable-lv2 --enable-omx --enable-openal --enable-opencl --enable-opengl --enable-sdl2 --enable-libdc1394 --enable-libdrm --enable-libiec61883 --enable-nvenc --enable-chromaprint --enable-frei0r --enable-libx264 --enable-shared
  libavutil      56. 31.100 / 56. 31.100
  libavcodec     58. 54.100 / 58. 54.100
  libavformat    58. 29.100 / 58. 29.100
  libavdevice    58.  8.100 / 58.  8.100
  libavfilter     7. 57.100 /  7. 57.100
  libavresample   4.  0.  0 /  4.  0.  0
  libswscale      5.  5.100 /  5.  5.100
  libswresample   3.  5.100 /  3.  5.100
  libpostproc    55.  5.100 / 55.  5.100
[tcp @ 0x5632fedafc00] Starting connection attempt to 43.199.149.178 port 1935
[tcp @ 0x5632fedafc00] Successfully connected to 43.199.149.178 port 1935
[h264 @ 0x5632fedc4240] Reinit context to 1024x624, pix_fmt: yuv420p
[flv @ 0x5632fedae980] max_analyze_duration 5000000 reached at 5000000 microseconds st:1
Input #0, flv, from 'rtmp://43.199.149.178/live/front_left':
  Metadata:
    title           : /camera5/rtsp
    comment         : rtsp_image_transport
    encoder         : Lavf58.29.100
    server          : SRS/5.0.213(Bee)
    server_version  : 5.0.213
  Duration: N/A, start: 0.000000, bitrate: N/A
    Stream #0:0: Data: none
    Stream #0:1: Video: h264 (Main), 1 reference frame, yuv420p(progressive, left), 1024x616 (1024x624) [SAR 1:1 DAR 128:77], 30 fps, 10 tbr, 1k tbn, 60 tbc
Unsupported codec with id 0 for input stream 0
[STREAM]
index=0
codec_name=unknown
codec_long_name=unknown
profile=unknown
codec_type=data
codec_tag_string=[0][0][0][0]
codec_tag=0x0000
id=N/A
r_frame_rate=0/0
avg_frame_rate=0/0
time_base=1/1000
start_pts=0
start_time=0.000000
duration_ts=N/A
duration=N/A
bit_rate=N/A
max_bit_rate=N/A
bits_per_raw_sample=N/A
nb_frames=N/A
nb_read_frames=N/A
nb_read_packets=N/A
DISPOSITION:default=0
DISPOSITION:dub=0
DISPOSITION:original=0
DISPOSITION:comment=0
DISPOSITION:lyrics=0
DISPOSITION:karaoke=0
DISPOSITION:forced=0
DISPOSITION:hearing_impaired=0
DISPOSITION:visual_impaired=0
DISPOSITION:clean_effects=0
DISPOSITION:attached_pic=0
DISPOSITION:timed_thumbnails=0
[/STREAM]
[STREAM]
index=1
codec_name=h264
codec_long_name=H.264 / AVC / MPEG-4 AVC / MPEG-4 part 10
profile=Main
codec_type=video
codec_time_base=1/60
codec_tag_string=[0][0][0][0]
codec_tag=0x0000
width=1024
height=616
coded_width=1024
coded_height=624
has_b_frames=0
sample_aspect_ratio=1:1
display_aspect_ratio=128:77
pix_fmt=yuv420p
level=31
color_range=unknown
color_space=unknown
color_transfer=unknown
color_primaries=unknown
chroma_location=left
field_order=progressive
timecode=N/A
refs=1
is_avc=true
nal_length_size=4
id=N/A
r_frame_rate=10/1
avg_frame_rate=30/1
time_base=1/1000
start_pts=10
start_time=0.010000
duration_ts=N/A
duration=N/A
bit_rate=N/A
max_bit_rate=N/A
bits_per_raw_sample=8
nb_frames=N/A
nb_read_frames=N/A
nb_read_packets=N/A
DISPOSITION:default=0
DISPOSITION:dub=0
DISPOSITION:original=0
DISPOSITION:comment=0
DISPOSITION:lyrics=0
DISPOSITION:karaoke=0
DISPOSITION:forced=0
DISPOSITION:hearing_impaired=0
DISPOSITION:visual_impaired=0
DISPOSITION:clean_effects=0
DISPOSITION:attached_pic=0
DISPOSITION:timed_thumbnails=0
[/STREAM]
[FORMAT]
filename=rtmp://43.199.149.178/live/front_left
nb_streams=2
nb_programs=0
format_name=flv
format_long_name=FLV (Flash Video)
start_time=0.000000
duration=N/A
size=N/A
bit_rate=N/A
probe_score=100
TAG:title=/camera5/rtsp
TAG:comment=rtsp_image_transport
TAG:encoder=Lavf58.29.100
TAG:server=SRS/5.0.213(Bee)
TAG:server_version=5.0.213
[/FORMAT]
[AVIOContext @ 0x5632fedb1640] Statistics: 669073 bytes read, 0 seeks
---------------------[ ffprobe Log End ]----------------------
SUMMARY: Status OK. Check passed because ffprobe successfully connected to the stream and retrieved its information (Exit Code: 0).


------------------[ Checking Stream: front_right ]------------------
URL: rtmp://43.199.149.178/live/front_right
--------------------[ ffprobe Log Start ]---------------------
ffprobe version 4.2.7-0ubuntu0.1 Copyright (c) 2007-2022 the FFmpeg developers
  built with gcc 9 (Ubuntu 9.4.0-1ubuntu1~20.04.1)
  configuration: --prefix=/usr --extra-version=0ubuntu0.1 --toolchain=hardened --libdir=/usr/lib/x86_64-linux-gnu --incdir=/usr/include/x86_64-linux-gnu --arch=amd64 --enable-gpl --disable-stripping --enable-avresample --disable-filter=resample --enable-avisynth --enable-gnutls --enable-ladspa --enable-libaom --enable-libass --enable-libbluray --enable-libbs2b --enable-libcaca --enable-libcdio --enable-libcodec2 --enable-libflite --enable-libfontconfig --enable-libfreetype --enable-libfribidi --enable-libgme --enable-libgsm --enable-libjack --enable-libmp3lame --enable-libmysofa --enable-libopenjpeg --enable-libopenmpt --enable-libopus --enable-libpulse --enable-librsvg --enable-librubberband --enable-libshine --enable-libsnappy --enable-libsoxr --enable-libspeex --enable-libssh --enable-libtheora --enable-libtwolame --enable-libvidstab --enable-libvorbis --enable-libvpx --enable-libwavpack --enable-libwebp --enable-libx265 --enable-libxml2 --enable-libxvid --enable-libzmq --enable-libzvbi --enable-lv2 --enable-omx --enable-openal --enable-opencl --enable-opengl --enable-sdl2 --enable-libdc1394 --enable-libdrm --enable-libiec61883 --enable-nvenc --enable-chromaprint --enable-frei0r --enable-libx264 --enable-shared
  libavutil      56. 31.100 / 56. 31.100
  libavcodec     58. 54.100 / 58. 54.100
  libavformat    58. 29.100 / 58. 29.100
  libavdevice    58.  8.100 / 58.  8.100
  libavfilter     7. 57.100 /  7. 57.100
  libavresample   4.  0.  0 /  4.  0.  0
  libswscale      5.  5.100 /  5.  5.100
  libswresample   3.  5.100 /  3.  5.100
  libpostproc    55.  5.100 / 55.  5.100
[tcp @ 0x56533b298c00] Starting connection attempt to 43.199.149.178 port 1935
[tcp @ 0x56533b298c00] Successfully connected to 43.199.149.178 port 1935
[h264 @ 0x56533b2ad240] Reinit context to 1024x624, pix_fmt: yuv420p
[flv @ 0x56533b297980] max_analyze_duration 5000000 reached at 5000000 microseconds st:1
Input #0, flv, from 'rtmp://43.199.149.178/live/front_right':
  Metadata:
    title           : /camera3/rtsp
    comment         : rtsp_image_transport
    encoder         : Lavf58.29.100
    server          : SRS/5.0.213(Bee)
    server_version  : 5.0.213
  Duration: N/A, start: 0.000000, bitrate: N/A
    Stream #0:0: Data: none
    Stream #0:1: Video: h264 (Main), 1 reference frame, yuv420p(progressive, left), 1024x616 (1024x624) [SAR 1:1 DAR 128:77], 30 fps, 10 tbr, 1k tbn, 60 tbc
Unsupported codec with id 0 for input stream 0
[STREAM]
index=0
codec_name=unknown
codec_long_name=unknown
profile=unknown
codec_type=data
codec_tag_string=[0][0][0][0]
codec_tag=0x0000
id=N/A
r_frame_rate=0/0
avg_frame_rate=0/0
time_base=1/1000
start_pts=0
start_time=0.000000
duration_ts=N/A
duration=N/A
bit_rate=N/A
max_bit_rate=N/A
bits_per_raw_sample=N/A
nb_frames=N/A
nb_read_frames=N/A
nb_read_packets=N/A
DISPOSITION:default=0
DISPOSITION:dub=0
DISPOSITION:original=0
DISPOSITION:comment=0
DISPOSITION:lyrics=0
DISPOSITION:karaoke=0
DISPOSITION:forced=0
DISPOSITION:hearing_impaired=0
DISPOSITION:visual_impaired=0
DISPOSITION:clean_effects=0
DISPOSITION:attached_pic=0
DISPOSITION:timed_thumbnails=0
[/STREAM]
[STREAM]
index=1
codec_name=h264
codec_long_name=H.264 / AVC / MPEG-4 AVC / MPEG-4 part 10
profile=Main
codec_type=video
codec_time_base=1/60
codec_tag_string=[0][0][0][0]
codec_tag=0x0000
width=1024
height=616
coded_width=1024
coded_height=624
has_b_frames=0
sample_aspect_ratio=1:1
display_aspect_ratio=128:77
pix_fmt=yuv420p
level=31
color_range=unknown
color_space=unknown
color_transfer=unknown
color_primaries=unknown
chroma_location=left
field_order=progressive
timecode=N/A
refs=1
is_avc=true
nal_length_size=4
id=N/A
r_frame_rate=10/1
avg_frame_rate=30/1
time_base=1/1000
start_pts=10
start_time=0.010000
duration_ts=N/A
duration=N/A
bit_rate=N/A
max_bit_rate=N/A
bits_per_raw_sample=8
nb_frames=N/A
nb_read_frames=N/A
nb_read_packets=N/A
DISPOSITION:default=0
DISPOSITION:dub=0
DISPOSITION:original=0
DISPOSITION:comment=0
DISPOSITION:lyrics=0
DISPOSITION:karaoke=0
DISPOSITION:forced=0
DISPOSITION:hearing_impaired=0
DISPOSITION:visual_impaired=0
DISPOSITION:clean_effects=0
DISPOSITION:attached_pic=0
DISPOSITION:timed_thumbnails=0
[/STREAM]
[FORMAT]
filename=rtmp://43.199.149.178/live/front_right
nb_streams=2
nb_programs=0
format_name=flv
format_long_name=FLV (Flash Video)
start_time=0.000000
duration=N/A
size=N/A
bit_rate=N/A
probe_score=100
TAG:title=/camera3/rtsp
TAG:comment=rtsp_image_transport
TAG:encoder=Lavf58.29.100
TAG:server=SRS/5.0.213(Bee)
TAG:server_version=5.0.213
[/FORMAT]
[AVIOContext @ 0x56533b29a640] Statistics: 659286 bytes read, 0 seeks
---------------------[ ffprobe Log End ]----------------------
SUMMARY: Status OK. Check passed because ffprobe successfully connected to the stream and retrieved its information (Exit Code: 0).

====================[ End of Check Cycle ]====================

==========================================================
                STREAM STATUS CHECK @ Friday, July 25, 2025 AM11:35:28 HKT
==========================================================

------------------[ Checking Stream: front_left ]------------------
URL: rtmp://43.199.149.178/live/front_left
--------------------[ ffprobe Log Start ]---------------------
ffprobe version 4.2.7-0ubuntu0.1 Copyright (c) 2007-2022 the FFmpeg developers
  built with gcc 9 (Ubuntu 9.4.0-1ubuntu1~20.04.1)
  configuration: --prefix=/usr --extra-version=0ubuntu0.1 --toolchain=hardened --libdir=/usr/lib/x86_64-linux-gnu --incdir=/usr/include/x86_64-linux-gnu --arch=amd64 --enable-gpl --disable-stripping --enable-avresample --disable-filter=resample --enable-avisynth --enable-gnutls --enable-ladspa --enable-libaom --enable-libass --enable-libbluray --enable-libbs2b --enable-libcaca --enable-libcdio --enable-libcodec2 --enable-libflite --enable-libfontconfig --enable-libfreetype --enable-libfribidi --enable-libgme --enable-libgsm --enable-libjack --enable-libmp3lame --enable-libmysofa --enable-libopenjpeg --enable-libopenmpt --enable-libopus --enable-libpulse --enable-librsvg --enable-librubberband --enable-libshine --enable-libsnappy --enable-libsoxr --enable-libspeex --enable-libssh --enable-libtheora --enable-libtwolame --enable-libvidstab --enable-libvorbis --enable-libvpx --enable-libwavpack --enable-libwebp --enable-libx265 --enable-libxml2 --enable-libxvid --enable-libzmq --enable-libzvbi --enable-lv2 --enable-omx --enable-openal --enable-opencl --enable-opengl --enable-sdl2 --enable-libdc1394 --enable-libdrm --enable-libiec61883 --enable-nvenc --enable-chromaprint --enable-frei0r --enable-libx264 --enable-shared
  libavutil      56. 31.100 / 56. 31.100
  libavcodec     58. 54.100 / 58. 54.100
  libavformat    58. 29.100 / 58. 29.100
  libavdevice    58.  8.100 / 58.  8.100
  libavfilter     7. 57.100 /  7. 57.100
  libavresample   4.  0.  0 /  4.  0.  0
  libswscale      5.  5.100 /  5.  5.100
  libswresample   3.  5.100 /  3.  5.100
  libpostproc    55.  5.100 / 55.  5.100
[tcp @ 0x55e8f3b8cc00] Starting connection attempt to 43.199.149.178 port 1935
[tcp @ 0x55e8f3b8cc00] Successfully connected to 43.199.149.178 port 1935
[h264 @ 0x55e8f3ba1240] Reinit context to 1024x624, pix_fmt: yuv420p
[flv @ 0x55e8f3b8b980] max_analyze_duration 5000000 reached at 5000000 microseconds st:1
Input #0, flv, from 'rtmp://43.199.149.178/live/front_left':
  Metadata:
    title           : /camera5/rtsp
    comment         : rtsp_image_transport
    encoder         : Lavf58.29.100
    server          : SRS/5.0.213(Bee)
    server_version  : 5.0.213
  Duration: N/A, start: 0.000000, bitrate: N/A
    Stream #0:0: Data: none
    Stream #0:1: Video: h264 (Main), 1 reference frame, yuv420p(progressive, left), 1024x616 (1024x624) [SAR 1:1 DAR 128:77], 30 fps, 10 tbr, 1k tbn, 60 tbc
Unsupported codec with id 0 for input stream 0
[STREAM]
index=0
codec_name=unknown
codec_long_name=unknown
profile=unknown
codec_type=data
codec_tag_string=[0][0][0][0]
codec_tag=0x0000
id=N/A
r_frame_rate=0/0
avg_frame_rate=0/0
time_base=1/1000
start_pts=0
start_time=0.000000
duration_ts=N/A
duration=N/A
bit_rate=N/A
max_bit_rate=N/A
bits_per_raw_sample=N/A
nb_frames=N/A
nb_read_frames=N/A
nb_read_packets=N/A
DISPOSITION:default=0
DISPOSITION:dub=0
DISPOSITION:original=0
DISPOSITION:comment=0
DISPOSITION:lyrics=0
DISPOSITION:karaoke=0
DISPOSITION:forced=0
DISPOSITION:hearing_impaired=0
DISPOSITION:visual_impaired=0
DISPOSITION:clean_effects=0
DISPOSITION:attached_pic=0
DISPOSITION:timed_thumbnails=0
[/STREAM]
[STREAM]
index=1
codec_name=h264
codec_long_name=H.264 / AVC / MPEG-4 AVC / MPEG-4 part 10
profile=Main
codec_type=video
codec_time_base=1/60
codec_tag_string=[0][0][0][0]
codec_tag=0x0000
width=1024
height=616
coded_width=1024
coded_height=624
has_b_frames=0
sample_aspect_ratio=1:1
display_aspect_ratio=128:77
pix_fmt=yuv420p
level=31
color_range=unknown
color_space=unknown
color_transfer=unknown
color_primaries=unknown
chroma_location=left
field_order=progressive
timecode=N/A
refs=1
is_avc=true
nal_length_size=4
id=N/A
r_frame_rate=10/1
avg_frame_rate=30/1
time_base=1/1000
start_pts=10
start_time=0.010000
duration_ts=N/A
duration=N/A
bit_rate=N/A
max_bit_rate=N/A
bits_per_raw_sample=8
nb_frames=N/A
nb_read_frames=N/A
nb_read_packets=N/A
DISPOSITION:default=0
DISPOSITION:dub=0
DISPOSITION:original=0
DISPOSITION:comment=0
DISPOSITION:lyrics=0
DISPOSITION:karaoke=0
DISPOSITION:forced=0
DISPOSITION:hearing_impaired=0
DISPOSITION:visual_impaired=0
DISPOSITION:clean_effects=0
DISPOSITION:attached_pic=0
DISPOSITION:timed_thumbnails=0
[/STREAM]
[FORMAT]
filename=rtmp://43.199.149.178/live/front_left
nb_streams=2
nb_programs=0
format_name=flv
format_long_name=FLV (Flash Video)
start_time=0.000000
duration=N/A
size=N/A
bit_rate=N/A
probe_score=100
TAG:title=/camera5/rtsp
TAG:comment=rtsp_image_transport
TAG:encoder=Lavf58.29.100
TAG:server=SRS/5.0.213(Bee)
TAG:server_version=5.0.213
[/FORMAT]
[AVIOContext @ 0x55e8f3b8e640] Statistics: 655530 bytes read, 0 seeks
---------------------[ ffprobe Log End ]----------------------
SUMMARY: Status OK. Check passed because ffprobe successfully connected to the stream and retrieved its information (Exit Code: 0).


------------------[ Checking Stream: front_right ]------------------
URL: rtmp://43.199.149.178/live/front_right
--------------------[ ffprobe Log Start ]---------------------
ffprobe version 4.2.7-0ubuntu0.1 Copyright (c) 2007-2022 the FFmpeg developers
  built with gcc 9 (Ubuntu 9.4.0-1ubuntu1~20.04.1)
  configuration: --prefix=/usr --extra-version=0ubuntu0.1 --toolchain=hardened --libdir=/usr/lib/x86_64-linux-gnu --incdir=/usr/include/x86_64-linux-gnu --arch=amd64 --enable-gpl --disable-stripping --enable-avresample --disable-filter=resample --enable-avisynth --enable-gnutls --enable-ladspa --enable-libaom --enable-libass --enable-libbluray --enable-libbs2b --enable-libcaca --enable-libcdio --enable-libcodec2 --enable-libflite --enable-libfontconfig --enable-libfreetype --enable-libfribidi --enable-libgme --enable-libgsm --enable-libjack --enable-libmp3lame --enable-libmysofa --enable-libopenjpeg --enable-libopenmpt --enable-libopus --enable-libpulse --enable-librsvg --enable-librubberband --enable-libshine --enable-libsnappy --enable-libsoxr --enable-libspeex --enable-libssh --enable-libtheora --enable-libtwolame --enable-libvidstab --enable-libvorbis --enable-libvpx --enable-libwavpack --enable-libwebp --enable-libx265 --enable-libxml2 --enable-libxvid --enable-libzmq --enable-libzvbi --enable-lv2 --enable-omx --enable-openal --enable-opencl --enable-opengl --enable-sdl2 --enable-libdc1394 --enable-libdrm --enable-libiec61883 --enable-nvenc --enable-chromaprint --enable-frei0r --enable-libx264 --enable-shared
  libavutil      56. 31.100 / 56. 31.100
  libavcodec     58. 54.100 / 58. 54.100
  libavformat    58. 29.100 / 58. 29.100
  libavdevice    58.  8.100 / 58.  8.100
  libavfilter     7. 57.100 /  7. 57.100
  libavresample   4.  0.  0 /  4.  0.  0
  libswscale      5.  5.100 /  5.  5.100
  libswresample   3.  5.100 /  3.  5.100
  libpostproc    55.  5.100 / 55.  5.100
[tcp @ 0x55657c70cc00] Starting connection attempt to 43.199.149.178 port 1935
[tcp @ 0x55657c70cc00] Successfully connected to 43.199.149.178 port 1935
[h264 @ 0x55657c721240] Reinit context to 1024x624, pix_fmt: yuv420p
[flv @ 0x55657c70b980] max_analyze_duration 5000000 reached at 5000000 microseconds st:1
Input #0, flv, from 'rtmp://43.199.149.178/live/front_right':
  Metadata:
    title           : /camera3/rtsp
    comment         : rtsp_image_transport
    encoder         : Lavf58.29.100
    server          : SRS/5.0.213(Bee)
    server_version  : 5.0.213
  Duration: N/A, start: 0.000000, bitrate: N/A
    Stream #0:0: Data: none
    Stream #0:1: Video: h264 (Main), 1 reference frame, yuv420p(progressive, left), 1024x616 (1024x624) [SAR 1:1 DAR 128:77], 30 fps, 10 tbr, 1k tbn, 60 tbc
Unsupported codec with id 0 for input stream 0
[STREAM]
index=0
codec_name=unknown
codec_long_name=unknown
profile=unknown
codec_type=data
codec_tag_string=[0][0][0][0]
codec_tag=0x0000
id=N/A
r_frame_rate=0/0
avg_frame_rate=0/0
time_base=1/1000
start_pts=0
start_time=0.000000
duration_ts=N/A
duration=N/A
bit_rate=N/A
max_bit_rate=N/A
bits_per_raw_sample=N/A
nb_frames=N/A
nb_read_frames=N/A
nb_read_packets=N/A
DISPOSITION:default=0
DISPOSITION:dub=0
DISPOSITION:original=0
DISPOSITION:comment=0
DISPOSITION:lyrics=0
DISPOSITION:karaoke=0
DISPOSITION:forced=0
DISPOSITION:hearing_impaired=0
DISPOSITION:visual_impaired=0
DISPOSITION:clean_effects=0
DISPOSITION:attached_pic=0
DISPOSITION:timed_thumbnails=0
[/STREAM]
[STREAM]
index=1
codec_name=h264
codec_long_name=H.264 / AVC / MPEG-4 AVC / MPEG-4 part 10
profile=Main
codec_type=video
codec_time_base=1/60
codec_tag_string=[0][0][0][0]
codec_tag=0x0000
width=1024
height=616
coded_width=1024
coded_height=624
has_b_frames=0
sample_aspect_ratio=1:1
display_aspect_ratio=128:77
pix_fmt=yuv420p
level=31
color_range=unknown
color_space=unknown
color_transfer=unknown
color_primaries=unknown
chroma_location=left
field_order=progressive
timecode=N/A
refs=1
is_avc=true
nal_length_size=4
id=N/A
r_frame_rate=10/1
avg_frame_rate=30/1
time_base=1/1000
start_pts=10
start_time=0.010000
duration_ts=N/A
duration=N/A
bit_rate=N/A
max_bit_rate=N/A
bits_per_raw_sample=8
nb_frames=N/A
nb_read_frames=N/A
nb_read_packets=N/A
DISPOSITION:default=0
DISPOSITION:dub=0
DISPOSITION:original=0
DISPOSITION:comment=0
DISPOSITION:lyrics=0
DISPOSITION:karaoke=0
DISPOSITION:forced=0
DISPOSITION:hearing_impaired=0
DISPOSITION:visual_impaired=0
DISPOSITION:clean_effects=0
DISPOSITION:attached_pic=0
DISPOSITION:timed_thumbnails=0
[/STREAM]
[FORMAT]
filename=rtmp://43.199.149.178/live/front_right
nb_streams=2
nb_programs=0
format_name=flv
format_long_name=FLV (Flash Video)
start_time=0.000000
duration=N/A
size=N/A
bit_rate=N/A
probe_score=100
TAG:title=/camera3/rtsp
TAG:comment=rtsp_image_transport
TAG:encoder=Lavf58.29.100
TAG:server=SRS/5.0.213(Bee)
TAG:server_version=5.0.213
[/FORMAT]
[AVIOContext @ 0x55657c70e640] Statistics: 663697 bytes read, 0 seeks
---------------------[ ffprobe Log End ]----------------------
SUMMARY: Status OK. Check passed because ffprobe successfully connected to the stream and retrieved its information (Exit Code: 0).

====================[ End of Check Cycle ]====================

==========================================================
                STREAM STATUS CHECK @ Friday, July 25, 2025 AM11:36:58 HKT
==========================================================

------------------[ Checking Stream: front_left ]------------------
URL: rtmp://43.199.149.178/live/front_left
--------------------[ ffprobe Log Start ]---------------------
ffprobe version 4.2.7-0ubuntu0.1 Copyright (c) 2007-2022 the FFmpeg developers
  built with gcc 9 (Ubuntu 9.4.0-1ubuntu1~20.04.1)
  configuration: --prefix=/usr --extra-version=0ubuntu0.1 --toolchain=hardened --libdir=/usr/lib/x86_64-linux-gnu --incdir=/usr/include/x86_64-linux-gnu --arch=amd64 --enable-gpl --disable-stripping --enable-avresample --disable-filter=resample --enable-avisynth --enable-gnutls --enable-ladspa --enable-libaom --enable-libass --enable-libbluray --enable-libbs2b --enable-libcaca --enable-libcdio --enable-libcodec2 --enable-libflite --enable-libfontconfig --enable-libfreetype --enable-libfribidi --enable-libgme --enable-libgsm --enable-libjack --enable-libmp3lame --enable-libmysofa --enable-libopenjpeg --enable-libopenmpt --enable-libopus --enable-libpulse --enable-librsvg --enable-librubberband --enable-libshine --enable-libsnappy --enable-libsoxr --enable-libspeex --enable-libssh --enable-libtheora --enable-libtwolame --enable-libvidstab --enable-libvorbis --enable-libvpx --enable-libwavpack --enable-libwebp --enable-libx265 --enable-libxml2 --enable-libxvid --enable-libzmq --enable-libzvbi --enable-lv2 --enable-omx --enable-openal --enable-opencl --enable-opengl --enable-sdl2 --enable-libdc1394 --enable-libdrm --enable-libiec61883 --enable-nvenc --enable-chromaprint --enable-frei0r --enable-libx264 --enable-shared
  libavutil      56. 31.100 / 56. 31.100
  libavcodec     58. 54.100 / 58. 54.100
  libavformat    58. 29.100 / 58. 29.100
  libavdevice    58.  8.100 / 58.  8.100
  libavfilter     7. 57.100 /  7. 57.100
  libavresample   4.  0.  0 /  4.  0.  0
  libswscale      5.  5.100 /  5.  5.100
  libswresample   3.  5.100 /  3.  5.100
  libpostproc    55.  5.100 / 55.  5.100
[tcp @ 0x5575a60f7c00] Starting connection attempt to 43.199.149.178 port 1935
[tcp @ 0x5575a60f7c00] Successfully connected to 43.199.149.178 port 1935
[h264 @ 0x5575a610c240] Reinit context to 1024x624, pix_fmt: yuv420p
[flv @ 0x5575a60f6980] max_analyze_duration 5000000 reached at 5000000 microseconds st:1
Input #0, flv, from 'rtmp://43.199.149.178/live/front_left':
  Metadata:
    title           : /camera5/rtsp
    comment         : rtsp_image_transport
    encoder         : Lavf58.29.100
    server          : SRS/5.0.213(Bee)
    server_version  : 5.0.213
  Duration: N/A, start: 0.000000, bitrate: N/A
    Stream #0:0: Data: none
    Stream #0:1: Video: h264 (Main), 1 reference frame, yuv420p(progressive, left), 1024x616 (1024x624) [SAR 1:1 DAR 128:77], 30 fps, 10 tbr, 1k tbn, 60 tbc
Unsupported codec with id 0 for input stream 0
[STREAM]
index=0
codec_name=unknown
codec_long_name=unknown
profile=unknown
codec_type=data
codec_tag_string=[0][0][0][0]
codec_tag=0x0000
id=N/A
r_frame_rate=0/0
avg_frame_rate=0/0
time_base=1/1000
start_pts=0
start_time=0.000000
duration_ts=N/A
duration=N/A
bit_rate=N/A
max_bit_rate=N/A
bits_per_raw_sample=N/A
nb_frames=N/A
nb_read_frames=N/A
nb_read_packets=N/A
DISPOSITION:default=0
DISPOSITION:dub=0
DISPOSITION:original=0
DISPOSITION:comment=0
DISPOSITION:lyrics=0
DISPOSITION:karaoke=0
DISPOSITION:forced=0
DISPOSITION:hearing_impaired=0
DISPOSITION:visual_impaired=0
DISPOSITION:clean_effects=0
DISPOSITION:attached_pic=0
DISPOSITION:timed_thumbnails=0
[/STREAM]
[STREAM]
index=1
codec_name=h264
codec_long_name=H.264 / AVC / MPEG-4 AVC / MPEG-4 part 10
profile=Main
codec_type=video
codec_time_base=1/60
codec_tag_string=[0][0][0][0]
codec_tag=0x0000
width=1024
height=616
coded_width=1024
coded_height=624
has_b_frames=0
sample_aspect_ratio=1:1
display_aspect_ratio=128:77
pix_fmt=yuv420p
level=31
color_range=unknown
color_space=unknown
color_transfer=unknown
color_primaries=unknown
chroma_location=left
field_order=progressive
timecode=N/A
refs=1
is_avc=true
nal_length_size=4
id=N/A
r_frame_rate=10/1
avg_frame_rate=30/1
time_base=1/1000
start_pts=10
start_time=0.010000
duration_ts=N/A
duration=N/A
bit_rate=N/A
max_bit_rate=N/A
bits_per_raw_sample=8
nb_frames=N/A
nb_read_frames=N/A
nb_read_packets=N/A
DISPOSITION:default=0
DISPOSITION:dub=0
DISPOSITION:original=0
DISPOSITION:comment=0
DISPOSITION:lyrics=0
DISPOSITION:karaoke=0
DISPOSITION:forced=0
DISPOSITION:hearing_impaired=0
DISPOSITION:visual_impaired=0
DISPOSITION:clean_effects=0
DISPOSITION:attached_pic=0
DISPOSITION:timed_thumbnails=0
[/STREAM]
[FORMAT]
filename=rtmp://43.199.149.178/live/front_left
nb_streams=2
nb_programs=0
format_name=flv
format_long_name=FLV (Flash Video)
start_time=0.000000
duration=N/A
size=N/A
bit_rate=N/A
probe_score=100
TAG:title=/camera5/rtsp
TAG:comment=rtsp_image_transport
TAG:encoder=Lavf58.29.100
TAG:server=SRS/5.0.213(Bee)
TAG:server_version=5.0.213
[/FORMAT]
[AVIOContext @ 0x5575a60f9640] Statistics: 684040 bytes read, 0 seeks
---------------------[ ffprobe Log End ]----------------------
SUMMARY: Status OK. Check passed because ffprobe successfully connected to the stream and retrieved its information (Exit Code: 0).


------------------[ Checking Stream: front_right ]------------------
URL: rtmp://43.199.149.178/live/front_right
--------------------[ ffprobe Log Start ]---------------------
ffprobe version 4.2.7-0ubuntu0.1 Copyright (c) 2007-2022 the FFmpeg developers
  built with gcc 9 (Ubuntu 9.4.0-1ubuntu1~20.04.1)
  configuration: --prefix=/usr --extra-version=0ubuntu0.1 --toolchain=hardened --libdir=/usr/lib/x86_64-linux-gnu --incdir=/usr/include/x86_64-linux-gnu --arch=amd64 --enable-gpl --disable-stripping --enable-avresample --disable-filter=resample --enable-avisynth --enable-gnutls --enable-ladspa --enable-libaom --enable-libass --enable-libbluray --enable-libbs2b --enable-libcaca --enable-libcdio --enable-libcodec2 --enable-libflite --enable-libfontconfig --enable-libfreetype --enable-libfribidi --enable-libgme --enable-libgsm --enable-libjack --enable-libmp3lame --enable-libmysofa --enable-libopenjpeg --enable-libopenmpt --enable-libopus --enable-libpulse --enable-librsvg --enable-librubberband --enable-libshine --enable-libsnappy --enable-libsoxr --enable-libspeex --enable-libssh --enable-libtheora --enable-libtwolame --enable-libvidstab --enable-libvorbis --enable-libvpx --enable-libwavpack --enable-libwebp --enable-libx265 --enable-libxml2 --enable-libxvid --enable-libzmq --enable-libzvbi --enable-lv2 --enable-omx --enable-openal --enable-opencl --enable-opengl --enable-sdl2 --enable-libdc1394 --enable-libdrm --enable-libiec61883 --enable-nvenc --enable-chromaprint --enable-frei0r --enable-libx264 --enable-shared
  libavutil      56. 31.100 / 56. 31.100
  libavcodec     58. 54.100 / 58. 54.100
  libavformat    58. 29.100 / 58. 29.100
  libavdevice    58.  8.100 / 58.  8.100
  libavfilter     7. 57.100 /  7. 57.100
  libavresample   4.  0.  0 /  4.  0.  0
  libswscale      5.  5.100 /  5.  5.100
  libswresample   3.  5.100 /  3.  5.100
  libpostproc    55.  5.100 / 55.  5.100
[tcp @ 0x560b3be69c00] Starting connection attempt to 43.199.149.178 port 1935
[tcp @ 0x560b3be69c00] Successfully connected to 43.199.149.178 port 1935
[h264 @ 0x560b3be7e240] Reinit context to 1024x624, pix_fmt: yuv420p
[flv @ 0x560b3be68980] max_analyze_duration 5000000 reached at 5000000 microseconds st:1
Input #0, flv, from 'rtmp://43.199.149.178/live/front_right':
  Metadata:
    title           : /camera3/rtsp
    comment         : rtsp_image_transport
    encoder         : Lavf58.29.100
    server          : SRS/5.0.213(Bee)
    server_version  : 5.0.213
  Duration: N/A, start: 0.000000, bitrate: N/A
    Stream #0:0: Data: none
    Stream #0:1: Video: h264 (Main), 1 reference frame, yuv420p(progressive, left), 1024x616 (1024x624) [SAR 1:1 DAR 128:77], 30 fps, 10 tbr, 1k tbn, 60 tbc
Unsupported codec with id 0 for input stream 0
[STREAM]
index=0
codec_name=unknown
codec_long_name=unknown
profile=unknown
codec_type=data
codec_tag_string=[0][0][0][0]
codec_tag=0x0000
id=N/A
r_frame_rate=0/0
avg_frame_rate=0/0
time_base=1/1000
start_pts=0
start_time=0.000000
duration_ts=N/A
duration=N/A
bit_rate=N/A
max_bit_rate=N/A
bits_per_raw_sample=N/A
nb_frames=N/A
nb_read_frames=N/A
nb_read_packets=N/A
DISPOSITION:default=0
DISPOSITION:dub=0
DISPOSITION:original=0
DISPOSITION:comment=0
DISPOSITION:lyrics=0
DISPOSITION:karaoke=0
DISPOSITION:forced=0
DISPOSITION:hearing_impaired=0
DISPOSITION:visual_impaired=0
DISPOSITION:clean_effects=0
DISPOSITION:attached_pic=0
DISPOSITION:timed_thumbnails=0
[/STREAM]
[STREAM]
index=1
codec_name=h264
codec_long_name=H.264 / AVC / MPEG-4 AVC / MPEG-4 part 10
profile=Main
codec_type=video
codec_time_base=1/60
codec_tag_string=[0][0][0][0]
codec_tag=0x0000
width=1024
height=616
coded_width=1024
coded_height=624
has_b_frames=0
sample_aspect_ratio=1:1
display_aspect_ratio=128:77
pix_fmt=yuv420p
level=31
color_range=unknown
color_space=unknown
color_transfer=unknown
color_primaries=unknown
chroma_location=left
field_order=progressive
timecode=N/A
refs=1
is_avc=true
nal_length_size=4
id=N/A
r_frame_rate=10/1
avg_frame_rate=30/1
time_base=1/1000
start_pts=10
start_time=0.010000
duration_ts=N/A
duration=N/A
bit_rate=N/A
max_bit_rate=N/A
bits_per_raw_sample=8
nb_frames=N/A
nb_read_frames=N/A
nb_read_packets=N/A
DISPOSITION:default=0
DISPOSITION:dub=0
DISPOSITION:original=0
DISPOSITION:comment=0
DISPOSITION:lyrics=0
DISPOSITION:karaoke=0
DISPOSITION:forced=0
DISPOSITION:hearing_impaired=0
DISPOSITION:visual_impaired=0
DISPOSITION:clean_effects=0
DISPOSITION:attached_pic=0
DISPOSITION:timed_thumbnails=0
[/STREAM]
[FORMAT]
filename=rtmp://43.199.149.178/live/front_right
nb_streams=2
nb_programs=0
format_name=flv
format_long_name=FLV (Flash Video)
start_time=0.000000
duration=N/A
size=N/A
bit_rate=N/A
probe_score=100
TAG:title=/camera3/rtsp
TAG:comment=rtsp_image_transport
TAG:encoder=Lavf58.29.100
TAG:server=SRS/5.0.213(Bee)
TAG:server_version=5.0.213
[/FORMAT]
[AVIOContext @ 0x560b3be6b640] Statistics: 679841 bytes read, 0 seeks
---------------------[ ffprobe Log End ]----------------------
SUMMARY: Status OK. Check passed because ffprobe successfully connected to the stream and retrieved its information (Exit Code: 0).

====================[ End of Check Cycle ]====================

==========================================================
                STREAM STATUS CHECK @ Friday, July 25, 2025 AM11:38:27 HKT
==========================================================

------------------[ Checking Stream: front_left ]------------------
URL: rtmp://43.199.149.178/live/front_left
--------------------[ ffprobe Log Start ]---------------------
ffprobe version 4.2.7-0ubuntu0.1 Copyright (c) 2007-2022 the FFmpeg developers
  built with gcc 9 (Ubuntu 9.4.0-1ubuntu1~20.04.1)
  configuration: --prefix=/usr --extra-version=0ubuntu0.1 --toolchain=hardened --libdir=/usr/lib/x86_64-linux-gnu --incdir=/usr/include/x86_64-linux-gnu --arch=amd64 --enable-gpl --disable-stripping --enable-avresample --disable-filter=resample --enable-avisynth --enable-gnutls --enable-ladspa --enable-libaom --enable-libass --enable-libbluray --enable-libbs2b --enable-libcaca --enable-libcdio --enable-libcodec2 --enable-libflite --enable-libfontconfig --enable-libfreetype --enable-libfribidi --enable-libgme --enable-libgsm --enable-libjack --enable-libmp3lame --enable-libmysofa --enable-libopenjpeg --enable-libopenmpt --enable-libopus --enable-libpulse --enable-librsvg --enable-librubberband --enable-libshine --enable-libsnappy --enable-libsoxr --enable-libspeex --enable-libssh --enable-libtheora --enable-libtwolame --enable-libvidstab --enable-libvorbis --enable-libvpx --enable-libwavpack --enable-libwebp --enable-libx265 --enable-libxml2 --enable-libxvid --enable-libzmq --enable-libzvbi --enable-lv2 --enable-omx --enable-openal --enable-opencl --enable-opengl --enable-sdl2 --enable-libdc1394 --enable-libdrm --enable-libiec61883 --enable-nvenc --enable-chromaprint --enable-frei0r --enable-libx264 --enable-shared
  libavutil      56. 31.100 / 56. 31.100
  libavcodec     58. 54.100 / 58. 54.100
  libavformat    58. 29.100 / 58. 29.100
  libavdevice    58.  8.100 / 58.  8.100
  libavfilter     7. 57.100 /  7. 57.100
  libavresample   4.  0.  0 /  4.  0.  0
  libswscale      5.  5.100 /  5.  5.100
  libswresample   3.  5.100 /  3.  5.100
  libpostproc    55.  5.100 / 55.  5.100
[tcp @ 0x5629024e1c00] Starting connection attempt to 43.199.149.178 port 1935
[tcp @ 0x5629024e1c00] Successfully connected to 43.199.149.178 port 1935
[h264 @ 0x5629024f6240] Reinit context to 1024x624, pix_fmt: yuv420p
[flv @ 0x5629024e0980] max_analyze_duration 5000000 reached at 5000000 microseconds st:1
Input #0, flv, from 'rtmp://43.199.149.178/live/front_left':
  Metadata:
    title           : /camera5/rtsp
    comment         : rtsp_image_transport
    encoder         : Lavf58.29.100
    server          : SRS/5.0.213(Bee)
    server_version  : 5.0.213
  Duration: N/A, start: 0.000000, bitrate: N/A
    Stream #0:0: Data: none
    Stream #0:1: Video: h264 (Main), 1 reference frame, yuv420p(progressive, left), 1024x616 (1024x624) [SAR 1:1 DAR 128:77], 30 fps, 10 tbr, 1k tbn, 60 tbc
Unsupported codec with id 0 for input stream 0
[STREAM]
index=0
codec_name=unknown
codec_long_name=unknown
profile=unknown
codec_type=data
codec_tag_string=[0][0][0][0]
codec_tag=0x0000
id=N/A
r_frame_rate=0/0
avg_frame_rate=0/0
time_base=1/1000
start_pts=0
start_time=0.000000
duration_ts=N/A
duration=N/A
bit_rate=N/A
max_bit_rate=N/A
bits_per_raw_sample=N/A
nb_frames=N/A
nb_read_frames=N/A
nb_read_packets=N/A
DISPOSITION:default=0
DISPOSITION:dub=0
DISPOSITION:original=0
DISPOSITION:comment=0
DISPOSITION:lyrics=0
DISPOSITION:karaoke=0
DISPOSITION:forced=0
DISPOSITION:hearing_impaired=0
DISPOSITION:visual_impaired=0
DISPOSITION:clean_effects=0
DISPOSITION:attached_pic=0
DISPOSITION:timed_thumbnails=0
[/STREAM]
[STREAM]
index=1
codec_name=h264
codec_long_name=H.264 / AVC / MPEG-4 AVC / MPEG-4 part 10
profile=Main
codec_type=video
codec_time_base=1/60
codec_tag_string=[0][0][0][0]
codec_tag=0x0000
width=1024
height=616
coded_width=1024
coded_height=624
has_b_frames=0
sample_aspect_ratio=1:1
display_aspect_ratio=128:77
pix_fmt=yuv420p
level=31
color_range=unknown
color_space=unknown
color_transfer=unknown
color_primaries=unknown
chroma_location=left
field_order=progressive
timecode=N/A
refs=1
is_avc=true
nal_length_size=4
id=N/A
r_frame_rate=10/1
avg_frame_rate=30/1
time_base=1/1000
start_pts=10
start_time=0.010000
duration_ts=N/A
duration=N/A
bit_rate=N/A
max_bit_rate=N/A
bits_per_raw_sample=8
nb_frames=N/A
nb_read_frames=N/A
nb_read_packets=N/A
DISPOSITION:default=0
DISPOSITION:dub=0
DISPOSITION:original=0
DISPOSITION:comment=0
DISPOSITION:lyrics=0
DISPOSITION:karaoke=0
DISPOSITION:forced=0
DISPOSITION:hearing_impaired=0
DISPOSITION:visual_impaired=0
DISPOSITION:clean_effects=0
DISPOSITION:attached_pic=0
DISPOSITION:timed_thumbnails=0
[/STREAM]
[FORMAT]
filename=rtmp://43.199.149.178/live/front_left
nb_streams=2
nb_programs=0
format_name=flv
format_long_name=FLV (Flash Video)
start_time=0.000000
duration=N/A
size=N/A
bit_rate=N/A
probe_score=100
TAG:title=/camera5/rtsp
TAG:comment=rtsp_image_transport
TAG:encoder=Lavf58.29.100
TAG:server=SRS/5.0.213(Bee)
TAG:server_version=5.0.213
[/FORMAT]
[AVIOContext @ 0x5629024e3640] Statistics: 673686 bytes read, 0 seeks
---------------------[ ffprobe Log End ]----------------------
SUMMARY: Status OK. Check passed because ffprobe successfully connected to the stream and retrieved its information (Exit Code: 0).


------------------[ Checking Stream: front_right ]------------------
URL: rtmp://43.199.149.178/live/front_right
--------------------[ ffprobe Log Start ]---------------------
ffprobe version 4.2.7-0ubuntu0.1 Copyright (c) 2007-2022 the FFmpeg developers
  built with gcc 9 (Ubuntu 9.4.0-1ubuntu1~20.04.1)
  configuration: --prefix=/usr --extra-version=0ubuntu0.1 --toolchain=hardened --libdir=/usr/lib/x86_64-linux-gnu --incdir=/usr/include/x86_64-linux-gnu --arch=amd64 --enable-gpl --disable-stripping --enable-avresample --disable-filter=resample --enable-avisynth --enable-gnutls --enable-ladspa --enable-libaom --enable-libass --enable-libbluray --enable-libbs2b --enable-libcaca --enable-libcdio --enable-libcodec2 --enable-libflite --enable-libfontconfig --enable-libfreetype --enable-libfribidi --enable-libgme --enable-libgsm --enable-libjack --enable-libmp3lame --enable-libmysofa --enable-libopenjpeg --enable-libopenmpt --enable-libopus --enable-libpulse --enable-librsvg --enable-librubberband --enable-libshine --enable-libsnappy --enable-libsoxr --enable-libspeex --enable-libssh --enable-libtheora --enable-libtwolame --enable-libvidstab --enable-libvorbis --enable-libvpx --enable-libwavpack --enable-libwebp --enable-libx265 --enable-libxml2 --enable-libxvid --enable-libzmq --enable-libzvbi --enable-lv2 --enable-omx --enable-openal --enable-opencl --enable-opengl --enable-sdl2 --enable-libdc1394 --enable-libdrm --enable-libiec61883 --enable-nvenc --enable-chromaprint --enable-frei0r --enable-libx264 --enable-shared
  libavutil      56. 31.100 / 56. 31.100
  libavcodec     58. 54.100 / 58. 54.100
  libavformat    58. 29.100 / 58. 29.100
  libavdevice    58.  8.100 / 58.  8.100
  libavfilter     7. 57.100 /  7. 57.100
  libavresample   4.  0.  0 /  4.  0.  0
  libswscale      5.  5.100 /  5.  5.100
  libswresample   3.  5.100 /  3.  5.100
  libpostproc    55.  5.100 / 55.  5.100
[tcp @ 0x562e8430cc00] Starting connection attempt to 43.199.149.178 port 1935
[tcp @ 0x562e8430cc00] Successfully connected to 43.199.149.178 port 1935
[h264 @ 0x562e84321240] Reinit context to 1024x624, pix_fmt: yuv420p
[flv @ 0x562e8430b980] max_analyze_duration 5000000 reached at 5000000 microseconds st:1
Input #0, flv, from 'rtmp://43.199.149.178/live/front_right':
  Metadata:
    title           : /camera3/rtsp
    comment         : rtsp_image_transport
    encoder         : Lavf58.29.100
    server          : SRS/5.0.213(Bee)
    server_version  : 5.0.213
  Duration: N/A, start: 0.000000, bitrate: N/A
    Stream #0:0: Data: none
    Stream #0:1: Video: h264 (Main), 1 reference frame, yuv420p(progressive, left), 1024x616 (1024x624) [SAR 1:1 DAR 128:77], 30 fps, 10 tbr, 1k tbn, 60 tbc
Unsupported codec with id 0 for input stream 0
[STREAM]
index=0
codec_name=unknown
codec_long_name=unknown
profile=unknown
codec_type=data
codec_tag_string=[0][0][0][0]
codec_tag=0x0000
id=N/A
r_frame_rate=0/0
avg_frame_rate=0/0
time_base=1/1000
start_pts=0
start_time=0.000000
duration_ts=N/A
duration=N/A
bit_rate=N/A
max_bit_rate=N/A
bits_per_raw_sample=N/A
nb_frames=N/A
nb_read_frames=N/A
nb_read_packets=N/A
DISPOSITION:default=0
DISPOSITION:dub=0
DISPOSITION:original=0
DISPOSITION:comment=0
DISPOSITION:lyrics=0
DISPOSITION:karaoke=0
DISPOSITION:forced=0
DISPOSITION:hearing_impaired=0
DISPOSITION:visual_impaired=0
DISPOSITION:clean_effects=0
DISPOSITION:attached_pic=0
DISPOSITION:timed_thumbnails=0
[/STREAM]
[STREAM]
index=1
codec_name=h264
codec_long_name=H.264 / AVC / MPEG-4 AVC / MPEG-4 part 10
profile=Main
codec_type=video
codec_time_base=1/60
codec_tag_string=[0][0][0][0]
codec_tag=0x0000
width=1024
height=616
coded_width=1024
coded_height=624
has_b_frames=0
sample_aspect_ratio=1:1
display_aspect_ratio=128:77
pix_fmt=yuv420p
level=31
color_range=unknown
color_space=unknown
color_transfer=unknown
color_primaries=unknown
chroma_location=left
field_order=progressive
timecode=N/A
refs=1
is_avc=true
nal_length_size=4
id=N/A
r_frame_rate=10/1
avg_frame_rate=30/1
time_base=1/1000
start_pts=10
start_time=0.010000
duration_ts=N/A
duration=N/A
bit_rate=N/A
max_bit_rate=N/A
bits_per_raw_sample=8
nb_frames=N/A
nb_read_frames=N/A
nb_read_packets=N/A
DISPOSITION:default=0
DISPOSITION:dub=0
DISPOSITION:original=0
DISPOSITION:comment=0
DISPOSITION:lyrics=0
DISPOSITION:karaoke=0
DISPOSITION:forced=0
DISPOSITION:hearing_impaired=0
DISPOSITION:visual_impaired=0
DISPOSITION:clean_effects=0
DISPOSITION:attached_pic=0
DISPOSITION:timed_thumbnails=0
[/STREAM]
[FORMAT]
filename=rtmp://43.199.149.178/live/front_right
nb_streams=2
nb_programs=0
format_name=flv
format_long_name=FLV (Flash Video)
start_time=0.000000
duration=N/A
size=N/A
bit_rate=N/A
probe_score=100
TAG:title=/camera3/rtsp
TAG:comment=rtsp_image_transport
TAG:encoder=Lavf58.29.100
TAG:server=SRS/5.0.213(Bee)
TAG:server_version=5.0.213
[/FORMAT]
[AVIOContext @ 0x562e8430e640] Statistics: 691983 bytes read, 0 seeks
---------------------[ ffprobe Log End ]----------------------
SUMMARY: Status OK. Check passed because ffprobe successfully connected to the stream and retrieved its information (Exit Code: 0).

====================[ End of Check Cycle ]====================

==========================================================
                STREAM STATUS CHECK @ Friday, July 25, 2025 AM11:39:57 HKT
==========================================================

------------------[ Checking Stream: front_left ]------------------
URL: rtmp://43.199.149.178/live/front_left
--------------------[ ffprobe Log Start ]---------------------
ffprobe version 4.2.7-0ubuntu0.1 Copyright (c) 2007-2022 the FFmpeg developers
  built with gcc 9 (Ubuntu 9.4.0-1ubuntu1~20.04.1)
  configuration: --prefix=/usr --extra-version=0ubuntu0.1 --toolchain=hardened --libdir=/usr/lib/x86_64-linux-gnu --incdir=/usr/include/x86_64-linux-gnu --arch=amd64 --enable-gpl --disable-stripping --enable-avresample --disable-filter=resample --enable-avisynth --enable-gnutls --enable-ladspa --enable-libaom --enable-libass --enable-libbluray --enable-libbs2b --enable-libcaca --enable-libcdio --enable-libcodec2 --enable-libflite --enable-libfontconfig --enable-libfreetype --enable-libfribidi --enable-libgme --enable-libgsm --enable-libjack --enable-libmp3lame --enable-libmysofa --enable-libopenjpeg --enable-libopenmpt --enable-libopus --enable-libpulse --enable-librsvg --enable-librubberband --enable-libshine --enable-libsnappy --enable-libsoxr --enable-libspeex --enable-libssh --enable-libtheora --enable-libtwolame --enable-libvidstab --enable-libvorbis --enable-libvpx --enable-libwavpack --enable-libwebp --enable-libx265 --enable-libxml2 --enable-libxvid --enable-libzmq --enable-libzvbi --enable-lv2 --enable-omx --enable-openal --enable-opencl --enable-opengl --enable-sdl2 --enable-libdc1394 --enable-libdrm --enable-libiec61883 --enable-nvenc --enable-chromaprint --enable-frei0r --enable-libx264 --enable-shared
  libavutil      56. 31.100 / 56. 31.100
  libavcodec     58. 54.100 / 58. 54.100
  libavformat    58. 29.100 / 58. 29.100
  libavdevice    58.  8.100 / 58.  8.100
  libavfilter     7. 57.100 /  7. 57.100
  libavresample   4.  0.  0 /  4.  0.  0
  libswscale      5.  5.100 /  5.  5.100
  libswresample   3.  5.100 /  3.  5.100
  libpostproc    55.  5.100 / 55.  5.100
[tcp @ 0x56359ae54c00] Starting connection attempt to 43.199.149.178 port 1935
[tcp @ 0x56359ae54c00] Successfully connected to 43.199.149.178 port 1935
[h264 @ 0x56359ae69240] Reinit context to 1024x624, pix_fmt: yuv420p
[flv @ 0x56359ae53980] max_analyze_duration 5000000 reached at 5000000 microseconds st:1
Input #0, flv, from 'rtmp://43.199.149.178/live/front_left':
  Metadata:
    title           : /camera5/rtsp
    comment         : rtsp_image_transport
    encoder         : Lavf58.29.100
    server          : SRS/5.0.213(Bee)
    server_version  : 5.0.213
  Duration: N/A, start: 0.000000, bitrate: N/A
    Stream #0:0: Data: none
    Stream #0:1: Video: h264 (Main), 1 reference frame, yuv420p(progressive, left), 1024x616 (1024x624) [SAR 1:1 DAR 128:77], 30 fps, 10 tbr, 1k tbn, 60 tbc
Unsupported codec with id 0 for input stream 0
[STREAM]
index=0
codec_name=unknown
codec_long_name=unknown
profile=unknown
codec_type=data
codec_tag_string=[0][0][0][0]
codec_tag=0x0000
id=N/A
r_frame_rate=0/0
avg_frame_rate=0/0
time_base=1/1000
start_pts=0
start_time=0.000000
duration_ts=N/A
duration=N/A
bit_rate=N/A
max_bit_rate=N/A
bits_per_raw_sample=N/A
nb_frames=N/A
nb_read_frames=N/A
nb_read_packets=N/A
DISPOSITION:default=0
DISPOSITION:dub=0
DISPOSITION:original=0
DISPOSITION:comment=0
DISPOSITION:lyrics=0
DISPOSITION:karaoke=0
DISPOSITION:forced=0
DISPOSITION:hearing_impaired=0
DISPOSITION:visual_impaired=0
DISPOSITION:clean_effects=0
DISPOSITION:attached_pic=0
DISPOSITION:timed_thumbnails=0
[/STREAM]
[STREAM]
index=1
codec_name=h264
codec_long_name=H.264 / AVC / MPEG-4 AVC / MPEG-4 part 10
profile=Main
codec_type=video
codec_time_base=1/60
codec_tag_string=[0][0][0][0]
codec_tag=0x0000
width=1024
height=616
coded_width=1024
coded_height=624
has_b_frames=0
sample_aspect_ratio=1:1
display_aspect_ratio=128:77
pix_fmt=yuv420p
level=31
color_range=unknown
color_space=unknown
color_transfer=unknown
color_primaries=unknown
chroma_location=left
field_order=progressive
timecode=N/A
refs=1
is_avc=true
nal_length_size=4
id=N/A
r_frame_rate=10/1
avg_frame_rate=30/1
time_base=1/1000
start_pts=10
start_time=0.010000
duration_ts=N/A
duration=N/A
bit_rate=N/A
max_bit_rate=N/A
bits_per_raw_sample=8
nb_frames=N/A
nb_read_frames=N/A
nb_read_packets=N/A
DISPOSITION:default=0
DISPOSITION:dub=0
DISPOSITION:original=0
DISPOSITION:comment=0
DISPOSITION:lyrics=0
DISPOSITION:karaoke=0
DISPOSITION:forced=0
DISPOSITION:hearing_impaired=0
DISPOSITION:visual_impaired=0
DISPOSITION:clean_effects=0
DISPOSITION:attached_pic=0
DISPOSITION:timed_thumbnails=0
[/STREAM]
[FORMAT]
filename=rtmp://43.199.149.178/live/front_left
nb_streams=2
nb_programs=0
format_name=flv
format_long_name=FLV (Flash Video)
start_time=0.000000
duration=N/A
size=N/A
bit_rate=N/A
probe_score=100
TAG:title=/camera5/rtsp
TAG:comment=rtsp_image_transport
TAG:encoder=Lavf58.29.100
TAG:server=SRS/5.0.213(Bee)
TAG:server_version=5.0.213
[/FORMAT]
[AVIOContext @ 0x56359ae56640] Statistics: 683062 bytes read, 0 seeks
---------------------[ ffprobe Log End ]----------------------
SUMMARY: Status OK. Check passed because ffprobe successfully connected to the stream and retrieved its information (Exit Code: 0).


------------------[ Checking Stream: front_right ]------------------
URL: rtmp://43.199.149.178/live/front_right
--------------------[ ffprobe Log Start ]---------------------
ffprobe version 4.2.7-0ubuntu0.1 Copyright (c) 2007-2022 the FFmpeg developers
  built with gcc 9 (Ubuntu 9.4.0-1ubuntu1~20.04.1)
  configuration: --prefix=/usr --extra-version=0ubuntu0.1 --toolchain=hardened --libdir=/usr/lib/x86_64-linux-gnu --incdir=/usr/include/x86_64-linux-gnu --arch=amd64 --enable-gpl --disable-stripping --enable-avresample --disable-filter=resample --enable-avisynth --enable-gnutls --enable-ladspa --enable-libaom --enable-libass --enable-libbluray --enable-libbs2b --enable-libcaca --enable-libcdio --enable-libcodec2 --enable-libflite --enable-libfontconfig --enable-libfreetype --enable-libfribidi --enable-libgme --enable-libgsm --enable-libjack --enable-libmp3lame --enable-libmysofa --enable-libopenjpeg --enable-libopenmpt --enable-libopus --enable-libpulse --enable-librsvg --enable-librubberband --enable-libshine --enable-libsnappy --enable-libsoxr --enable-libspeex --enable-libssh --enable-libtheora --enable-libtwolame --enable-libvidstab --enable-libvorbis --enable-libvpx --enable-libwavpack --enable-libwebp --enable-libx265 --enable-libxml2 --enable-libxvid --enable-libzmq --enable-libzvbi --enable-lv2 --enable-omx --enable-openal --enable-opencl --enable-opengl --enable-sdl2 --enable-libdc1394 --enable-libdrm --enable-libiec61883 --enable-nvenc --enable-chromaprint --enable-frei0r --enable-libx264 --enable-shared
  libavutil      56. 31.100 / 56. 31.100
  libavcodec     58. 54.100 / 58. 54.100
  libavformat    58. 29.100 / 58. 29.100
  libavdevice    58.  8.100 / 58.  8.100
  libavfilter     7. 57.100 /  7. 57.100
  libavresample   4.  0.  0 /  4.  0.  0
  libswscale      5.  5.100 /  5.  5.100
  libswresample   3.  5.100 /  3.  5.100
  libpostproc    55.  5.100 / 55.  5.100
[tcp @ 0x55891e86cc00] Starting connection attempt to 43.199.149.178 port 1935
[tcp @ 0x55891e86cc00] Successfully connected to 43.199.149.178 port 1935
[h264 @ 0x55891e881240] Reinit context to 1024x624, pix_fmt: yuv420p
[flv @ 0x55891e86b980] max_analyze_duration 5000000 reached at 5000000 microseconds st:1
Input #0, flv, from 'rtmp://43.199.149.178/live/front_right':
  Metadata:
    title           : /camera3/rtsp
    comment         : rtsp_image_transport
    encoder         : Lavf58.29.100
    server          : SRS/5.0.213(Bee)
    server_version  : 5.0.213
  Duration: N/A, start: 0.000000, bitrate: N/A
    Stream #0:0: Data: none
    Stream #0:1: Video: h264 (Main), 1 reference frame, yuv420p(progressive, left), 1024x616 (1024x624) [SAR 1:1 DAR 128:77], 30 fps, 10 tbr, 1k tbn, 60 tbc
Unsupported codec with id 0 for input stream 0
[STREAM]
index=0
codec_name=unknown
codec_long_name=unknown
profile=unknown
codec_type=data
codec_tag_string=[0][0][0][0]
codec_tag=0x0000
id=N/A
r_frame_rate=0/0
avg_frame_rate=0/0
time_base=1/1000
start_pts=0
start_time=0.000000
duration_ts=N/A
duration=N/A
bit_rate=N/A
max_bit_rate=N/A
bits_per_raw_sample=N/A
nb_frames=N/A
nb_read_frames=N/A
nb_read_packets=N/A
DISPOSITION:default=0
DISPOSITION:dub=0
DISPOSITION:original=0
DISPOSITION:comment=0
DISPOSITION:lyrics=0
DISPOSITION:karaoke=0
DISPOSITION:forced=0
DISPOSITION:hearing_impaired=0
DISPOSITION:visual_impaired=0
DISPOSITION:clean_effects=0
DISPOSITION:attached_pic=0
DISPOSITION:timed_thumbnails=0
[/STREAM]
[STREAM]
index=1
codec_name=h264
codec_long_name=H.264 / AVC / MPEG-4 AVC / MPEG-4 part 10
profile=Main
codec_type=video
codec_time_base=1/60
codec_tag_string=[0][0][0][0]
codec_tag=0x0000
width=1024
height=616
coded_width=1024
coded_height=624
has_b_frames=0
sample_aspect_ratio=1:1
display_aspect_ratio=128:77
pix_fmt=yuv420p
level=31
color_range=unknown
color_space=unknown
color_transfer=unknown
color_primaries=unknown
chroma_location=left
field_order=progressive
timecode=N/A
refs=1
is_avc=true
nal_length_size=4
id=N/A
r_frame_rate=10/1
avg_frame_rate=30/1
time_base=1/1000
start_pts=10
start_time=0.010000
duration_ts=N/A
duration=N/A
bit_rate=N/A
max_bit_rate=N/A
bits_per_raw_sample=8
nb_frames=N/A
nb_read_frames=N/A
nb_read_packets=N/A
DISPOSITION:default=0
DISPOSITION:dub=0
DISPOSITION:original=0
DISPOSITION:comment=0
DISPOSITION:lyrics=0
DISPOSITION:karaoke=0
DISPOSITION:forced=0
DISPOSITION:hearing_impaired=0
DISPOSITION:visual_impaired=0
DISPOSITION:clean_effects=0
DISPOSITION:attached_pic=0
DISPOSITION:timed_thumbnails=0
[/STREAM]
[FORMAT]
filename=rtmp://43.199.149.178/live/front_right
nb_streams=2
nb_programs=0
format_name=flv
format_long_name=FLV (Flash Video)
start_time=0.000000
duration=N/A
size=N/A
bit_rate=N/A
probe_score=100
TAG:title=/camera3/rtsp
TAG:comment=rtsp_image_transport
TAG:encoder=Lavf58.29.100
TAG:server=SRS/5.0.213(Bee)
TAG:server_version=5.0.213
[/FORMAT]
[AVIOContext @ 0x55891e86e640] Statistics: 651472 bytes read, 0 seeks
---------------------[ ffprobe Log End ]----------------------
SUMMARY: Status OK. Check passed because ffprobe successfully connected to the stream and retrieved its information (Exit Code: 0).

====================[ End of Check Cycle ]====================

==========================================================
                STREAM STATUS CHECK @ Friday, July 25, 2025 AM11:41:28 HKT
==========================================================

------------------[ Checking Stream: front_left ]------------------
URL: rtmp://43.199.149.178/live/front_left
--------------------[ ffprobe Log Start ]---------------------
ffprobe version 4.2.7-0ubuntu0.1 Copyright (c) 2007-2022 the FFmpeg developers
  built with gcc 9 (Ubuntu 9.4.0-1ubuntu1~20.04.1)
  configuration: --prefix=/usr --extra-version=0ubuntu0.1 --toolchain=hardened --libdir=/usr/lib/x86_64-linux-gnu --incdir=/usr/include/x86_64-linux-gnu --arch=amd64 --enable-gpl --disable-stripping --enable-avresample --disable-filter=resample --enable-avisynth --enable-gnutls --enable-ladspa --enable-libaom --enable-libass --enable-libbluray --enable-libbs2b --enable-libcaca --enable-libcdio --enable-libcodec2 --enable-libflite --enable-libfontconfig --enable-libfreetype --enable-libfribidi --enable-libgme --enable-libgsm --enable-libjack --enable-libmp3lame --enable-libmysofa --enable-libopenjpeg --enable-libopenmpt --enable-libopus --enable-libpulse --enable-librsvg --enable-librubberband --enable-libshine --enable-libsnappy --enable-libsoxr --enable-libspeex --enable-libssh --enable-libtheora --enable-libtwolame --enable-libvidstab --enable-libvorbis --enable-libvpx --enable-libwavpack --enable-libwebp --enable-libx265 --enable-libxml2 --enable-libxvid --enable-libzmq --enable-libzvbi --enable-lv2 --enable-omx --enable-openal --enable-opencl --enable-opengl --enable-sdl2 --enable-libdc1394 --enable-libdrm --enable-libiec61883 --enable-nvenc --enable-chromaprint --enable-frei0r --enable-libx264 --enable-shared
  libavutil      56. 31.100 / 56. 31.100
  libavcodec     58. 54.100 / 58. 54.100
  libavformat    58. 29.100 / 58. 29.100
  libavdevice    58.  8.100 / 58.  8.100
  libavfilter     7. 57.100 /  7. 57.100
  libavresample   4.  0.  0 /  4.  0.  0
  libswscale      5.  5.100 /  5.  5.100
  libswresample   3.  5.100 /  3.  5.100
  libpostproc    55.  5.100 / 55.  5.100
[tcp @ 0x55d4aced7c00] Starting connection attempt to 43.199.149.178 port 1935
[tcp @ 0x55d4aced7c00] Successfully connected to 43.199.149.178 port 1935
[h264 @ 0x55d4aceec240] Reinit context to 1024x624, pix_fmt: yuv420p
[flv @ 0x55d4aced6980] max_analyze_duration 5000000 reached at 5000000 microseconds st:1
Input #0, flv, from 'rtmp://43.199.149.178/live/front_left':
  Metadata:
    title           : /camera5/rtsp
    comment         : rtsp_image_transport
    encoder         : Lavf58.29.100
    server          : SRS/5.0.213(Bee)
    server_version  : 5.0.213
  Duration: N/A, start: 0.000000, bitrate: N/A
    Stream #0:0: Data: none
    Stream #0:1: Video: h264 (Main), 1 reference frame, yuv420p(progressive, left), 1024x616 (1024x624) [SAR 1:1 DAR 128:77], 30 fps, 10 tbr, 1k tbn, 60 tbc
Unsupported codec with id 0 for input stream 0
[STREAM]
index=0
codec_name=unknown
codec_long_name=unknown
profile=unknown
codec_type=data
codec_tag_string=[0][0][0][0]
codec_tag=0x0000
id=N/A
r_frame_rate=0/0
avg_frame_rate=0/0
time_base=1/1000
start_pts=0
start_time=0.000000
duration_ts=N/A
duration=N/A
bit_rate=N/A
max_bit_rate=N/A
bits_per_raw_sample=N/A
nb_frames=N/A
nb_read_frames=N/A
nb_read_packets=N/A
DISPOSITION:default=0
DISPOSITION:dub=0
DISPOSITION:original=0
DISPOSITION:comment=0
DISPOSITION:lyrics=0
DISPOSITION:karaoke=0
DISPOSITION:forced=0
DISPOSITION:hearing_impaired=0
DISPOSITION:visual_impaired=0
DISPOSITION:clean_effects=0
DISPOSITION:attached_pic=0
DISPOSITION:timed_thumbnails=0
[/STREAM]
[STREAM]
index=1
codec_name=h264
codec_long_name=H.264 / AVC / MPEG-4 AVC / MPEG-4 part 10
profile=Main
codec_type=video
codec_time_base=1/60
codec_tag_string=[0][0][0][0]
codec_tag=0x0000
width=1024
height=616
coded_width=1024
coded_height=624
has_b_frames=0
sample_aspect_ratio=1:1
display_aspect_ratio=128:77
pix_fmt=yuv420p
level=31
color_range=unknown
color_space=unknown
color_transfer=unknown
color_primaries=unknown
chroma_location=left
field_order=progressive
timecode=N/A
refs=1
is_avc=true
nal_length_size=4
id=N/A
r_frame_rate=10/1
avg_frame_rate=30/1
time_base=1/1000
start_pts=10
start_time=0.010000
duration_ts=N/A
duration=N/A
bit_rate=N/A
max_bit_rate=N/A
bits_per_raw_sample=8
nb_frames=N/A
nb_read_frames=N/A
nb_read_packets=N/A
DISPOSITION:default=0
DISPOSITION:dub=0
DISPOSITION:original=0
DISPOSITION:comment=0
DISPOSITION:lyrics=0
DISPOSITION:karaoke=0
DISPOSITION:forced=0
DISPOSITION:hearing_impaired=0
DISPOSITION:visual_impaired=0
DISPOSITION:clean_effects=0
DISPOSITION:attached_pic=0
DISPOSITION:timed_thumbnails=0
[/STREAM]
[FORMAT]
filename=rtmp://43.199.149.178/live/front_left
nb_streams=2
nb_programs=0
format_name=flv
format_long_name=FLV (Flash Video)
start_time=0.000000
duration=N/A
size=N/A
bit_rate=N/A
probe_score=100
TAG:title=/camera5/rtsp
TAG:comment=rtsp_image_transport
TAG:encoder=Lavf58.29.100
TAG:server=SRS/5.0.213(Bee)
TAG:server_version=5.0.213
[/FORMAT]
[AVIOContext @ 0x55d4aced9640] Statistics: 647539 bytes read, 0 seeks
---------------------[ ffprobe Log End ]----------------------
SUMMARY: Status OK. Check passed because ffprobe successfully connected to the stream and retrieved its information (Exit Code: 0).


------------------[ Checking Stream: front_right ]------------------
URL: rtmp://43.199.149.178/live/front_right
--------------------[ ffprobe Log Start ]---------------------
ffprobe version 4.2.7-0ubuntu0.1 Copyright (c) 2007-2022 the FFmpeg developers
  built with gcc 9 (Ubuntu 9.4.0-1ubuntu1~20.04.1)
  configuration: --prefix=/usr --extra-version=0ubuntu0.1 --toolchain=hardened --libdir=/usr/lib/x86_64-linux-gnu --incdir=/usr/include/x86_64-linux-gnu --arch=amd64 --enable-gpl --disable-stripping --enable-avresample --disable-filter=resample --enable-avisynth --enable-gnutls --enable-ladspa --enable-libaom --enable-libass --enable-libbluray --enable-libbs2b --enable-libcaca --enable-libcdio --enable-libcodec2 --enable-libflite --enable-libfontconfig --enable-libfreetype --enable-libfribidi --enable-libgme --enable-libgsm --enable-libjack --enable-libmp3lame --enable-libmysofa --enable-libopenjpeg --enable-libopenmpt --enable-libopus --enable-libpulse --enable-librsvg --enable-librubberband --enable-libshine --enable-libsnappy --enable-libsoxr --enable-libspeex --enable-libssh --enable-libtheora --enable-libtwolame --enable-libvidstab --enable-libvorbis --enable-libvpx --enable-libwavpack --enable-libwebp --enable-libx265 --enable-libxml2 --enable-libxvid --enable-libzmq --enable-libzvbi --enable-lv2 --enable-omx --enable-openal --enable-opencl --enable-opengl --enable-sdl2 --enable-libdc1394 --enable-libdrm --enable-libiec61883 --enable-nvenc --enable-chromaprint --enable-frei0r --enable-libx264 --enable-shared
  libavutil      56. 31.100 / 56. 31.100
  libavcodec     58. 54.100 / 58. 54.100
  libavformat    58. 29.100 / 58. 29.100
  libavdevice    58.  8.100 / 58.  8.100
  libavfilter     7. 57.100 /  7. 57.100
  libavresample   4.  0.  0 /  4.  0.  0
  libswscale      5.  5.100 /  5.  5.100
  libswresample   3.  5.100 /  3.  5.100
  libpostproc    55.  5.100 / 55.  5.100
[tcp @ 0x560e951d8c00] Starting connection attempt to 43.199.149.178 port 1935
[tcp @ 0x560e951d8c00] Successfully connected to 43.199.149.178 port 1935
[h264 @ 0x560e951ed240] Reinit context to 1024x624, pix_fmt: yuv420p
[flv @ 0x560e951d7980] max_analyze_duration 5000000 reached at 5000000 microseconds st:1
Input #0, flv, from 'rtmp://43.199.149.178/live/front_right':
  Metadata:
    title           : /camera3/rtsp
    comment         : rtsp_image_transport
    encoder         : Lavf58.29.100
    server          : SRS/5.0.213(Bee)
    server_version  : 5.0.213
  Duration: N/A, start: 0.000000, bitrate: N/A
    Stream #0:0: Data: none
    Stream #0:1: Video: h264 (Main), 1 reference frame, yuv420p(progressive, left), 1024x616 (1024x624) [SAR 1:1 DAR 128:77], 30 fps, 10 tbr, 1k tbn, 60 tbc
Unsupported codec with id 0 for input stream 0
[STREAM]
index=0
codec_name=unknown
codec_long_name=unknown
profile=unknown
codec_type=data
codec_tag_string=[0][0][0][0]
codec_tag=0x0000
id=N/A
r_frame_rate=0/0
avg_frame_rate=0/0
time_base=1/1000
start_pts=0
start_time=0.000000
duration_ts=N/A
duration=N/A
bit_rate=N/A
max_bit_rate=N/A
bits_per_raw_sample=N/A
nb_frames=N/A
nb_read_frames=N/A
nb_read_packets=N/A
DISPOSITION:default=0
DISPOSITION:dub=0
DISPOSITION:original=0
DISPOSITION:comment=0
DISPOSITION:lyrics=0
DISPOSITION:karaoke=0
DISPOSITION:forced=0
DISPOSITION:hearing_impaired=0
DISPOSITION:visual_impaired=0
DISPOSITION:clean_effects=0
DISPOSITION:attached_pic=0
DISPOSITION:timed_thumbnails=0
[/STREAM]
[STREAM]
index=1
codec_name=h264
codec_long_name=H.264 / AVC / MPEG-4 AVC / MPEG-4 part 10
profile=Main
codec_type=video
codec_time_base=1/60
codec_tag_string=[0][0][0][0]
codec_tag=0x0000
width=1024
height=616
coded_width=1024
coded_height=624
has_b_frames=0
sample_aspect_ratio=1:1
display_aspect_ratio=128:77
pix_fmt=yuv420p
level=31
color_range=unknown
color_space=unknown
color_transfer=unknown
color_primaries=unknown
chroma_location=left
field_order=progressive
timecode=N/A
refs=1
is_avc=true
nal_length_size=4
id=N/A
r_frame_rate=10/1
avg_frame_rate=30/1
time_base=1/1000
start_pts=10
start_time=0.010000
duration_ts=N/A
duration=N/A
bit_rate=N/A
max_bit_rate=N/A
bits_per_raw_sample=8
nb_frames=N/A
nb_read_frames=N/A
nb_read_packets=N/A
DISPOSITION:default=0
DISPOSITION:dub=0
DISPOSITION:original=0
DISPOSITION:comment=0
DISPOSITION:lyrics=0
DISPOSITION:karaoke=0
DISPOSITION:forced=0
DISPOSITION:hearing_impaired=0
DISPOSITION:visual_impaired=0
DISPOSITION:clean_effects=0
DISPOSITION:attached_pic=0
DISPOSITION:timed_thumbnails=0
[/STREAM]
[FORMAT]
filename=rtmp://43.199.149.178/live/front_right
nb_streams=2
nb_programs=0
format_name=flv
format_long_name=FLV (Flash Video)
start_time=0.000000
duration=N/A
size=N/A
bit_rate=N/A
probe_score=100
TAG:title=/camera3/rtsp
TAG:comment=rtsp_image_transport
TAG:encoder=Lavf58.29.100
TAG:server=SRS/5.0.213(Bee)
TAG:server_version=5.0.213
[/FORMAT]
[AVIOContext @ 0x560e951da640] Statistics: 701048 bytes read, 0 seeks
---------------------[ ffprobe Log End ]----------------------
SUMMARY: Status OK. Check passed because ffprobe successfully connected to the stream and retrieved its information (Exit Code: 0).

====================[ End of Check Cycle ]====================

==========================================================
                STREAM STATUS CHECK @ Friday, July 25, 2025 AM11:42:58 HKT
==========================================================

------------------[ Checking Stream: front_left ]------------------
URL: rtmp://43.199.149.178/live/front_left
--------------------[ ffprobe Log Start ]---------------------
ffprobe version 4.2.7-0ubuntu0.1 Copyright (c) 2007-2022 the FFmpeg developers
  built with gcc 9 (Ubuntu 9.4.0-1ubuntu1~20.04.1)
  configuration: --prefix=/usr --extra-version=0ubuntu0.1 --toolchain=hardened --libdir=/usr/lib/x86_64-linux-gnu --incdir=/usr/include/x86_64-linux-gnu --arch=amd64 --enable-gpl --disable-stripping --enable-avresample --disable-filter=resample --enable-avisynth --enable-gnutls --enable-ladspa --enable-libaom --enable-libass --enable-libbluray --enable-libbs2b --enable-libcaca --enable-libcdio --enable-libcodec2 --enable-libflite --enable-libfontconfig --enable-libfreetype --enable-libfribidi --enable-libgme --enable-libgsm --enable-libjack --enable-libmp3lame --enable-libmysofa --enable-libopenjpeg --enable-libopenmpt --enable-libopus --enable-libpulse --enable-librsvg --enable-librubberband --enable-libshine --enable-libsnappy --enable-libsoxr --enable-libspeex --enable-libssh --enable-libtheora --enable-libtwolame --enable-libvidstab --enable-libvorbis --enable-libvpx --enable-libwavpack --enable-libwebp --enable-libx265 --enable-libxml2 --enable-libxvid --enable-libzmq --enable-libzvbi --enable-lv2 --enable-omx --enable-openal --enable-opencl --enable-opengl --enable-sdl2 --enable-libdc1394 --enable-libdrm --enable-libiec61883 --enable-nvenc --enable-chromaprint --enable-frei0r --enable-libx264 --enable-shared
  libavutil      56. 31.100 / 56. 31.100
  libavcodec     58. 54.100 / 58. 54.100
  libavformat    58. 29.100 / 58. 29.100
  libavdevice    58.  8.100 / 58.  8.100
  libavfilter     7. 57.100 /  7. 57.100
  libavresample   4.  0.  0 /  4.  0.  0
  libswscale      5.  5.100 /  5.  5.100
  libswresample   3.  5.100 /  3.  5.100
  libpostproc    55.  5.100 / 55.  5.100
[tcp @ 0x55f149a98c00] Starting connection attempt to 43.199.149.178 port 1935
[tcp @ 0x55f149a98c00] Successfully connected to 43.199.149.178 port 1935
[h264 @ 0x55f149aad240] Reinit context to 1024x624, pix_fmt: yuv420p
[flv @ 0x55f149a97980] max_analyze_duration 5000000 reached at 5000000 microseconds st:1
Input #0, flv, from 'rtmp://43.199.149.178/live/front_left':
  Metadata:
    title           : /camera5/rtsp
    comment         : rtsp_image_transport
    encoder         : Lavf58.29.100
    server          : SRS/5.0.213(Bee)
    server_version  : 5.0.213
  Duration: N/A, start: 0.000000, bitrate: N/A
    Stream #0:0: Data: none
    Stream #0:1: Video: h264 (Main), 1 reference frame, yuv420p(progressive, left), 1024x616 (1024x624) [SAR 1:1 DAR 128:77], 30 fps, 10 tbr, 1k tbn, 60 tbc
Unsupported codec with id 0 for input stream 0
[STREAM]
index=0
codec_name=unknown
codec_long_name=unknown
profile=unknown
codec_type=data
codec_tag_string=[0][0][0][0]
codec_tag=0x0000
id=N/A
r_frame_rate=0/0
avg_frame_rate=0/0
time_base=1/1000
start_pts=0
start_time=0.000000
duration_ts=N/A
duration=N/A
bit_rate=N/A
max_bit_rate=N/A
bits_per_raw_sample=N/A
nb_frames=N/A
nb_read_frames=N/A
nb_read_packets=N/A
DISPOSITION:default=0
DISPOSITION:dub=0
DISPOSITION:original=0
DISPOSITION:comment=0
DISPOSITION:lyrics=0
DISPOSITION:karaoke=0
DISPOSITION:forced=0
DISPOSITION:hearing_impaired=0
DISPOSITION:visual_impaired=0
DISPOSITION:clean_effects=0
DISPOSITION:attached_pic=0
DISPOSITION:timed_thumbnails=0
[/STREAM]
[STREAM]
index=1
codec_name=h264
codec_long_name=H.264 / AVC / MPEG-4 AVC / MPEG-4 part 10
profile=Main
codec_type=video
codec_time_base=1/60
codec_tag_string=[0][0][0][0]
codec_tag=0x0000
width=1024
height=616
coded_width=1024
coded_height=624
has_b_frames=0
sample_aspect_ratio=1:1
display_aspect_ratio=128:77
pix_fmt=yuv420p
level=31
color_range=unknown
color_space=unknown
color_transfer=unknown
color_primaries=unknown
chroma_location=left
field_order=progressive
timecode=N/A
refs=1
is_avc=true
nal_length_size=4
id=N/A
r_frame_rate=10/1
avg_frame_rate=30/1
time_base=1/1000
start_pts=10
start_time=0.010000
duration_ts=N/A
duration=N/A
bit_rate=N/A
max_bit_rate=N/A
bits_per_raw_sample=8
nb_frames=N/A
nb_read_frames=N/A
nb_read_packets=N/A
DISPOSITION:default=0
DISPOSITION:dub=0
DISPOSITION:original=0
DISPOSITION:comment=0
DISPOSITION:lyrics=0
DISPOSITION:karaoke=0
DISPOSITION:forced=0
DISPOSITION:hearing_impaired=0
DISPOSITION:visual_impaired=0
DISPOSITION:clean_effects=0
DISPOSITION:attached_pic=0
DISPOSITION:timed_thumbnails=0
[/STREAM]
[FORMAT]
filename=rtmp://43.199.149.178/live/front_left
nb_streams=2
nb_programs=0
format_name=flv
format_long_name=FLV (Flash Video)
start_time=0.000000
duration=N/A
size=N/A
bit_rate=N/A
probe_score=100
TAG:title=/camera5/rtsp
TAG:comment=rtsp_image_transport
TAG:encoder=Lavf58.29.100
TAG:server=SRS/5.0.213(Bee)
TAG:server_version=5.0.213
[/FORMAT]
[AVIOContext @ 0x55f149a9a640] Statistics: 670863 bytes read, 0 seeks
---------------------[ ffprobe Log End ]----------------------
SUMMARY: Status OK. Check passed because ffprobe successfully connected to the stream and retrieved its information (Exit Code: 0).


------------------[ Checking Stream: front_right ]------------------
URL: rtmp://43.199.149.178/live/front_right
--------------------[ ffprobe Log Start ]---------------------
ffprobe version 4.2.7-0ubuntu0.1 Copyright (c) 2007-2022 the FFmpeg developers
  built with gcc 9 (Ubuntu 9.4.0-1ubuntu1~20.04.1)
  configuration: --prefix=/usr --extra-version=0ubuntu0.1 --toolchain=hardened --libdir=/usr/lib/x86_64-linux-gnu --incdir=/usr/include/x86_64-linux-gnu --arch=amd64 --enable-gpl --disable-stripping --enable-avresample --disable-filter=resample --enable-avisynth --enable-gnutls --enable-ladspa --enable-libaom --enable-libass --enable-libbluray --enable-libbs2b --enable-libcaca --enable-libcdio --enable-libcodec2 --enable-libflite --enable-libfontconfig --enable-libfreetype --enable-libfribidi --enable-libgme --enable-libgsm --enable-libjack --enable-libmp3lame --enable-libmysofa --enable-libopenjpeg --enable-libopenmpt --enable-libopus --enable-libpulse --enable-librsvg --enable-librubberband --enable-libshine --enable-libsnappy --enable-libsoxr --enable-libspeex --enable-libssh --enable-libtheora --enable-libtwolame --enable-libvidstab --enable-libvorbis --enable-libvpx --enable-libwavpack --enable-libwebp --enable-libx265 --enable-libxml2 --enable-libxvid --enable-libzmq --enable-libzvbi --enable-lv2 --enable-omx --enable-openal --enable-opencl --enable-opengl --enable-sdl2 --enable-libdc1394 --enable-libdrm --enable-libiec61883 --enable-nvenc --enable-chromaprint --enable-frei0r --enable-libx264 --enable-shared
  libavutil      56. 31.100 / 56. 31.100
  libavcodec     58. 54.100 / 58. 54.100
  libavformat    58. 29.100 / 58. 29.100
  libavdevice    58.  8.100 / 58.  8.100
  libavfilter     7. 57.100 /  7. 57.100
  libavresample   4.  0.  0 /  4.  0.  0
  libswscale      5.  5.100 /  5.  5.100
  libswresample   3.  5.100 /  3.  5.100
  libpostproc    55.  5.100 / 55.  5.100
[tcp @ 0x556785c60c00] Starting connection attempt to 43.199.149.178 port 1935
[tcp @ 0x556785c60c00] Successfully connected to 43.199.149.178 port 1935
[h264 @ 0x556785c75240] Reinit context to 1024x624, pix_fmt: yuv420p
[flv @ 0x556785c5f980] max_analyze_duration 5000000 reached at 5000000 microseconds st:1
Input #0, flv, from 'rtmp://43.199.149.178/live/front_right':
  Metadata:
    title           : /camera3/rtsp
    comment         : rtsp_image_transport
    encoder         : Lavf58.29.100
    server          : SRS/5.0.213(Bee)
    server_version  : 5.0.213
  Duration: N/A, start: 0.000000, bitrate: N/A
    Stream #0:0: Data: none
    Stream #0:1: Video: h264 (Main), 1 reference frame, yuv420p(progressive, left), 1024x616 (1024x624) [SAR 1:1 DAR 128:77], 30 fps, 10 tbr, 1k tbn, 60 tbc
Unsupported codec with id 0 for input stream 0
[STREAM]
index=0
codec_name=unknown
codec_long_name=unknown
profile=unknown
codec_type=data
codec_tag_string=[0][0][0][0]
codec_tag=0x0000
id=N/A
r_frame_rate=0/0
avg_frame_rate=0/0
time_base=1/1000
start_pts=0
start_time=0.000000
duration_ts=N/A
duration=N/A
bit_rate=N/A
max_bit_rate=N/A
bits_per_raw_sample=N/A
nb_frames=N/A
nb_read_frames=N/A
nb_read_packets=N/A
DISPOSITION:default=0
DISPOSITION:dub=0
DISPOSITION:original=0
DISPOSITION:comment=0
DISPOSITION:lyrics=0
DISPOSITION:karaoke=0
DISPOSITION:forced=0
DISPOSITION:hearing_impaired=0
DISPOSITION:visual_impaired=0
DISPOSITION:clean_effects=0
DISPOSITION:attached_pic=0
DISPOSITION:timed_thumbnails=0
[/STREAM]
[STREAM]
index=1
codec_name=h264
codec_long_name=H.264 / AVC / MPEG-4 AVC / MPEG-4 part 10
profile=Main
codec_type=video
codec_time_base=1/60
codec_tag_string=[0][0][0][0]
codec_tag=0x0000
width=1024
height=616
coded_width=1024
coded_height=624
has_b_frames=0
sample_aspect_ratio=1:1
display_aspect_ratio=128:77
pix_fmt=yuv420p
level=31
color_range=unknown
color_space=unknown
color_transfer=unknown
color_primaries=unknown
chroma_location=left
field_order=progressive
timecode=N/A
refs=1
is_avc=true
nal_length_size=4
id=N/A
r_frame_rate=10/1
avg_frame_rate=30/1
time_base=1/1000
start_pts=10
start_time=0.010000
duration_ts=N/A
duration=N/A
bit_rate=N/A
max_bit_rate=N/A
bits_per_raw_sample=8
nb_frames=N/A
nb_read_frames=N/A
nb_read_packets=N/A
DISPOSITION:default=0
DISPOSITION:dub=0
DISPOSITION:original=0
DISPOSITION:comment=0
DISPOSITION:lyrics=0
DISPOSITION:karaoke=0
DISPOSITION:forced=0
DISPOSITION:hearing_impaired=0
DISPOSITION:visual_impaired=0
DISPOSITION:clean_effects=0
DISPOSITION:attached_pic=0
DISPOSITION:timed_thumbnails=0
[/STREAM]
[FORMAT]
filename=rtmp://43.199.149.178/live/front_right
nb_streams=2
nb_programs=0
format_name=flv
format_long_name=FLV (Flash Video)
start_time=0.000000
duration=N/A
size=N/A
bit_rate=N/A
probe_score=100
TAG:title=/camera3/rtsp
TAG:comment=rtsp_image_transport
TAG:encoder=Lavf58.29.100
TAG:server=SRS/5.0.213(Bee)
TAG:server_version=5.0.213
[/FORMAT]
[AVIOContext @ 0x556785c62640] Statistics: 684861 bytes read, 0 seeks
---------------------[ ffprobe Log End ]----------------------
SUMMARY: Status OK. Check passed because ffprobe successfully connected to the stream and retrieved its information (Exit Code: 0).

====================[ End of Check Cycle ]====================

==========================================================
                STREAM STATUS CHECK @ Friday, July 25, 2025 AM11:44:28 HKT
==========================================================

------------------[ Checking Stream: front_left ]------------------
URL: rtmp://43.199.149.178/live/front_left
--------------------[ ffprobe Log Start ]---------------------
ffprobe version 4.2.7-0ubuntu0.1 Copyright (c) 2007-2022 the FFmpeg developers
  built with gcc 9 (Ubuntu 9.4.0-1ubuntu1~20.04.1)
  configuration: --prefix=/usr --extra-version=0ubuntu0.1 --toolchain=hardened --libdir=/usr/lib/x86_64-linux-gnu --incdir=/usr/include/x86_64-linux-gnu --arch=amd64 --enable-gpl --disable-stripping --enable-avresample --disable-filter=resample --enable-avisynth --enable-gnutls --enable-ladspa --enable-libaom --enable-libass --enable-libbluray --enable-libbs2b --enable-libcaca --enable-libcdio --enable-libcodec2 --enable-libflite --enable-libfontconfig --enable-libfreetype --enable-libfribidi --enable-libgme --enable-libgsm --enable-libjack --enable-libmp3lame --enable-libmysofa --enable-libopenjpeg --enable-libopenmpt --enable-libopus --enable-libpulse --enable-librsvg --enable-librubberband --enable-libshine --enable-libsnappy --enable-libsoxr --enable-libspeex --enable-libssh --enable-libtheora --enable-libtwolame --enable-libvidstab --enable-libvorbis --enable-libvpx --enable-libwavpack --enable-libwebp --enable-libx265 --enable-libxml2 --enable-libxvid --enable-libzmq --enable-libzvbi --enable-lv2 --enable-omx --enable-openal --enable-opencl --enable-opengl --enable-sdl2 --enable-libdc1394 --enable-libdrm --enable-libiec61883 --enable-nvenc --enable-chromaprint --enable-frei0r --enable-libx264 --enable-shared
  libavutil      56. 31.100 / 56. 31.100
  libavcodec     58. 54.100 / 58. 54.100
  libavformat    58. 29.100 / 58. 29.100
  libavdevice    58.  8.100 / 58.  8.100
  libavfilter     7. 57.100 /  7. 57.100
  libavresample   4.  0.  0 /  4.  0.  0
  libswscale      5.  5.100 /  5.  5.100
  libswresample   3.  5.100 /  3.  5.100
  libpostproc    55.  5.100 / 55.  5.100
[tcp @ 0x55b8121b3c00] Starting connection attempt to 43.199.149.178 port 1935
[tcp @ 0x55b8121b3c00] Successfully connected to 43.199.149.178 port 1935
[h264 @ 0x55b8121c8240] Reinit context to 1024x624, pix_fmt: yuv420p
[flv @ 0x55b8121b2980] max_analyze_duration 5000000 reached at 5000000 microseconds st:1
Input #0, flv, from 'rtmp://43.199.149.178/live/front_left':
  Metadata:
    title           : /camera5/rtsp
    comment         : rtsp_image_transport
    encoder         : Lavf58.29.100
    server          : SRS/5.0.213(Bee)
    server_version  : 5.0.213
  Duration: N/A, start: 0.000000, bitrate: N/A
    Stream #0:0: Data: none
    Stream #0:1: Video: h264 (Main), 1 reference frame, yuv420p(progressive, left), 1024x616 (1024x624) [SAR 1:1 DAR 128:77], 30 fps, 10 tbr, 1k tbn, 60 tbc
Unsupported codec with id 0 for input stream 0
[STREAM]
index=0
codec_name=unknown
codec_long_name=unknown
profile=unknown
codec_type=data
codec_tag_string=[0][0][0][0]
codec_tag=0x0000
id=N/A
r_frame_rate=0/0
avg_frame_rate=0/0
time_base=1/1000
start_pts=0
start_time=0.000000
duration_ts=N/A
duration=N/A
bit_rate=N/A
max_bit_rate=N/A
bits_per_raw_sample=N/A
nb_frames=N/A
nb_read_frames=N/A
nb_read_packets=N/A
DISPOSITION:default=0
DISPOSITION:dub=0
DISPOSITION:original=0
DISPOSITION:comment=0
DISPOSITION:lyrics=0
DISPOSITION:karaoke=0
DISPOSITION:forced=0
DISPOSITION:hearing_impaired=0
DISPOSITION:visual_impaired=0
DISPOSITION:clean_effects=0
DISPOSITION:attached_pic=0
DISPOSITION:timed_thumbnails=0
[/STREAM]
[STREAM]
index=1
codec_name=h264
codec_long_name=H.264 / AVC / MPEG-4 AVC / MPEG-4 part 10
profile=Main
codec_type=video
codec_time_base=1/60
codec_tag_string=[0][0][0][0]
codec_tag=0x0000
width=1024
height=616
coded_width=1024
coded_height=624
has_b_frames=0
sample_aspect_ratio=1:1
display_aspect_ratio=128:77
pix_fmt=yuv420p
level=31
color_range=unknown
color_space=unknown
color_transfer=unknown
color_primaries=unknown
chroma_location=left
field_order=progressive
timecode=N/A
refs=1
is_avc=true
nal_length_size=4
id=N/A
r_frame_rate=10/1
avg_frame_rate=30/1
time_base=1/1000
start_pts=10
start_time=0.010000
duration_ts=N/A
duration=N/A
bit_rate=N/A
max_bit_rate=N/A
bits_per_raw_sample=8
nb_frames=N/A
nb_read_frames=N/A
nb_read_packets=N/A
DISPOSITION:default=0
DISPOSITION:dub=0
DISPOSITION:original=0
DISPOSITION:comment=0
DISPOSITION:lyrics=0
DISPOSITION:karaoke=0
DISPOSITION:forced=0
DISPOSITION:hearing_impaired=0
DISPOSITION:visual_impaired=0
DISPOSITION:clean_effects=0
DISPOSITION:attached_pic=0
DISPOSITION:timed_thumbnails=0
[/STREAM]
[FORMAT]
filename=rtmp://43.199.149.178/live/front_left
nb_streams=2
nb_programs=0
format_name=flv
format_long_name=FLV (Flash Video)
start_time=0.000000
duration=N/A
size=N/A
bit_rate=N/A
probe_score=100
TAG:title=/camera5/rtsp
TAG:comment=rtsp_image_transport
TAG:encoder=Lavf58.29.100
TAG:server=SRS/5.0.213(Bee)
TAG:server_version=5.0.213
[/FORMAT]
[AVIOContext @ 0x55b8121b5640] Statistics: 645971 bytes read, 0 seeks
---------------------[ ffprobe Log End ]----------------------
SUMMARY: Status OK. Check passed because ffprobe successfully connected to the stream and retrieved its information (Exit Code: 0).


------------------[ Checking Stream: front_right ]------------------
URL: rtmp://43.199.149.178/live/front_right
--------------------[ ffprobe Log Start ]---------------------
ffprobe version 4.2.7-0ubuntu0.1 Copyright (c) 2007-2022 the FFmpeg developers
  built with gcc 9 (Ubuntu 9.4.0-1ubuntu1~20.04.1)
  configuration: --prefix=/usr --extra-version=0ubuntu0.1 --toolchain=hardened --libdir=/usr/lib/x86_64-linux-gnu --incdir=/usr/include/x86_64-linux-gnu --arch=amd64 --enable-gpl --disable-stripping --enable-avresample --disable-filter=resample --enable-avisynth --enable-gnutls --enable-ladspa --enable-libaom --enable-libass --enable-libbluray --enable-libbs2b --enable-libcaca --enable-libcdio --enable-libcodec2 --enable-libflite --enable-libfontconfig --enable-libfreetype --enable-libfribidi --enable-libgme --enable-libgsm --enable-libjack --enable-libmp3lame --enable-libmysofa --enable-libopenjpeg --enable-libopenmpt --enable-libopus --enable-libpulse --enable-librsvg --enable-librubberband --enable-libshine --enable-libsnappy --enable-libsoxr --enable-libspeex --enable-libssh --enable-libtheora --enable-libtwolame --enable-libvidstab --enable-libvorbis --enable-libvpx --enable-libwavpack --enable-libwebp --enable-libx265 --enable-libxml2 --enable-libxvid --enable-libzmq --enable-libzvbi --enable-lv2 --enable-omx --enable-openal --enable-opencl --enable-opengl --enable-sdl2 --enable-libdc1394 --enable-libdrm --enable-libiec61883 --enable-nvenc --enable-chromaprint --enable-frei0r --enable-libx264 --enable-shared
  libavutil      56. 31.100 / 56. 31.100
  libavcodec     58. 54.100 / 58. 54.100
  libavformat    58. 29.100 / 58. 29.100
  libavdevice    58.  8.100 / 58.  8.100
  libavfilter     7. 57.100 /  7. 57.100
  libavresample   4.  0.  0 /  4.  0.  0
  libswscale      5.  5.100 /  5.  5.100
  libswresample   3.  5.100 /  3.  5.100
  libpostproc    55.  5.100 / 55.  5.100
[tcp @ 0x55f733874c00] Starting connection attempt to 43.199.149.178 port 1935
[tcp @ 0x55f733874c00] Successfully connected to 43.199.149.178 port 1935
[h264 @ 0x55f733877a00] Reinit context to 1024x624, pix_fmt: yuv420p
[h264 @ 0x55f733877a00] error while decoding MB 22 20, bytestream -7
[h264 @ 0x55f733877a00] concealing 1243 DC, 1243 AC, 1243 MV errors in I frame
[flv @ 0x55f733873980] max_analyze_duration 5000000 reached at 5000000 microseconds st:1
Input #0, flv, from 'rtmp://43.199.149.178/live/front_right':
  Metadata:
    title           : /camera3/rtsp
    comment         : rtsp_image_transport
    encoder         : Lavf58.29.100
    server          : SRS/5.0.213(Bee)
    server_version  : 5.0.213
  Duration: N/A, start: 0.000000, bitrate: N/A
    Stream #0:0: Data: none
    Stream #0:1: Video: h264 (Main), 1 reference frame, yuv420p(progressive, left), 1024x616 (1024x624) [SAR 1:1 DAR 128:77], 30 fps, 10 tbr, 1k tbn, 60 tbc
Unsupported codec with id 0 for input stream 0
[STREAM]
index=0
codec_name=unknown
codec_long_name=unknown
profile=unknown
codec_type=data
codec_tag_string=[0][0][0][0]
codec_tag=0x0000
id=N/A
r_frame_rate=0/0
avg_frame_rate=0/0
time_base=1/1000
start_pts=0
start_time=0.000000
duration_ts=N/A
duration=N/A
bit_rate=N/A
max_bit_rate=N/A
bits_per_raw_sample=N/A
nb_frames=N/A
nb_read_frames=N/A
nb_read_packets=N/A
DISPOSITION:default=0
DISPOSITION:dub=0
DISPOSITION:original=0
DISPOSITION:comment=0
DISPOSITION:lyrics=0
DISPOSITION:karaoke=0
DISPOSITION:forced=0
DISPOSITION:hearing_impaired=0
DISPOSITION:visual_impaired=0
DISPOSITION:clean_effects=0
DISPOSITION:attached_pic=0
DISPOSITION:timed_thumbnails=0
[/STREAM]
[STREAM]
index=1
codec_name=h264
codec_long_name=H.264 / AVC / MPEG-4 AVC / MPEG-4 part 10
profile=Main
codec_type=video
codec_time_base=1/60
codec_tag_string=[0][0][0][0]
codec_tag=0x0000
width=1024
height=616
coded_width=1024
coded_height=624
has_b_frames=0
sample_aspect_ratio=1:1
display_aspect_ratio=128:77
pix_fmt=yuv420p
level=31
color_range=unknown
color_space=unknown
color_transfer=unknown
color_primaries=unknown
chroma_location=left
field_order=progressive
timecode=N/A
refs=1
is_avc=true
nal_length_size=4
id=N/A
r_frame_rate=10/1
avg_frame_rate=30/1
time_base=1/1000
start_pts=10
start_time=0.010000
duration_ts=N/A
duration=N/A
bit_rate=N/A
max_bit_rate=N/A
bits_per_raw_sample=8
nb_frames=N/A
nb_read_frames=N/A
nb_read_packets=N/A
DISPOSITION:default=0
DISPOSITION:dub=0
DISPOSITION:original=0
DISPOSITION:comment=0
DISPOSITION:lyrics=0
DISPOSITION:karaoke=0
DISPOSITION:forced=0
DISPOSITION:hearing_impaired=0
DISPOSITION:visual_impaired=0
DISPOSITION:clean_effects=0
DISPOSITION:attached_pic=0
DISPOSITION:timed_thumbnails=0
[/STREAM]
[FORMAT]
filename=rtmp://43.199.149.178/live/front_right
nb_streams=2
nb_programs=0
format_name=flv
format_long_name=FLV (Flash Video)
start_time=0.000000
duration=N/A
size=N/A
bit_rate=N/A
probe_score=100
TAG:title=/camera3/rtsp
TAG:comment=rtsp_image_transport
TAG:encoder=Lavf58.29.100
TAG:server=SRS/5.0.213(Bee)
TAG:server_version=5.0.213
[/FORMAT]
[AVIOContext @ 0x55f733876640] Statistics: 636040 bytes read, 0 seeks
---------------------[ ffprobe Log End ]----------------------
SUMMARY: Status OK. Check passed because ffprobe successfully connected to the stream and retrieved its information (Exit Code: 0).

====================[ End of Check Cycle ]====================

==========================================================
                STREAM STATUS CHECK @ Friday, July 25, 2025 AM11:45:58 HKT
==========================================================

------------------[ Checking Stream: front_left ]------------------
URL: rtmp://43.199.149.178/live/front_left
--------------------[ ffprobe Log Start ]---------------------
ffprobe version 4.2.7-0ubuntu0.1 Copyright (c) 2007-2022 the FFmpeg developers
  built with gcc 9 (Ubuntu 9.4.0-1ubuntu1~20.04.1)
  configuration: --prefix=/usr --extra-version=0ubuntu0.1 --toolchain=hardened --libdir=/usr/lib/x86_64-linux-gnu --incdir=/usr/include/x86_64-linux-gnu --arch=amd64 --enable-gpl --disable-stripping --enable-avresample --disable-filter=resample --enable-avisynth --enable-gnutls --enable-ladspa --enable-libaom --enable-libass --enable-libbluray --enable-libbs2b --enable-libcaca --enable-libcdio --enable-libcodec2 --enable-libflite --enable-libfontconfig --enable-libfreetype --enable-libfribidi --enable-libgme --enable-libgsm --enable-libjack --enable-libmp3lame --enable-libmysofa --enable-libopenjpeg --enable-libopenmpt --enable-libopus --enable-libpulse --enable-librsvg --enable-librubberband --enable-libshine --enable-libsnappy --enable-libsoxr --enable-libspeex --enable-libssh --enable-libtheora --enable-libtwolame --enable-libvidstab --enable-libvorbis --enable-libvpx --enable-libwavpack --enable-libwebp --enable-libx265 --enable-libxml2 --enable-libxvid --enable-libzmq --enable-libzvbi --enable-lv2 --enable-omx --enable-openal --enable-opencl --enable-opengl --enable-sdl2 --enable-libdc1394 --enable-libdrm --enable-libiec61883 --enable-nvenc --enable-chromaprint --enable-frei0r --enable-libx264 --enable-shared
  libavutil      56. 31.100 / 56. 31.100
  libavcodec     58. 54.100 / 58. 54.100
  libavformat    58. 29.100 / 58. 29.100
  libavdevice    58.  8.100 / 58.  8.100
  libavfilter     7. 57.100 /  7. 57.100
  libavresample   4.  0.  0 /  4.  0.  0
  libswscale      5.  5.100 /  5.  5.100
  libswresample   3.  5.100 /  3.  5.100
  libpostproc    55.  5.100 / 55.  5.100
[tcp @ 0x55b786a38c00] Starting connection attempt to 43.199.149.178 port 1935
[tcp @ 0x55b786a38c00] Successfully connected to 43.199.149.178 port 1935
[h264 @ 0x55b786a4d240] Reinit context to 1024x624, pix_fmt: yuv420p
[flv @ 0x55b786a37980] max_analyze_duration 5000000 reached at 5000000 microseconds st:1
Input #0, flv, from 'rtmp://43.199.149.178/live/front_left':
  Metadata:
    title           : /camera5/rtsp
    comment         : rtsp_image_transport
    encoder         : Lavf58.29.100
    server          : SRS/5.0.213(Bee)
    server_version  : 5.0.213
  Duration: N/A, start: 0.000000, bitrate: N/A
    Stream #0:0: Data: none
    Stream #0:1: Video: h264 (Main), 1 reference frame, yuv420p(progressive, left), 1024x616 (1024x624) [SAR 1:1 DAR 128:77], 30 fps, 10 tbr, 1k tbn, 60 tbc
Unsupported codec with id 0 for input stream 0
[STREAM]
index=0
codec_name=unknown
codec_long_name=unknown
profile=unknown
codec_type=data
codec_tag_string=[0][0][0][0]
codec_tag=0x0000
id=N/A
r_frame_rate=0/0
avg_frame_rate=0/0
time_base=1/1000
start_pts=0
start_time=0.000000
duration_ts=N/A
duration=N/A
bit_rate=N/A
max_bit_rate=N/A
bits_per_raw_sample=N/A
nb_frames=N/A
nb_read_frames=N/A
nb_read_packets=N/A
DISPOSITION:default=0
DISPOSITION:dub=0
DISPOSITION:original=0
DISPOSITION:comment=0
DISPOSITION:lyrics=0
DISPOSITION:karaoke=0
DISPOSITION:forced=0
DISPOSITION:hearing_impaired=0
DISPOSITION:visual_impaired=0
DISPOSITION:clean_effects=0
DISPOSITION:attached_pic=0
DISPOSITION:timed_thumbnails=0
[/STREAM]
[STREAM]
index=1
codec_name=h264
codec_long_name=H.264 / AVC / MPEG-4 AVC / MPEG-4 part 10
profile=Main
codec_type=video
codec_time_base=1/60
codec_tag_string=[0][0][0][0]
codec_tag=0x0000
width=1024
height=616
coded_width=1024
coded_height=624
has_b_frames=0
sample_aspect_ratio=1:1
display_aspect_ratio=128:77
pix_fmt=yuv420p
level=31
color_range=unknown
color_space=unknown
color_transfer=unknown
color_primaries=unknown
chroma_location=left
field_order=progressive
timecode=N/A
refs=1
is_avc=true
nal_length_size=4
id=N/A
r_frame_rate=10/1
avg_frame_rate=30/1
time_base=1/1000
start_pts=10
start_time=0.010000
duration_ts=N/A
duration=N/A
bit_rate=N/A
max_bit_rate=N/A
bits_per_raw_sample=8
nb_frames=N/A
nb_read_frames=N/A
nb_read_packets=N/A
DISPOSITION:default=0
DISPOSITION:dub=0
DISPOSITION:original=0
DISPOSITION:comment=0
DISPOSITION:lyrics=0
DISPOSITION:karaoke=0
DISPOSITION:forced=0
DISPOSITION:hearing_impaired=0
DISPOSITION:visual_impaired=0
DISPOSITION:clean_effects=0
DISPOSITION:attached_pic=0
DISPOSITION:timed_thumbnails=0
[/STREAM]
[FORMAT]
filename=rtmp://43.199.149.178/live/front_left
nb_streams=2
nb_programs=0
format_name=flv
format_long_name=FLV (Flash Video)
start_time=0.000000
duration=N/A
size=N/A
bit_rate=N/A
probe_score=100
TAG:title=/camera5/rtsp
TAG:comment=rtsp_image_transport
TAG:encoder=Lavf58.29.100
TAG:server=SRS/5.0.213(Bee)
TAG:server_version=5.0.213
[/FORMAT]
[AVIOContext @ 0x55b786a3a640] Statistics: 667800 bytes read, 0 seeks
---------------------[ ffprobe Log End ]----------------------
SUMMARY: Status OK. Check passed because ffprobe successfully connected to the stream and retrieved its information (Exit Code: 0).


------------------[ Checking Stream: front_right ]------------------
URL: rtmp://43.199.149.178/live/front_right
--------------------[ ffprobe Log Start ]---------------------
ffprobe version 4.2.7-0ubuntu0.1 Copyright (c) 2007-2022 the FFmpeg developers
  built with gcc 9 (Ubuntu 9.4.0-1ubuntu1~20.04.1)
  configuration: --prefix=/usr --extra-version=0ubuntu0.1 --toolchain=hardened --libdir=/usr/lib/x86_64-linux-gnu --incdir=/usr/include/x86_64-linux-gnu --arch=amd64 --enable-gpl --disable-stripping --enable-avresample --disable-filter=resample --enable-avisynth --enable-gnutls --enable-ladspa --enable-libaom --enable-libass --enable-libbluray --enable-libbs2b --enable-libcaca --enable-libcdio --enable-libcodec2 --enable-libflite --enable-libfontconfig --enable-libfreetype --enable-libfribidi --enable-libgme --enable-libgsm --enable-libjack --enable-libmp3lame --enable-libmysofa --enable-libopenjpeg --enable-libopenmpt --enable-libopus --enable-libpulse --enable-librsvg --enable-librubberband --enable-libshine --enable-libsnappy --enable-libsoxr --enable-libspeex --enable-libssh --enable-libtheora --enable-libtwolame --enable-libvidstab --enable-libvorbis --enable-libvpx --enable-libwavpack --enable-libwebp --enable-libx265 --enable-libxml2 --enable-libxvid --enable-libzmq --enable-libzvbi --enable-lv2 --enable-omx --enable-openal --enable-opencl --enable-opengl --enable-sdl2 --enable-libdc1394 --enable-libdrm --enable-libiec61883 --enable-nvenc --enable-chromaprint --enable-frei0r --enable-libx264 --enable-shared
  libavutil      56. 31.100 / 56. 31.100
  libavcodec     58. 54.100 / 58. 54.100
  libavformat    58. 29.100 / 58. 29.100
  libavdevice    58.  8.100 / 58.  8.100
  libavfilter     7. 57.100 /  7. 57.100
  libavresample   4.  0.  0 /  4.  0.  0
  libswscale      5.  5.100 /  5.  5.100
  libswresample   3.  5.100 /  3.  5.100
  libpostproc    55.  5.100 / 55.  5.100
[tcp @ 0x55685efa5c00] Starting connection attempt to 43.199.149.178 port 1935
[tcp @ 0x55685efa5c00] Successfully connected to 43.199.149.178 port 1935
[h264 @ 0x55685efa9fc0] Reinit context to 1024x624, pix_fmt: yuv420p
[flv @ 0x55685efa4980] max_analyze_duration 5000000 reached at 5000000 microseconds st:1
Input #0, flv, from 'rtmp://43.199.149.178/live/front_right':
  Metadata:
    title           : /camera3/rtsp
    comment         : rtsp_image_transport
    encoder         : Lavf58.29.100
    server          : SRS/5.0.213(Bee)
    server_version  : 5.0.213
  Duration: N/A, start: 0.000000, bitrate: N/A
    Stream #0:0: Data: none
    Stream #0:1: Video: h264 (Main), 1 reference frame, yuv420p(progressive, left), 1024x616 (1024x624) [SAR 1:1 DAR 128:77], 30 fps, 10 tbr, 1k tbn, 60 tbc
Unsupported codec with id 0 for input stream 0
[STREAM]
index=0
codec_name=unknown
codec_long_name=unknown
profile=unknown
codec_type=data
codec_tag_string=[0][0][0][0]
codec_tag=0x0000
id=N/A
r_frame_rate=0/0
avg_frame_rate=0/0
time_base=1/1000
start_pts=0
start_time=0.000000
duration_ts=N/A
duration=N/A
bit_rate=N/A
max_bit_rate=N/A
bits_per_raw_sample=N/A
nb_frames=N/A
nb_read_frames=N/A
nb_read_packets=N/A
DISPOSITION:default=0
DISPOSITION:dub=0
DISPOSITION:original=0
DISPOSITION:comment=0
DISPOSITION:lyrics=0
DISPOSITION:karaoke=0
DISPOSITION:forced=0
DISPOSITION:hearing_impaired=0
DISPOSITION:visual_impaired=0
DISPOSITION:clean_effects=0
DISPOSITION:attached_pic=0
DISPOSITION:timed_thumbnails=0
[/STREAM]
[STREAM]
index=1
codec_name=h264
codec_long_name=H.264 / AVC / MPEG-4 AVC / MPEG-4 part 10
profile=Main
codec_type=video
codec_time_base=1/60
codec_tag_string=[0][0][0][0]
codec_tag=0x0000
width=1024
height=616
coded_width=1024
coded_height=624
has_b_frames=0
sample_aspect_ratio=1:1
display_aspect_ratio=128:77
pix_fmt=yuv420p
level=31
color_range=unknown
color_space=unknown
color_transfer=unknown
color_primaries=unknown
chroma_location=left
field_order=progressive
timecode=N/A
refs=1
is_avc=true
nal_length_size=4
id=N/A
r_frame_rate=10/1
avg_frame_rate=30/1
time_base=1/1000
start_pts=10
start_time=0.010000
duration_ts=N/A
duration=N/A
bit_rate=N/A
max_bit_rate=N/A
bits_per_raw_sample=8
nb_frames=N/A
nb_read_frames=N/A
nb_read_packets=N/A
DISPOSITION:default=0
DISPOSITION:dub=0
DISPOSITION:original=0
DISPOSITION:comment=0
DISPOSITION:lyrics=0
DISPOSITION:karaoke=0
DISPOSITION:forced=0
DISPOSITION:hearing_impaired=0
DISPOSITION:visual_impaired=0
DISPOSITION:clean_effects=0
DISPOSITION:attached_pic=0
DISPOSITION:timed_thumbnails=0
[/STREAM]
[FORMAT]
filename=rtmp://43.199.149.178/live/front_right
nb_streams=2
nb_programs=0
format_name=flv
format_long_name=FLV (Flash Video)
start_time=0.000000
duration=N/A
size=N/A
bit_rate=N/A
probe_score=100
TAG:title=/camera3/rtsp
TAG:comment=rtsp_image_transport
TAG:encoder=Lavf58.29.100
TAG:server=SRS/5.0.213(Bee)
TAG:server_version=5.0.213
[/FORMAT]
[AVIOContext @ 0x55685efa7640] Statistics: 623578 bytes read, 0 seeks
---------------------[ ffprobe Log End ]----------------------
SUMMARY: Status OK. Check passed because ffprobe successfully connected to the stream and retrieved its information (Exit Code: 0).

====================[ End of Check Cycle ]====================

==========================================================
                STREAM STATUS CHECK @ Friday, July 25, 2025 AM11:47:28 HKT
==========================================================

------------------[ Checking Stream: front_left ]------------------
URL: rtmp://43.199.149.178/live/front_left
--------------------[ ffprobe Log Start ]---------------------
ffprobe version 4.2.7-0ubuntu0.1 Copyright (c) 2007-2022 the FFmpeg developers
  built with gcc 9 (Ubuntu 9.4.0-1ubuntu1~20.04.1)
  configuration: --prefix=/usr --extra-version=0ubuntu0.1 --toolchain=hardened --libdir=/usr/lib/x86_64-linux-gnu --incdir=/usr/include/x86_64-linux-gnu --arch=amd64 --enable-gpl --disable-stripping --enable-avresample --disable-filter=resample --enable-avisynth --enable-gnutls --enable-ladspa --enable-libaom --enable-libass --enable-libbluray --enable-libbs2b --enable-libcaca --enable-libcdio --enable-libcodec2 --enable-libflite --enable-libfontconfig --enable-libfreetype --enable-libfribidi --enable-libgme --enable-libgsm --enable-libjack --enable-libmp3lame --enable-libmysofa --enable-libopenjpeg --enable-libopenmpt --enable-libopus --enable-libpulse --enable-librsvg --enable-librubberband --enable-libshine --enable-libsnappy --enable-libsoxr --enable-libspeex --enable-libssh --enable-libtheora --enable-libtwolame --enable-libvidstab --enable-libvorbis --enable-libvpx --enable-libwavpack --enable-libwebp --enable-libx265 --enable-libxml2 --enable-libxvid --enable-libzmq --enable-libzvbi --enable-lv2 --enable-omx --enable-openal --enable-opencl --enable-opengl --enable-sdl2 --enable-libdc1394 --enable-libdrm --enable-libiec61883 --enable-nvenc --enable-chromaprint --enable-frei0r --enable-libx264 --enable-shared
  libavutil      56. 31.100 / 56. 31.100
  libavcodec     58. 54.100 / 58. 54.100
  libavformat    58. 29.100 / 58. 29.100
  libavdevice    58.  8.100 / 58.  8.100
  libavfilter     7. 57.100 /  7. 57.100
  libavresample   4.  0.  0 /  4.  0.  0
  libswscale      5.  5.100 /  5.  5.100
  libswresample   3.  5.100 /  3.  5.100
  libpostproc    55.  5.100 / 55.  5.100
[tcp @ 0x5576587efc00] Starting connection attempt to 43.199.149.178 port 1935
[tcp @ 0x5576587efc00] Successfully connected to 43.199.149.178 port 1935
[h264 @ 0x5576587f2a00] Reinit context to 1024x624, pix_fmt: yuv420p
[h264 @ 0x5576587f2a00] error while decoding MB 1 24, bytestream -25
[h264 @ 0x5576587f2a00] concealing 1008 DC, 1008 AC, 1008 MV errors in I frame
[flv @ 0x5576587ee980] max_analyze_duration 5000000 reached at 5000000 microseconds st:1
Input #0, flv, from 'rtmp://43.199.149.178/live/front_left':
  Metadata:
    title           : /camera5/rtsp
    comment         : rtsp_image_transport
    encoder         : Lavf58.29.100
    server          : SRS/5.0.213(Bee)
    server_version  : 5.0.213
  Duration: N/A, start: 0.000000, bitrate: N/A
    Stream #0:0: Data: none
    Stream #0:1: Video: h264 (Main), 1 reference frame, yuv420p(progressive, left), 1024x616 (1024x624) [SAR 1:1 DAR 128:77], 30 fps, 10 tbr, 1k tbn, 60 tbc
Unsupported codec with id 0 for input stream 0
[STREAM]
index=0
codec_name=unknown
codec_long_name=unknown
profile=unknown
codec_type=data
codec_tag_string=[0][0][0][0]
codec_tag=0x0000
id=N/A
r_frame_rate=0/0
avg_frame_rate=0/0
time_base=1/1000
start_pts=0
start_time=0.000000
duration_ts=N/A
duration=N/A
bit_rate=N/A
max_bit_rate=N/A
bits_per_raw_sample=N/A
nb_frames=N/A
nb_read_frames=N/A
nb_read_packets=N/A
DISPOSITION:default=0
DISPOSITION:dub=0
DISPOSITION:original=0
DISPOSITION:comment=0
DISPOSITION:lyrics=0
DISPOSITION:karaoke=0
DISPOSITION:forced=0
DISPOSITION:hearing_impaired=0
DISPOSITION:visual_impaired=0
DISPOSITION:clean_effects=0
DISPOSITION:attached_pic=0
DISPOSITION:timed_thumbnails=0
[/STREAM]
[STREAM]
index=1
codec_name=h264
codec_long_name=H.264 / AVC / MPEG-4 AVC / MPEG-4 part 10
profile=Main
codec_type=video
codec_time_base=1/60
codec_tag_string=[0][0][0][0]
codec_tag=0x0000
width=1024
height=616
coded_width=1024
coded_height=624
has_b_frames=0
sample_aspect_ratio=1:1
display_aspect_ratio=128:77
pix_fmt=yuv420p
level=31
color_range=unknown
color_space=unknown
color_transfer=unknown
color_primaries=unknown
chroma_location=left
field_order=progressive
timecode=N/A
refs=1
is_avc=true
nal_length_size=4
id=N/A
r_frame_rate=10/1
avg_frame_rate=30/1
time_base=1/1000
start_pts=10
start_time=0.010000
duration_ts=N/A
duration=N/A
bit_rate=N/A
max_bit_rate=N/A
bits_per_raw_sample=8
nb_frames=N/A
nb_read_frames=N/A
nb_read_packets=N/A
DISPOSITION:default=0
DISPOSITION:dub=0
DISPOSITION:original=0
DISPOSITION:comment=0
DISPOSITION:lyrics=0
DISPOSITION:karaoke=0
DISPOSITION:forced=0
DISPOSITION:hearing_impaired=0
DISPOSITION:visual_impaired=0
DISPOSITION:clean_effects=0
DISPOSITION:attached_pic=0
DISPOSITION:timed_thumbnails=0
[/STREAM]
[FORMAT]
filename=rtmp://43.199.149.178/live/front_left
nb_streams=2
nb_programs=0
format_name=flv
format_long_name=FLV (Flash Video)
start_time=0.000000
duration=N/A
size=N/A
bit_rate=N/A
probe_score=100
TAG:title=/camera5/rtsp
TAG:comment=rtsp_image_transport
TAG:encoder=Lavf58.29.100
TAG:server=SRS/5.0.213(Bee)
TAG:server_version=5.0.213
[/FORMAT]
[AVIOContext @ 0x5576587f1640] Statistics: 664327 bytes read, 0 seeks
---------------------[ ffprobe Log End ]----------------------
SUMMARY: Status OK. Check passed because ffprobe successfully connected to the stream and retrieved its information (Exit Code: 0).


------------------[ Checking Stream: front_right ]------------------
URL: rtmp://43.199.149.178/live/front_right
--------------------[ ffprobe Log Start ]---------------------
ffprobe version 4.2.7-0ubuntu0.1 Copyright (c) 2007-2022 the FFmpeg developers
  built with gcc 9 (Ubuntu 9.4.0-1ubuntu1~20.04.1)
  configuration: --prefix=/usr --extra-version=0ubuntu0.1 --toolchain=hardened --libdir=/usr/lib/x86_64-linux-gnu --incdir=/usr/include/x86_64-linux-gnu --arch=amd64 --enable-gpl --disable-stripping --enable-avresample --disable-filter=resample --enable-avisynth --enable-gnutls --enable-ladspa --enable-libaom --enable-libass --enable-libbluray --enable-libbs2b --enable-libcaca --enable-libcdio --enable-libcodec2 --enable-libflite --enable-libfontconfig --enable-libfreetype --enable-libfribidi --enable-libgme --enable-libgsm --enable-libjack --enable-libmp3lame --enable-libmysofa --enable-libopenjpeg --enable-libopenmpt --enable-libopus --enable-libpulse --enable-librsvg --enable-librubberband --enable-libshine --enable-libsnappy --enable-libsoxr --enable-libspeex --enable-libssh --enable-libtheora --enable-libtwolame --enable-libvidstab --enable-libvorbis --enable-libvpx --enable-libwavpack --enable-libwebp --enable-libx265 --enable-libxml2 --enable-libxvid --enable-libzmq --enable-libzvbi --enable-lv2 --enable-omx --enable-openal --enable-opencl --enable-opengl --enable-sdl2 --enable-libdc1394 --enable-libdrm --enable-libiec61883 --enable-nvenc --enable-chromaprint --enable-frei0r --enable-libx264 --enable-shared
  libavutil      56. 31.100 / 56. 31.100
  libavcodec     58. 54.100 / 58. 54.100
  libavformat    58. 29.100 / 58. 29.100
  libavdevice    58.  8.100 / 58.  8.100
  libavfilter     7. 57.100 /  7. 57.100
  libavresample   4.  0.  0 /  4.  0.  0
  libswscale      5.  5.100 /  5.  5.100
  libswresample   3.  5.100 /  3.  5.100
  libpostproc    55.  5.100 / 55.  5.100
[tcp @ 0x55e903a00c00] Starting connection attempt to 43.199.149.178 port 1935
[tcp @ 0x55e903a00c00] Successfully connected to 43.199.149.178 port 1935
[h264 @ 0x55e903a15240] Reinit context to 1024x624, pix_fmt: yuv420p
[flv @ 0x55e9039ff980] max_analyze_duration 5000000 reached at 5000000 microseconds st:1
Input #0, flv, from 'rtmp://43.199.149.178/live/front_right':
  Metadata:
    title           : /camera3/rtsp
    comment         : rtsp_image_transport
    encoder         : Lavf58.29.100
    server          : SRS/5.0.213(Bee)
    server_version  : 5.0.213
  Duration: N/A, start: 0.000000, bitrate: N/A
    Stream #0:0: Data: none
    Stream #0:1: Video: h264 (Main), 1 reference frame, yuv420p(progressive, left), 1024x616 (1024x624) [SAR 1:1 DAR 128:77], 30 fps, 10 tbr, 1k tbn, 60 tbc
Unsupported codec with id 0 for input stream 0
[STREAM]
index=0
codec_name=unknown
codec_long_name=unknown
profile=unknown
codec_type=data
codec_tag_string=[0][0][0][0]
codec_tag=0x0000
id=N/A
r_frame_rate=0/0
avg_frame_rate=0/0
time_base=1/1000
start_pts=0
start_time=0.000000
duration_ts=N/A
duration=N/A
bit_rate=N/A
max_bit_rate=N/A
bits_per_raw_sample=N/A
nb_frames=N/A
nb_read_frames=N/A
nb_read_packets=N/A
DISPOSITION:default=0
DISPOSITION:dub=0
DISPOSITION:original=0
DISPOSITION:comment=0
DISPOSITION:lyrics=0
DISPOSITION:karaoke=0
DISPOSITION:forced=0
DISPOSITION:hearing_impaired=0
DISPOSITION:visual_impaired=0
DISPOSITION:clean_effects=0
DISPOSITION:attached_pic=0
DISPOSITION:timed_thumbnails=0
[/STREAM]
[STREAM]
index=1
codec_name=h264
codec_long_name=H.264 / AVC / MPEG-4 AVC / MPEG-4 part 10
profile=Main
codec_type=video
codec_time_base=1/60
codec_tag_string=[0][0][0][0]
codec_tag=0x0000
width=1024
height=616
coded_width=1024
coded_height=624
has_b_frames=0
sample_aspect_ratio=1:1
display_aspect_ratio=128:77
pix_fmt=yuv420p
level=31
color_range=unknown
color_space=unknown
color_transfer=unknown
color_primaries=unknown
chroma_location=left
field_order=progressive
timecode=N/A
refs=1
is_avc=true
nal_length_size=4
id=N/A
r_frame_rate=10/1
avg_frame_rate=30/1
time_base=1/1000
start_pts=10
start_time=0.010000
duration_ts=N/A
duration=N/A
bit_rate=N/A
max_bit_rate=N/A
bits_per_raw_sample=8
nb_frames=N/A
nb_read_frames=N/A
nb_read_packets=N/A
DISPOSITION:default=0
DISPOSITION:dub=0
DISPOSITION:original=0
DISPOSITION:comment=0
DISPOSITION:lyrics=0
DISPOSITION:karaoke=0
DISPOSITION:forced=0
DISPOSITION:hearing_impaired=0
DISPOSITION:visual_impaired=0
DISPOSITION:clean_effects=0
DISPOSITION:attached_pic=0
DISPOSITION:timed_thumbnails=0
[/STREAM]
[FORMAT]
filename=rtmp://43.199.149.178/live/front_right
nb_streams=2
nb_programs=0
format_name=flv
format_long_name=FLV (Flash Video)
start_time=0.000000
duration=N/A
size=N/A
bit_rate=N/A
probe_score=100
TAG:title=/camera3/rtsp
TAG:comment=rtsp_image_transport
TAG:encoder=Lavf58.29.100
TAG:server=SRS/5.0.213(Bee)
TAG:server_version=5.0.213
[/FORMAT]
[AVIOContext @ 0x55e903a02640] Statistics: 622484 bytes read, 0 seeks
---------------------[ ffprobe Log End ]----------------------
SUMMARY: Status OK. Check passed because ffprobe successfully connected to the stream and retrieved its information (Exit Code: 0).

====================[ End of Check Cycle ]====================

==========================================================
                STREAM STATUS CHECK @ Friday, July 25, 2025 AM11:48:58 HKT
==========================================================

------------------[ Checking Stream: front_left ]------------------
URL: rtmp://43.199.149.178/live/front_left
--------------------[ ffprobe Log Start ]---------------------
ffprobe version 4.2.7-0ubuntu0.1 Copyright (c) 2007-2022 the FFmpeg developers
  built with gcc 9 (Ubuntu 9.4.0-1ubuntu1~20.04.1)
  configuration: --prefix=/usr --extra-version=0ubuntu0.1 --toolchain=hardened --libdir=/usr/lib/x86_64-linux-gnu --incdir=/usr/include/x86_64-linux-gnu --arch=amd64 --enable-gpl --disable-stripping --enable-avresample --disable-filter=resample --enable-avisynth --enable-gnutls --enable-ladspa --enable-libaom --enable-libass --enable-libbluray --enable-libbs2b --enable-libcaca --enable-libcdio --enable-libcodec2 --enable-libflite --enable-libfontconfig --enable-libfreetype --enable-libfribidi --enable-libgme --enable-libgsm --enable-libjack --enable-libmp3lame --enable-libmysofa --enable-libopenjpeg --enable-libopenmpt --enable-libopus --enable-libpulse --enable-librsvg --enable-librubberband --enable-libshine --enable-libsnappy --enable-libsoxr --enable-libspeex --enable-libssh --enable-libtheora --enable-libtwolame --enable-libvidstab --enable-libvorbis --enable-libvpx --enable-libwavpack --enable-libwebp --enable-libx265 --enable-libxml2 --enable-libxvid --enable-libzmq --enable-libzvbi --enable-lv2 --enable-omx --enable-openal --enable-opencl --enable-opengl --enable-sdl2 --enable-libdc1394 --enable-libdrm --enable-libiec61883 --enable-nvenc --enable-chromaprint --enable-frei0r --enable-libx264 --enable-shared
  libavutil      56. 31.100 / 56. 31.100
  libavcodec     58. 54.100 / 58. 54.100
  libavformat    58. 29.100 / 58. 29.100
  libavdevice    58.  8.100 / 58.  8.100
  libavfilter     7. 57.100 /  7. 57.100
  libavresample   4.  0.  0 /  4.  0.  0
  libswscale      5.  5.100 /  5.  5.100
  libswresample   3.  5.100 /  3.  5.100
  libpostproc    55.  5.100 / 55.  5.100
[tcp @ 0x55d594000c00] Starting connection attempt to 43.199.149.178 port 1935
[tcp @ 0x55d594000c00] Successfully connected to 43.199.149.178 port 1935
[h264 @ 0x55d594015240] Reinit context to 1024x624, pix_fmt: yuv420p
[flv @ 0x55d593fff980] max_analyze_duration 5000000 reached at 5000000 microseconds st:1
Input #0, flv, from 'rtmp://43.199.149.178/live/front_left':
  Metadata:
    title           : /camera5/rtsp
    comment         : rtsp_image_transport
    encoder         : Lavf58.29.100
    server          : SRS/5.0.213(Bee)
    server_version  : 5.0.213
  Duration: N/A, start: 0.000000, bitrate: N/A
    Stream #0:0: Data: none
    Stream #0:1: Video: h264 (Main), 1 reference frame, yuv420p(progressive, left), 1024x616 (1024x624) [SAR 1:1 DAR 128:77], 30 fps, 10 tbr, 1k tbn, 60 tbc
Unsupported codec with id 0 for input stream 0
[STREAM]
index=0
codec_name=unknown
codec_long_name=unknown
profile=unknown
codec_type=data
codec_tag_string=[0][0][0][0]
codec_tag=0x0000
id=N/A
r_frame_rate=0/0
avg_frame_rate=0/0
time_base=1/1000
start_pts=0
start_time=0.000000
duration_ts=N/A
duration=N/A
bit_rate=N/A
max_bit_rate=N/A
bits_per_raw_sample=N/A
nb_frames=N/A
nb_read_frames=N/A
nb_read_packets=N/A
DISPOSITION:default=0
DISPOSITION:dub=0
DISPOSITION:original=0
DISPOSITION:comment=0
DISPOSITION:lyrics=0
DISPOSITION:karaoke=0
DISPOSITION:forced=0
DISPOSITION:hearing_impaired=0
DISPOSITION:visual_impaired=0
DISPOSITION:clean_effects=0
DISPOSITION:attached_pic=0
DISPOSITION:timed_thumbnails=0
[/STREAM]
[STREAM]
index=1
codec_name=h264
codec_long_name=H.264 / AVC / MPEG-4 AVC / MPEG-4 part 10
profile=Main
codec_type=video
codec_time_base=1/60
codec_tag_string=[0][0][0][0]
codec_tag=0x0000
width=1024
height=616
coded_width=1024
coded_height=624
has_b_frames=0
sample_aspect_ratio=1:1
display_aspect_ratio=128:77
pix_fmt=yuv420p
level=31
color_range=unknown
color_space=unknown
color_transfer=unknown
color_primaries=unknown
chroma_location=left
field_order=progressive
timecode=N/A
refs=1
is_avc=true
nal_length_size=4
id=N/A
r_frame_rate=10/1
avg_frame_rate=30/1
time_base=1/1000
start_pts=10
start_time=0.010000
duration_ts=N/A
duration=N/A
bit_rate=N/A
max_bit_rate=N/A
bits_per_raw_sample=8
nb_frames=N/A
nb_read_frames=N/A
nb_read_packets=N/A
DISPOSITION:default=0
DISPOSITION:dub=0
DISPOSITION:original=0
DISPOSITION:comment=0
DISPOSITION:lyrics=0
DISPOSITION:karaoke=0
DISPOSITION:forced=0
DISPOSITION:hearing_impaired=0
DISPOSITION:visual_impaired=0
DISPOSITION:clean_effects=0
DISPOSITION:attached_pic=0
DISPOSITION:timed_thumbnails=0
[/STREAM]
[FORMAT]
filename=rtmp://43.199.149.178/live/front_left
nb_streams=2
nb_programs=0
format_name=flv
format_long_name=FLV (Flash Video)
start_time=0.000000
duration=N/A
size=N/A
bit_rate=N/A
probe_score=100
TAG:title=/camera5/rtsp
TAG:comment=rtsp_image_transport
TAG:encoder=Lavf58.29.100
TAG:server=SRS/5.0.213(Bee)
TAG:server_version=5.0.213
[/FORMAT]
[AVIOContext @ 0x55d594002640] Statistics: 686005 bytes read, 0 seeks
---------------------[ ffprobe Log End ]----------------------
SUMMARY: Status OK. Check passed because ffprobe successfully connected to the stream and retrieved its information (Exit Code: 0).


------------------[ Checking Stream: front_right ]------------------
URL: rtmp://43.199.149.178/live/front_right
--------------------[ ffprobe Log Start ]---------------------
ffprobe version 4.2.7-0ubuntu0.1 Copyright (c) 2007-2022 the FFmpeg developers
  built with gcc 9 (Ubuntu 9.4.0-1ubuntu1~20.04.1)
  configuration: --prefix=/usr --extra-version=0ubuntu0.1 --toolchain=hardened --libdir=/usr/lib/x86_64-linux-gnu --incdir=/usr/include/x86_64-linux-gnu --arch=amd64 --enable-gpl --disable-stripping --enable-avresample --disable-filter=resample --enable-avisynth --enable-gnutls --enable-ladspa --enable-libaom --enable-libass --enable-libbluray --enable-libbs2b --enable-libcaca --enable-libcdio --enable-libcodec2 --enable-libflite --enable-libfontconfig --enable-libfreetype --enable-libfribidi --enable-libgme --enable-libgsm --enable-libjack --enable-libmp3lame --enable-libmysofa --enable-libopenjpeg --enable-libopenmpt --enable-libopus --enable-libpulse --enable-librsvg --enable-librubberband --enable-libshine --enable-libsnappy --enable-libsoxr --enable-libspeex --enable-libssh --enable-libtheora --enable-libtwolame --enable-libvidstab --enable-libvorbis --enable-libvpx --enable-libwavpack --enable-libwebp --enable-libx265 --enable-libxml2 --enable-libxvid --enable-libzmq --enable-libzvbi --enable-lv2 --enable-omx --enable-openal --enable-opencl --enable-opengl --enable-sdl2 --enable-libdc1394 --enable-libdrm --enable-libiec61883 --enable-nvenc --enable-chromaprint --enable-frei0r --enable-libx264 --enable-shared
  libavutil      56. 31.100 / 56. 31.100
  libavcodec     58. 54.100 / 58. 54.100
  libavformat    58. 29.100 / 58. 29.100
  libavdevice    58.  8.100 / 58.  8.100
  libavfilter     7. 57.100 /  7. 57.100
  libavresample   4.  0.  0 /  4.  0.  0
  libswscale      5.  5.100 /  5.  5.100
  libswresample   3.  5.100 /  3.  5.100
  libpostproc    55.  5.100 / 55.  5.100
[tcp @ 0x55df4129cc00] Starting connection attempt to 43.199.149.178 port 1935
[tcp @ 0x55df4129cc00] Successfully connected to 43.199.149.178 port 1935
[h264 @ 0x55df4129fa00] Reinit context to 1024x624, pix_fmt: yuv420p
[h264 @ 0x55df4129fa00] error while decoding MB 46 20, bytestream -54
[h264 @ 0x55df4129fa00] concealing 1219 DC, 1219 AC, 1219 MV errors in I frame
[flv @ 0x55df4129b980] max_analyze_duration 5000000 reached at 5000000 microseconds st:1
Input #0, flv, from 'rtmp://43.199.149.178/live/front_right':
  Metadata:
    title           : /camera3/rtsp
    comment         : rtsp_image_transport
    encoder         : Lavf58.29.100
    server          : SRS/5.0.213(Bee)
    server_version  : 5.0.213
  Duration: N/A, start: 0.000000, bitrate: N/A
    Stream #0:0: Data: none
    Stream #0:1: Video: h264 (Main), 1 reference frame, yuv420p(progressive, left), 1024x616 (1024x624) [SAR 1:1 DAR 128:77], 30 fps, 10 tbr, 1k tbn, 60 tbc
Unsupported codec with id 0 for input stream 0
[STREAM]
index=0
codec_name=unknown
codec_long_name=unknown
profile=unknown
codec_type=data
codec_tag_string=[0][0][0][0]
codec_tag=0x0000
id=N/A
r_frame_rate=0/0
avg_frame_rate=0/0
time_base=1/1000
start_pts=0
start_time=0.000000
duration_ts=N/A
duration=N/A
bit_rate=N/A
max_bit_rate=N/A
bits_per_raw_sample=N/A
nb_frames=N/A
nb_read_frames=N/A
nb_read_packets=N/A
DISPOSITION:default=0
DISPOSITION:dub=0
DISPOSITION:original=0
DISPOSITION:comment=0
DISPOSITION:lyrics=0
DISPOSITION:karaoke=0
DISPOSITION:forced=0
DISPOSITION:hearing_impaired=0
DISPOSITION:visual_impaired=0
DISPOSITION:clean_effects=0
DISPOSITION:attached_pic=0
DISPOSITION:timed_thumbnails=0
[/STREAM]
[STREAM]
index=1
codec_name=h264
codec_long_name=H.264 / AVC / MPEG-4 AVC / MPEG-4 part 10
profile=Main
codec_type=video
codec_time_base=1/60
codec_tag_string=[0][0][0][0]
codec_tag=0x0000
width=1024
height=616
coded_width=1024
coded_height=624
has_b_frames=0
sample_aspect_ratio=1:1
display_aspect_ratio=128:77
pix_fmt=yuv420p
level=31
color_range=unknown
color_space=unknown
color_transfer=unknown
color_primaries=unknown
chroma_location=left
field_order=progressive
timecode=N/A
refs=1
is_avc=true
nal_length_size=4
id=N/A
r_frame_rate=10/1
avg_frame_rate=30/1
time_base=1/1000
start_pts=10
start_time=0.010000
duration_ts=N/A
duration=N/A
bit_rate=N/A
max_bit_rate=N/A
bits_per_raw_sample=8
nb_frames=N/A
nb_read_frames=N/A
nb_read_packets=N/A
DISPOSITION:default=0
DISPOSITION:dub=0
DISPOSITION:original=0
DISPOSITION:comment=0
DISPOSITION:lyrics=0
DISPOSITION:karaoke=0
DISPOSITION:forced=0
DISPOSITION:hearing_impaired=0
DISPOSITION:visual_impaired=0
DISPOSITION:clean_effects=0
DISPOSITION:attached_pic=0
DISPOSITION:timed_thumbnails=0
[/STREAM]
[FORMAT]
filename=rtmp://43.199.149.178/live/front_right
nb_streams=2
nb_programs=0
format_name=flv
format_long_name=FLV (Flash Video)
start_time=0.000000
duration=N/A
size=N/A
bit_rate=N/A
probe_score=100
TAG:title=/camera3/rtsp
TAG:comment=rtsp_image_transport
TAG:encoder=Lavf58.29.100
TAG:server=SRS/5.0.213(Bee)
TAG:server_version=5.0.213
[/FORMAT]
[AVIOContext @ 0x55df4129e640] Statistics: 621366 bytes read, 0 seeks
---------------------[ ffprobe Log End ]----------------------
SUMMARY: Status OK. Check passed because ffprobe successfully connected to the stream and retrieved its information (Exit Code: 0).

====================[ End of Check Cycle ]====================

==========================================================
                STREAM STATUS CHECK @ Friday, July 25, 2025 AM11:50:28 HKT
==========================================================

------------------[ Checking Stream: front_left ]------------------
URL: rtmp://43.199.149.178/live/front_left
--------------------[ ffprobe Log Start ]---------------------
ffprobe version 4.2.7-0ubuntu0.1 Copyright (c) 2007-2022 the FFmpeg developers
  built with gcc 9 (Ubuntu 9.4.0-1ubuntu1~20.04.1)
  configuration: --prefix=/usr --extra-version=0ubuntu0.1 --toolchain=hardened --libdir=/usr/lib/x86_64-linux-gnu --incdir=/usr/include/x86_64-linux-gnu --arch=amd64 --enable-gpl --disable-stripping --enable-avresample --disable-filter=resample --enable-avisynth --enable-gnutls --enable-ladspa --enable-libaom --enable-libass --enable-libbluray --enable-libbs2b --enable-libcaca --enable-libcdio --enable-libcodec2 --enable-libflite --enable-libfontconfig --enable-libfreetype --enable-libfribidi --enable-libgme --enable-libgsm --enable-libjack --enable-libmp3lame --enable-libmysofa --enable-libopenjpeg --enable-libopenmpt --enable-libopus --enable-libpulse --enable-librsvg --enable-librubberband --enable-libshine --enable-libsnappy --enable-libsoxr --enable-libspeex --enable-libssh --enable-libtheora --enable-libtwolame --enable-libvidstab --enable-libvorbis --enable-libvpx --enable-libwavpack --enable-libwebp --enable-libx265 --enable-libxml2 --enable-libxvid --enable-libzmq --enable-libzvbi --enable-lv2 --enable-omx --enable-openal --enable-opencl --enable-opengl --enable-sdl2 --enable-libdc1394 --enable-libdrm --enable-libiec61883 --enable-nvenc --enable-chromaprint --enable-frei0r --enable-libx264 --enable-shared
  libavutil      56. 31.100 / 56. 31.100
  libavcodec     58. 54.100 / 58. 54.100
  libavformat    58. 29.100 / 58. 29.100
  libavdevice    58.  8.100 / 58.  8.100
  libavfilter     7. 57.100 /  7. 57.100
  libavresample   4.  0.  0 /  4.  0.  0
  libswscale      5.  5.100 /  5.  5.100
  libswresample   3.  5.100 /  3.  5.100
  libpostproc    55.  5.100 / 55.  5.100
[tcp @ 0x55fc3c37fc00] Starting connection attempt to 43.199.149.178 port 1935
[tcp @ 0x55fc3c37fc00] Successfully connected to 43.199.149.178 port 1935
[h264 @ 0x55fc3c394240] Reinit context to 1024x624, pix_fmt: yuv420p
[flv @ 0x55fc3c37e980] max_analyze_duration 5000000 reached at 5000000 microseconds st:1
Input #0, flv, from 'rtmp://43.199.149.178/live/front_left':
  Metadata:
    title           : /camera5/rtsp
    comment         : rtsp_image_transport
    encoder         : Lavf58.29.100
    server          : SRS/5.0.213(Bee)
    server_version  : 5.0.213
  Duration: N/A, start: 0.000000, bitrate: N/A
    Stream #0:0: Data: none
    Stream #0:1: Video: h264 (Main), 1 reference frame, yuv420p(progressive, left), 1024x616 (1024x624) [SAR 1:1 DAR 128:77], 30 fps, 10 tbr, 1k tbn, 60 tbc
Unsupported codec with id 0 for input stream 0
[STREAM]
index=0
codec_name=unknown
codec_long_name=unknown
profile=unknown
codec_type=data
codec_tag_string=[0][0][0][0]
codec_tag=0x0000
id=N/A
r_frame_rate=0/0
avg_frame_rate=0/0
time_base=1/1000
start_pts=0
start_time=0.000000
duration_ts=N/A
duration=N/A
bit_rate=N/A
max_bit_rate=N/A
bits_per_raw_sample=N/A
nb_frames=N/A
nb_read_frames=N/A
nb_read_packets=N/A
DISPOSITION:default=0
DISPOSITION:dub=0
DISPOSITION:original=0
DISPOSITION:comment=0
DISPOSITION:lyrics=0
DISPOSITION:karaoke=0
DISPOSITION:forced=0
DISPOSITION:hearing_impaired=0
DISPOSITION:visual_impaired=0
DISPOSITION:clean_effects=0
DISPOSITION:attached_pic=0
DISPOSITION:timed_thumbnails=0
[/STREAM]
[STREAM]
index=1
codec_name=h264
codec_long_name=H.264 / AVC / MPEG-4 AVC / MPEG-4 part 10
profile=Main
codec_type=video
codec_time_base=1/60
codec_tag_string=[0][0][0][0]
codec_tag=0x0000
width=1024
height=616
coded_width=1024
coded_height=624
has_b_frames=0
sample_aspect_ratio=1:1
display_aspect_ratio=128:77
pix_fmt=yuv420p
level=31
color_range=unknown
color_space=unknown
color_transfer=unknown
color_primaries=unknown
chroma_location=left
field_order=progressive
timecode=N/A
refs=1
is_avc=true
nal_length_size=4
id=N/A
r_frame_rate=10/1
avg_frame_rate=30/1
time_base=1/1000
start_pts=10
start_time=0.010000
duration_ts=N/A
duration=N/A
bit_rate=N/A
max_bit_rate=N/A
bits_per_raw_sample=8
nb_frames=N/A
nb_read_frames=N/A
nb_read_packets=N/A
DISPOSITION:default=0
DISPOSITION:dub=0
DISPOSITION:original=0
DISPOSITION:comment=0
DISPOSITION:lyrics=0
DISPOSITION:karaoke=0
DISPOSITION:forced=0
DISPOSITION:hearing_impaired=0
DISPOSITION:visual_impaired=0
DISPOSITION:clean_effects=0
DISPOSITION:attached_pic=0
DISPOSITION:timed_thumbnails=0
[/STREAM]
[FORMAT]
filename=rtmp://43.199.149.178/live/front_left
nb_streams=2
nb_programs=0
format_name=flv
format_long_name=FLV (Flash Video)
start_time=0.000000
duration=N/A
size=N/A
bit_rate=N/A
probe_score=100
TAG:title=/camera5/rtsp
TAG:comment=rtsp_image_transport
TAG:encoder=Lavf58.29.100
TAG:server=SRS/5.0.213(Bee)
TAG:server_version=5.0.213
[/FORMAT]
[AVIOContext @ 0x55fc3c381640] Statistics: 681482 bytes read, 0 seeks
---------------------[ ffprobe Log End ]----------------------
SUMMARY: Status OK. Check passed because ffprobe successfully connected to the stream and retrieved its information (Exit Code: 0).


------------------[ Checking Stream: front_right ]------------------
URL: rtmp://43.199.149.178/live/front_right
--------------------[ ffprobe Log Start ]---------------------
ffprobe version 4.2.7-0ubuntu0.1 Copyright (c) 2007-2022 the FFmpeg developers
  built with gcc 9 (Ubuntu 9.4.0-1ubuntu1~20.04.1)
  configuration: --prefix=/usr --extra-version=0ubuntu0.1 --toolchain=hardened --libdir=/usr/lib/x86_64-linux-gnu --incdir=/usr/include/x86_64-linux-gnu --arch=amd64 --enable-gpl --disable-stripping --enable-avresample --disable-filter=resample --enable-avisynth --enable-gnutls --enable-ladspa --enable-libaom --enable-libass --enable-libbluray --enable-libbs2b --enable-libcaca --enable-libcdio --enable-libcodec2 --enable-libflite --enable-libfontconfig --enable-libfreetype --enable-libfribidi --enable-libgme --enable-libgsm --enable-libjack --enable-libmp3lame --enable-libmysofa --enable-libopenjpeg --enable-libopenmpt --enable-libopus --enable-libpulse --enable-librsvg --enable-librubberband --enable-libshine --enable-libsnappy --enable-libsoxr --enable-libspeex --enable-libssh --enable-libtheora --enable-libtwolame --enable-libvidstab --enable-libvorbis --enable-libvpx --enable-libwavpack --enable-libwebp --enable-libx265 --enable-libxml2 --enable-libxvid --enable-libzmq --enable-libzvbi --enable-lv2 --enable-omx --enable-openal --enable-opencl --enable-opengl --enable-sdl2 --enable-libdc1394 --enable-libdrm --enable-libiec61883 --enable-nvenc --enable-chromaprint --enable-frei0r --enable-libx264 --enable-shared
  libavutil      56. 31.100 / 56. 31.100
  libavcodec     58. 54.100 / 58. 54.100
  libavformat    58. 29.100 / 58. 29.100
  libavdevice    58.  8.100 / 58.  8.100
  libavfilter     7. 57.100 /  7. 57.100
  libavresample   4.  0.  0 /  4.  0.  0
  libswscale      5.  5.100 /  5.  5.100
  libswresample   3.  5.100 /  3.  5.100
  libpostproc    55.  5.100 / 55.  5.100
[tcp @ 0x561800b13c00] Starting connection attempt to 43.199.149.178 port 1935
[tcp @ 0x561800b13c00] Successfully connected to 43.199.149.178 port 1935
[h264 @ 0x561800b17fc0] Reinit context to 1024x624, pix_fmt: yuv420p
[flv @ 0x561800b12980] max_analyze_duration 5000000 reached at 5000000 microseconds st:1
Input #0, flv, from 'rtmp://43.199.149.178/live/front_right':
  Metadata:
    title           : /camera3/rtsp
    comment         : rtsp_image_transport
    encoder         : Lavf58.29.100
    server          : SRS/5.0.213(Bee)
    server_version  : 5.0.213
  Duration: N/A, start: 0.000000, bitrate: N/A
    Stream #0:0: Data: none
    Stream #0:1: Video: h264 (Main), 1 reference frame, yuv420p(progressive, left), 1024x616 (1024x624) [SAR 1:1 DAR 128:77], 30 fps, 10 tbr, 1k tbn, 60 tbc
Unsupported codec with id 0 for input stream 0
[STREAM]
index=0
codec_name=unknown
codec_long_name=unknown
profile=unknown
codec_type=data
codec_tag_string=[0][0][0][0]
codec_tag=0x0000
id=N/A
r_frame_rate=0/0
avg_frame_rate=0/0
time_base=1/1000
start_pts=0
start_time=0.000000
duration_ts=N/A
duration=N/A
bit_rate=N/A
max_bit_rate=N/A
bits_per_raw_sample=N/A
nb_frames=N/A
nb_read_frames=N/A
nb_read_packets=N/A
DISPOSITION:default=0
DISPOSITION:dub=0
DISPOSITION:original=0
DISPOSITION:comment=0
DISPOSITION:lyrics=0
DISPOSITION:karaoke=0
DISPOSITION:forced=0
DISPOSITION:hearing_impaired=0
DISPOSITION:visual_impaired=0
DISPOSITION:clean_effects=0
DISPOSITION:attached_pic=0
DISPOSITION:timed_thumbnails=0
[/STREAM]
[STREAM]
index=1
codec_name=h264
codec_long_name=H.264 / AVC / MPEG-4 AVC / MPEG-4 part 10
profile=Main
codec_type=video
codec_time_base=1/60
codec_tag_string=[0][0][0][0]
codec_tag=0x0000
width=1024
height=616
coded_width=1024
coded_height=624
has_b_frames=0
sample_aspect_ratio=1:1
display_aspect_ratio=128:77
pix_fmt=yuv420p
level=31
color_range=unknown
color_space=unknown
color_transfer=unknown
color_primaries=unknown
chroma_location=left
field_order=progressive
timecode=N/A
refs=1
is_avc=true
nal_length_size=4
id=N/A
r_frame_rate=10/1
avg_frame_rate=30/1
time_base=1/1000
start_pts=10
start_time=0.010000
duration_ts=N/A
duration=N/A
bit_rate=N/A
max_bit_rate=N/A
bits_per_raw_sample=8
nb_frames=N/A
nb_read_frames=N/A
nb_read_packets=N/A
DISPOSITION:default=0
DISPOSITION:dub=0
DISPOSITION:original=0
DISPOSITION:comment=0
DISPOSITION:lyrics=0
DISPOSITION:karaoke=0
DISPOSITION:forced=0
DISPOSITION:hearing_impaired=0
DISPOSITION:visual_impaired=0
DISPOSITION:clean_effects=0
DISPOSITION:attached_pic=0
DISPOSITION:timed_thumbnails=0
[/STREAM]
[FORMAT]
filename=rtmp://43.199.149.178/live/front_right
nb_streams=2
nb_programs=0
format_name=flv
format_long_name=FLV (Flash Video)
start_time=0.000000
duration=N/A
size=N/A
bit_rate=N/A
probe_score=100
TAG:title=/camera3/rtsp
TAG:comment=rtsp_image_transport
TAG:encoder=Lavf58.29.100
TAG:server=SRS/5.0.213(Bee)
TAG:server_version=5.0.213
[/FORMAT]
[AVIOContext @ 0x561800b15640] Statistics: 653743 bytes read, 0 seeks
---------------------[ ffprobe Log End ]----------------------
SUMMARY: Status OK. Check passed because ffprobe successfully connected to the stream and retrieved its information (Exit Code: 0).

====================[ End of Check Cycle ]====================

==========================================================
                STREAM STATUS CHECK @ Friday, July 25, 2025 AM11:51:58 HKT
==========================================================

------------------[ Checking Stream: front_left ]------------------
URL: rtmp://43.199.149.178/live/front_left
--------------------[ ffprobe Log Start ]---------------------
ffprobe version 4.2.7-0ubuntu0.1 Copyright (c) 2007-2022 the FFmpeg developers
  built with gcc 9 (Ubuntu 9.4.0-1ubuntu1~20.04.1)
  configuration: --prefix=/usr --extra-version=0ubuntu0.1 --toolchain=hardened --libdir=/usr/lib/x86_64-linux-gnu --incdir=/usr/include/x86_64-linux-gnu --arch=amd64 --enable-gpl --disable-stripping --enable-avresample --disable-filter=resample --enable-avisynth --enable-gnutls --enable-ladspa --enable-libaom --enable-libass --enable-libbluray --enable-libbs2b --enable-libcaca --enable-libcdio --enable-libcodec2 --enable-libflite --enable-libfontconfig --enable-libfreetype --enable-libfribidi --enable-libgme --enable-libgsm --enable-libjack --enable-libmp3lame --enable-libmysofa --enable-libopenjpeg --enable-libopenmpt --enable-libopus --enable-libpulse --enable-librsvg --enable-librubberband --enable-libshine --enable-libsnappy --enable-libsoxr --enable-libspeex --enable-libssh --enable-libtheora --enable-libtwolame --enable-libvidstab --enable-libvorbis --enable-libvpx --enable-libwavpack --enable-libwebp --enable-libx265 --enable-libxml2 --enable-libxvid --enable-libzmq --enable-libzvbi --enable-lv2 --enable-omx --enable-openal --enable-opencl --enable-opengl --enable-sdl2 --enable-libdc1394 --enable-libdrm --enable-libiec61883 --enable-nvenc --enable-chromaprint --enable-frei0r --enable-libx264 --enable-shared
  libavutil      56. 31.100 / 56. 31.100
  libavcodec     58. 54.100 / 58. 54.100
  libavformat    58. 29.100 / 58. 29.100
  libavdevice    58.  8.100 / 58.  8.100
  libavfilter     7. 57.100 /  7. 57.100
  libavresample   4.  0.  0 /  4.  0.  0
  libswscale      5.  5.100 /  5.  5.100
  libswresample   3.  5.100 /  3.  5.100
  libpostproc    55.  5.100 / 55.  5.100
[tcp @ 0x55d9d85a8c00] Starting connection attempt to 43.199.149.178 port 1935
[tcp @ 0x55d9d85a8c00] Successfully connected to 43.199.149.178 port 1935
[h264 @ 0x55d9d85bd240] Reinit context to 1024x624, pix_fmt: yuv420p
[flv @ 0x55d9d85a7980] max_analyze_duration 5000000 reached at 5000000 microseconds st:1
Input #0, flv, from 'rtmp://43.199.149.178/live/front_left':
  Metadata:
    title           : /camera5/rtsp
    comment         : rtsp_image_transport
    encoder         : Lavf58.29.100
    server          : SRS/5.0.213(Bee)
    server_version  : 5.0.213
  Duration: N/A, start: 0.000000, bitrate: N/A
    Stream #0:0: Data: none
    Stream #0:1: Video: h264 (Main), 1 reference frame, yuv420p(progressive, left), 1024x616 (1024x624) [SAR 1:1 DAR 128:77], 30 fps, 10 tbr, 1k tbn, 60 tbc
Unsupported codec with id 0 for input stream 0
[STREAM]
index=0
codec_name=unknown
codec_long_name=unknown
profile=unknown
codec_type=data
codec_tag_string=[0][0][0][0]
codec_tag=0x0000
id=N/A
r_frame_rate=0/0
avg_frame_rate=0/0
time_base=1/1000
start_pts=0
start_time=0.000000
duration_ts=N/A
duration=N/A
bit_rate=N/A
max_bit_rate=N/A
bits_per_raw_sample=N/A
nb_frames=N/A
nb_read_frames=N/A
nb_read_packets=N/A
DISPOSITION:default=0
DISPOSITION:dub=0
DISPOSITION:original=0
DISPOSITION:comment=0
DISPOSITION:lyrics=0
DISPOSITION:karaoke=0
DISPOSITION:forced=0
DISPOSITION:hearing_impaired=0
DISPOSITION:visual_impaired=0
DISPOSITION:clean_effects=0
DISPOSITION:attached_pic=0
DISPOSITION:timed_thumbnails=0
[/STREAM]
[STREAM]
index=1
codec_name=h264
codec_long_name=H.264 / AVC / MPEG-4 AVC / MPEG-4 part 10
profile=Main
codec_type=video
codec_time_base=1/60
codec_tag_string=[0][0][0][0]
codec_tag=0x0000
width=1024
height=616
coded_width=1024
coded_height=624
has_b_frames=0
sample_aspect_ratio=1:1
display_aspect_ratio=128:77
pix_fmt=yuv420p
level=31
color_range=unknown
color_space=unknown
color_transfer=unknown
color_primaries=unknown
chroma_location=left
field_order=progressive
timecode=N/A
refs=1
is_avc=true
nal_length_size=4
id=N/A
r_frame_rate=10/1
avg_frame_rate=30/1
time_base=1/1000
start_pts=10
start_time=0.010000
duration_ts=N/A
duration=N/A
bit_rate=N/A
max_bit_rate=N/A
bits_per_raw_sample=8
nb_frames=N/A
nb_read_frames=N/A
nb_read_packets=N/A
DISPOSITION:default=0
DISPOSITION:dub=0
DISPOSITION:original=0
DISPOSITION:comment=0
DISPOSITION:lyrics=0
DISPOSITION:karaoke=0
DISPOSITION:forced=0
DISPOSITION:hearing_impaired=0
DISPOSITION:visual_impaired=0
DISPOSITION:clean_effects=0
DISPOSITION:attached_pic=0
DISPOSITION:timed_thumbnails=0
[/STREAM]
[FORMAT]
filename=rtmp://43.199.149.178/live/front_left
nb_streams=2
nb_programs=0
format_name=flv
format_long_name=FLV (Flash Video)
start_time=0.000000
duration=N/A
size=N/A
bit_rate=N/A
probe_score=100
TAG:title=/camera5/rtsp
TAG:comment=rtsp_image_transport
TAG:encoder=Lavf58.29.100
TAG:server=SRS/5.0.213(Bee)
TAG:server_version=5.0.213
[/FORMAT]
[AVIOContext @ 0x55d9d85aa640] Statistics: 656949 bytes read, 0 seeks
---------------------[ ffprobe Log End ]----------------------
SUMMARY: Status OK. Check passed because ffprobe successfully connected to the stream and retrieved its information (Exit Code: 0).


------------------[ Checking Stream: front_right ]------------------
URL: rtmp://43.199.149.178/live/front_right
--------------------[ ffprobe Log Start ]---------------------
ffprobe version 4.2.7-0ubuntu0.1 Copyright (c) 2007-2022 the FFmpeg developers
  built with gcc 9 (Ubuntu 9.4.0-1ubuntu1~20.04.1)
  configuration: --prefix=/usr --extra-version=0ubuntu0.1 --toolchain=hardened --libdir=/usr/lib/x86_64-linux-gnu --incdir=/usr/include/x86_64-linux-gnu --arch=amd64 --enable-gpl --disable-stripping --enable-avresample --disable-filter=resample --enable-avisynth --enable-gnutls --enable-ladspa --enable-libaom --enable-libass --enable-libbluray --enable-libbs2b --enable-libcaca --enable-libcdio --enable-libcodec2 --enable-libflite --enable-libfontconfig --enable-libfreetype --enable-libfribidi --enable-libgme --enable-libgsm --enable-libjack --enable-libmp3lame --enable-libmysofa --enable-libopenjpeg --enable-libopenmpt --enable-libopus --enable-libpulse --enable-librsvg --enable-librubberband --enable-libshine --enable-libsnappy --enable-libsoxr --enable-libspeex --enable-libssh --enable-libtheora --enable-libtwolame --enable-libvidstab --enable-libvorbis --enable-libvpx --enable-libwavpack --enable-libwebp --enable-libx265 --enable-libxml2 --enable-libxvid --enable-libzmq --enable-libzvbi --enable-lv2 --enable-omx --enable-openal --enable-opencl --enable-opengl --enable-sdl2 --enable-libdc1394 --enable-libdrm --enable-libiec61883 --enable-nvenc --enable-chromaprint --enable-frei0r --enable-libx264 --enable-shared
  libavutil      56. 31.100 / 56. 31.100
  libavcodec     58. 54.100 / 58. 54.100
  libavformat    58. 29.100 / 58. 29.100
  libavdevice    58.  8.100 / 58.  8.100
  libavfilter     7. 57.100 /  7. 57.100
  libavresample   4.  0.  0 /  4.  0.  0
  libswscale      5.  5.100 /  5.  5.100
  libswresample   3.  5.100 /  3.  5.100
  libpostproc    55.  5.100 / 55.  5.100
[tcp @ 0x5562d2f96c00] Starting connection attempt to 43.199.149.178 port 1935
[tcp @ 0x5562d2f96c00] Successfully connected to 43.199.149.178 port 1935
[h264 @ 0x5562d2f99a00] Reinit context to 1024x624, pix_fmt: yuv420p
[h264 @ 0x5562d2f99a00] error while decoding MB 14 21, bytestream -12
[h264 @ 0x5562d2f99a00] concealing 1187 DC, 1187 AC, 1187 MV errors in I frame
[flv @ 0x5562d2f95980] max_analyze_duration 5000000 reached at 5000000 microseconds st:1
Input #0, flv, from 'rtmp://43.199.149.178/live/front_right':
  Metadata:
    title           : /camera3/rtsp
    comment         : rtsp_image_transport
    encoder         : Lavf58.29.100
    server          : SRS/5.0.213(Bee)
    server_version  : 5.0.213
  Duration: N/A, start: 0.000000, bitrate: N/A
    Stream #0:0: Data: none
    Stream #0:1: Video: h264 (Main), 1 reference frame, yuv420p(progressive, left), 1024x616 (1024x624) [SAR 1:1 DAR 128:77], 30 fps, 10 tbr, 1k tbn, 60 tbc
Unsupported codec with id 0 for input stream 0
[STREAM]
index=0
codec_name=unknown
codec_long_name=unknown
profile=unknown
codec_type=data
codec_tag_string=[0][0][0][0]
codec_tag=0x0000
id=N/A
r_frame_rate=0/0
avg_frame_rate=0/0
time_base=1/1000
start_pts=0
start_time=0.000000
duration_ts=N/A
duration=N/A
bit_rate=N/A
max_bit_rate=N/A
bits_per_raw_sample=N/A
nb_frames=N/A
nb_read_frames=N/A
nb_read_packets=N/A
DISPOSITION:default=0
DISPOSITION:dub=0
DISPOSITION:original=0
DISPOSITION:comment=0
DISPOSITION:lyrics=0
DISPOSITION:karaoke=0
DISPOSITION:forced=0
DISPOSITION:hearing_impaired=0
DISPOSITION:visual_impaired=0
DISPOSITION:clean_effects=0
DISPOSITION:attached_pic=0
DISPOSITION:timed_thumbnails=0
[/STREAM]
[STREAM]
index=1
codec_name=h264
codec_long_name=H.264 / AVC / MPEG-4 AVC / MPEG-4 part 10
profile=Main
codec_type=video
codec_time_base=1/60
codec_tag_string=[0][0][0][0]
codec_tag=0x0000
width=1024
height=616
coded_width=1024
coded_height=624
has_b_frames=0
sample_aspect_ratio=1:1
display_aspect_ratio=128:77
pix_fmt=yuv420p
level=31
color_range=unknown
color_space=unknown
color_transfer=unknown
color_primaries=unknown
chroma_location=left
field_order=progressive
timecode=N/A
refs=1
is_avc=true
nal_length_size=4
id=N/A
r_frame_rate=10/1
avg_frame_rate=30/1
time_base=1/1000
start_pts=10
start_time=0.010000
duration_ts=N/A
duration=N/A
bit_rate=N/A
max_bit_rate=N/A
bits_per_raw_sample=8
nb_frames=N/A
nb_read_frames=N/A
nb_read_packets=N/A
DISPOSITION:default=0
DISPOSITION:dub=0
DISPOSITION:original=0
DISPOSITION:comment=0
DISPOSITION:lyrics=0
DISPOSITION:karaoke=0
DISPOSITION:forced=0
DISPOSITION:hearing_impaired=0
DISPOSITION:visual_impaired=0
DISPOSITION:clean_effects=0
DISPOSITION:attached_pic=0
DISPOSITION:timed_thumbnails=0
[/STREAM]
[FORMAT]
filename=rtmp://43.199.149.178/live/front_right
nb_streams=2
nb_programs=0
format_name=flv
format_long_name=FLV (Flash Video)
start_time=0.000000
duration=N/A
size=N/A
bit_rate=N/A
probe_score=100
TAG:title=/camera3/rtsp
TAG:comment=rtsp_image_transport
TAG:encoder=Lavf58.29.100
TAG:server=SRS/5.0.213(Bee)
TAG:server_version=5.0.213
[/FORMAT]
[AVIOContext @ 0x5562d2f98640] Statistics: 606242 bytes read, 0 seeks
---------------------[ ffprobe Log End ]----------------------
SUMMARY: Status OK. Check passed because ffprobe successfully connected to the stream and retrieved its information (Exit Code: 0).

====================[ End of Check Cycle ]====================

==========================================================
                STREAM STATUS CHECK @ Friday, July 25, 2025 AM11:53:28 HKT
==========================================================

------------------[ Checking Stream: front_left ]------------------
URL: rtmp://43.199.149.178/live/front_left
--------------------[ ffprobe Log Start ]---------------------
ffprobe version 4.2.7-0ubuntu0.1 Copyright (c) 2007-2022 the FFmpeg developers
  built with gcc 9 (Ubuntu 9.4.0-1ubuntu1~20.04.1)
  configuration: --prefix=/usr --extra-version=0ubuntu0.1 --toolchain=hardened --libdir=/usr/lib/x86_64-linux-gnu --incdir=/usr/include/x86_64-linux-gnu --arch=amd64 --enable-gpl --disable-stripping --enable-avresample --disable-filter=resample --enable-avisynth --enable-gnutls --enable-ladspa --enable-libaom --enable-libass --enable-libbluray --enable-libbs2b --enable-libcaca --enable-libcdio --enable-libcodec2 --enable-libflite --enable-libfontconfig --enable-libfreetype --enable-libfribidi --enable-libgme --enable-libgsm --enable-libjack --enable-libmp3lame --enable-libmysofa --enable-libopenjpeg --enable-libopenmpt --enable-libopus --enable-libpulse --enable-librsvg --enable-librubberband --enable-libshine --enable-libsnappy --enable-libsoxr --enable-libspeex --enable-libssh --enable-libtheora --enable-libtwolame --enable-libvidstab --enable-libvorbis --enable-libvpx --enable-libwavpack --enable-libwebp --enable-libx265 --enable-libxml2 --enable-libxvid --enable-libzmq --enable-libzvbi --enable-lv2 --enable-omx --enable-openal --enable-opencl --enable-opengl --enable-sdl2 --enable-libdc1394 --enable-libdrm --enable-libiec61883 --enable-nvenc --enable-chromaprint --enable-frei0r --enable-libx264 --enable-shared
  libavutil      56. 31.100 / 56. 31.100
  libavcodec     58. 54.100 / 58. 54.100
  libavformat    58. 29.100 / 58. 29.100
  libavdevice    58.  8.100 / 58.  8.100
  libavfilter     7. 57.100 /  7. 57.100
  libavresample   4.  0.  0 /  4.  0.  0
  libswscale      5.  5.100 /  5.  5.100
  libswresample   3.  5.100 /  3.  5.100
  libpostproc    55.  5.100 / 55.  5.100
[tcp @ 0x564809f68c00] Starting connection attempt to 43.199.149.178 port 1935
[tcp @ 0x564809f68c00] Successfully connected to 43.199.149.178 port 1935
[h264 @ 0x564809f7d240] Reinit context to 1024x624, pix_fmt: yuv420p
[flv @ 0x564809f67980] max_analyze_duration 5000000 reached at 5000000 microseconds st:1
Input #0, flv, from 'rtmp://43.199.149.178/live/front_left':
  Metadata:
    title           : /camera5/rtsp
    comment         : rtsp_image_transport
    encoder         : Lavf58.29.100
    server          : SRS/5.0.213(Bee)
    server_version  : 5.0.213
  Duration: N/A, start: 0.000000, bitrate: N/A
    Stream #0:0: Data: none
    Stream #0:1: Video: h264 (Main), 1 reference frame, yuv420p(progressive, left), 1024x616 (1024x624) [SAR 1:1 DAR 128:77], 30 fps, 10 tbr, 1k tbn, 60 tbc
Unsupported codec with id 0 for input stream 0
[STREAM]
index=0
codec_name=unknown
codec_long_name=unknown
profile=unknown
codec_type=data
codec_tag_string=[0][0][0][0]
codec_tag=0x0000
id=N/A
r_frame_rate=0/0
avg_frame_rate=0/0
time_base=1/1000
start_pts=0
start_time=0.000000
duration_ts=N/A
duration=N/A
bit_rate=N/A
max_bit_rate=N/A
bits_per_raw_sample=N/A
nb_frames=N/A
nb_read_frames=N/A
nb_read_packets=N/A
DISPOSITION:default=0
DISPOSITION:dub=0
DISPOSITION:original=0
DISPOSITION:comment=0
DISPOSITION:lyrics=0
DISPOSITION:karaoke=0
DISPOSITION:forced=0
DISPOSITION:hearing_impaired=0
DISPOSITION:visual_impaired=0
DISPOSITION:clean_effects=0
DISPOSITION:attached_pic=0
DISPOSITION:timed_thumbnails=0
[/STREAM]
[STREAM]
index=1
codec_name=h264
codec_long_name=H.264 / AVC / MPEG-4 AVC / MPEG-4 part 10
profile=Main
codec_type=video
codec_time_base=1/60
codec_tag_string=[0][0][0][0]
codec_tag=0x0000
width=1024
height=616
coded_width=1024
coded_height=624
has_b_frames=0
sample_aspect_ratio=1:1
display_aspect_ratio=128:77
pix_fmt=yuv420p
level=31
color_range=unknown
color_space=unknown
color_transfer=unknown
color_primaries=unknown
chroma_location=left
field_order=progressive
timecode=N/A
refs=1
is_avc=true
nal_length_size=4
id=N/A
r_frame_rate=10/1
avg_frame_rate=30/1
time_base=1/1000
start_pts=10
start_time=0.010000
duration_ts=N/A
duration=N/A
bit_rate=N/A
max_bit_rate=N/A
bits_per_raw_sample=8
nb_frames=N/A
nb_read_frames=N/A
nb_read_packets=N/A
DISPOSITION:default=0
DISPOSITION:dub=0
DISPOSITION:original=0
DISPOSITION:comment=0
DISPOSITION:lyrics=0
DISPOSITION:karaoke=0
DISPOSITION:forced=0
DISPOSITION:hearing_impaired=0
DISPOSITION:visual_impaired=0
DISPOSITION:clean_effects=0
DISPOSITION:attached_pic=0
DISPOSITION:timed_thumbnails=0
[/STREAM]
[FORMAT]
filename=rtmp://43.199.149.178/live/front_left
nb_streams=2
nb_programs=0
format_name=flv
format_long_name=FLV (Flash Video)
start_time=0.000000
duration=N/A
size=N/A
bit_rate=N/A
probe_score=100
TAG:title=/camera5/rtsp
TAG:comment=rtsp_image_transport
TAG:encoder=Lavf58.29.100
TAG:server=SRS/5.0.213(Bee)
TAG:server_version=5.0.213
[/FORMAT]
[AVIOContext @ 0x564809f6a640] Statistics: 676114 bytes read, 0 seeks
---------------------[ ffprobe Log End ]----------------------
SUMMARY: Status OK. Check passed because ffprobe successfully connected to the stream and retrieved its information (Exit Code: 0).


------------------[ Checking Stream: front_right ]------------------
URL: rtmp://43.199.149.178/live/front_right
--------------------[ ffprobe Log Start ]---------------------
ffprobe version 4.2.7-0ubuntu0.1 Copyright (c) 2007-2022 the FFmpeg developers
  built with gcc 9 (Ubuntu 9.4.0-1ubuntu1~20.04.1)
  configuration: --prefix=/usr --extra-version=0ubuntu0.1 --toolchain=hardened --libdir=/usr/lib/x86_64-linux-gnu --incdir=/usr/include/x86_64-linux-gnu --arch=amd64 --enable-gpl --disable-stripping --enable-avresample --disable-filter=resample --enable-avisynth --enable-gnutls --enable-ladspa --enable-libaom --enable-libass --enable-libbluray --enable-libbs2b --enable-libcaca --enable-libcdio --enable-libcodec2 --enable-libflite --enable-libfontconfig --enable-libfreetype --enable-libfribidi --enable-libgme --enable-libgsm --enable-libjack --enable-libmp3lame --enable-libmysofa --enable-libopenjpeg --enable-libopenmpt --enable-libopus --enable-libpulse --enable-librsvg --enable-librubberband --enable-libshine --enable-libsnappy --enable-libsoxr --enable-libspeex --enable-libssh --enable-libtheora --enable-libtwolame --enable-libvidstab --enable-libvorbis --enable-libvpx --enable-libwavpack --enable-libwebp --enable-libx265 --enable-libxml2 --enable-libxvid --enable-libzmq --enable-libzvbi --enable-lv2 --enable-omx --enable-openal --enable-opencl --enable-opengl --enable-sdl2 --enable-libdc1394 --enable-libdrm --enable-libiec61883 --enable-nvenc --enable-chromaprint --enable-frei0r --enable-libx264 --enable-shared
  libavutil      56. 31.100 / 56. 31.100
  libavcodec     58. 54.100 / 58. 54.100
  libavformat    58. 29.100 / 58. 29.100
  libavdevice    58.  8.100 / 58.  8.100
  libavfilter     7. 57.100 /  7. 57.100
  libavresample   4.  0.  0 /  4.  0.  0
  libswscale      5.  5.100 /  5.  5.100
  libswresample   3.  5.100 /  3.  5.100
  libpostproc    55.  5.100 / 55.  5.100
[tcp @ 0x558fae2fac00] Starting connection attempt to 43.199.149.178 port 1935
[tcp @ 0x558fae2fac00] Successfully connected to 43.199.149.178 port 1935
[h264 @ 0x558fae2fda00] Reinit context to 1024x624, pix_fmt: yuv420p
[h264 @ 0x558fae2fda00] error while decoding MB 49 20, bytestream -22
[h264 @ 0x558fae2fda00] concealing 1216 DC, 1216 AC, 1216 MV errors in I frame
[flv @ 0x558fae2f9980] max_analyze_duration 5000000 reached at 5000000 microseconds st:1
Input #0, flv, from 'rtmp://43.199.149.178/live/front_right':
  Metadata:
    title           : /camera3/rtsp
    comment         : rtsp_image_transport
    encoder         : Lavf58.29.100
    server          : SRS/5.0.213(Bee)
    server_version  : 5.0.213
  Duration: N/A, start: 0.000000, bitrate: N/A
    Stream #0:0: Data: none
    Stream #0:1: Video: h264 (Main), 1 reference frame, yuv420p(progressive, left), 1024x616 (1024x624) [SAR 1:1 DAR 128:77], 30 fps, 10 tbr, 1k tbn, 60 tbc
Unsupported codec with id 0 for input stream 0
[STREAM]
index=0
codec_name=unknown
codec_long_name=unknown
profile=unknown
codec_type=data
codec_tag_string=[0][0][0][0]
codec_tag=0x0000
id=N/A
r_frame_rate=0/0
avg_frame_rate=0/0
time_base=1/1000
start_pts=0
start_time=0.000000
duration_ts=N/A
duration=N/A
bit_rate=N/A
max_bit_rate=N/A
bits_per_raw_sample=N/A
nb_frames=N/A
nb_read_frames=N/A
nb_read_packets=N/A
DISPOSITION:default=0
DISPOSITION:dub=0
DISPOSITION:original=0
DISPOSITION:comment=0
DISPOSITION:lyrics=0
DISPOSITION:karaoke=0
DISPOSITION:forced=0
DISPOSITION:hearing_impaired=0
DISPOSITION:visual_impaired=0
DISPOSITION:clean_effects=0
DISPOSITION:attached_pic=0
DISPOSITION:timed_thumbnails=0
[/STREAM]
[STREAM]
index=1
codec_name=h264
codec_long_name=H.264 / AVC / MPEG-4 AVC / MPEG-4 part 10
profile=Main
codec_type=video
codec_time_base=1/60
codec_tag_string=[0][0][0][0]
codec_tag=0x0000
width=1024
height=616
coded_width=1024
coded_height=624
has_b_frames=0
sample_aspect_ratio=1:1
display_aspect_ratio=128:77
pix_fmt=yuv420p
level=31
color_range=unknown
color_space=unknown
color_transfer=unknown
color_primaries=unknown
chroma_location=left
field_order=progressive
timecode=N/A
refs=1
is_avc=true
nal_length_size=4
id=N/A
r_frame_rate=10/1
avg_frame_rate=30/1
time_base=1/1000
start_pts=10
start_time=0.010000
duration_ts=N/A
duration=N/A
bit_rate=N/A
max_bit_rate=N/A
bits_per_raw_sample=8
nb_frames=N/A
nb_read_frames=N/A
nb_read_packets=N/A
DISPOSITION:default=0
DISPOSITION:dub=0
DISPOSITION:original=0
DISPOSITION:comment=0
DISPOSITION:lyrics=0
DISPOSITION:karaoke=0
DISPOSITION:forced=0
DISPOSITION:hearing_impaired=0
DISPOSITION:visual_impaired=0
DISPOSITION:clean_effects=0
DISPOSITION:attached_pic=0
DISPOSITION:timed_thumbnails=0
[/STREAM]
[FORMAT]
filename=rtmp://43.199.149.178/live/front_right
nb_streams=2
nb_programs=0
format_name=flv
format_long_name=FLV (Flash Video)
start_time=0.000000
duration=N/A
size=N/A
bit_rate=N/A
probe_score=100
TAG:title=/camera3/rtsp
TAG:comment=rtsp_image_transport
TAG:encoder=Lavf58.29.100
TAG:server=SRS/5.0.213(Bee)
TAG:server_version=5.0.213
[/FORMAT]
[AVIOContext @ 0x558fae2fc640] Statistics: 636557 bytes read, 0 seeks
---------------------[ ffprobe Log End ]----------------------
SUMMARY: Status OK. Check passed because ffprobe successfully connected to the stream and retrieved its information (Exit Code: 0).

====================[ End of Check Cycle ]====================

==========================================================
                STREAM STATUS CHECK @ Friday, July 25, 2025 AM11:54:58 HKT
==========================================================

------------------[ Checking Stream: front_left ]------------------
URL: rtmp://43.199.149.178/live/front_left
--------------------[ ffprobe Log Start ]---------------------
ffprobe version 4.2.7-0ubuntu0.1 Copyright (c) 2007-2022 the FFmpeg developers
  built with gcc 9 (Ubuntu 9.4.0-1ubuntu1~20.04.1)
  configuration: --prefix=/usr --extra-version=0ubuntu0.1 --toolchain=hardened --libdir=/usr/lib/x86_64-linux-gnu --incdir=/usr/include/x86_64-linux-gnu --arch=amd64 --enable-gpl --disable-stripping --enable-avresample --disable-filter=resample --enable-avisynth --enable-gnutls --enable-ladspa --enable-libaom --enable-libass --enable-libbluray --enable-libbs2b --enable-libcaca --enable-libcdio --enable-libcodec2 --enable-libflite --enable-libfontconfig --enable-libfreetype --enable-libfribidi --enable-libgme --enable-libgsm --enable-libjack --enable-libmp3lame --enable-libmysofa --enable-libopenjpeg --enable-libopenmpt --enable-libopus --enable-libpulse --enable-librsvg --enable-librubberband --enable-libshine --enable-libsnappy --enable-libsoxr --enable-libspeex --enable-libssh --enable-libtheora --enable-libtwolame --enable-libvidstab --enable-libvorbis --enable-libvpx --enable-libwavpack --enable-libwebp --enable-libx265 --enable-libxml2 --enable-libxvid --enable-libzmq --enable-libzvbi --enable-lv2 --enable-omx --enable-openal --enable-opencl --enable-opengl --enable-sdl2 --enable-libdc1394 --enable-libdrm --enable-libiec61883 --enable-nvenc --enable-chromaprint --enable-frei0r --enable-libx264 --enable-shared
  libavutil      56. 31.100 / 56. 31.100
  libavcodec     58. 54.100 / 58. 54.100
  libavformat    58. 29.100 / 58. 29.100
  libavdevice    58.  8.100 / 58.  8.100
  libavfilter     7. 57.100 /  7. 57.100
  libavresample   4.  0.  0 /  4.  0.  0
  libswscale      5.  5.100 /  5.  5.100
  libswresample   3.  5.100 /  3.  5.100
  libpostproc    55.  5.100 / 55.  5.100
[tcp @ 0x55bb58dbbc00] Starting connection attempt to 43.199.149.178 port 1935
[tcp @ 0x55bb58dbbc00] Successfully connected to 43.199.149.178 port 1935
[h264 @ 0x55bb58dd0240] Reinit context to 1024x624, pix_fmt: yuv420p
[flv @ 0x55bb58dba980] max_analyze_duration 5000000 reached at 5000000 microseconds st:1
Input #0, flv, from 'rtmp://43.199.149.178/live/front_left':
  Metadata:
    title           : /camera5/rtsp
    comment         : rtsp_image_transport
    encoder         : Lavf58.29.100
    server          : SRS/5.0.213(Bee)
    server_version  : 5.0.213
  Duration: N/A, start: 0.000000, bitrate: N/A
    Stream #0:0: Data: none
    Stream #0:1: Video: h264 (Main), 1 reference frame, yuv420p(progressive, left), 1024x616 (1024x624) [SAR 1:1 DAR 128:77], 30 fps, 10 tbr, 1k tbn, 60 tbc
Unsupported codec with id 0 for input stream 0
[STREAM]
index=0
codec_name=unknown
codec_long_name=unknown
profile=unknown
codec_type=data
codec_tag_string=[0][0][0][0]
codec_tag=0x0000
id=N/A
r_frame_rate=0/0
avg_frame_rate=0/0
time_base=1/1000
start_pts=0
start_time=0.000000
duration_ts=N/A
duration=N/A
bit_rate=N/A
max_bit_rate=N/A
bits_per_raw_sample=N/A
nb_frames=N/A
nb_read_frames=N/A
nb_read_packets=N/A
DISPOSITION:default=0
DISPOSITION:dub=0
DISPOSITION:original=0
DISPOSITION:comment=0
DISPOSITION:lyrics=0
DISPOSITION:karaoke=0
DISPOSITION:forced=0
DISPOSITION:hearing_impaired=0
DISPOSITION:visual_impaired=0
DISPOSITION:clean_effects=0
DISPOSITION:attached_pic=0
DISPOSITION:timed_thumbnails=0
[/STREAM]
[STREAM]
index=1
codec_name=h264
codec_long_name=H.264 / AVC / MPEG-4 AVC / MPEG-4 part 10
profile=Main
codec_type=video
codec_time_base=1/60
codec_tag_string=[0][0][0][0]
codec_tag=0x0000
width=1024
height=616
coded_width=1024
coded_height=624
has_b_frames=0
sample_aspect_ratio=1:1
display_aspect_ratio=128:77
pix_fmt=yuv420p
level=31
color_range=unknown
color_space=unknown
color_transfer=unknown
color_primaries=unknown
chroma_location=left
field_order=progressive
timecode=N/A
refs=1
is_avc=true
nal_length_size=4
id=N/A
r_frame_rate=10/1
avg_frame_rate=30/1
time_base=1/1000
start_pts=10
start_time=0.010000
duration_ts=N/A
duration=N/A
bit_rate=N/A
max_bit_rate=N/A
bits_per_raw_sample=8
nb_frames=N/A
nb_read_frames=N/A
nb_read_packets=N/A
DISPOSITION:default=0
DISPOSITION:dub=0
DISPOSITION:original=0
DISPOSITION:comment=0
DISPOSITION:lyrics=0
DISPOSITION:karaoke=0
DISPOSITION:forced=0
DISPOSITION:hearing_impaired=0
DISPOSITION:visual_impaired=0
DISPOSITION:clean_effects=0
DISPOSITION:attached_pic=0
DISPOSITION:timed_thumbnails=0
[/STREAM]
[FORMAT]
filename=rtmp://43.199.149.178/live/front_left
nb_streams=2
nb_programs=0
format_name=flv
format_long_name=FLV (Flash Video)
start_time=0.000000
duration=N/A
size=N/A
bit_rate=N/A
probe_score=100
TAG:title=/camera5/rtsp
TAG:comment=rtsp_image_transport
TAG:encoder=Lavf58.29.100
TAG:server=SRS/5.0.213(Bee)
TAG:server_version=5.0.213
[/FORMAT]
[AVIOContext @ 0x55bb58dbd640] Statistics: 717245 bytes read, 0 seeks
---------------------[ ffprobe Log End ]----------------------
SUMMARY: Status OK. Check passed because ffprobe successfully connected to the stream and retrieved its information (Exit Code: 0).


------------------[ Checking Stream: front_right ]------------------
URL: rtmp://43.199.149.178/live/front_right
--------------------[ ffprobe Log Start ]---------------------
ffprobe version 4.2.7-0ubuntu0.1 Copyright (c) 2007-2022 the FFmpeg developers
  built with gcc 9 (Ubuntu 9.4.0-1ubuntu1~20.04.1)
  configuration: --prefix=/usr --extra-version=0ubuntu0.1 --toolchain=hardened --libdir=/usr/lib/x86_64-linux-gnu --incdir=/usr/include/x86_64-linux-gnu --arch=amd64 --enable-gpl --disable-stripping --enable-avresample --disable-filter=resample --enable-avisynth --enable-gnutls --enable-ladspa --enable-libaom --enable-libass --enable-libbluray --enable-libbs2b --enable-libcaca --enable-libcdio --enable-libcodec2 --enable-libflite --enable-libfontconfig --enable-libfreetype --enable-libfribidi --enable-libgme --enable-libgsm --enable-libjack --enable-libmp3lame --enable-libmysofa --enable-libopenjpeg --enable-libopenmpt --enable-libopus --enable-libpulse --enable-librsvg --enable-librubberband --enable-libshine --enable-libsnappy --enable-libsoxr --enable-libspeex --enable-libssh --enable-libtheora --enable-libtwolame --enable-libvidstab --enable-libvorbis --enable-libvpx --enable-libwavpack --enable-libwebp --enable-libx265 --enable-libxml2 --enable-libxvid --enable-libzmq --enable-libzvbi --enable-lv2 --enable-omx --enable-openal --enable-opencl --enable-opengl --enable-sdl2 --enable-libdc1394 --enable-libdrm --enable-libiec61883 --enable-nvenc --enable-chromaprint --enable-frei0r --enable-libx264 --enable-shared
  libavutil      56. 31.100 / 56. 31.100
  libavcodec     58. 54.100 / 58. 54.100
  libavformat    58. 29.100 / 58. 29.100
  libavdevice    58.  8.100 / 58.  8.100
  libavfilter     7. 57.100 /  7. 57.100
  libavresample   4.  0.  0 /  4.  0.  0
  libswscale      5.  5.100 /  5.  5.100
  libswresample   3.  5.100 /  3.  5.100
  libpostproc    55.  5.100 / 55.  5.100
[tcp @ 0x556a457e4c00] Starting connection attempt to 43.199.149.178 port 1935
[tcp @ 0x556a457e4c00] Successfully connected to 43.199.149.178 port 1935
[h264 @ 0x556a457e74c0] Reinit context to 1024x624, pix_fmt: yuv420p
[h264 @ 0x556a457e74c0] left block unavailable for requested intra mode
[h264 @ 0x556a457e74c0] error while decoding MB 0 20, bytestream 688
[h264 @ 0x556a457e74c0] concealing 1265 DC, 1265 AC, 1265 MV errors in I frame
[flv @ 0x556a457e3980] max_analyze_duration 5000000 reached at 5000000 microseconds st:1
Input #0, flv, from 'rtmp://43.199.149.178/live/front_right':
  Metadata:
    title           : /camera3/rtsp
    comment         : rtsp_image_transport
    encoder         : Lavf58.29.100
    server          : SRS/5.0.213(Bee)
    server_version  : 5.0.213
  Duration: N/A, start: 0.000000, bitrate: N/A
    Stream #0:0: Data: none
    Stream #0:1: Video: h264 (Main), 1 reference frame, yuv420p(progressive, left), 1024x616 (1024x624) [SAR 1:1 DAR 128:77], 30 fps, 10 tbr, 1k tbn, 60 tbc
Unsupported codec with id 0 for input stream 0
[STREAM]
index=0
codec_name=unknown
codec_long_name=unknown
profile=unknown
codec_type=data
codec_tag_string=[0][0][0][0]
codec_tag=0x0000
id=N/A
r_frame_rate=0/0
avg_frame_rate=0/0
time_base=1/1000
start_pts=0
start_time=0.000000
duration_ts=N/A
duration=N/A
bit_rate=N/A
max_bit_rate=N/A
bits_per_raw_sample=N/A
nb_frames=N/A
nb_read_frames=N/A
nb_read_packets=N/A
DISPOSITION:default=0
DISPOSITION:dub=0
DISPOSITION:original=0
DISPOSITION:comment=0
DISPOSITION:lyrics=0
DISPOSITION:karaoke=0
DISPOSITION:forced=0
DISPOSITION:hearing_impaired=0
DISPOSITION:visual_impaired=0
DISPOSITION:clean_effects=0
DISPOSITION:attached_pic=0
DISPOSITION:timed_thumbnails=0
[/STREAM]
[STREAM]
index=1
codec_name=h264
codec_long_name=H.264 / AVC / MPEG-4 AVC / MPEG-4 part 10
profile=Main
codec_type=video
codec_time_base=1/60
codec_tag_string=[0][0][0][0]
codec_tag=0x0000
width=1024
height=616
coded_width=1024
coded_height=624
has_b_frames=0
sample_aspect_ratio=1:1
display_aspect_ratio=128:77
pix_fmt=yuv420p
level=31
color_range=unknown
color_space=unknown
color_transfer=unknown
color_primaries=unknown
chroma_location=left
field_order=progressive
timecode=N/A
refs=1
is_avc=true
nal_length_size=4
id=N/A
r_frame_rate=10/1
avg_frame_rate=30/1
time_base=1/1000
start_pts=10
start_time=0.010000
duration_ts=N/A
duration=N/A
bit_rate=N/A
max_bit_rate=N/A
bits_per_raw_sample=8
nb_frames=N/A
nb_read_frames=N/A
nb_read_packets=N/A
DISPOSITION:default=0
DISPOSITION:dub=0
DISPOSITION:original=0
DISPOSITION:comment=0
DISPOSITION:lyrics=0
DISPOSITION:karaoke=0
DISPOSITION:forced=0
DISPOSITION:hearing_impaired=0
DISPOSITION:visual_impaired=0
DISPOSITION:clean_effects=0
DISPOSITION:attached_pic=0
DISPOSITION:timed_thumbnails=0
[/STREAM]
[FORMAT]
filename=rtmp://43.199.149.178/live/front_right
nb_streams=2
nb_programs=0
format_name=flv
format_long_name=FLV (Flash Video)
start_time=0.000000
duration=N/A
size=N/A
bit_rate=N/A
probe_score=100
TAG:title=/camera3/rtsp
TAG:comment=rtsp_image_transport
TAG:encoder=Lavf58.29.100
TAG:server=SRS/5.0.213(Bee)
TAG:server_version=5.0.213
[/FORMAT]
[AVIOContext @ 0x556a457e6640] Statistics: 695782 bytes read, 0 seeks
---------------------[ ffprobe Log End ]----------------------
SUMMARY: Status OK. Check passed because ffprobe successfully connected to the stream and retrieved its information (Exit Code: 0).

====================[ End of Check Cycle ]====================

==========================================================
                STREAM STATUS CHECK @ Friday, July 25, 2025 AM11:56:28 HKT
==========================================================

------------------[ Checking Stream: front_left ]------------------
URL: rtmp://43.199.149.178/live/front_left
--------------------[ ffprobe Log Start ]---------------------
ffprobe version 4.2.7-0ubuntu0.1 Copyright (c) 2007-2022 the FFmpeg developers
  built with gcc 9 (Ubuntu 9.4.0-1ubuntu1~20.04.1)
  configuration: --prefix=/usr --extra-version=0ubuntu0.1 --toolchain=hardened --libdir=/usr/lib/x86_64-linux-gnu --incdir=/usr/include/x86_64-linux-gnu --arch=amd64 --enable-gpl --disable-stripping --enable-avresample --disable-filter=resample --enable-avisynth --enable-gnutls --enable-ladspa --enable-libaom --enable-libass --enable-libbluray --enable-libbs2b --enable-libcaca --enable-libcdio --enable-libcodec2 --enable-libflite --enable-libfontconfig --enable-libfreetype --enable-libfribidi --enable-libgme --enable-libgsm --enable-libjack --enable-libmp3lame --enable-libmysofa --enable-libopenjpeg --enable-libopenmpt --enable-libopus --enable-libpulse --enable-librsvg --enable-librubberband --enable-libshine --enable-libsnappy --enable-libsoxr --enable-libspeex --enable-libssh --enable-libtheora --enable-libtwolame --enable-libvidstab --enable-libvorbis --enable-libvpx --enable-libwavpack --enable-libwebp --enable-libx265 --enable-libxml2 --enable-libxvid --enable-libzmq --enable-libzvbi --enable-lv2 --enable-omx --enable-openal --enable-opencl --enable-opengl --enable-sdl2 --enable-libdc1394 --enable-libdrm --enable-libiec61883 --enable-nvenc --enable-chromaprint --enable-frei0r --enable-libx264 --enable-shared
  libavutil      56. 31.100 / 56. 31.100
  libavcodec     58. 54.100 / 58. 54.100
  libavformat    58. 29.100 / 58. 29.100
  libavdevice    58.  8.100 / 58.  8.100
  libavfilter     7. 57.100 /  7. 57.100
  libavresample   4.  0.  0 /  4.  0.  0
  libswscale      5.  5.100 /  5.  5.100
  libswresample   3.  5.100 /  3.  5.100
  libpostproc    55.  5.100 / 55.  5.100
[tcp @ 0x55dc09392c00] Starting connection attempt to 43.199.149.178 port 1935
[tcp @ 0x55dc09392c00] Successfully connected to 43.199.149.178 port 1935
[h264 @ 0x55dc093a7240] Reinit context to 1024x624, pix_fmt: yuv420p
[h264 @ 0x55dc093a7240] left block unavailable for requested intra mode
[h264 @ 0x55dc093a7240] error while decoding MB 0 25, bytestream 12695
[h264 @ 0x55dc093a7240] concealing 945 DC, 945 AC, 945 MV errors in I frame
[flv @ 0x55dc09391980] max_analyze_duration 5000000 reached at 5000000 microseconds st:1
Input #0, flv, from 'rtmp://43.199.149.178/live/front_left':
  Metadata:
    title           : /camera5/rtsp
    comment         : rtsp_image_transport
    encoder         : Lavf58.29.100
    server          : SRS/5.0.213(Bee)
    server_version  : 5.0.213
  Duration: N/A, start: 0.000000, bitrate: N/A
    Stream #0:0: Data: none
    Stream #0:1: Video: h264 (Main), 1 reference frame, yuv420p(progressive, left), 1024x616 (1024x624) [SAR 1:1 DAR 128:77], 30 fps, 10 tbr, 1k tbn, 60 tbc
Unsupported codec with id 0 for input stream 0
[STREAM]
index=0
codec_name=unknown
codec_long_name=unknown
profile=unknown
codec_type=data
codec_tag_string=[0][0][0][0]
codec_tag=0x0000
id=N/A
r_frame_rate=0/0
avg_frame_rate=0/0
time_base=1/1000
start_pts=0
start_time=0.000000
duration_ts=N/A
duration=N/A
bit_rate=N/A
max_bit_rate=N/A
bits_per_raw_sample=N/A
nb_frames=N/A
nb_read_frames=N/A
nb_read_packets=N/A
DISPOSITION:default=0
DISPOSITION:dub=0
DISPOSITION:original=0
DISPOSITION:comment=0
DISPOSITION:lyrics=0
DISPOSITION:karaoke=0
DISPOSITION:forced=0
DISPOSITION:hearing_impaired=0
DISPOSITION:visual_impaired=0
DISPOSITION:clean_effects=0
DISPOSITION:attached_pic=0
DISPOSITION:timed_thumbnails=0
[/STREAM]
[STREAM]
index=1
codec_name=h264
codec_long_name=H.264 / AVC / MPEG-4 AVC / MPEG-4 part 10
profile=Main
codec_type=video
codec_time_base=1/60
codec_tag_string=[0][0][0][0]
codec_tag=0x0000
width=1024
height=616
coded_width=1024
coded_height=624
has_b_frames=0
sample_aspect_ratio=1:1
display_aspect_ratio=128:77
pix_fmt=yuv420p
level=31
color_range=unknown
color_space=unknown
color_transfer=unknown
color_primaries=unknown
chroma_location=left
field_order=progressive
timecode=N/A
refs=1
is_avc=true
nal_length_size=4
id=N/A
r_frame_rate=10/1
avg_frame_rate=30/1
time_base=1/1000
start_pts=10
start_time=0.010000
duration_ts=N/A
duration=N/A
bit_rate=N/A
max_bit_rate=N/A
bits_per_raw_sample=8
nb_frames=N/A
nb_read_frames=N/A
nb_read_packets=N/A
DISPOSITION:default=0
DISPOSITION:dub=0
DISPOSITION:original=0
DISPOSITION:comment=0
DISPOSITION:lyrics=0
DISPOSITION:karaoke=0
DISPOSITION:forced=0
DISPOSITION:hearing_impaired=0
DISPOSITION:visual_impaired=0
DISPOSITION:clean_effects=0
DISPOSITION:attached_pic=0
DISPOSITION:timed_thumbnails=0
[/STREAM]
[FORMAT]
filename=rtmp://43.199.149.178/live/front_left
nb_streams=2
nb_programs=0
format_name=flv
format_long_name=FLV (Flash Video)
start_time=0.000000
duration=N/A
size=N/A
bit_rate=N/A
probe_score=100
TAG:title=/camera5/rtsp
TAG:comment=rtsp_image_transport
TAG:encoder=Lavf58.29.100
TAG:server=SRS/5.0.213(Bee)
TAG:server_version=5.0.213
[/FORMAT]
[AVIOContext @ 0x55dc09394640] Statistics: 686807 bytes read, 0 seeks
---------------------[ ffprobe Log End ]----------------------
SUMMARY: Status OK. Check passed because ffprobe successfully connected to the stream and retrieved its information (Exit Code: 0).


------------------[ Checking Stream: front_right ]------------------
URL: rtmp://43.199.149.178/live/front_right
--------------------[ ffprobe Log Start ]---------------------
ffprobe version 4.2.7-0ubuntu0.1 Copyright (c) 2007-2022 the FFmpeg developers
  built with gcc 9 (Ubuntu 9.4.0-1ubuntu1~20.04.1)
  configuration: --prefix=/usr --extra-version=0ubuntu0.1 --toolchain=hardened --libdir=/usr/lib/x86_64-linux-gnu --incdir=/usr/include/x86_64-linux-gnu --arch=amd64 --enable-gpl --disable-stripping --enable-avresample --disable-filter=resample --enable-avisynth --enable-gnutls --enable-ladspa --enable-libaom --enable-libass --enable-libbluray --enable-libbs2b --enable-libcaca --enable-libcdio --enable-libcodec2 --enable-libflite --enable-libfontconfig --enable-libfreetype --enable-libfribidi --enable-libgme --enable-libgsm --enable-libjack --enable-libmp3lame --enable-libmysofa --enable-libopenjpeg --enable-libopenmpt --enable-libopus --enable-libpulse --enable-librsvg --enable-librubberband --enable-libshine --enable-libsnappy --enable-libsoxr --enable-libspeex --enable-libssh --enable-libtheora --enable-libtwolame --enable-libvidstab --enable-libvorbis --enable-libvpx --enable-libwavpack --enable-libwebp --enable-libx265 --enable-libxml2 --enable-libxvid --enable-libzmq --enable-libzvbi --enable-lv2 --enable-omx --enable-openal --enable-opencl --enable-opengl --enable-sdl2 --enable-libdc1394 --enable-libdrm --enable-libiec61883 --enable-nvenc --enable-chromaprint --enable-frei0r --enable-libx264 --enable-shared
  libavutil      56. 31.100 / 56. 31.100
  libavcodec     58. 54.100 / 58. 54.100
  libavformat    58. 29.100 / 58. 29.100
  libavdevice    58.  8.100 / 58.  8.100
  libavfilter     7. 57.100 /  7. 57.100
  libavresample   4.  0.  0 /  4.  0.  0
  libswscale      5.  5.100 /  5.  5.100
  libswresample   3.  5.100 /  3.  5.100
  libpostproc    55.  5.100 / 55.  5.100
[tcp @ 0x55ac93d2fc00] Starting connection attempt to 43.199.149.178 port 1935
[tcp @ 0x55ac93d2fc00] Successfully connected to 43.199.149.178 port 1935
[h264 @ 0x55ac93d44240] Reinit context to 1024x624, pix_fmt: yuv420p
[flv @ 0x55ac93d2e980] max_analyze_duration 5000000 reached at 5000000 microseconds st:1
Input #0, flv, from 'rtmp://43.199.149.178/live/front_right':
  Metadata:
    title           : /camera3/rtsp
    comment         : rtsp_image_transport
    encoder         : Lavf58.29.100
    server          : SRS/5.0.213(Bee)
    server_version  : 5.0.213
  Duration: N/A, start: 0.000000, bitrate: N/A
    Stream #0:0: Data: none
    Stream #0:1: Video: h264 (Main), 1 reference frame, yuv420p(progressive, left), 1024x616 (1024x624) [SAR 1:1 DAR 128:77], 30 fps, 10 tbr, 1k tbn, 60 tbc
Unsupported codec with id 0 for input stream 0
[STREAM]
index=0
codec_name=unknown
codec_long_name=unknown
profile=unknown
codec_type=data
codec_tag_string=[0][0][0][0]
codec_tag=0x0000
id=N/A
r_frame_rate=0/0
avg_frame_rate=0/0
time_base=1/1000
start_pts=0
start_time=0.000000
duration_ts=N/A
duration=N/A
bit_rate=N/A
max_bit_rate=N/A
bits_per_raw_sample=N/A
nb_frames=N/A
nb_read_frames=N/A
nb_read_packets=N/A
DISPOSITION:default=0
DISPOSITION:dub=0
DISPOSITION:original=0
DISPOSITION:comment=0
DISPOSITION:lyrics=0
DISPOSITION:karaoke=0
DISPOSITION:forced=0
DISPOSITION:hearing_impaired=0
DISPOSITION:visual_impaired=0
DISPOSITION:clean_effects=0
DISPOSITION:attached_pic=0
DISPOSITION:timed_thumbnails=0
[/STREAM]
[STREAM]
index=1
codec_name=h264
codec_long_name=H.264 / AVC / MPEG-4 AVC / MPEG-4 part 10
profile=Main
codec_type=video
codec_time_base=1/60
codec_tag_string=[0][0][0][0]
codec_tag=0x0000
width=1024
height=616
coded_width=1024
coded_height=624
has_b_frames=0
sample_aspect_ratio=1:1
display_aspect_ratio=128:77
pix_fmt=yuv420p
level=31
color_range=unknown
color_space=unknown
color_transfer=unknown
color_primaries=unknown
chroma_location=left
field_order=progressive
timecode=N/A
refs=1
is_avc=true
nal_length_size=4
id=N/A
r_frame_rate=10/1
avg_frame_rate=30/1
time_base=1/1000
start_pts=10
start_time=0.010000
duration_ts=N/A
duration=N/A
bit_rate=N/A
max_bit_rate=N/A
bits_per_raw_sample=8
nb_frames=N/A
nb_read_frames=N/A
nb_read_packets=N/A
DISPOSITION:default=0
DISPOSITION:dub=0
DISPOSITION:original=0
DISPOSITION:comment=0
DISPOSITION:lyrics=0
DISPOSITION:karaoke=0
DISPOSITION:forced=0
DISPOSITION:hearing_impaired=0
DISPOSITION:visual_impaired=0
DISPOSITION:clean_effects=0
DISPOSITION:attached_pic=0
DISPOSITION:timed_thumbnails=0
[/STREAM]
[FORMAT]
filename=rtmp://43.199.149.178/live/front_right
nb_streams=2
nb_programs=0
format_name=flv
format_long_name=FLV (Flash Video)
start_time=0.000000
duration=N/A
size=N/A
bit_rate=N/A
probe_score=100
TAG:title=/camera3/rtsp
TAG:comment=rtsp_image_transport
TAG:encoder=Lavf58.29.100
TAG:server=SRS/5.0.213(Bee)
TAG:server_version=5.0.213
[/FORMAT]
[AVIOContext @ 0x55ac93d31640] Statistics: 642574 bytes read, 0 seeks
---------------------[ ffprobe Log End ]----------------------
SUMMARY: Status OK. Check passed because ffprobe successfully connected to the stream and retrieved its information (Exit Code: 0).

====================[ End of Check Cycle ]====================

==========================================================
                STREAM STATUS CHECK @ Friday, July 25, 2025 AM11:57:58 HKT
==========================================================

------------------[ Checking Stream: front_left ]------------------
URL: rtmp://43.199.149.178/live/front_left
--------------------[ ffprobe Log Start ]---------------------
ffprobe version 4.2.7-0ubuntu0.1 Copyright (c) 2007-2022 the FFmpeg developers
  built with gcc 9 (Ubuntu 9.4.0-1ubuntu1~20.04.1)
  configuration: --prefix=/usr --extra-version=0ubuntu0.1 --toolchain=hardened --libdir=/usr/lib/x86_64-linux-gnu --incdir=/usr/include/x86_64-linux-gnu --arch=amd64 --enable-gpl --disable-stripping --enable-avresample --disable-filter=resample --enable-avisynth --enable-gnutls --enable-ladspa --enable-libaom --enable-libass --enable-libbluray --enable-libbs2b --enable-libcaca --enable-libcdio --enable-libcodec2 --enable-libflite --enable-libfontconfig --enable-libfreetype --enable-libfribidi --enable-libgme --enable-libgsm --enable-libjack --enable-libmp3lame --enable-libmysofa --enable-libopenjpeg --enable-libopenmpt --enable-libopus --enable-libpulse --enable-librsvg --enable-librubberband --enable-libshine --enable-libsnappy --enable-libsoxr --enable-libspeex --enable-libssh --enable-libtheora --enable-libtwolame --enable-libvidstab --enable-libvorbis --enable-libvpx --enable-libwavpack --enable-libwebp --enable-libx265 --enable-libxml2 --enable-libxvid --enable-libzmq --enable-libzvbi --enable-lv2 --enable-omx --enable-openal --enable-opencl --enable-opengl --enable-sdl2 --enable-libdc1394 --enable-libdrm --enable-libiec61883 --enable-nvenc --enable-chromaprint --enable-frei0r --enable-libx264 --enable-shared
  libavutil      56. 31.100 / 56. 31.100
  libavcodec     58. 54.100 / 58. 54.100
  libavformat    58. 29.100 / 58. 29.100
  libavdevice    58.  8.100 / 58.  8.100
  libavfilter     7. 57.100 /  7. 57.100
  libavresample   4.  0.  0 /  4.  0.  0
  libswscale      5.  5.100 /  5.  5.100
  libswresample   3.  5.100 /  3.  5.100
  libpostproc    55.  5.100 / 55.  5.100
[tcp @ 0x555aaccbac00] Starting connection attempt to 43.199.149.178 port 1935
[tcp @ 0x555aaccbac00] Successfully connected to 43.199.149.178 port 1935
[h264 @ 0x555aacccf240] Reinit context to 1024x624, pix_fmt: yuv420p
[flv @ 0x555aaccb9980] max_analyze_duration 5000000 reached at 5000000 microseconds st:1
Input #0, flv, from 'rtmp://43.199.149.178/live/front_left':
  Metadata:
    title           : /camera5/rtsp
    comment         : rtsp_image_transport
    encoder         : Lavf58.29.100
    server          : SRS/5.0.213(Bee)
    server_version  : 5.0.213
  Duration: N/A, start: 0.000000, bitrate: N/A
    Stream #0:0: Data: none
    Stream #0:1: Video: h264 (Main), 1 reference frame, yuv420p(progressive, left), 1024x616 (1024x624) [SAR 1:1 DAR 128:77], 30 fps, 10 tbr, 1k tbn, 60 tbc
Unsupported codec with id 0 for input stream 0
[STREAM]
index=0
codec_name=unknown
codec_long_name=unknown
profile=unknown
codec_type=data
codec_tag_string=[0][0][0][0]
codec_tag=0x0000
id=N/A
r_frame_rate=0/0
avg_frame_rate=0/0
time_base=1/1000
start_pts=0
start_time=0.000000
duration_ts=N/A
duration=N/A
bit_rate=N/A
max_bit_rate=N/A
bits_per_raw_sample=N/A
nb_frames=N/A
nb_read_frames=N/A
nb_read_packets=N/A
DISPOSITION:default=0
DISPOSITION:dub=0
DISPOSITION:original=0
DISPOSITION:comment=0
DISPOSITION:lyrics=0
DISPOSITION:karaoke=0
DISPOSITION:forced=0
DISPOSITION:hearing_impaired=0
DISPOSITION:visual_impaired=0
DISPOSITION:clean_effects=0
DISPOSITION:attached_pic=0
DISPOSITION:timed_thumbnails=0
[/STREAM]
[STREAM]
index=1
codec_name=h264
codec_long_name=H.264 / AVC / MPEG-4 AVC / MPEG-4 part 10
profile=Main
codec_type=video
codec_time_base=1/60
codec_tag_string=[0][0][0][0]
codec_tag=0x0000
width=1024
height=616
coded_width=1024
coded_height=624
has_b_frames=0
sample_aspect_ratio=1:1
display_aspect_ratio=128:77
pix_fmt=yuv420p
level=31
color_range=unknown
color_space=unknown
color_transfer=unknown
color_primaries=unknown
chroma_location=left
field_order=progressive
timecode=N/A
refs=1
is_avc=true
nal_length_size=4
id=N/A
r_frame_rate=10/1
avg_frame_rate=30/1
time_base=1/1000
start_pts=10
start_time=0.010000
duration_ts=N/A
duration=N/A
bit_rate=N/A
max_bit_rate=N/A
bits_per_raw_sample=8
nb_frames=N/A
nb_read_frames=N/A
nb_read_packets=N/A
DISPOSITION:default=0
DISPOSITION:dub=0
DISPOSITION:original=0
DISPOSITION:comment=0
DISPOSITION:lyrics=0
DISPOSITION:karaoke=0
DISPOSITION:forced=0
DISPOSITION:hearing_impaired=0
DISPOSITION:visual_impaired=0
DISPOSITION:clean_effects=0
DISPOSITION:attached_pic=0
DISPOSITION:timed_thumbnails=0
[/STREAM]
[FORMAT]
filename=rtmp://43.199.149.178/live/front_left
nb_streams=2
nb_programs=0
format_name=flv
format_long_name=FLV (Flash Video)
start_time=0.000000
duration=N/A
size=N/A
bit_rate=N/A
probe_score=100
TAG:title=/camera5/rtsp
TAG:comment=rtsp_image_transport
TAG:encoder=Lavf58.29.100
TAG:server=SRS/5.0.213(Bee)
TAG:server_version=5.0.213
[/FORMAT]
[AVIOContext @ 0x555aaccbc640] Statistics: 692602 bytes read, 0 seeks
---------------------[ ffprobe Log End ]----------------------
SUMMARY: Status OK. Check passed because ffprobe successfully connected to the stream and retrieved its information (Exit Code: 0).


------------------[ Checking Stream: front_right ]------------------
URL: rtmp://43.199.149.178/live/front_right
--------------------[ ffprobe Log Start ]---------------------
ffprobe version 4.2.7-0ubuntu0.1 Copyright (c) 2007-2022 the FFmpeg developers
  built with gcc 9 (Ubuntu 9.4.0-1ubuntu1~20.04.1)
  configuration: --prefix=/usr --extra-version=0ubuntu0.1 --toolchain=hardened --libdir=/usr/lib/x86_64-linux-gnu --incdir=/usr/include/x86_64-linux-gnu --arch=amd64 --enable-gpl --disable-stripping --enable-avresample --disable-filter=resample --enable-avisynth --enable-gnutls --enable-ladspa --enable-libaom --enable-libass --enable-libbluray --enable-libbs2b --enable-libcaca --enable-libcdio --enable-libcodec2 --enable-libflite --enable-libfontconfig --enable-libfreetype --enable-libfribidi --enable-libgme --enable-libgsm --enable-libjack --enable-libmp3lame --enable-libmysofa --enable-libopenjpeg --enable-libopenmpt --enable-libopus --enable-libpulse --enable-librsvg --enable-librubberband --enable-libshine --enable-libsnappy --enable-libsoxr --enable-libspeex --enable-libssh --enable-libtheora --enable-libtwolame --enable-libvidstab --enable-libvorbis --enable-libvpx --enable-libwavpack --enable-libwebp --enable-libx265 --enable-libxml2 --enable-libxvid --enable-libzmq --enable-libzvbi --enable-lv2 --enable-omx --enable-openal --enable-opencl --enable-opengl --enable-sdl2 --enable-libdc1394 --enable-libdrm --enable-libiec61883 --enable-nvenc --enable-chromaprint --enable-frei0r --enable-libx264 --enable-shared
  libavutil      56. 31.100 / 56. 31.100
  libavcodec     58. 54.100 / 58. 54.100
  libavformat    58. 29.100 / 58. 29.100
  libavdevice    58.  8.100 / 58.  8.100
  libavfilter     7. 57.100 /  7. 57.100
  libavresample   4.  0.  0 /  4.  0.  0
  libswscale      5.  5.100 /  5.  5.100
  libswresample   3.  5.100 /  3.  5.100
  libpostproc    55.  5.100 / 55.  5.100
[tcp @ 0x55d0af01fc00] Starting connection attempt to 43.199.149.178 port 1935
[tcp @ 0x55d0af01fc00] Successfully connected to 43.199.149.178 port 1935
[h264 @ 0x55d0af034240] Reinit context to 1024x624, pix_fmt: yuv420p
[flv @ 0x55d0af01e980] max_analyze_duration 5000000 reached at 5000000 microseconds st:1
Input #0, flv, from 'rtmp://43.199.149.178/live/front_right':
  Metadata:
    title           : /camera3/rtsp
    comment         : rtsp_image_transport
    encoder         : Lavf58.29.100
    server          : SRS/5.0.213(Bee)
    server_version  : 5.0.213
  Duration: N/A, start: 0.000000, bitrate: N/A
    Stream #0:0: Data: none
    Stream #0:1: Video: h264 (Main), 1 reference frame, yuv420p(progressive, left), 1024x616 (1024x624) [SAR 1:1 DAR 128:77], 30 fps, 10 tbr, 1k tbn, 60 tbc
Unsupported codec with id 0 for input stream 0
[STREAM]
index=0
codec_name=unknown
codec_long_name=unknown
profile=unknown
codec_type=data
codec_tag_string=[0][0][0][0]
codec_tag=0x0000
id=N/A
r_frame_rate=0/0
avg_frame_rate=0/0
time_base=1/1000
start_pts=0
start_time=0.000000
duration_ts=N/A
duration=N/A
bit_rate=N/A
max_bit_rate=N/A
bits_per_raw_sample=N/A
nb_frames=N/A
nb_read_frames=N/A
nb_read_packets=N/A
DISPOSITION:default=0
DISPOSITION:dub=0
DISPOSITION:original=0
DISPOSITION:comment=0
DISPOSITION:lyrics=0
DISPOSITION:karaoke=0
DISPOSITION:forced=0
DISPOSITION:hearing_impaired=0
DISPOSITION:visual_impaired=0
DISPOSITION:clean_effects=0
DISPOSITION:attached_pic=0
DISPOSITION:timed_thumbnails=0
[/STREAM]
[STREAM]
index=1
codec_name=h264
codec_long_name=H.264 / AVC / MPEG-4 AVC / MPEG-4 part 10
profile=Main
codec_type=video
codec_time_base=1/60
codec_tag_string=[0][0][0][0]
codec_tag=0x0000
width=1024
height=616
coded_width=1024
coded_height=624
has_b_frames=0
sample_aspect_ratio=1:1
display_aspect_ratio=128:77
pix_fmt=yuv420p
level=31
color_range=unknown
color_space=unknown
color_transfer=unknown
color_primaries=unknown
chroma_location=left
field_order=progressive
timecode=N/A
refs=1
is_avc=true
nal_length_size=4
id=N/A
r_frame_rate=10/1
avg_frame_rate=30/1
time_base=1/1000
start_pts=10
start_time=0.010000
duration_ts=N/A
duration=N/A
bit_rate=N/A
max_bit_rate=N/A
bits_per_raw_sample=8
nb_frames=N/A
nb_read_frames=N/A
nb_read_packets=N/A
DISPOSITION:default=0
DISPOSITION:dub=0
DISPOSITION:original=0
DISPOSITION:comment=0
DISPOSITION:lyrics=0
DISPOSITION:karaoke=0
DISPOSITION:forced=0
DISPOSITION:hearing_impaired=0
DISPOSITION:visual_impaired=0
DISPOSITION:clean_effects=0
DISPOSITION:attached_pic=0
DISPOSITION:timed_thumbnails=0
[/STREAM]
[FORMAT]
filename=rtmp://43.199.149.178/live/front_right
nb_streams=2
nb_programs=0
format_name=flv
format_long_name=FLV (Flash Video)
start_time=0.000000
duration=N/A
size=N/A
bit_rate=N/A
probe_score=100
TAG:title=/camera3/rtsp
TAG:comment=rtsp_image_transport
TAG:encoder=Lavf58.29.100
TAG:server=SRS/5.0.213(Bee)
TAG:server_version=5.0.213
[/FORMAT]
[AVIOContext @ 0x55d0af021640] Statistics: 609297 bytes read, 0 seeks
---------------------[ ffprobe Log End ]----------------------
SUMMARY: Status OK. Check passed because ffprobe successfully connected to the stream and retrieved its information (Exit Code: 0).

====================[ End of Check Cycle ]====================

==========================================================
                STREAM STATUS CHECK @ Friday, July 25, 2025 AM11:59:27 HKT
==========================================================

------------------[ Checking Stream: front_left ]------------------
URL: rtmp://43.199.149.178/live/front_left
--------------------[ ffprobe Log Start ]---------------------
ffprobe version 4.2.7-0ubuntu0.1 Copyright (c) 2007-2022 the FFmpeg developers
  built with gcc 9 (Ubuntu 9.4.0-1ubuntu1~20.04.1)
  configuration: --prefix=/usr --extra-version=0ubuntu0.1 --toolchain=hardened --libdir=/usr/lib/x86_64-linux-gnu --incdir=/usr/include/x86_64-linux-gnu --arch=amd64 --enable-gpl --disable-stripping --enable-avresample --disable-filter=resample --enable-avisynth --enable-gnutls --enable-ladspa --enable-libaom --enable-libass --enable-libbluray --enable-libbs2b --enable-libcaca --enable-libcdio --enable-libcodec2 --enable-libflite --enable-libfontconfig --enable-libfreetype --enable-libfribidi --enable-libgme --enable-libgsm --enable-libjack --enable-libmp3lame --enable-libmysofa --enable-libopenjpeg --enable-libopenmpt --enable-libopus --enable-libpulse --enable-librsvg --enable-librubberband --enable-libshine --enable-libsnappy --enable-libsoxr --enable-libspeex --enable-libssh --enable-libtheora --enable-libtwolame --enable-libvidstab --enable-libvorbis --enable-libvpx --enable-libwavpack --enable-libwebp --enable-libx265 --enable-libxml2 --enable-libxvid --enable-libzmq --enable-libzvbi --enable-lv2 --enable-omx --enable-openal --enable-opencl --enable-opengl --enable-sdl2 --enable-libdc1394 --enable-libdrm --enable-libiec61883 --enable-nvenc --enable-chromaprint --enable-frei0r --enable-libx264 --enable-shared
  libavutil      56. 31.100 / 56. 31.100
  libavcodec     58. 54.100 / 58. 54.100
  libavformat    58. 29.100 / 58. 29.100
  libavdevice    58.  8.100 / 58.  8.100
  libavfilter     7. 57.100 /  7. 57.100
  libavresample   4.  0.  0 /  4.  0.  0
  libswscale      5.  5.100 /  5.  5.100
  libswresample   3.  5.100 /  3.  5.100
  libpostproc    55.  5.100 / 55.  5.100
[tcp @ 0x560db686dc00] Starting connection attempt to 43.199.149.178 port 1935
[tcp @ 0x560db686dc00] Successfully connected to 43.199.149.178 port 1935
[h264 @ 0x560db6882240] Reinit context to 1024x624, pix_fmt: yuv420p
[flv @ 0x560db686c980] max_analyze_duration 5000000 reached at 5000000 microseconds st:1
Input #0, flv, from 'rtmp://43.199.149.178/live/front_left':
  Metadata:
    title           : /camera5/rtsp
    comment         : rtsp_image_transport
    encoder         : Lavf58.29.100
    server          : SRS/5.0.213(Bee)
    server_version  : 5.0.213
  Duration: N/A, start: 0.000000, bitrate: N/A
    Stream #0:0: Data: none
    Stream #0:1: Video: h264 (Main), 1 reference frame, yuv420p(progressive, left), 1024x616 (1024x624) [SAR 1:1 DAR 128:77], 30 fps, 10 tbr, 1k tbn, 60 tbc
Unsupported codec with id 0 for input stream 0
[STREAM]
index=0
codec_name=unknown
codec_long_name=unknown
profile=unknown
codec_type=data
codec_tag_string=[0][0][0][0]
codec_tag=0x0000
id=N/A
r_frame_rate=0/0
avg_frame_rate=0/0
time_base=1/1000
start_pts=0
start_time=0.000000
duration_ts=N/A
duration=N/A
bit_rate=N/A
max_bit_rate=N/A
bits_per_raw_sample=N/A
nb_frames=N/A
nb_read_frames=N/A
nb_read_packets=N/A
DISPOSITION:default=0
DISPOSITION:dub=0
DISPOSITION:original=0
DISPOSITION:comment=0
DISPOSITION:lyrics=0
DISPOSITION:karaoke=0
DISPOSITION:forced=0
DISPOSITION:hearing_impaired=0
DISPOSITION:visual_impaired=0
DISPOSITION:clean_effects=0
DISPOSITION:attached_pic=0
DISPOSITION:timed_thumbnails=0
[/STREAM]
[STREAM]
index=1
codec_name=h264
codec_long_name=H.264 / AVC / MPEG-4 AVC / MPEG-4 part 10
profile=Main
codec_type=video
codec_time_base=1/60
codec_tag_string=[0][0][0][0]
codec_tag=0x0000
width=1024
height=616
coded_width=1024
coded_height=624
has_b_frames=0
sample_aspect_ratio=1:1
display_aspect_ratio=128:77
pix_fmt=yuv420p
level=31
color_range=unknown
color_space=unknown
color_transfer=unknown
color_primaries=unknown
chroma_location=left
field_order=progressive
timecode=N/A
refs=1
is_avc=true
nal_length_size=4
id=N/A
r_frame_rate=10/1
avg_frame_rate=30/1
time_base=1/1000
start_pts=10
start_time=0.010000
duration_ts=N/A
duration=N/A
bit_rate=N/A
max_bit_rate=N/A
bits_per_raw_sample=8
nb_frames=N/A
nb_read_frames=N/A
nb_read_packets=N/A
DISPOSITION:default=0
DISPOSITION:dub=0
DISPOSITION:original=0
DISPOSITION:comment=0
DISPOSITION:lyrics=0
DISPOSITION:karaoke=0
DISPOSITION:forced=0
DISPOSITION:hearing_impaired=0
DISPOSITION:visual_impaired=0
DISPOSITION:clean_effects=0
DISPOSITION:attached_pic=0
DISPOSITION:timed_thumbnails=0
[/STREAM]
[FORMAT]
filename=rtmp://43.199.149.178/live/front_left
nb_streams=2
nb_programs=0
format_name=flv
format_long_name=FLV (Flash Video)
start_time=0.000000
duration=N/A
size=N/A
bit_rate=N/A
probe_score=100
TAG:title=/camera5/rtsp
TAG:comment=rtsp_image_transport
TAG:encoder=Lavf58.29.100
TAG:server=SRS/5.0.213(Bee)
TAG:server_version=5.0.213
[/FORMAT]
[AVIOContext @ 0x560db686f640] Statistics: 655241 bytes read, 0 seeks
---------------------[ ffprobe Log End ]----------------------
SUMMARY: Status OK. Check passed because ffprobe successfully connected to the stream and retrieved its information (Exit Code: 0).


------------------[ Checking Stream: front_right ]------------------
URL: rtmp://43.199.149.178/live/front_right
--------------------[ ffprobe Log Start ]---------------------
ffprobe version 4.2.7-0ubuntu0.1 Copyright (c) 2007-2022 the FFmpeg developers
  built with gcc 9 (Ubuntu 9.4.0-1ubuntu1~20.04.1)
  configuration: --prefix=/usr --extra-version=0ubuntu0.1 --toolchain=hardened --libdir=/usr/lib/x86_64-linux-gnu --incdir=/usr/include/x86_64-linux-gnu --arch=amd64 --enable-gpl --disable-stripping --enable-avresample --disable-filter=resample --enable-avisynth --enable-gnutls --enable-ladspa --enable-libaom --enable-libass --enable-libbluray --enable-libbs2b --enable-libcaca --enable-libcdio --enable-libcodec2 --enable-libflite --enable-libfontconfig --enable-libfreetype --enable-libfribidi --enable-libgme --enable-libgsm --enable-libjack --enable-libmp3lame --enable-libmysofa --enable-libopenjpeg --enable-libopenmpt --enable-libopus --enable-libpulse --enable-librsvg --enable-librubberband --enable-libshine --enable-libsnappy --enable-libsoxr --enable-libspeex --enable-libssh --enable-libtheora --enable-libtwolame --enable-libvidstab --enable-libvorbis --enable-libvpx --enable-libwavpack --enable-libwebp --enable-libx265 --enable-libxml2 --enable-libxvid --enable-libzmq --enable-libzvbi --enable-lv2 --enable-omx --enable-openal --enable-opencl --enable-opengl --enable-sdl2 --enable-libdc1394 --enable-libdrm --enable-libiec61883 --enable-nvenc --enable-chromaprint --enable-frei0r --enable-libx264 --enable-shared
  libavutil      56. 31.100 / 56. 31.100
  libavcodec     58. 54.100 / 58. 54.100
  libavformat    58. 29.100 / 58. 29.100
  libavdevice    58.  8.100 / 58.  8.100
  libavfilter     7. 57.100 /  7. 57.100
  libavresample   4.  0.  0 /  4.  0.  0
  libswscale      5.  5.100 /  5.  5.100
  libswresample   3.  5.100 /  3.  5.100
  libpostproc    55.  5.100 / 55.  5.100
[tcp @ 0x55f10aedfc00] Starting connection attempt to 43.199.149.178 port 1935
[tcp @ 0x55f10aedfc00] Successfully connected to 43.199.149.178 port 1935
[h264 @ 0x55f10aee2a00] Reinit context to 1024x624, pix_fmt: yuv420p
[h264 @ 0x55f10aee2a00] error while decoding MB 39 21, bytestream -52
[h264 @ 0x55f10aee2a00] concealing 1162 DC, 1162 AC, 1162 MV errors in I frame
[flv @ 0x55f10aede980] max_analyze_duration 5000000 reached at 5000000 microseconds st:1
Input #0, flv, from 'rtmp://43.199.149.178/live/front_right':
  Metadata:
    title           : /camera3/rtsp
    comment         : rtsp_image_transport
    encoder         : Lavf58.29.100
    server          : SRS/5.0.213(Bee)
    server_version  : 5.0.213
  Duration: N/A, start: 0.000000, bitrate: N/A
    Stream #0:0: Data: none
    Stream #0:1: Video: h264 (Main), 1 reference frame, yuv420p(progressive, left), 1024x616 (1024x624) [SAR 1:1 DAR 128:77], 30 fps, 10 tbr, 1k tbn, 60 tbc
Unsupported codec with id 0 for input stream 0
[STREAM]
index=0
codec_name=unknown
codec_long_name=unknown
profile=unknown
codec_type=data
codec_tag_string=[0][0][0][0]
codec_tag=0x0000
id=N/A
r_frame_rate=0/0
avg_frame_rate=0/0
time_base=1/1000
start_pts=0
start_time=0.000000
duration_ts=N/A
duration=N/A
bit_rate=N/A
max_bit_rate=N/A
bits_per_raw_sample=N/A
nb_frames=N/A
nb_read_frames=N/A
nb_read_packets=N/A
DISPOSITION:default=0
DISPOSITION:dub=0
DISPOSITION:original=0
DISPOSITION:comment=0
DISPOSITION:lyrics=0
DISPOSITION:karaoke=0
DISPOSITION:forced=0
DISPOSITION:hearing_impaired=0
DISPOSITION:visual_impaired=0
DISPOSITION:clean_effects=0
DISPOSITION:attached_pic=0
DISPOSITION:timed_thumbnails=0
[/STREAM]
[STREAM]
index=1
codec_name=h264
codec_long_name=H.264 / AVC / MPEG-4 AVC / MPEG-4 part 10
profile=Main
codec_type=video
codec_time_base=1/60
codec_tag_string=[0][0][0][0]
codec_tag=0x0000
width=1024
height=616
coded_width=1024
coded_height=624
has_b_frames=0
sample_aspect_ratio=1:1
display_aspect_ratio=128:77
pix_fmt=yuv420p
level=31
color_range=unknown
color_space=unknown
color_transfer=unknown
color_primaries=unknown
chroma_location=left
field_order=progressive
timecode=N/A
refs=1
is_avc=true
nal_length_size=4
id=N/A
r_frame_rate=10/1
avg_frame_rate=30/1
time_base=1/1000
start_pts=10
start_time=0.010000
duration_ts=N/A
duration=N/A
bit_rate=N/A
max_bit_rate=N/A
bits_per_raw_sample=8
nb_frames=N/A
nb_read_frames=N/A
nb_read_packets=N/A
DISPOSITION:default=0
DISPOSITION:dub=0
DISPOSITION:original=0
DISPOSITION:comment=0
DISPOSITION:lyrics=0
DISPOSITION:karaoke=0
DISPOSITION:forced=0
DISPOSITION:hearing_impaired=0
DISPOSITION:visual_impaired=0
DISPOSITION:clean_effects=0
DISPOSITION:attached_pic=0
DISPOSITION:timed_thumbnails=0
[/STREAM]
[FORMAT]
filename=rtmp://43.199.149.178/live/front_right
nb_streams=2
nb_programs=0
format_name=flv
format_long_name=FLV (Flash Video)
start_time=0.000000
duration=N/A
size=N/A
bit_rate=N/A
probe_score=100
TAG:title=/camera3/rtsp
TAG:comment=rtsp_image_transport
TAG:encoder=Lavf58.29.100
TAG:server=SRS/5.0.213(Bee)
TAG:server_version=5.0.213
[/FORMAT]
[AVIOContext @ 0x55f10aee1640] Statistics: 629166 bytes read, 0 seeks
---------------------[ ffprobe Log End ]----------------------
SUMMARY: Status OK. Check passed because ffprobe successfully connected to the stream and retrieved its information (Exit Code: 0).

====================[ End of Check Cycle ]====================

==========================================================
                STREAM STATUS CHECK @ Friday, July 25, 2025 PM12:00:58 HKT
==========================================================

------------------[ Checking Stream: front_left ]------------------
URL: rtmp://43.199.149.178/live/front_left
--------------------[ ffprobe Log Start ]---------------------
ffprobe version 4.2.7-0ubuntu0.1 Copyright (c) 2007-2022 the FFmpeg developers
  built with gcc 9 (Ubuntu 9.4.0-1ubuntu1~20.04.1)
  configuration: --prefix=/usr --extra-version=0ubuntu0.1 --toolchain=hardened --libdir=/usr/lib/x86_64-linux-gnu --incdir=/usr/include/x86_64-linux-gnu --arch=amd64 --enable-gpl --disable-stripping --enable-avresample --disable-filter=resample --enable-avisynth --enable-gnutls --enable-ladspa --enable-libaom --enable-libass --enable-libbluray --enable-libbs2b --enable-libcaca --enable-libcdio --enable-libcodec2 --enable-libflite --enable-libfontconfig --enable-libfreetype --enable-libfribidi --enable-libgme --enable-libgsm --enable-libjack --enable-libmp3lame --enable-libmysofa --enable-libopenjpeg --enable-libopenmpt --enable-libopus --enable-libpulse --enable-librsvg --enable-librubberband --enable-libshine --enable-libsnappy --enable-libsoxr --enable-libspeex --enable-libssh --enable-libtheora --enable-libtwolame --enable-libvidstab --enable-libvorbis --enable-libvpx --enable-libwavpack --enable-libwebp --enable-libx265 --enable-libxml2 --enable-libxvid --enable-libzmq --enable-libzvbi --enable-lv2 --enable-omx --enable-openal --enable-opencl --enable-opengl --enable-sdl2 --enable-libdc1394 --enable-libdrm --enable-libiec61883 --enable-nvenc --enable-chromaprint --enable-frei0r --enable-libx264 --enable-shared
  libavutil      56. 31.100 / 56. 31.100
  libavcodec     58. 54.100 / 58. 54.100
  libavformat    58. 29.100 / 58. 29.100
  libavdevice    58.  8.100 / 58.  8.100
  libavfilter     7. 57.100 /  7. 57.100
  libavresample   4.  0.  0 /  4.  0.  0
  libswscale      5.  5.100 /  5.  5.100
  libswresample   3.  5.100 /  3.  5.100
  libpostproc    55.  5.100 / 55.  5.100
[tcp @ 0x562a0bbcac00] Starting connection attempt to 43.199.149.178 port 1935
[tcp @ 0x562a0bbcac00] Successfully connected to 43.199.149.178 port 1935
[h264 @ 0x562a0bbdf240] Reinit context to 1024x624, pix_fmt: yuv420p
[flv @ 0x562a0bbc9980] max_analyze_duration 5000000 reached at 5000000 microseconds st:1
Input #0, flv, from 'rtmp://43.199.149.178/live/front_left':
  Metadata:
    title           : /camera5/rtsp
    comment         : rtsp_image_transport
    encoder         : Lavf58.29.100
    server          : SRS/5.0.213(Bee)
    server_version  : 5.0.213
  Duration: N/A, start: 0.000000, bitrate: N/A
    Stream #0:0: Data: none
    Stream #0:1: Video: h264 (Main), 1 reference frame, yuv420p(progressive, left), 1024x616 (1024x624) [SAR 1:1 DAR 128:77], 30 fps, 10 tbr, 1k tbn, 60 tbc
Unsupported codec with id 0 for input stream 0
[STREAM]
index=0
codec_name=unknown
codec_long_name=unknown
profile=unknown
codec_type=data
codec_tag_string=[0][0][0][0]
codec_tag=0x0000
id=N/A
r_frame_rate=0/0
avg_frame_rate=0/0
time_base=1/1000
start_pts=0
start_time=0.000000
duration_ts=N/A
duration=N/A
bit_rate=N/A
max_bit_rate=N/A
bits_per_raw_sample=N/A
nb_frames=N/A
nb_read_frames=N/A
nb_read_packets=N/A
DISPOSITION:default=0
DISPOSITION:dub=0
DISPOSITION:original=0
DISPOSITION:comment=0
DISPOSITION:lyrics=0
DISPOSITION:karaoke=0
DISPOSITION:forced=0
DISPOSITION:hearing_impaired=0
DISPOSITION:visual_impaired=0
DISPOSITION:clean_effects=0
DISPOSITION:attached_pic=0
DISPOSITION:timed_thumbnails=0
[/STREAM]
[STREAM]
index=1
codec_name=h264
codec_long_name=H.264 / AVC / MPEG-4 AVC / MPEG-4 part 10
profile=Main
codec_type=video
codec_time_base=1/60
codec_tag_string=[0][0][0][0]
codec_tag=0x0000
width=1024
height=616
coded_width=1024
coded_height=624
has_b_frames=0
sample_aspect_ratio=1:1
display_aspect_ratio=128:77
pix_fmt=yuv420p
level=31
color_range=unknown
color_space=unknown
color_transfer=unknown
color_primaries=unknown
chroma_location=left
field_order=progressive
timecode=N/A
refs=1
is_avc=true
nal_length_size=4
id=N/A
r_frame_rate=10/1
avg_frame_rate=30/1
time_base=1/1000
start_pts=10
start_time=0.010000
duration_ts=N/A
duration=N/A
bit_rate=N/A
max_bit_rate=N/A
bits_per_raw_sample=8
nb_frames=N/A
nb_read_frames=N/A
nb_read_packets=N/A
DISPOSITION:default=0
DISPOSITION:dub=0
DISPOSITION:original=0
DISPOSITION:comment=0
DISPOSITION:lyrics=0
DISPOSITION:karaoke=0
DISPOSITION:forced=0
DISPOSITION:hearing_impaired=0
DISPOSITION:visual_impaired=0
DISPOSITION:clean_effects=0
DISPOSITION:attached_pic=0
DISPOSITION:timed_thumbnails=0
[/STREAM]
[FORMAT]
filename=rtmp://43.199.149.178/live/front_left
nb_streams=2
nb_programs=0
format_name=flv
format_long_name=FLV (Flash Video)
start_time=0.000000
duration=N/A
size=N/A
bit_rate=N/A
probe_score=100
TAG:title=/camera5/rtsp
TAG:comment=rtsp_image_transport
TAG:encoder=Lavf58.29.100
TAG:server=SRS/5.0.213(Bee)
TAG:server_version=5.0.213
[/FORMAT]
[AVIOContext @ 0x562a0bbcc640] Statistics: 679168 bytes read, 0 seeks
---------------------[ ffprobe Log End ]----------------------
SUMMARY: Status OK. Check passed because ffprobe successfully connected to the stream and retrieved its information (Exit Code: 0).


------------------[ Checking Stream: front_right ]------------------
URL: rtmp://43.199.149.178/live/front_right
--------------------[ ffprobe Log Start ]---------------------
ffprobe version 4.2.7-0ubuntu0.1 Copyright (c) 2007-2022 the FFmpeg developers
  built with gcc 9 (Ubuntu 9.4.0-1ubuntu1~20.04.1)
  configuration: --prefix=/usr --extra-version=0ubuntu0.1 --toolchain=hardened --libdir=/usr/lib/x86_64-linux-gnu --incdir=/usr/include/x86_64-linux-gnu --arch=amd64 --enable-gpl --disable-stripping --enable-avresample --disable-filter=resample --enable-avisynth --enable-gnutls --enable-ladspa --enable-libaom --enable-libass --enable-libbluray --enable-libbs2b --enable-libcaca --enable-libcdio --enable-libcodec2 --enable-libflite --enable-libfontconfig --enable-libfreetype --enable-libfribidi --enable-libgme --enable-libgsm --enable-libjack --enable-libmp3lame --enable-libmysofa --enable-libopenjpeg --enable-libopenmpt --enable-libopus --enable-libpulse --enable-librsvg --enable-librubberband --enable-libshine --enable-libsnappy --enable-libsoxr --enable-libspeex --enable-libssh --enable-libtheora --enable-libtwolame --enable-libvidstab --enable-libvorbis --enable-libvpx --enable-libwavpack --enable-libwebp --enable-libx265 --enable-libxml2 --enable-libxvid --enable-libzmq --enable-libzvbi --enable-lv2 --enable-omx --enable-openal --enable-opencl --enable-opengl --enable-sdl2 --enable-libdc1394 --enable-libdrm --enable-libiec61883 --enable-nvenc --enable-chromaprint --enable-frei0r --enable-libx264 --enable-shared
  libavutil      56. 31.100 / 56. 31.100
  libavcodec     58. 54.100 / 58. 54.100
  libavformat    58. 29.100 / 58. 29.100
  libavdevice    58.  8.100 / 58.  8.100
  libavfilter     7. 57.100 /  7. 57.100
  libavresample   4.  0.  0 /  4.  0.  0
  libswscale      5.  5.100 /  5.  5.100
  libswresample   3.  5.100 /  3.  5.100
  libpostproc    55.  5.100 / 55.  5.100
[tcp @ 0x55c6ce31fc00] Starting connection attempt to 43.199.149.178 port 1935
[tcp @ 0x55c6ce31fc00] Successfully connected to 43.199.149.178 port 1935
[h264 @ 0x55c6ce322a00] Reinit context to 1024x624, pix_fmt: yuv420p
[h264 @ 0x55c6ce322a00] error while decoding MB 14 17, bytestream -22
[h264 @ 0x55c6ce322a00] concealing 1443 DC, 1443 AC, 1443 MV errors in I frame
[flv @ 0x55c6ce31e980] max_analyze_duration 5000000 reached at 5000000 microseconds st:1
Input #0, flv, from 'rtmp://43.199.149.178/live/front_right':
  Metadata:
    title           : /camera3/rtsp
    comment         : rtsp_image_transport
    encoder         : Lavf58.29.100
    server          : SRS/5.0.213(Bee)
    server_version  : 5.0.213
  Duration: N/A, start: 0.000000, bitrate: N/A
    Stream #0:0: Data: none
    Stream #0:1: Video: h264 (Main), 1 reference frame, yuv420p(progressive, left), 1024x616 (1024x624) [SAR 1:1 DAR 128:77], 30 fps, 10 tbr, 1k tbn, 60 tbc
Unsupported codec with id 0 for input stream 0
[STREAM]
index=0
codec_name=unknown
codec_long_name=unknown
profile=unknown
codec_type=data
codec_tag_string=[0][0][0][0]
codec_tag=0x0000
id=N/A
r_frame_rate=0/0
avg_frame_rate=0/0
time_base=1/1000
start_pts=0
start_time=0.000000
duration_ts=N/A
duration=N/A
bit_rate=N/A
max_bit_rate=N/A
bits_per_raw_sample=N/A
nb_frames=N/A
nb_read_frames=N/A
nb_read_packets=N/A
DISPOSITION:default=0
DISPOSITION:dub=0
DISPOSITION:original=0
DISPOSITION:comment=0
DISPOSITION:lyrics=0
DISPOSITION:karaoke=0
DISPOSITION:forced=0
DISPOSITION:hearing_impaired=0
DISPOSITION:visual_impaired=0
DISPOSITION:clean_effects=0
DISPOSITION:attached_pic=0
DISPOSITION:timed_thumbnails=0
[/STREAM]
[STREAM]
index=1
codec_name=h264
codec_long_name=H.264 / AVC / MPEG-4 AVC / MPEG-4 part 10
profile=Main
codec_type=video
codec_time_base=1/60
codec_tag_string=[0][0][0][0]
codec_tag=0x0000
width=1024
height=616
coded_width=1024
coded_height=624
has_b_frames=0
sample_aspect_ratio=1:1
display_aspect_ratio=128:77
pix_fmt=yuv420p
level=31
color_range=unknown
color_space=unknown
color_transfer=unknown
color_primaries=unknown
chroma_location=left
field_order=progressive
timecode=N/A
refs=1
is_avc=true
nal_length_size=4
id=N/A
r_frame_rate=10/1
avg_frame_rate=30/1
time_base=1/1000
start_pts=10
start_time=0.010000
duration_ts=N/A
duration=N/A
bit_rate=N/A
max_bit_rate=N/A
bits_per_raw_sample=8
nb_frames=N/A
nb_read_frames=N/A
nb_read_packets=N/A
DISPOSITION:default=0
DISPOSITION:dub=0
DISPOSITION:original=0
DISPOSITION:comment=0
DISPOSITION:lyrics=0
DISPOSITION:karaoke=0
DISPOSITION:forced=0
DISPOSITION:hearing_impaired=0
DISPOSITION:visual_impaired=0
DISPOSITION:clean_effects=0
DISPOSITION:attached_pic=0
DISPOSITION:timed_thumbnails=0
[/STREAM]
[FORMAT]
filename=rtmp://43.199.149.178/live/front_right
nb_streams=2
nb_programs=0
format_name=flv
format_long_name=FLV (Flash Video)
start_time=0.000000
duration=N/A
size=N/A
bit_rate=N/A
probe_score=100
TAG:title=/camera3/rtsp
TAG:comment=rtsp_image_transport
TAG:encoder=Lavf58.29.100
TAG:server=SRS/5.0.213(Bee)
TAG:server_version=5.0.213
[/FORMAT]
[AVIOContext @ 0x55c6ce321640] Statistics: 573070 bytes read, 0 seeks
---------------------[ ffprobe Log End ]----------------------
SUMMARY: Status OK. Check passed because ffprobe successfully connected to the stream and retrieved its information (Exit Code: 0).

====================[ End of Check Cycle ]====================

==========================================================
                STREAM STATUS CHECK @ Friday, July 25, 2025 PM12:02:28 HKT
==========================================================

------------------[ Checking Stream: front_left ]------------------
URL: rtmp://43.199.149.178/live/front_left
--------------------[ ffprobe Log Start ]---------------------
ffprobe version 4.2.7-0ubuntu0.1 Copyright (c) 2007-2022 the FFmpeg developers
  built with gcc 9 (Ubuntu 9.4.0-1ubuntu1~20.04.1)
  configuration: --prefix=/usr --extra-version=0ubuntu0.1 --toolchain=hardened --libdir=/usr/lib/x86_64-linux-gnu --incdir=/usr/include/x86_64-linux-gnu --arch=amd64 --enable-gpl --disable-stripping --enable-avresample --disable-filter=resample --enable-avisynth --enable-gnutls --enable-ladspa --enable-libaom --enable-libass --enable-libbluray --enable-libbs2b --enable-libcaca --enable-libcdio --enable-libcodec2 --enable-libflite --enable-libfontconfig --enable-libfreetype --enable-libfribidi --enable-libgme --enable-libgsm --enable-libjack --enable-libmp3lame --enable-libmysofa --enable-libopenjpeg --enable-libopenmpt --enable-libopus --enable-libpulse --enable-librsvg --enable-librubberband --enable-libshine --enable-libsnappy --enable-libsoxr --enable-libspeex --enable-libssh --enable-libtheora --enable-libtwolame --enable-libvidstab --enable-libvorbis --enable-libvpx --enable-libwavpack --enable-libwebp --enable-libx265 --enable-libxml2 --enable-libxvid --enable-libzmq --enable-libzvbi --enable-lv2 --enable-omx --enable-openal --enable-opencl --enable-opengl --enable-sdl2 --enable-libdc1394 --enable-libdrm --enable-libiec61883 --enable-nvenc --enable-chromaprint --enable-frei0r --enable-libx264 --enable-shared
  libavutil      56. 31.100 / 56. 31.100
  libavcodec     58. 54.100 / 58. 54.100
  libavformat    58. 29.100 / 58. 29.100
  libavdevice    58.  8.100 / 58.  8.100
  libavfilter     7. 57.100 /  7. 57.100
  libavresample   4.  0.  0 /  4.  0.  0
  libswscale      5.  5.100 /  5.  5.100
  libswresample   3.  5.100 /  3.  5.100
  libpostproc    55.  5.100 / 55.  5.100
[tcp @ 0x55a8ec1ffc00] Starting connection attempt to 43.199.149.178 port 1935
[tcp @ 0x55a8ec1ffc00] Successfully connected to 43.199.149.178 port 1935
[h264 @ 0x55a8ec214240] Reinit context to 1024x624, pix_fmt: yuv420p
[flv @ 0x55a8ec1fe980] max_analyze_duration 5000000 reached at 5000000 microseconds st:1
Input #0, flv, from 'rtmp://43.199.149.178/live/front_left':
  Metadata:
    title           : /camera5/rtsp
    comment         : rtsp_image_transport
    encoder         : Lavf58.29.100
    server          : SRS/5.0.213(Bee)
    server_version  : 5.0.213
  Duration: N/A, start: 0.000000, bitrate: N/A
    Stream #0:0: Data: none
    Stream #0:1: Video: h264 (Main), 1 reference frame, yuv420p(progressive, left), 1024x616 (1024x624) [SAR 1:1 DAR 128:77], 30 fps, 10 tbr, 1k tbn, 60 tbc
Unsupported codec with id 0 for input stream 0
[STREAM]
index=0
codec_name=unknown
codec_long_name=unknown
profile=unknown
codec_type=data
codec_tag_string=[0][0][0][0]
codec_tag=0x0000
id=N/A
r_frame_rate=0/0
avg_frame_rate=0/0
time_base=1/1000
start_pts=0
start_time=0.000000
duration_ts=N/A
duration=N/A
bit_rate=N/A
max_bit_rate=N/A
bits_per_raw_sample=N/A
nb_frames=N/A
nb_read_frames=N/A
nb_read_packets=N/A
DISPOSITION:default=0
DISPOSITION:dub=0
DISPOSITION:original=0
DISPOSITION:comment=0
DISPOSITION:lyrics=0
DISPOSITION:karaoke=0
DISPOSITION:forced=0
DISPOSITION:hearing_impaired=0
DISPOSITION:visual_impaired=0
DISPOSITION:clean_effects=0
DISPOSITION:attached_pic=0
DISPOSITION:timed_thumbnails=0
[/STREAM]
[STREAM]
index=1
codec_name=h264
codec_long_name=H.264 / AVC / MPEG-4 AVC / MPEG-4 part 10
profile=Main
codec_type=video
codec_time_base=1/60
codec_tag_string=[0][0][0][0]
codec_tag=0x0000
width=1024
height=616
coded_width=1024
coded_height=624
has_b_frames=0
sample_aspect_ratio=1:1
display_aspect_ratio=128:77
pix_fmt=yuv420p
level=31
color_range=unknown
color_space=unknown
color_transfer=unknown
color_primaries=unknown
chroma_location=left
field_order=progressive
timecode=N/A
refs=1
is_avc=true
nal_length_size=4
id=N/A
r_frame_rate=10/1
avg_frame_rate=30/1
time_base=1/1000
start_pts=10
start_time=0.010000
duration_ts=N/A
duration=N/A
bit_rate=N/A
max_bit_rate=N/A
bits_per_raw_sample=8
nb_frames=N/A
nb_read_frames=N/A
nb_read_packets=N/A
DISPOSITION:default=0
DISPOSITION:dub=0
DISPOSITION:original=0
DISPOSITION:comment=0
DISPOSITION:lyrics=0
DISPOSITION:karaoke=0
DISPOSITION:forced=0
DISPOSITION:hearing_impaired=0
DISPOSITION:visual_impaired=0
DISPOSITION:clean_effects=0
DISPOSITION:attached_pic=0
DISPOSITION:timed_thumbnails=0
[/STREAM]
[FORMAT]
filename=rtmp://43.199.149.178/live/front_left
nb_streams=2
nb_programs=0
format_name=flv
format_long_name=FLV (Flash Video)
start_time=0.000000
duration=N/A
size=N/A
bit_rate=N/A
probe_score=100
TAG:title=/camera5/rtsp
TAG:comment=rtsp_image_transport
TAG:encoder=Lavf58.29.100
TAG:server=SRS/5.0.213(Bee)
TAG:server_version=5.0.213
[/FORMAT]
[AVIOContext @ 0x55a8ec201640] Statistics: 663097 bytes read, 0 seeks
---------------------[ ffprobe Log End ]----------------------
SUMMARY: Status OK. Check passed because ffprobe successfully connected to the stream and retrieved its information (Exit Code: 0).


------------------[ Checking Stream: front_right ]------------------
URL: rtmp://43.199.149.178/live/front_right
--------------------[ ffprobe Log Start ]---------------------
ffprobe version 4.2.7-0ubuntu0.1 Copyright (c) 2007-2022 the FFmpeg developers
  built with gcc 9 (Ubuntu 9.4.0-1ubuntu1~20.04.1)
  configuration: --prefix=/usr --extra-version=0ubuntu0.1 --toolchain=hardened --libdir=/usr/lib/x86_64-linux-gnu --incdir=/usr/include/x86_64-linux-gnu --arch=amd64 --enable-gpl --disable-stripping --enable-avresample --disable-filter=resample --enable-avisynth --enable-gnutls --enable-ladspa --enable-libaom --enable-libass --enable-libbluray --enable-libbs2b --enable-libcaca --enable-libcdio --enable-libcodec2 --enable-libflite --enable-libfontconfig --enable-libfreetype --enable-libfribidi --enable-libgme --enable-libgsm --enable-libjack --enable-libmp3lame --enable-libmysofa --enable-libopenjpeg --enable-libopenmpt --enable-libopus --enable-libpulse --enable-librsvg --enable-librubberband --enable-libshine --enable-libsnappy --enable-libsoxr --enable-libspeex --enable-libssh --enable-libtheora --enable-libtwolame --enable-libvidstab --enable-libvorbis --enable-libvpx --enable-libwavpack --enable-libwebp --enable-libx265 --enable-libxml2 --enable-libxvid --enable-libzmq --enable-libzvbi --enable-lv2 --enable-omx --enable-openal --enable-opencl --enable-opengl --enable-sdl2 --enable-libdc1394 --enable-libdrm --enable-libiec61883 --enable-nvenc --enable-chromaprint --enable-frei0r --enable-libx264 --enable-shared
  libavutil      56. 31.100 / 56. 31.100
  libavcodec     58. 54.100 / 58. 54.100
  libavformat    58. 29.100 / 58. 29.100
  libavdevice    58.  8.100 / 58.  8.100
  libavfilter     7. 57.100 /  7. 57.100
  libavresample   4.  0.  0 /  4.  0.  0
  libswscale      5.  5.100 /  5.  5.100
  libswresample   3.  5.100 /  3.  5.100
  libpostproc    55.  5.100 / 55.  5.100
[tcp @ 0x55f490a53c00] Starting connection attempt to 43.199.149.178 port 1935
[tcp @ 0x55f490a53c00] Successfully connected to 43.199.149.178 port 1935
[h264 @ 0x55f490a68240] Reinit context to 1024x624, pix_fmt: yuv420p
[flv @ 0x55f490a52980] max_analyze_duration 5000000 reached at 5000000 microseconds st:1
Input #0, flv, from 'rtmp://43.199.149.178/live/front_right':
  Metadata:
    title           : /camera3/rtsp
    comment         : rtsp_image_transport
    encoder         : Lavf58.29.100
    server          : SRS/5.0.213(Bee)
    server_version  : 5.0.213
  Duration: N/A, start: 0.000000, bitrate: N/A
    Stream #0:0: Data: none
    Stream #0:1: Video: h264 (Main), 1 reference frame, yuv420p(progressive, left), 1024x616 (1024x624) [SAR 1:1 DAR 128:77], 30 fps, 10 tbr, 1k tbn, 60 tbc
Unsupported codec with id 0 for input stream 0
[STREAM]
index=0
codec_name=unknown
codec_long_name=unknown
profile=unknown
codec_type=data
codec_tag_string=[0][0][0][0]
codec_tag=0x0000
id=N/A
r_frame_rate=0/0
avg_frame_rate=0/0
time_base=1/1000
start_pts=0
start_time=0.000000
duration_ts=N/A
duration=N/A
bit_rate=N/A
max_bit_rate=N/A
bits_per_raw_sample=N/A
nb_frames=N/A
nb_read_frames=N/A
nb_read_packets=N/A
DISPOSITION:default=0
DISPOSITION:dub=0
DISPOSITION:original=0
DISPOSITION:comment=0
DISPOSITION:lyrics=0
DISPOSITION:karaoke=0
DISPOSITION:forced=0
DISPOSITION:hearing_impaired=0
DISPOSITION:visual_impaired=0
DISPOSITION:clean_effects=0
DISPOSITION:attached_pic=0
DISPOSITION:timed_thumbnails=0
[/STREAM]
[STREAM]
index=1
codec_name=h264
codec_long_name=H.264 / AVC / MPEG-4 AVC / MPEG-4 part 10
profile=Main
codec_type=video
codec_time_base=1/60
codec_tag_string=[0][0][0][0]
codec_tag=0x0000
width=1024
height=616
coded_width=1024
coded_height=624
has_b_frames=0
sample_aspect_ratio=1:1
display_aspect_ratio=128:77
pix_fmt=yuv420p
level=31
color_range=unknown
color_space=unknown
color_transfer=unknown
color_primaries=unknown
chroma_location=left
field_order=progressive
timecode=N/A
refs=1
is_avc=true
nal_length_size=4
id=N/A
r_frame_rate=10/1
avg_frame_rate=30/1
time_base=1/1000
start_pts=10
start_time=0.010000
duration_ts=N/A
duration=N/A
bit_rate=N/A
max_bit_rate=N/A
bits_per_raw_sample=8
nb_frames=N/A
nb_read_frames=N/A
nb_read_packets=N/A
DISPOSITION:default=0
DISPOSITION:dub=0
DISPOSITION:original=0
DISPOSITION:comment=0
DISPOSITION:lyrics=0
DISPOSITION:karaoke=0
DISPOSITION:forced=0
DISPOSITION:hearing_impaired=0
DISPOSITION:visual_impaired=0
DISPOSITION:clean_effects=0
DISPOSITION:attached_pic=0
DISPOSITION:timed_thumbnails=0
[/STREAM]
[FORMAT]
filename=rtmp://43.199.149.178/live/front_right
nb_streams=2
nb_programs=0
format_name=flv
format_long_name=FLV (Flash Video)
start_time=0.000000
duration=N/A
size=N/A
bit_rate=N/A
probe_score=100
TAG:title=/camera3/rtsp
TAG:comment=rtsp_image_transport
TAG:encoder=Lavf58.29.100
TAG:server=SRS/5.0.213(Bee)
TAG:server_version=5.0.213
[/FORMAT]
[AVIOContext @ 0x55f490a55640] Statistics: 663196 bytes read, 0 seeks
---------------------[ ffprobe Log End ]----------------------
SUMMARY: Status OK. Check passed because ffprobe successfully connected to the stream and retrieved its information (Exit Code: 0).

====================[ End of Check Cycle ]====================

==========================================================
                STREAM STATUS CHECK @ Friday, July 25, 2025 PM12:03:58 HKT
==========================================================

------------------[ Checking Stream: front_left ]------------------
URL: rtmp://43.199.149.178/live/front_left
--------------------[ ffprobe Log Start ]---------------------
ffprobe version 4.2.7-0ubuntu0.1 Copyright (c) 2007-2022 the FFmpeg developers
  built with gcc 9 (Ubuntu 9.4.0-1ubuntu1~20.04.1)
  configuration: --prefix=/usr --extra-version=0ubuntu0.1 --toolchain=hardened --libdir=/usr/lib/x86_64-linux-gnu --incdir=/usr/include/x86_64-linux-gnu --arch=amd64 --enable-gpl --disable-stripping --enable-avresample --disable-filter=resample --enable-avisynth --enable-gnutls --enable-ladspa --enable-libaom --enable-libass --enable-libbluray --enable-libbs2b --enable-libcaca --enable-libcdio --enable-libcodec2 --enable-libflite --enable-libfontconfig --enable-libfreetype --enable-libfribidi --enable-libgme --enable-libgsm --enable-libjack --enable-libmp3lame --enable-libmysofa --enable-libopenjpeg --enable-libopenmpt --enable-libopus --enable-libpulse --enable-librsvg --enable-librubberband --enable-libshine --enable-libsnappy --enable-libsoxr --enable-libspeex --enable-libssh --enable-libtheora --enable-libtwolame --enable-libvidstab --enable-libvorbis --enable-libvpx --enable-libwavpack --enable-libwebp --enable-libx265 --enable-libxml2 --enable-libxvid --enable-libzmq --enable-libzvbi --enable-lv2 --enable-omx --enable-openal --enable-opencl --enable-opengl --enable-sdl2 --enable-libdc1394 --enable-libdrm --enable-libiec61883 --enable-nvenc --enable-chromaprint --enable-frei0r --enable-libx264 --enable-shared
  libavutil      56. 31.100 / 56. 31.100
  libavcodec     58. 54.100 / 58. 54.100
  libavformat    58. 29.100 / 58. 29.100
  libavdevice    58.  8.100 / 58.  8.100
  libavfilter     7. 57.100 /  7. 57.100
  libavresample   4.  0.  0 /  4.  0.  0
  libswscale      5.  5.100 /  5.  5.100
  libswresample   3.  5.100 /  3.  5.100
  libpostproc    55.  5.100 / 55.  5.100
[tcp @ 0x56310f739c00] Starting connection attempt to 43.199.149.178 port 1935
[tcp @ 0x56310f739c00] Successfully connected to 43.199.149.178 port 1935
[h264 @ 0x56310f74e240] Reinit context to 1024x624, pix_fmt: yuv420p
[flv @ 0x56310f738980] max_analyze_duration 5000000 reached at 5000000 microseconds st:1
Input #0, flv, from 'rtmp://43.199.149.178/live/front_left':
  Metadata:
    title           : /camera5/rtsp
    comment         : rtsp_image_transport
    encoder         : Lavf58.29.100
    server          : SRS/5.0.213(Bee)
    server_version  : 5.0.213
  Duration: N/A, start: 0.000000, bitrate: N/A
    Stream #0:0: Data: none
    Stream #0:1: Video: h264 (Main), 1 reference frame, yuv420p(progressive, left), 1024x616 (1024x624) [SAR 1:1 DAR 128:77], 30 fps, 10 tbr, 1k tbn, 60 tbc
Unsupported codec with id 0 for input stream 0
[STREAM]
index=0
codec_name=unknown
codec_long_name=unknown
profile=unknown
codec_type=data
codec_tag_string=[0][0][0][0]
codec_tag=0x0000
id=N/A
r_frame_rate=0/0
avg_frame_rate=0/0
time_base=1/1000
start_pts=0
start_time=0.000000
duration_ts=N/A
duration=N/A
bit_rate=N/A
max_bit_rate=N/A
bits_per_raw_sample=N/A
nb_frames=N/A
nb_read_frames=N/A
nb_read_packets=N/A
DISPOSITION:default=0
DISPOSITION:dub=0
DISPOSITION:original=0
DISPOSITION:comment=0
DISPOSITION:lyrics=0
DISPOSITION:karaoke=0
DISPOSITION:forced=0
DISPOSITION:hearing_impaired=0
DISPOSITION:visual_impaired=0
DISPOSITION:clean_effects=0
DISPOSITION:attached_pic=0
DISPOSITION:timed_thumbnails=0
[/STREAM]
[STREAM]
index=1
codec_name=h264
codec_long_name=H.264 / AVC / MPEG-4 AVC / MPEG-4 part 10
profile=Main
codec_type=video
codec_time_base=1/60
codec_tag_string=[0][0][0][0]
codec_tag=0x0000
width=1024
height=616
coded_width=1024
coded_height=624
has_b_frames=0
sample_aspect_ratio=1:1
display_aspect_ratio=128:77
pix_fmt=yuv420p
level=31
color_range=unknown
color_space=unknown
color_transfer=unknown
color_primaries=unknown
chroma_location=left
field_order=progressive
timecode=N/A
refs=1
is_avc=true
nal_length_size=4
id=N/A
r_frame_rate=10/1
avg_frame_rate=30/1
time_base=1/1000
start_pts=10
start_time=0.010000
duration_ts=N/A
duration=N/A
bit_rate=N/A
max_bit_rate=N/A
bits_per_raw_sample=8
nb_frames=N/A
nb_read_frames=N/A
nb_read_packets=N/A
DISPOSITION:default=0
DISPOSITION:dub=0
DISPOSITION:original=0
DISPOSITION:comment=0
DISPOSITION:lyrics=0
DISPOSITION:karaoke=0
DISPOSITION:forced=0
DISPOSITION:hearing_impaired=0
DISPOSITION:visual_impaired=0
DISPOSITION:clean_effects=0
DISPOSITION:attached_pic=0
DISPOSITION:timed_thumbnails=0
[/STREAM]
[FORMAT]
filename=rtmp://43.199.149.178/live/front_left
nb_streams=2
nb_programs=0
format_name=flv
format_long_name=FLV (Flash Video)
start_time=0.000000
duration=N/A
size=N/A
bit_rate=N/A
probe_score=100
TAG:title=/camera5/rtsp
TAG:comment=rtsp_image_transport
TAG:encoder=Lavf58.29.100
TAG:server=SRS/5.0.213(Bee)
TAG:server_version=5.0.213
[/FORMAT]
[AVIOContext @ 0x56310f73b640] Statistics: 673298 bytes read, 0 seeks
---------------------[ ffprobe Log End ]----------------------
SUMMARY: Status OK. Check passed because ffprobe successfully connected to the stream and retrieved its information (Exit Code: 0).


------------------[ Checking Stream: front_right ]------------------
URL: rtmp://43.199.149.178/live/front_right
--------------------[ ffprobe Log Start ]---------------------
ffprobe version 4.2.7-0ubuntu0.1 Copyright (c) 2007-2022 the FFmpeg developers
  built with gcc 9 (Ubuntu 9.4.0-1ubuntu1~20.04.1)
  configuration: --prefix=/usr --extra-version=0ubuntu0.1 --toolchain=hardened --libdir=/usr/lib/x86_64-linux-gnu --incdir=/usr/include/x86_64-linux-gnu --arch=amd64 --enable-gpl --disable-stripping --enable-avresample --disable-filter=resample --enable-avisynth --enable-gnutls --enable-ladspa --enable-libaom --enable-libass --enable-libbluray --enable-libbs2b --enable-libcaca --enable-libcdio --enable-libcodec2 --enable-libflite --enable-libfontconfig --enable-libfreetype --enable-libfribidi --enable-libgme --enable-libgsm --enable-libjack --enable-libmp3lame --enable-libmysofa --enable-libopenjpeg --enable-libopenmpt --enable-libopus --enable-libpulse --enable-librsvg --enable-librubberband --enable-libshine --enable-libsnappy --enable-libsoxr --enable-libspeex --enable-libssh --enable-libtheora --enable-libtwolame --enable-libvidstab --enable-libvorbis --enable-libvpx --enable-libwavpack --enable-libwebp --enable-libx265 --enable-libxml2 --enable-libxvid --enable-libzmq --enable-libzvbi --enable-lv2 --enable-omx --enable-openal --enable-opencl --enable-opengl --enable-sdl2 --enable-libdc1394 --enable-libdrm --enable-libiec61883 --enable-nvenc --enable-chromaprint --enable-frei0r --enable-libx264 --enable-shared
  libavutil      56. 31.100 / 56. 31.100
  libavcodec     58. 54.100 / 58. 54.100
  libavformat    58. 29.100 / 58. 29.100
  libavdevice    58.  8.100 / 58.  8.100
  libavfilter     7. 57.100 /  7. 57.100
  libavresample   4.  0.  0 /  4.  0.  0
  libswscale      5.  5.100 /  5.  5.100
  libswresample   3.  5.100 /  3.  5.100
  libpostproc    55.  5.100 / 55.  5.100
[tcp @ 0x55e22ac8ec00] Starting connection attempt to 43.199.149.178 port 1935
[tcp @ 0x55e22ac8ec00] Successfully connected to 43.199.149.178 port 1935
[h264 @ 0x55e22ac91a00] Reinit context to 1024x624, pix_fmt: yuv420p
[h264 @ 0x55e22ac91a00] error while decoding MB 39 21, bytestream -26
[h264 @ 0x55e22ac91a00] concealing 1162 DC, 1162 AC, 1162 MV errors in I frame
[flv @ 0x55e22ac8d980] max_analyze_duration 5000000 reached at 5000000 microseconds st:1
Input #0, flv, from 'rtmp://43.199.149.178/live/front_right':
  Metadata:
    title           : /camera3/rtsp
    comment         : rtsp_image_transport
    encoder         : Lavf58.29.100
    server          : SRS/5.0.213(Bee)
    server_version  : 5.0.213
  Duration: N/A, start: 0.000000, bitrate: N/A
    Stream #0:0: Data: none
    Stream #0:1: Video: h264 (Main), 1 reference frame, yuv420p(progressive, left), 1024x616 (1024x624) [SAR 1:1 DAR 128:77], 30 fps, 10 tbr, 1k tbn, 60 tbc
Unsupported codec with id 0 for input stream 0
[STREAM]
index=0
codec_name=unknown
codec_long_name=unknown
profile=unknown
codec_type=data
codec_tag_string=[0][0][0][0]
codec_tag=0x0000
id=N/A
r_frame_rate=0/0
avg_frame_rate=0/0
time_base=1/1000
start_pts=0
start_time=0.000000
duration_ts=N/A
duration=N/A
bit_rate=N/A
max_bit_rate=N/A
bits_per_raw_sample=N/A
nb_frames=N/A
nb_read_frames=N/A
nb_read_packets=N/A
DISPOSITION:default=0
DISPOSITION:dub=0
DISPOSITION:original=0
DISPOSITION:comment=0
DISPOSITION:lyrics=0
DISPOSITION:karaoke=0
DISPOSITION:forced=0
DISPOSITION:hearing_impaired=0
DISPOSITION:visual_impaired=0
DISPOSITION:clean_effects=0
DISPOSITION:attached_pic=0
DISPOSITION:timed_thumbnails=0
[/STREAM]
[STREAM]
index=1
codec_name=h264
codec_long_name=H.264 / AVC / MPEG-4 AVC / MPEG-4 part 10
profile=Main
codec_type=video
codec_time_base=1/60
codec_tag_string=[0][0][0][0]
codec_tag=0x0000
width=1024
height=616
coded_width=1024
coded_height=624
has_b_frames=0
sample_aspect_ratio=1:1
display_aspect_ratio=128:77
pix_fmt=yuv420p
level=31
color_range=unknown
color_space=unknown
color_transfer=unknown
color_primaries=unknown
chroma_location=left
field_order=progressive
timecode=N/A
refs=1
is_avc=true
nal_length_size=4
id=N/A
r_frame_rate=10/1
avg_frame_rate=30/1
time_base=1/1000
start_pts=10
start_time=0.010000
duration_ts=N/A
duration=N/A
bit_rate=N/A
max_bit_rate=N/A
bits_per_raw_sample=8
nb_frames=N/A
nb_read_frames=N/A
nb_read_packets=N/A
DISPOSITION:default=0
DISPOSITION:dub=0
DISPOSITION:original=0
DISPOSITION:comment=0
DISPOSITION:lyrics=0
DISPOSITION:karaoke=0
DISPOSITION:forced=0
DISPOSITION:hearing_impaired=0
DISPOSITION:visual_impaired=0
DISPOSITION:clean_effects=0
DISPOSITION:attached_pic=0
DISPOSITION:timed_thumbnails=0
[/STREAM]
[FORMAT]
filename=rtmp://43.199.149.178/live/front_right
nb_streams=2
nb_programs=0
format_name=flv
format_long_name=FLV (Flash Video)
start_time=0.000000
duration=N/A
size=N/A
bit_rate=N/A
probe_score=100
TAG:title=/camera3/rtsp
TAG:comment=rtsp_image_transport
TAG:encoder=Lavf58.29.100
TAG:server=SRS/5.0.213(Bee)
TAG:server_version=5.0.213
[/FORMAT]
[AVIOContext @ 0x55e22ac90640] Statistics: 587554 bytes read, 0 seeks
---------------------[ ffprobe Log End ]----------------------
SUMMARY: Status OK. Check passed because ffprobe successfully connected to the stream and retrieved its information (Exit Code: 0).

====================[ End of Check Cycle ]====================

==========================================================
                STREAM STATUS CHECK @ Friday, July 25, 2025 PM12:05:28 HKT
==========================================================

------------------[ Checking Stream: front_left ]------------------
URL: rtmp://43.199.149.178/live/front_left
--------------------[ ffprobe Log Start ]---------------------
ffprobe version 4.2.7-0ubuntu0.1 Copyright (c) 2007-2022 the FFmpeg developers
  built with gcc 9 (Ubuntu 9.4.0-1ubuntu1~20.04.1)
  configuration: --prefix=/usr --extra-version=0ubuntu0.1 --toolchain=hardened --libdir=/usr/lib/x86_64-linux-gnu --incdir=/usr/include/x86_64-linux-gnu --arch=amd64 --enable-gpl --disable-stripping --enable-avresample --disable-filter=resample --enable-avisynth --enable-gnutls --enable-ladspa --enable-libaom --enable-libass --enable-libbluray --enable-libbs2b --enable-libcaca --enable-libcdio --enable-libcodec2 --enable-libflite --enable-libfontconfig --enable-libfreetype --enable-libfribidi --enable-libgme --enable-libgsm --enable-libjack --enable-libmp3lame --enable-libmysofa --enable-libopenjpeg --enable-libopenmpt --enable-libopus --enable-libpulse --enable-librsvg --enable-librubberband --enable-libshine --enable-libsnappy --enable-libsoxr --enable-libspeex --enable-libssh --enable-libtheora --enable-libtwolame --enable-libvidstab --enable-libvorbis --enable-libvpx --enable-libwavpack --enable-libwebp --enable-libx265 --enable-libxml2 --enable-libxvid --enable-libzmq --enable-libzvbi --enable-lv2 --enable-omx --enable-openal --enable-opencl --enable-opengl --enable-sdl2 --enable-libdc1394 --enable-libdrm --enable-libiec61883 --enable-nvenc --enable-chromaprint --enable-frei0r --enable-libx264 --enable-shared
  libavutil      56. 31.100 / 56. 31.100
  libavcodec     58. 54.100 / 58. 54.100
  libavformat    58. 29.100 / 58. 29.100
  libavdevice    58.  8.100 / 58.  8.100
  libavfilter     7. 57.100 /  7. 57.100
  libavresample   4.  0.  0 /  4.  0.  0
  libswscale      5.  5.100 /  5.  5.100
  libswresample   3.  5.100 /  3.  5.100
  libpostproc    55.  5.100 / 55.  5.100
[tcp @ 0x55f7f11c7c00] Starting connection attempt to 43.199.149.178 port 1935
[tcp @ 0x55f7f11c7c00] Successfully connected to 43.199.149.178 port 1935
[h264 @ 0x55f7f11dc240] Reinit context to 1024x624, pix_fmt: yuv420p
[flv @ 0x55f7f11c6980] max_analyze_duration 5000000 reached at 5000000 microseconds st:1
Input #0, flv, from 'rtmp://43.199.149.178/live/front_left':
  Metadata:
    title           : /camera5/rtsp
    comment         : rtsp_image_transport
    encoder         : Lavf58.29.100
    server          : SRS/5.0.213(Bee)
    server_version  : 5.0.213
  Duration: N/A, start: 0.000000, bitrate: N/A
    Stream #0:0: Data: none
    Stream #0:1: Video: h264 (Main), 1 reference frame, yuv420p(progressive, left), 1024x616 (1024x624) [SAR 1:1 DAR 128:77], 30 fps, 10 tbr, 1k tbn, 60 tbc
Unsupported codec with id 0 for input stream 0
[STREAM]
index=0
codec_name=unknown
codec_long_name=unknown
profile=unknown
codec_type=data
codec_tag_string=[0][0][0][0]
codec_tag=0x0000
id=N/A
r_frame_rate=0/0
avg_frame_rate=0/0
time_base=1/1000
start_pts=0
start_time=0.000000
duration_ts=N/A
duration=N/A
bit_rate=N/A
max_bit_rate=N/A
bits_per_raw_sample=N/A
nb_frames=N/A
nb_read_frames=N/A
nb_read_packets=N/A
DISPOSITION:default=0
DISPOSITION:dub=0
DISPOSITION:original=0
DISPOSITION:comment=0
DISPOSITION:lyrics=0
DISPOSITION:karaoke=0
DISPOSITION:forced=0
DISPOSITION:hearing_impaired=0
DISPOSITION:visual_impaired=0
DISPOSITION:clean_effects=0
DISPOSITION:attached_pic=0
DISPOSITION:timed_thumbnails=0
[/STREAM]
[STREAM]
index=1
codec_name=h264
codec_long_name=H.264 / AVC / MPEG-4 AVC / MPEG-4 part 10
profile=Main
codec_type=video
codec_time_base=1/60
codec_tag_string=[0][0][0][0]
codec_tag=0x0000
width=1024
height=616
coded_width=1024
coded_height=624
has_b_frames=0
sample_aspect_ratio=1:1
display_aspect_ratio=128:77
pix_fmt=yuv420p
level=31
color_range=unknown
color_space=unknown
color_transfer=unknown
color_primaries=unknown
chroma_location=left
field_order=progressive
timecode=N/A
refs=1
is_avc=true
nal_length_size=4
id=N/A
r_frame_rate=10/1
avg_frame_rate=30/1
time_base=1/1000
start_pts=10
start_time=0.010000
duration_ts=N/A
duration=N/A
bit_rate=N/A
max_bit_rate=N/A
bits_per_raw_sample=8
nb_frames=N/A
nb_read_frames=N/A
nb_read_packets=N/A
DISPOSITION:default=0
DISPOSITION:dub=0
DISPOSITION:original=0
DISPOSITION:comment=0
DISPOSITION:lyrics=0
DISPOSITION:karaoke=0
DISPOSITION:forced=0
DISPOSITION:hearing_impaired=0
DISPOSITION:visual_impaired=0
DISPOSITION:clean_effects=0
DISPOSITION:attached_pic=0
DISPOSITION:timed_thumbnails=0
[/STREAM]
[FORMAT]
filename=rtmp://43.199.149.178/live/front_left
nb_streams=2
nb_programs=0
format_name=flv
format_long_name=FLV (Flash Video)
start_time=0.000000
duration=N/A
size=N/A
bit_rate=N/A
probe_score=100
TAG:title=/camera5/rtsp
TAG:comment=rtsp_image_transport
TAG:encoder=Lavf58.29.100
TAG:server=SRS/5.0.213(Bee)
TAG:server_version=5.0.213
[/FORMAT]
[AVIOContext @ 0x55f7f11c9640] Statistics: 678293 bytes read, 0 seeks
---------------------[ ffprobe Log End ]----------------------
SUMMARY: Status OK. Check passed because ffprobe successfully connected to the stream and retrieved its information (Exit Code: 0).


------------------[ Checking Stream: front_right ]------------------
URL: rtmp://43.199.149.178/live/front_right
--------------------[ ffprobe Log Start ]---------------------
ffprobe version 4.2.7-0ubuntu0.1 Copyright (c) 2007-2022 the FFmpeg developers
  built with gcc 9 (Ubuntu 9.4.0-1ubuntu1~20.04.1)
  configuration: --prefix=/usr --extra-version=0ubuntu0.1 --toolchain=hardened --libdir=/usr/lib/x86_64-linux-gnu --incdir=/usr/include/x86_64-linux-gnu --arch=amd64 --enable-gpl --disable-stripping --enable-avresample --disable-filter=resample --enable-avisynth --enable-gnutls --enable-ladspa --enable-libaom --enable-libass --enable-libbluray --enable-libbs2b --enable-libcaca --enable-libcdio --enable-libcodec2 --enable-libflite --enable-libfontconfig --enable-libfreetype --enable-libfribidi --enable-libgme --enable-libgsm --enable-libjack --enable-libmp3lame --enable-libmysofa --enable-libopenjpeg --enable-libopenmpt --enable-libopus --enable-libpulse --enable-librsvg --enable-librubberband --enable-libshine --enable-libsnappy --enable-libsoxr --enable-libspeex --enable-libssh --enable-libtheora --enable-libtwolame --enable-libvidstab --enable-libvorbis --enable-libvpx --enable-libwavpack --enable-libwebp --enable-libx265 --enable-libxml2 --enable-libxvid --enable-libzmq --enable-libzvbi --enable-lv2 --enable-omx --enable-openal --enable-opencl --enable-opengl --enable-sdl2 --enable-libdc1394 --enable-libdrm --enable-libiec61883 --enable-nvenc --enable-chromaprint --enable-frei0r --enable-libx264 --enable-shared
  libavutil      56. 31.100 / 56. 31.100
  libavcodec     58. 54.100 / 58. 54.100
  libavformat    58. 29.100 / 58. 29.100
  libavdevice    58.  8.100 / 58.  8.100
  libavfilter     7. 57.100 /  7. 57.100
  libavresample   4.  0.  0 /  4.  0.  0
  libswscale      5.  5.100 /  5.  5.100
  libswresample   3.  5.100 /  3.  5.100
  libpostproc    55.  5.100 / 55.  5.100
[tcp @ 0x564a57eaac00] Starting connection attempt to 43.199.149.178 port 1935
[tcp @ 0x564a57eaac00] Successfully connected to 43.199.149.178 port 1935
[h264 @ 0x564a57ebf240] Reinit context to 1024x624, pix_fmt: yuv420p
[flv @ 0x564a57ea9980] max_analyze_duration 5000000 reached at 5000000 microseconds st:1
Input #0, flv, from 'rtmp://43.199.149.178/live/front_right':
  Metadata:
    title           : /camera3/rtsp
    comment         : rtsp_image_transport
    encoder         : Lavf58.29.100
    server          : SRS/5.0.213(Bee)
    server_version  : 5.0.213
  Duration: N/A, start: 0.000000, bitrate: N/A
    Stream #0:0: Data: none
    Stream #0:1: Video: h264 (Main), 1 reference frame, yuv420p(progressive, left), 1024x616 (1024x624) [SAR 1:1 DAR 128:77], 30 fps, 10 tbr, 1k tbn, 60 tbc
Unsupported codec with id 0 for input stream 0
[STREAM]
index=0
codec_name=unknown
codec_long_name=unknown
profile=unknown
codec_type=data
codec_tag_string=[0][0][0][0]
codec_tag=0x0000
id=N/A
r_frame_rate=0/0
avg_frame_rate=0/0
time_base=1/1000
start_pts=0
start_time=0.000000
duration_ts=N/A
duration=N/A
bit_rate=N/A
max_bit_rate=N/A
bits_per_raw_sample=N/A
nb_frames=N/A
nb_read_frames=N/A
nb_read_packets=N/A
DISPOSITION:default=0
DISPOSITION:dub=0
DISPOSITION:original=0
DISPOSITION:comment=0
DISPOSITION:lyrics=0
DISPOSITION:karaoke=0
DISPOSITION:forced=0
DISPOSITION:hearing_impaired=0
DISPOSITION:visual_impaired=0
DISPOSITION:clean_effects=0
DISPOSITION:attached_pic=0
DISPOSITION:timed_thumbnails=0
[/STREAM]
[STREAM]
index=1
codec_name=h264
codec_long_name=H.264 / AVC / MPEG-4 AVC / MPEG-4 part 10
profile=Main
codec_type=video
codec_time_base=1/60
codec_tag_string=[0][0][0][0]
codec_tag=0x0000
width=1024
height=616
coded_width=1024
coded_height=624
has_b_frames=0
sample_aspect_ratio=1:1
display_aspect_ratio=128:77
pix_fmt=yuv420p
level=31
color_range=unknown
color_space=unknown
color_transfer=unknown
color_primaries=unknown
chroma_location=left
field_order=progressive
timecode=N/A
refs=1
is_avc=true
nal_length_size=4
id=N/A
r_frame_rate=10/1
avg_frame_rate=30/1
time_base=1/1000
start_pts=10
start_time=0.010000
duration_ts=N/A
duration=N/A
bit_rate=N/A
max_bit_rate=N/A
bits_per_raw_sample=8
nb_frames=N/A
nb_read_frames=N/A
nb_read_packets=N/A
DISPOSITION:default=0
DISPOSITION:dub=0
DISPOSITION:original=0
DISPOSITION:comment=0
DISPOSITION:lyrics=0
DISPOSITION:karaoke=0
DISPOSITION:forced=0
DISPOSITION:hearing_impaired=0
DISPOSITION:visual_impaired=0
DISPOSITION:clean_effects=0
DISPOSITION:attached_pic=0
DISPOSITION:timed_thumbnails=0
[/STREAM]
[FORMAT]
filename=rtmp://43.199.149.178/live/front_right
nb_streams=2
nb_programs=0
format_name=flv
format_long_name=FLV (Flash Video)
start_time=0.000000
duration=N/A
size=N/A
bit_rate=N/A
probe_score=100
TAG:title=/camera3/rtsp
TAG:comment=rtsp_image_transport
TAG:encoder=Lavf58.29.100
TAG:server=SRS/5.0.213(Bee)
TAG:server_version=5.0.213
[/FORMAT]
[AVIOContext @ 0x564a57eac640] Statistics: 676967 bytes read, 0 seeks
---------------------[ ffprobe Log End ]----------------------
SUMMARY: Status OK. Check passed because ffprobe successfully connected to the stream and retrieved its information (Exit Code: 0).

====================[ End of Check Cycle ]====================

==========================================================
                STREAM STATUS CHECK @ Friday, July 25, 2025 PM12:06:58 HKT
==========================================================

------------------[ Checking Stream: front_left ]------------------
URL: rtmp://43.199.149.178/live/front_left
--------------------[ ffprobe Log Start ]---------------------
ffprobe version 4.2.7-0ubuntu0.1 Copyright (c) 2007-2022 the FFmpeg developers
  built with gcc 9 (Ubuntu 9.4.0-1ubuntu1~20.04.1)
  configuration: --prefix=/usr --extra-version=0ubuntu0.1 --toolchain=hardened --libdir=/usr/lib/x86_64-linux-gnu --incdir=/usr/include/x86_64-linux-gnu --arch=amd64 --enable-gpl --disable-stripping --enable-avresample --disable-filter=resample --enable-avisynth --enable-gnutls --enable-ladspa --enable-libaom --enable-libass --enable-libbluray --enable-libbs2b --enable-libcaca --enable-libcdio --enable-libcodec2 --enable-libflite --enable-libfontconfig --enable-libfreetype --enable-libfribidi --enable-libgme --enable-libgsm --enable-libjack --enable-libmp3lame --enable-libmysofa --enable-libopenjpeg --enable-libopenmpt --enable-libopus --enable-libpulse --enable-librsvg --enable-librubberband --enable-libshine --enable-libsnappy --enable-libsoxr --enable-libspeex --enable-libssh --enable-libtheora --enable-libtwolame --enable-libvidstab --enable-libvorbis --enable-libvpx --enable-libwavpack --enable-libwebp --enable-libx265 --enable-libxml2 --enable-libxvid --enable-libzmq --enable-libzvbi --enable-lv2 --enable-omx --enable-openal --enable-opencl --enable-opengl --enable-sdl2 --enable-libdc1394 --enable-libdrm --enable-libiec61883 --enable-nvenc --enable-chromaprint --enable-frei0r --enable-libx264 --enable-shared
  libavutil      56. 31.100 / 56. 31.100
  libavcodec     58. 54.100 / 58. 54.100
  libavformat    58. 29.100 / 58. 29.100
  libavdevice    58.  8.100 / 58.  8.100
  libavfilter     7. 57.100 /  7. 57.100
  libavresample   4.  0.  0 /  4.  0.  0
  libswscale      5.  5.100 /  5.  5.100
  libswresample   3.  5.100 /  3.  5.100
  libpostproc    55.  5.100 / 55.  5.100
[tcp @ 0x559807fe2c00] Starting connection attempt to 43.199.149.178 port 1935
[tcp @ 0x559807fe2c00] Successfully connected to 43.199.149.178 port 1935
[h264 @ 0x559807ff7240] Reinit context to 1024x624, pix_fmt: yuv420p
[flv @ 0x559807fe1980] max_analyze_duration 5000000 reached at 5000000 microseconds st:1
Input #0, flv, from 'rtmp://43.199.149.178/live/front_left':
  Metadata:
    title           : /camera5/rtsp
    comment         : rtsp_image_transport
    encoder         : Lavf58.29.100
    server          : SRS/5.0.213(Bee)
    server_version  : 5.0.213
  Duration: N/A, start: 0.000000, bitrate: N/A
    Stream #0:0: Data: none
    Stream #0:1: Video: h264 (Main), 1 reference frame, yuv420p(progressive, left), 1024x616 (1024x624) [SAR 1:1 DAR 128:77], 30 fps, 10 tbr, 1k tbn, 60 tbc
Unsupported codec with id 0 for input stream 0
[STREAM]
index=0
codec_name=unknown
codec_long_name=unknown
profile=unknown
codec_type=data
codec_tag_string=[0][0][0][0]
codec_tag=0x0000
id=N/A
r_frame_rate=0/0
avg_frame_rate=0/0
time_base=1/1000
start_pts=0
start_time=0.000000
duration_ts=N/A
duration=N/A
bit_rate=N/A
max_bit_rate=N/A
bits_per_raw_sample=N/A
nb_frames=N/A
nb_read_frames=N/A
nb_read_packets=N/A
DISPOSITION:default=0
DISPOSITION:dub=0
DISPOSITION:original=0
DISPOSITION:comment=0
DISPOSITION:lyrics=0
DISPOSITION:karaoke=0
DISPOSITION:forced=0
DISPOSITION:hearing_impaired=0
DISPOSITION:visual_impaired=0
DISPOSITION:clean_effects=0
DISPOSITION:attached_pic=0
DISPOSITION:timed_thumbnails=0
[/STREAM]
[STREAM]
index=1
codec_name=h264
codec_long_name=H.264 / AVC / MPEG-4 AVC / MPEG-4 part 10
profile=Main
codec_type=video
codec_time_base=1/60
codec_tag_string=[0][0][0][0]
codec_tag=0x0000
width=1024
height=616
coded_width=1024
coded_height=624
has_b_frames=0
sample_aspect_ratio=1:1
display_aspect_ratio=128:77
pix_fmt=yuv420p
level=31
color_range=unknown
color_space=unknown
color_transfer=unknown
color_primaries=unknown
chroma_location=left
field_order=progressive
timecode=N/A
refs=1
is_avc=true
nal_length_size=4
id=N/A
r_frame_rate=10/1
avg_frame_rate=30/1
time_base=1/1000
start_pts=10
start_time=0.010000
duration_ts=N/A
duration=N/A
bit_rate=N/A
max_bit_rate=N/A
bits_per_raw_sample=8
nb_frames=N/A
nb_read_frames=N/A
nb_read_packets=N/A
DISPOSITION:default=0
DISPOSITION:dub=0
DISPOSITION:original=0
DISPOSITION:comment=0
DISPOSITION:lyrics=0
DISPOSITION:karaoke=0
DISPOSITION:forced=0
DISPOSITION:hearing_impaired=0
DISPOSITION:visual_impaired=0
DISPOSITION:clean_effects=0
DISPOSITION:attached_pic=0
DISPOSITION:timed_thumbnails=0
[/STREAM]
[FORMAT]
filename=rtmp://43.199.149.178/live/front_left
nb_streams=2
nb_programs=0
format_name=flv
format_long_name=FLV (Flash Video)
start_time=0.000000
duration=N/A
size=N/A
bit_rate=N/A
probe_score=100
TAG:title=/camera5/rtsp
TAG:comment=rtsp_image_transport
TAG:encoder=Lavf58.29.100
TAG:server=SRS/5.0.213(Bee)
TAG:server_version=5.0.213
[/FORMAT]
[AVIOContext @ 0x559807fe4640] Statistics: 655598 bytes read, 0 seeks
---------------------[ ffprobe Log End ]----------------------
SUMMARY: Status OK. Check passed because ffprobe successfully connected to the stream and retrieved its information (Exit Code: 0).


------------------[ Checking Stream: front_right ]------------------
URL: rtmp://43.199.149.178/live/front_right
--------------------[ ffprobe Log Start ]---------------------
ffprobe version 4.2.7-0ubuntu0.1 Copyright (c) 2007-2022 the FFmpeg developers
  built with gcc 9 (Ubuntu 9.4.0-1ubuntu1~20.04.1)
  configuration: --prefix=/usr --extra-version=0ubuntu0.1 --toolchain=hardened --libdir=/usr/lib/x86_64-linux-gnu --incdir=/usr/include/x86_64-linux-gnu --arch=amd64 --enable-gpl --disable-stripping --enable-avresample --disable-filter=resample --enable-avisynth --enable-gnutls --enable-ladspa --enable-libaom --enable-libass --enable-libbluray --enable-libbs2b --enable-libcaca --enable-libcdio --enable-libcodec2 --enable-libflite --enable-libfontconfig --enable-libfreetype --enable-libfribidi --enable-libgme --enable-libgsm --enable-libjack --enable-libmp3lame --enable-libmysofa --enable-libopenjpeg --enable-libopenmpt --enable-libopus --enable-libpulse --enable-librsvg --enable-librubberband --enable-libshine --enable-libsnappy --enable-libsoxr --enable-libspeex --enable-libssh --enable-libtheora --enable-libtwolame --enable-libvidstab --enable-libvorbis --enable-libvpx --enable-libwavpack --enable-libwebp --enable-libx265 --enable-libxml2 --enable-libxvid --enable-libzmq --enable-libzvbi --enable-lv2 --enable-omx --enable-openal --enable-opencl --enable-opengl --enable-sdl2 --enable-libdc1394 --enable-libdrm --enable-libiec61883 --enable-nvenc --enable-chromaprint --enable-frei0r --enable-libx264 --enable-shared
  libavutil      56. 31.100 / 56. 31.100
  libavcodec     58. 54.100 / 58. 54.100
  libavformat    58. 29.100 / 58. 29.100
  libavdevice    58.  8.100 / 58.  8.100
  libavfilter     7. 57.100 /  7. 57.100
  libavresample   4.  0.  0 /  4.  0.  0
  libswscale      5.  5.100 /  5.  5.100
  libswresample   3.  5.100 /  3.  5.100
  libpostproc    55.  5.100 / 55.  5.100
[tcp @ 0x55a18d610c00] Starting connection attempt to 43.199.149.178 port 1935
[tcp @ 0x55a18d610c00] Successfully connected to 43.199.149.178 port 1935
[h264 @ 0x55a18d625240] Reinit context to 1024x624, pix_fmt: yuv420p
[flv @ 0x55a18d60f980] max_analyze_duration 5000000 reached at 5000000 microseconds st:1
Input #0, flv, from 'rtmp://43.199.149.178/live/front_right':
  Metadata:
    title           : /camera3/rtsp
    comment         : rtsp_image_transport
    encoder         : Lavf58.29.100
    server          : SRS/5.0.213(Bee)
    server_version  : 5.0.213
  Duration: N/A, start: 0.000000, bitrate: N/A
    Stream #0:0: Data: none
    Stream #0:1: Video: h264 (Main), 1 reference frame, yuv420p(progressive, left), 1024x616 (1024x624) [SAR 1:1 DAR 128:77], 30 fps, 10 tbr, 1k tbn, 60 tbc
Unsupported codec with id 0 for input stream 0
[STREAM]
index=0
codec_name=unknown
codec_long_name=unknown
profile=unknown
codec_type=data
codec_tag_string=[0][0][0][0]
codec_tag=0x0000
id=N/A
r_frame_rate=0/0
avg_frame_rate=0/0
time_base=1/1000
start_pts=0
start_time=0.000000
duration_ts=N/A
duration=N/A
bit_rate=N/A
max_bit_rate=N/A
bits_per_raw_sample=N/A
nb_frames=N/A
nb_read_frames=N/A
nb_read_packets=N/A
DISPOSITION:default=0
DISPOSITION:dub=0
DISPOSITION:original=0
DISPOSITION:comment=0
DISPOSITION:lyrics=0
DISPOSITION:karaoke=0
DISPOSITION:forced=0
DISPOSITION:hearing_impaired=0
DISPOSITION:visual_impaired=0
DISPOSITION:clean_effects=0
DISPOSITION:attached_pic=0
DISPOSITION:timed_thumbnails=0
[/STREAM]
[STREAM]
index=1
codec_name=h264
codec_long_name=H.264 / AVC / MPEG-4 AVC / MPEG-4 part 10
profile=Main
codec_type=video
codec_time_base=1/60
codec_tag_string=[0][0][0][0]
codec_tag=0x0000
width=1024
height=616
coded_width=1024
coded_height=624
has_b_frames=0
sample_aspect_ratio=1:1
display_aspect_ratio=128:77
pix_fmt=yuv420p
level=31
color_range=unknown
color_space=unknown
color_transfer=unknown
color_primaries=unknown
chroma_location=left
field_order=progressive
timecode=N/A
refs=1
is_avc=true
nal_length_size=4
id=N/A
r_frame_rate=10/1
avg_frame_rate=30/1
time_base=1/1000
start_pts=10
start_time=0.010000
duration_ts=N/A
duration=N/A
bit_rate=N/A
max_bit_rate=N/A
bits_per_raw_sample=8
nb_frames=N/A
nb_read_frames=N/A
nb_read_packets=N/A
DISPOSITION:default=0
DISPOSITION:dub=0
DISPOSITION:original=0
DISPOSITION:comment=0
DISPOSITION:lyrics=0
DISPOSITION:karaoke=0
DISPOSITION:forced=0
DISPOSITION:hearing_impaired=0
DISPOSITION:visual_impaired=0
DISPOSITION:clean_effects=0
DISPOSITION:attached_pic=0
DISPOSITION:timed_thumbnails=0
[/STREAM]
[FORMAT]
filename=rtmp://43.199.149.178/live/front_right
nb_streams=2
nb_programs=0
format_name=flv
format_long_name=FLV (Flash Video)
start_time=0.000000
duration=N/A
size=N/A
bit_rate=N/A
probe_score=100
TAG:title=/camera3/rtsp
TAG:comment=rtsp_image_transport
TAG:encoder=Lavf58.29.100
TAG:server=SRS/5.0.213(Bee)
TAG:server_version=5.0.213
[/FORMAT]
[AVIOContext @ 0x55a18d612640] Statistics: 661589 bytes read, 0 seeks
---------------------[ ffprobe Log End ]----------------------
SUMMARY: Status OK. Check passed because ffprobe successfully connected to the stream and retrieved its information (Exit Code: 0).

====================[ End of Check Cycle ]====================

==========================================================
                STREAM STATUS CHECK @ Friday, July 25, 2025 PM12:31:26 HKT
==========================================================

------------------[ Checking Stream: front_left ]------------------
URL: rtmp://43.199.149.178/live/front_left
--------------------[ ffprobe Log Start ]---------------------
ffprobe version 4.2.7-0ubuntu0.1 Copyright (c) 2007-2022 the FFmpeg developers
  built with gcc 9 (Ubuntu 9.4.0-1ubuntu1~20.04.1)
  configuration: --prefix=/usr --extra-version=0ubuntu0.1 --toolchain=hardened --libdir=/usr/lib/x86_64-linux-gnu --incdir=/usr/include/x86_64-linux-gnu --arch=amd64 --enable-gpl --disable-stripping --enable-avresample --disable-filter=resample --enable-avisynth --enable-gnutls --enable-ladspa --enable-libaom --enable-libass --enable-libbluray --enable-libbs2b --enable-libcaca --enable-libcdio --enable-libcodec2 --enable-libflite --enable-libfontconfig --enable-libfreetype --enable-libfribidi --enable-libgme --enable-libgsm --enable-libjack --enable-libmp3lame --enable-libmysofa --enable-libopenjpeg --enable-libopenmpt --enable-libopus --enable-libpulse --enable-librsvg --enable-librubberband --enable-libshine --enable-libsnappy --enable-libsoxr --enable-libspeex --enable-libssh --enable-libtheora --enable-libtwolame --enable-libvidstab --enable-libvorbis --enable-libvpx --enable-libwavpack --enable-libwebp --enable-libx265 --enable-libxml2 --enable-libxvid --enable-libzmq --enable-libzvbi --enable-lv2 --enable-omx --enable-openal --enable-opencl --enable-opengl --enable-sdl2 --enable-libdc1394 --enable-libdrm --enable-libiec61883 --enable-nvenc --enable-chromaprint --enable-frei0r --enable-libx264 --enable-shared
  libavutil      56. 31.100 / 56. 31.100
  libavcodec     58. 54.100 / 58. 54.100
  libavformat    58. 29.100 / 58. 29.100
  libavdevice    58.  8.100 / 58.  8.100
  libavfilter     7. 57.100 /  7. 57.100
  libavresample   4.  0.  0 /  4.  0.  0
  libswscale      5.  5.100 /  5.  5.100
  libswresample   3.  5.100 /  3.  5.100
  libpostproc    55.  5.100 / 55.  5.100
[tcp @ 0x5577e9320c00] Starting connection attempt to 43.199.149.178 port 1935
[tcp @ 0x5577e9320c00] Successfully connected to 43.199.149.178 port 1935
[h264 @ 0x5577e9335240] Reinit context to 1024x624, pix_fmt: yuv420p
[flv @ 0x5577e931f980] max_analyze_duration 5000000 reached at 5000000 microseconds st:1
Input #0, flv, from 'rtmp://43.199.149.178/live/front_left':
  Metadata:
    title           : /camera5/rtsp
    comment         : rtsp_image_transport
    encoder         : Lavf58.29.100
    server          : SRS/5.0.213(Bee)
    server_version  : 5.0.213
  Duration: N/A, start: 0.000000, bitrate: N/A
    Stream #0:0: Data: none
    Stream #0:1: Video: h264 (Main), 1 reference frame, yuv420p(progressive, left), 1024x616 (1024x624) [SAR 1:1 DAR 128:77], 30 fps, 10 tbr, 1k tbn, 60 tbc
Unsupported codec with id 0 for input stream 0
[STREAM]
index=0
codec_name=unknown
codec_long_name=unknown
profile=unknown
codec_type=data
codec_tag_string=[0][0][0][0]
codec_tag=0x0000
id=N/A
r_frame_rate=0/0
avg_frame_rate=0/0
time_base=1/1000
start_pts=0
start_time=0.000000
duration_ts=N/A
duration=N/A
bit_rate=N/A
max_bit_rate=N/A
bits_per_raw_sample=N/A
nb_frames=N/A
nb_read_frames=N/A
nb_read_packets=N/A
DISPOSITION:default=0
DISPOSITION:dub=0
DISPOSITION:original=0
DISPOSITION:comment=0
DISPOSITION:lyrics=0
DISPOSITION:karaoke=0
DISPOSITION:forced=0
DISPOSITION:hearing_impaired=0
DISPOSITION:visual_impaired=0
DISPOSITION:clean_effects=0
DISPOSITION:attached_pic=0
DISPOSITION:timed_thumbnails=0
[/STREAM]
[STREAM]
index=1
codec_name=h264
codec_long_name=H.264 / AVC / MPEG-4 AVC / MPEG-4 part 10
profile=Main
codec_type=video
codec_time_base=1/60
codec_tag_string=[0][0][0][0]
codec_tag=0x0000
width=1024
height=616
coded_width=1024
coded_height=624
has_b_frames=0
sample_aspect_ratio=1:1
display_aspect_ratio=128:77
pix_fmt=yuv420p
level=31
color_range=unknown
color_space=unknown
color_transfer=unknown
color_primaries=unknown
chroma_location=left
field_order=progressive
timecode=N/A
refs=1
is_avc=true
nal_length_size=4
id=N/A
r_frame_rate=10/1
avg_frame_rate=30/1
time_base=1/1000
start_pts=10
start_time=0.010000
duration_ts=N/A
duration=N/A
bit_rate=N/A
max_bit_rate=N/A
bits_per_raw_sample=8
nb_frames=N/A
nb_read_frames=N/A
nb_read_packets=N/A
DISPOSITION:default=0
DISPOSITION:dub=0
DISPOSITION:original=0
DISPOSITION:comment=0
DISPOSITION:lyrics=0
DISPOSITION:karaoke=0
DISPOSITION:forced=0
DISPOSITION:hearing_impaired=0
DISPOSITION:visual_impaired=0
DISPOSITION:clean_effects=0
DISPOSITION:attached_pic=0
DISPOSITION:timed_thumbnails=0
[/STREAM]
[FORMAT]
filename=rtmp://43.199.149.178/live/front_left
nb_streams=2
nb_programs=0
format_name=flv
format_long_name=FLV (Flash Video)
start_time=0.000000
duration=N/A
size=N/A
bit_rate=N/A
probe_score=100
TAG:title=/camera5/rtsp
TAG:comment=rtsp_image_transport
TAG:encoder=Lavf58.29.100
TAG:server=SRS/5.0.213(Bee)
TAG:server_version=5.0.213
[/FORMAT]
[AVIOContext @ 0x5577e9322640] Statistics: 690192 bytes read, 0 seeks
---------------------[ ffprobe Log End ]----------------------
SUMMARY: Status OK. Check passed because ffprobe successfully connected to the stream and retrieved its information (Exit Code: 0).


------------------[ Checking Stream: front_right ]------------------
URL: rtmp://43.199.149.178/live/front_right
--------------------[ ffprobe Log Start ]---------------------
ffprobe version 4.2.7-0ubuntu0.1 Copyright (c) 2007-2022 the FFmpeg developers
  built with gcc 9 (Ubuntu 9.4.0-1ubuntu1~20.04.1)
  configuration: --prefix=/usr --extra-version=0ubuntu0.1 --toolchain=hardened --libdir=/usr/lib/x86_64-linux-gnu --incdir=/usr/include/x86_64-linux-gnu --arch=amd64 --enable-gpl --disable-stripping --enable-avresample --disable-filter=resample --enable-avisynth --enable-gnutls --enable-ladspa --enable-libaom --enable-libass --enable-libbluray --enable-libbs2b --enable-libcaca --enable-libcdio --enable-libcodec2 --enable-libflite --enable-libfontconfig --enable-libfreetype --enable-libfribidi --enable-libgme --enable-libgsm --enable-libjack --enable-libmp3lame --enable-libmysofa --enable-libopenjpeg --enable-libopenmpt --enable-libopus --enable-libpulse --enable-librsvg --enable-librubberband --enable-libshine --enable-libsnappy --enable-libsoxr --enable-libspeex --enable-libssh --enable-libtheora --enable-libtwolame --enable-libvidstab --enable-libvorbis --enable-libvpx --enable-libwavpack --enable-libwebp --enable-libx265 --enable-libxml2 --enable-libxvid --enable-libzmq --enable-libzvbi --enable-lv2 --enable-omx --enable-openal --enable-opencl --enable-opengl --enable-sdl2 --enable-libdc1394 --enable-libdrm --enable-libiec61883 --enable-nvenc --enable-chromaprint --enable-frei0r --enable-libx264 --enable-shared
  libavutil      56. 31.100 / 56. 31.100
  libavcodec     58. 54.100 / 58. 54.100
  libavformat    58. 29.100 / 58. 29.100
  libavdevice    58.  8.100 / 58.  8.100
  libavfilter     7. 57.100 /  7. 57.100
  libavresample   4.  0.  0 /  4.  0.  0
  libswscale      5.  5.100 /  5.  5.100
  libswresample   3.  5.100 /  3.  5.100
  libpostproc    55.  5.100 / 55.  5.100
[tcp @ 0x556b87cb6c00] Starting connection attempt to 43.199.149.178 port 1935
[tcp @ 0x556b87cb6c00] Successfully connected to 43.199.149.178 port 1935
[h264 @ 0x556b87cb9a00] Reinit context to 1024x624, pix_fmt: yuv420p
[h264 @ 0x556b87cb9a00] error while decoding MB 30 25, bytestream -40
[h264 @ 0x556b87cb9a00] concealing 915 DC, 915 AC, 915 MV errors in I frame
[flv @ 0x556b87cb5980] max_analyze_duration 5000000 reached at 5000000 microseconds st:1
Input #0, flv, from 'rtmp://43.199.149.178/live/front_right':
  Metadata:
    title           : /camera3/rtsp
    comment         : rtsp_image_transport
    encoder         : Lavf58.29.100
    server          : SRS/5.0.213(Bee)
    server_version  : 5.0.213
  Duration: N/A, start: 0.000000, bitrate: N/A
    Stream #0:0: Data: none
    Stream #0:1: Video: h264 (Main), 1 reference frame, yuv420p(progressive, left), 1024x616 (1024x624) [SAR 1:1 DAR 128:77], 30 fps, 10 tbr, 1k tbn, 60 tbc
Unsupported codec with id 0 for input stream 0
[STREAM]
index=0
codec_name=unknown
codec_long_name=unknown
profile=unknown
codec_type=data
codec_tag_string=[0][0][0][0]
codec_tag=0x0000
id=N/A
r_frame_rate=0/0
avg_frame_rate=0/0
time_base=1/1000
start_pts=0
start_time=0.000000
duration_ts=N/A
duration=N/A
bit_rate=N/A
max_bit_rate=N/A
bits_per_raw_sample=N/A
nb_frames=N/A
nb_read_frames=N/A
nb_read_packets=N/A
DISPOSITION:default=0
DISPOSITION:dub=0
DISPOSITION:original=0
DISPOSITION:comment=0
DISPOSITION:lyrics=0
DISPOSITION:karaoke=0
DISPOSITION:forced=0
DISPOSITION:hearing_impaired=0
DISPOSITION:visual_impaired=0
DISPOSITION:clean_effects=0
DISPOSITION:attached_pic=0
DISPOSITION:timed_thumbnails=0
[/STREAM]
[STREAM]
index=1
codec_name=h264
codec_long_name=H.264 / AVC / MPEG-4 AVC / MPEG-4 part 10
profile=Main
codec_type=video
codec_time_base=1/60
codec_tag_string=[0][0][0][0]
codec_tag=0x0000
width=1024
height=616
coded_width=1024
coded_height=624
has_b_frames=0
sample_aspect_ratio=1:1
display_aspect_ratio=128:77
pix_fmt=yuv420p
level=31
color_range=unknown
color_space=unknown
color_transfer=unknown
color_primaries=unknown
chroma_location=left
field_order=progressive
timecode=N/A
refs=1
is_avc=true
nal_length_size=4
id=N/A
r_frame_rate=10/1
avg_frame_rate=30/1
time_base=1/1000
start_pts=10
start_time=0.010000
duration_ts=N/A
duration=N/A
bit_rate=N/A
max_bit_rate=N/A
bits_per_raw_sample=8
nb_frames=N/A
nb_read_frames=N/A
nb_read_packets=N/A
DISPOSITION:default=0
DISPOSITION:dub=0
DISPOSITION:original=0
DISPOSITION:comment=0
DISPOSITION:lyrics=0
DISPOSITION:karaoke=0
DISPOSITION:forced=0
DISPOSITION:hearing_impaired=0
DISPOSITION:visual_impaired=0
DISPOSITION:clean_effects=0
DISPOSITION:attached_pic=0
DISPOSITION:timed_thumbnails=0
[/STREAM]
[FORMAT]
filename=rtmp://43.199.149.178/live/front_right
nb_streams=2
nb_programs=0
format_name=flv
format_long_name=FLV (Flash Video)
start_time=0.000000
duration=N/A
size=N/A
bit_rate=N/A
probe_score=100
TAG:title=/camera3/rtsp
TAG:comment=rtsp_image_transport
TAG:encoder=Lavf58.29.100
TAG:server=SRS/5.0.213(Bee)
TAG:server_version=5.0.213
[/FORMAT]
[AVIOContext @ 0x556b87cb8640] Statistics: 657195 bytes read, 0 seeks
---------------------[ ffprobe Log End ]----------------------
SUMMARY: Status OK. Check passed because ffprobe successfully connected to the stream and retrieved its information (Exit Code: 0).

====================[ End of Check Cycle ]====================

==========================================================
                STREAM STATUS CHECK @ Friday, July 25, 2025 PM12:32:54 HKT
==========================================================

------------------[ Checking Stream: front_left ]------------------
URL: rtmp://43.199.149.178/live/front_left
--------------------[ ffprobe Log Start ]---------------------
ffprobe version 4.2.7-0ubuntu0.1 Copyright (c) 2007-2022 the FFmpeg developers
  built with gcc 9 (Ubuntu 9.4.0-1ubuntu1~20.04.1)
  configuration: --prefix=/usr --extra-version=0ubuntu0.1 --toolchain=hardened --libdir=/usr/lib/x86_64-linux-gnu --incdir=/usr/include/x86_64-linux-gnu --arch=amd64 --enable-gpl --disable-stripping --enable-avresample --disable-filter=resample --enable-avisynth --enable-gnutls --enable-ladspa --enable-libaom --enable-libass --enable-libbluray --enable-libbs2b --enable-libcaca --enable-libcdio --enable-libcodec2 --enable-libflite --enable-libfontconfig --enable-libfreetype --enable-libfribidi --enable-libgme --enable-libgsm --enable-libjack --enable-libmp3lame --enable-libmysofa --enable-libopenjpeg --enable-libopenmpt --enable-libopus --enable-libpulse --enable-librsvg --enable-librubberband --enable-libshine --enable-libsnappy --enable-libsoxr --enable-libspeex --enable-libssh --enable-libtheora --enable-libtwolame --enable-libvidstab --enable-libvorbis --enable-libvpx --enable-libwavpack --enable-libwebp --enable-libx265 --enable-libxml2 --enable-libxvid --enable-libzmq --enable-libzvbi --enable-lv2 --enable-omx --enable-openal --enable-opencl --enable-opengl --enable-sdl2 --enable-libdc1394 --enable-libdrm --enable-libiec61883 --enable-nvenc --enable-chromaprint --enable-frei0r --enable-libx264 --enable-shared
  libavutil      56. 31.100 / 56. 31.100
  libavcodec     58. 54.100 / 58. 54.100
  libavformat    58. 29.100 / 58. 29.100
  libavdevice    58.  8.100 / 58.  8.100
  libavfilter     7. 57.100 /  7. 57.100
  libavresample   4.  0.  0 /  4.  0.  0
  libswscale      5.  5.100 /  5.  5.100
  libswresample   3.  5.100 /  3.  5.100
  libpostproc    55.  5.100 / 55.  5.100
[tcp @ 0x555952d7bc00] Starting connection attempt to 43.199.149.178 port 1935
[tcp @ 0x555952d7bc00] Successfully connected to 43.199.149.178 port 1935
[h264 @ 0x555952d90240] Reinit context to 1024x624, pix_fmt: yuv420p
[flv @ 0x555952d7a980] max_analyze_duration 5000000 reached at 5000000 microseconds st:1
Input #0, flv, from 'rtmp://43.199.149.178/live/front_left':
  Metadata:
    title           : /camera5/rtsp
    comment         : rtsp_image_transport
    encoder         : Lavf58.29.100
    server          : SRS/5.0.213(Bee)
    server_version  : 5.0.213
  Duration: N/A, start: 0.000000, bitrate: N/A
    Stream #0:0: Data: none
    Stream #0:1: Video: h264 (Main), 1 reference frame, yuv420p(progressive, left), 1024x616 (1024x624) [SAR 1:1 DAR 128:77], 30 fps, 10 tbr, 1k tbn, 60 tbc
Unsupported codec with id 0 for input stream 0
[STREAM]
index=0
codec_name=unknown
codec_long_name=unknown
profile=unknown
codec_type=data
codec_tag_string=[0][0][0][0]
codec_tag=0x0000
id=N/A
r_frame_rate=0/0
avg_frame_rate=0/0
time_base=1/1000
start_pts=0
start_time=0.000000
duration_ts=N/A
duration=N/A
bit_rate=N/A
max_bit_rate=N/A
bits_per_raw_sample=N/A
nb_frames=N/A
nb_read_frames=N/A
nb_read_packets=N/A
DISPOSITION:default=0
DISPOSITION:dub=0
DISPOSITION:original=0
DISPOSITION:comment=0
DISPOSITION:lyrics=0
DISPOSITION:karaoke=0
DISPOSITION:forced=0
DISPOSITION:hearing_impaired=0
DISPOSITION:visual_impaired=0
DISPOSITION:clean_effects=0
DISPOSITION:attached_pic=0
DISPOSITION:timed_thumbnails=0
[/STREAM]
[STREAM]
index=1
codec_name=h264
codec_long_name=H.264 / AVC / MPEG-4 AVC / MPEG-4 part 10
profile=Main
codec_type=video
codec_time_base=1/60
codec_tag_string=[0][0][0][0]
codec_tag=0x0000
width=1024
height=616
coded_width=1024
coded_height=624
has_b_frames=0
sample_aspect_ratio=1:1
display_aspect_ratio=128:77
pix_fmt=yuv420p
level=31
color_range=unknown
color_space=unknown
color_transfer=unknown
color_primaries=unknown
chroma_location=left
field_order=progressive
timecode=N/A
refs=1
is_avc=true
nal_length_size=4
id=N/A
r_frame_rate=10/1
avg_frame_rate=30/1
time_base=1/1000
start_pts=10
start_time=0.010000
duration_ts=N/A
duration=N/A
bit_rate=N/A
max_bit_rate=N/A
bits_per_raw_sample=8
nb_frames=N/A
nb_read_frames=N/A
nb_read_packets=N/A
DISPOSITION:default=0
DISPOSITION:dub=0
DISPOSITION:original=0
DISPOSITION:comment=0
DISPOSITION:lyrics=0
DISPOSITION:karaoke=0
DISPOSITION:forced=0
DISPOSITION:hearing_impaired=0
DISPOSITION:visual_impaired=0
DISPOSITION:clean_effects=0
DISPOSITION:attached_pic=0
DISPOSITION:timed_thumbnails=0
[/STREAM]
[FORMAT]
filename=rtmp://43.199.149.178/live/front_left
nb_streams=2
nb_programs=0
format_name=flv
format_long_name=FLV (Flash Video)
start_time=0.000000
duration=N/A
size=N/A
bit_rate=N/A
probe_score=100
TAG:title=/camera5/rtsp
TAG:comment=rtsp_image_transport
TAG:encoder=Lavf58.29.100
TAG:server=SRS/5.0.213(Bee)
TAG:server_version=5.0.213
[/FORMAT]
[AVIOContext @ 0x555952d7d640] Statistics: 646905 bytes read, 0 seeks
---------------------[ ffprobe Log End ]----------------------
SUMMARY: Status OK. Check passed because ffprobe successfully connected to the stream and retrieved its information (Exit Code: 0).


------------------[ Checking Stream: front_right ]------------------
URL: rtmp://43.199.149.178/live/front_right
--------------------[ ffprobe Log Start ]---------------------
ffprobe version 4.2.7-0ubuntu0.1 Copyright (c) 2007-2022 the FFmpeg developers
  built with gcc 9 (Ubuntu 9.4.0-1ubuntu1~20.04.1)
  configuration: --prefix=/usr --extra-version=0ubuntu0.1 --toolchain=hardened --libdir=/usr/lib/x86_64-linux-gnu --incdir=/usr/include/x86_64-linux-gnu --arch=amd64 --enable-gpl --disable-stripping --enable-avresample --disable-filter=resample --enable-avisynth --enable-gnutls --enable-ladspa --enable-libaom --enable-libass --enable-libbluray --enable-libbs2b --enable-libcaca --enable-libcdio --enable-libcodec2 --enable-libflite --enable-libfontconfig --enable-libfreetype --enable-libfribidi --enable-libgme --enable-libgsm --enable-libjack --enable-libmp3lame --enable-libmysofa --enable-libopenjpeg --enable-libopenmpt --enable-libopus --enable-libpulse --enable-librsvg --enable-librubberband --enable-libshine --enable-libsnappy --enable-libsoxr --enable-libspeex --enable-libssh --enable-libtheora --enable-libtwolame --enable-libvidstab --enable-libvorbis --enable-libvpx --enable-libwavpack --enable-libwebp --enable-libx265 --enable-libxml2 --enable-libxvid --enable-libzmq --enable-libzvbi --enable-lv2 --enable-omx --enable-openal --enable-opencl --enable-opengl --enable-sdl2 --enable-libdc1394 --enable-libdrm --enable-libiec61883 --enable-nvenc --enable-chromaprint --enable-frei0r --enable-libx264 --enable-shared
  libavutil      56. 31.100 / 56. 31.100
  libavcodec     58. 54.100 / 58. 54.100
  libavformat    58. 29.100 / 58. 29.100
  libavdevice    58.  8.100 / 58.  8.100
  libavfilter     7. 57.100 /  7. 57.100
  libavresample   4.  0.  0 /  4.  0.  0
  libswscale      5.  5.100 /  5.  5.100
  libswresample   3.  5.100 /  3.  5.100
  libpostproc    55.  5.100 / 55.  5.100
[tcp @ 0x55e982bb9c00] Starting connection attempt to 43.199.149.178 port 1935
[tcp @ 0x55e982bb9c00] Successfully connected to 43.199.149.178 port 1935
[h264 @ 0x55e982bbdfc0] Reinit context to 1024x624, pix_fmt: yuv420p
[flv @ 0x55e982bb8980] max_analyze_duration 5000000 reached at 5000000 microseconds st:1
Input #0, flv, from 'rtmp://43.199.149.178/live/front_right':
  Metadata:
    title           : /camera3/rtsp
    comment         : rtsp_image_transport
    encoder         : Lavf58.29.100
    server          : SRS/5.0.213(Bee)
    server_version  : 5.0.213
  Duration: N/A, start: 0.000000, bitrate: N/A
    Stream #0:0: Data: none
    Stream #0:1: Video: h264 (Main), 1 reference frame, yuv420p(progressive, left), 1024x616 (1024x624) [SAR 1:1 DAR 128:77], 30 fps, 10 tbr, 1k tbn, 60 tbc
Unsupported codec with id 0 for input stream 0
[STREAM]
index=0
codec_name=unknown
codec_long_name=unknown
profile=unknown
codec_type=data
codec_tag_string=[0][0][0][0]
codec_tag=0x0000
id=N/A
r_frame_rate=0/0
avg_frame_rate=0/0
time_base=1/1000
start_pts=0
start_time=0.000000
duration_ts=N/A
duration=N/A
bit_rate=N/A
max_bit_rate=N/A
bits_per_raw_sample=N/A
nb_frames=N/A
nb_read_frames=N/A
nb_read_packets=N/A
DISPOSITION:default=0
DISPOSITION:dub=0
DISPOSITION:original=0
DISPOSITION:comment=0
DISPOSITION:lyrics=0
DISPOSITION:karaoke=0
DISPOSITION:forced=0
DISPOSITION:hearing_impaired=0
DISPOSITION:visual_impaired=0
DISPOSITION:clean_effects=0
DISPOSITION:attached_pic=0
DISPOSITION:timed_thumbnails=0
[/STREAM]
[STREAM]
index=1
codec_name=h264
codec_long_name=H.264 / AVC / MPEG-4 AVC / MPEG-4 part 10
profile=Main
codec_type=video
codec_time_base=1/60
codec_tag_string=[0][0][0][0]
codec_tag=0x0000
width=1024
height=616
coded_width=1024
coded_height=624
has_b_frames=0
sample_aspect_ratio=1:1
display_aspect_ratio=128:77
pix_fmt=yuv420p
level=31
color_range=unknown
color_space=unknown
color_transfer=unknown
color_primaries=unknown
chroma_location=left
field_order=progressive
timecode=N/A
refs=1
is_avc=true
nal_length_size=4
id=N/A
r_frame_rate=10/1
avg_frame_rate=30/1
time_base=1/1000
start_pts=10
start_time=0.010000
duration_ts=N/A
duration=N/A
bit_rate=N/A
max_bit_rate=N/A
bits_per_raw_sample=8
nb_frames=N/A
nb_read_frames=N/A
nb_read_packets=N/A
DISPOSITION:default=0
DISPOSITION:dub=0
DISPOSITION:original=0
DISPOSITION:comment=0
DISPOSITION:lyrics=0
DISPOSITION:karaoke=0
DISPOSITION:forced=0
DISPOSITION:hearing_impaired=0
DISPOSITION:visual_impaired=0
DISPOSITION:clean_effects=0
DISPOSITION:attached_pic=0
DISPOSITION:timed_thumbnails=0
[/STREAM]
[FORMAT]
filename=rtmp://43.199.149.178/live/front_right
nb_streams=2
nb_programs=0
format_name=flv
format_long_name=FLV (Flash Video)
start_time=0.000000
duration=N/A
size=N/A
bit_rate=N/A
probe_score=100
TAG:title=/camera3/rtsp
TAG:comment=rtsp_image_transport
TAG:encoder=Lavf58.29.100
TAG:server=SRS/5.0.213(Bee)
TAG:server_version=5.0.213
[/FORMAT]
[AVIOContext @ 0x55e982bbb640] Statistics: 697387 bytes read, 0 seeks
---------------------[ ffprobe Log End ]----------------------
SUMMARY: Status OK. Check passed because ffprobe successfully connected to the stream and retrieved its information (Exit Code: 0).

====================[ End of Check Cycle ]====================

==========================================================
                STREAM STATUS CHECK @ Friday, July 25, 2025 PM12:34:25 HKT
==========================================================

------------------[ Checking Stream: front_left ]------------------
URL: rtmp://43.199.149.178/live/front_left
--------------------[ ffprobe Log Start ]---------------------
ffprobe version 4.2.7-0ubuntu0.1 Copyright (c) 2007-2022 the FFmpeg developers
  built with gcc 9 (Ubuntu 9.4.0-1ubuntu1~20.04.1)
  configuration: --prefix=/usr --extra-version=0ubuntu0.1 --toolchain=hardened --libdir=/usr/lib/x86_64-linux-gnu --incdir=/usr/include/x86_64-linux-gnu --arch=amd64 --enable-gpl --disable-stripping --enable-avresample --disable-filter=resample --enable-avisynth --enable-gnutls --enable-ladspa --enable-libaom --enable-libass --enable-libbluray --enable-libbs2b --enable-libcaca --enable-libcdio --enable-libcodec2 --enable-libflite --enable-libfontconfig --enable-libfreetype --enable-libfribidi --enable-libgme --enable-libgsm --enable-libjack --enable-libmp3lame --enable-libmysofa --enable-libopenjpeg --enable-libopenmpt --enable-libopus --enable-libpulse --enable-librsvg --enable-librubberband --enable-libshine --enable-libsnappy --enable-libsoxr --enable-libspeex --enable-libssh --enable-libtheora --enable-libtwolame --enable-libvidstab --enable-libvorbis --enable-libvpx --enable-libwavpack --enable-libwebp --enable-libx265 --enable-libxml2 --enable-libxvid --enable-libzmq --enable-libzvbi --enable-lv2 --enable-omx --enable-openal --enable-opencl --enable-opengl --enable-sdl2 --enable-libdc1394 --enable-libdrm --enable-libiec61883 --enable-nvenc --enable-chromaprint --enable-frei0r --enable-libx264 --enable-shared
  libavutil      56. 31.100 / 56. 31.100
  libavcodec     58. 54.100 / 58. 54.100
  libavformat    58. 29.100 / 58. 29.100
  libavdevice    58.  8.100 / 58.  8.100
  libavfilter     7. 57.100 /  7. 57.100
  libavresample   4.  0.  0 /  4.  0.  0
  libswscale      5.  5.100 /  5.  5.100
  libswresample   3.  5.100 /  3.  5.100
  libpostproc    55.  5.100 / 55.  5.100
[tcp @ 0x559b258cdc00] Starting connection attempt to 43.199.149.178 port 1935
[tcp @ 0x559b258cdc00] Successfully connected to 43.199.149.178 port 1935
[h264 @ 0x559b258d1000] Reinit context to 1024x624, pix_fmt: yuv420p
[flv @ 0x559b258cc980] max_analyze_duration 5000000 reached at 5000000 microseconds st:1
Input #0, flv, from 'rtmp://43.199.149.178/live/front_left':
  Metadata:
    title           : /camera5/rtsp
    comment         : rtsp_image_transport
    encoder         : Lavf58.29.100
    server          : SRS/5.0.213(Bee)
    server_version  : 5.0.213
  Duration: N/A, start: 0.000000, bitrate: N/A
    Stream #0:0: Data: none
    Stream #0:1: Video: h264 (Main), 1 reference frame, yuv420p(progressive, left), 1024x616 (1024x624) [SAR 1:1 DAR 128:77], 30 fps, 10 tbr, 1k tbn, 60 tbc
Unsupported codec with id 0 for input stream 0
[STREAM]
index=0
codec_name=unknown
codec_long_name=unknown
profile=unknown
codec_type=data
codec_tag_string=[0][0][0][0]
codec_tag=0x0000
id=N/A
r_frame_rate=0/0
avg_frame_rate=0/0
time_base=1/1000
start_pts=0
start_time=0.000000
duration_ts=N/A
duration=N/A
bit_rate=N/A
max_bit_rate=N/A
bits_per_raw_sample=N/A
nb_frames=N/A
nb_read_frames=N/A
nb_read_packets=N/A
DISPOSITION:default=0
DISPOSITION:dub=0
DISPOSITION:original=0
DISPOSITION:comment=0
DISPOSITION:lyrics=0
DISPOSITION:karaoke=0
DISPOSITION:forced=0
DISPOSITION:hearing_impaired=0
DISPOSITION:visual_impaired=0
DISPOSITION:clean_effects=0
DISPOSITION:attached_pic=0
DISPOSITION:timed_thumbnails=0
[/STREAM]
[STREAM]
index=1
codec_name=h264
codec_long_name=H.264 / AVC / MPEG-4 AVC / MPEG-4 part 10
profile=Main
codec_type=video
codec_time_base=1/60
codec_tag_string=[0][0][0][0]
codec_tag=0x0000
width=1024
height=616
coded_width=1024
coded_height=624
has_b_frames=0
sample_aspect_ratio=1:1
display_aspect_ratio=128:77
pix_fmt=yuv420p
level=31
color_range=unknown
color_space=unknown
color_transfer=unknown
color_primaries=unknown
chroma_location=left
field_order=progressive
timecode=N/A
refs=1
is_avc=true
nal_length_size=4
id=N/A
r_frame_rate=10/1
avg_frame_rate=30/1
time_base=1/1000
start_pts=10
start_time=0.010000
duration_ts=N/A
duration=N/A
bit_rate=N/A
max_bit_rate=N/A
bits_per_raw_sample=8
nb_frames=N/A
nb_read_frames=N/A
nb_read_packets=N/A
DISPOSITION:default=0
DISPOSITION:dub=0
DISPOSITION:original=0
DISPOSITION:comment=0
DISPOSITION:lyrics=0
DISPOSITION:karaoke=0
DISPOSITION:forced=0
DISPOSITION:hearing_impaired=0
DISPOSITION:visual_impaired=0
DISPOSITION:clean_effects=0
DISPOSITION:attached_pic=0
DISPOSITION:timed_thumbnails=0
[/STREAM]
[FORMAT]
filename=rtmp://43.199.149.178/live/front_left
nb_streams=2
nb_programs=0
format_name=flv
format_long_name=FLV (Flash Video)
start_time=0.000000
duration=N/A
size=N/A
bit_rate=N/A
probe_score=100
TAG:title=/camera5/rtsp
TAG:comment=rtsp_image_transport
TAG:encoder=Lavf58.29.100
TAG:server=SRS/5.0.213(Bee)
TAG:server_version=5.0.213
[/FORMAT]
[AVIOContext @ 0x559b258cf640] Statistics: 692511 bytes read, 0 seeks
---------------------[ ffprobe Log End ]----------------------
SUMMARY: Status OK. Check passed because ffprobe successfully connected to the stream and retrieved its information (Exit Code: 0).


------------------[ Checking Stream: front_right ]------------------
URL: rtmp://43.199.149.178/live/front_right
--------------------[ ffprobe Log Start ]---------------------
ffprobe version 4.2.7-0ubuntu0.1 Copyright (c) 2007-2022 the FFmpeg developers
  built with gcc 9 (Ubuntu 9.4.0-1ubuntu1~20.04.1)
  configuration: --prefix=/usr --extra-version=0ubuntu0.1 --toolchain=hardened --libdir=/usr/lib/x86_64-linux-gnu --incdir=/usr/include/x86_64-linux-gnu --arch=amd64 --enable-gpl --disable-stripping --enable-avresample --disable-filter=resample --enable-avisynth --enable-gnutls --enable-ladspa --enable-libaom --enable-libass --enable-libbluray --enable-libbs2b --enable-libcaca --enable-libcdio --enable-libcodec2 --enable-libflite --enable-libfontconfig --enable-libfreetype --enable-libfribidi --enable-libgme --enable-libgsm --enable-libjack --enable-libmp3lame --enable-libmysofa --enable-libopenjpeg --enable-libopenmpt --enable-libopus --enable-libpulse --enable-librsvg --enable-librubberband --enable-libshine --enable-libsnappy --enable-libsoxr --enable-libspeex --enable-libssh --enable-libtheora --enable-libtwolame --enable-libvidstab --enable-libvorbis --enable-libvpx --enable-libwavpack --enable-libwebp --enable-libx265 --enable-libxml2 --enable-libxvid --enable-libzmq --enable-libzvbi --enable-lv2 --enable-omx --enable-openal --enable-opencl --enable-opengl --enable-sdl2 --enable-libdc1394 --enable-libdrm --enable-libiec61883 --enable-nvenc --enable-chromaprint --enable-frei0r --enable-libx264 --enable-shared
  libavutil      56. 31.100 / 56. 31.100
  libavcodec     58. 54.100 / 58. 54.100
  libavformat    58. 29.100 / 58. 29.100
  libavdevice    58.  8.100 / 58.  8.100
  libavfilter     7. 57.100 /  7. 57.100
  libavresample   4.  0.  0 /  4.  0.  0
  libswscale      5.  5.100 /  5.  5.100
  libswresample   3.  5.100 /  3.  5.100
  libpostproc    55.  5.100 / 55.  5.100
[tcp @ 0x55852d06ac00] Starting connection attempt to 43.199.149.178 port 1935
[tcp @ 0x55852d06ac00] Successfully connected to 43.199.149.178 port 1935
[h264 @ 0x55852d07f240] Reinit context to 1024x624, pix_fmt: yuv420p
[flv @ 0x55852d069980] max_analyze_duration 5000000 reached at 5000000 microseconds st:1
Input #0, flv, from 'rtmp://43.199.149.178/live/front_right':
  Metadata:
    title           : /camera3/rtsp
    comment         : rtsp_image_transport
    encoder         : Lavf58.29.100
    server          : SRS/5.0.213(Bee)
    server_version  : 5.0.213
  Duration: N/A, start: 0.000000, bitrate: N/A
    Stream #0:0: Data: none
    Stream #0:1: Video: h264 (Main), 1 reference frame, yuv420p(progressive, left), 1024x616 (1024x624) [SAR 1:1 DAR 128:77], 30 fps, 10 tbr, 1k tbn, 60 tbc
Unsupported codec with id 0 for input stream 0
[STREAM]
index=0
codec_name=unknown
codec_long_name=unknown
profile=unknown
codec_type=data
codec_tag_string=[0][0][0][0]
codec_tag=0x0000
id=N/A
r_frame_rate=0/0
avg_frame_rate=0/0
time_base=1/1000
start_pts=0
start_time=0.000000
duration_ts=N/A
duration=N/A
bit_rate=N/A
max_bit_rate=N/A
bits_per_raw_sample=N/A
nb_frames=N/A
nb_read_frames=N/A
nb_read_packets=N/A
DISPOSITION:default=0
DISPOSITION:dub=0
DISPOSITION:original=0
DISPOSITION:comment=0
DISPOSITION:lyrics=0
DISPOSITION:karaoke=0
DISPOSITION:forced=0
DISPOSITION:hearing_impaired=0
DISPOSITION:visual_impaired=0
DISPOSITION:clean_effects=0
DISPOSITION:attached_pic=0
DISPOSITION:timed_thumbnails=0
[/STREAM]
[STREAM]
index=1
codec_name=h264
codec_long_name=H.264 / AVC / MPEG-4 AVC / MPEG-4 part 10
profile=Main
codec_type=video
codec_time_base=1/60
codec_tag_string=[0][0][0][0]
codec_tag=0x0000
width=1024
height=616
coded_width=1024
coded_height=624
has_b_frames=0
sample_aspect_ratio=1:1
display_aspect_ratio=128:77
pix_fmt=yuv420p
level=31
color_range=unknown
color_space=unknown
color_transfer=unknown
color_primaries=unknown
chroma_location=left
field_order=progressive
timecode=N/A
refs=1
is_avc=true
nal_length_size=4
id=N/A
r_frame_rate=10/1
avg_frame_rate=30/1
time_base=1/1000
start_pts=10
start_time=0.010000
duration_ts=N/A
duration=N/A
bit_rate=N/A
max_bit_rate=N/A
bits_per_raw_sample=8
nb_frames=N/A
nb_read_frames=N/A
nb_read_packets=N/A
DISPOSITION:default=0
DISPOSITION:dub=0
DISPOSITION:original=0
DISPOSITION:comment=0
DISPOSITION:lyrics=0
DISPOSITION:karaoke=0
DISPOSITION:forced=0
DISPOSITION:hearing_impaired=0
DISPOSITION:visual_impaired=0
DISPOSITION:clean_effects=0
DISPOSITION:attached_pic=0
DISPOSITION:timed_thumbnails=0
[/STREAM]
[FORMAT]
filename=rtmp://43.199.149.178/live/front_right
nb_streams=2
nb_programs=0
format_name=flv
format_long_name=FLV (Flash Video)
start_time=0.000000
duration=N/A
size=N/A
bit_rate=N/A
probe_score=100
TAG:title=/camera3/rtsp
TAG:comment=rtsp_image_transport
TAG:encoder=Lavf58.29.100
TAG:server=SRS/5.0.213(Bee)
TAG:server_version=5.0.213
[/FORMAT]
[AVIOContext @ 0x55852d06c640] Statistics: 676695 bytes read, 0 seeks
---------------------[ ffprobe Log End ]----------------------
SUMMARY: Status OK. Check passed because ffprobe successfully connected to the stream and retrieved its information (Exit Code: 0).

====================[ End of Check Cycle ]====================

==========================================================
                STREAM STATUS CHECK @ Friday, July 25, 2025 PM12:35:55 HKT
==========================================================

------------------[ Checking Stream: front_left ]------------------
URL: rtmp://43.199.149.178/live/front_left
--------------------[ ffprobe Log Start ]---------------------
ffprobe version 4.2.7-0ubuntu0.1 Copyright (c) 2007-2022 the FFmpeg developers
  built with gcc 9 (Ubuntu 9.4.0-1ubuntu1~20.04.1)
  configuration: --prefix=/usr --extra-version=0ubuntu0.1 --toolchain=hardened --libdir=/usr/lib/x86_64-linux-gnu --incdir=/usr/include/x86_64-linux-gnu --arch=amd64 --enable-gpl --disable-stripping --enable-avresample --disable-filter=resample --enable-avisynth --enable-gnutls --enable-ladspa --enable-libaom --enable-libass --enable-libbluray --enable-libbs2b --enable-libcaca --enable-libcdio --enable-libcodec2 --enable-libflite --enable-libfontconfig --enable-libfreetype --enable-libfribidi --enable-libgme --enable-libgsm --enable-libjack --enable-libmp3lame --enable-libmysofa --enable-libopenjpeg --enable-libopenmpt --enable-libopus --enable-libpulse --enable-librsvg --enable-librubberband --enable-libshine --enable-libsnappy --enable-libsoxr --enable-libspeex --enable-libssh --enable-libtheora --enable-libtwolame --enable-libvidstab --enable-libvorbis --enable-libvpx --enable-libwavpack --enable-libwebp --enable-libx265 --enable-libxml2 --enable-libxvid --enable-libzmq --enable-libzvbi --enable-lv2 --enable-omx --enable-openal --enable-opencl --enable-opengl --enable-sdl2 --enable-libdc1394 --enable-libdrm --enable-libiec61883 --enable-nvenc --enable-chromaprint --enable-frei0r --enable-libx264 --enable-shared
  libavutil      56. 31.100 / 56. 31.100
  libavcodec     58. 54.100 / 58. 54.100
  libavformat    58. 29.100 / 58. 29.100
  libavdevice    58.  8.100 / 58.  8.100
  libavfilter     7. 57.100 /  7. 57.100
  libavresample   4.  0.  0 /  4.  0.  0
  libswscale      5.  5.100 /  5.  5.100
  libswresample   3.  5.100 /  3.  5.100
  libpostproc    55.  5.100 / 55.  5.100
[tcp @ 0x55f922bd4c00] Starting connection attempt to 43.199.149.178 port 1935
[tcp @ 0x55f922bd4c00] Successfully connected to 43.199.149.178 port 1935
[h264 @ 0x55f922bd8fc0] Reinit context to 1024x624, pix_fmt: yuv420p
[flv @ 0x55f922bd3980] max_analyze_duration 5000000 reached at 5000000 microseconds st:1
Input #0, flv, from 'rtmp://43.199.149.178/live/front_left':
  Metadata:
    title           : /camera5/rtsp
    comment         : rtsp_image_transport
    encoder         : Lavf58.29.100
    server          : SRS/5.0.213(Bee)
    server_version  : 5.0.213
  Duration: N/A, start: 0.000000, bitrate: N/A
    Stream #0:0: Data: none
    Stream #0:1: Video: h264 (Main), 1 reference frame, yuv420p(progressive, left), 1024x616 (1024x624) [SAR 1:1 DAR 128:77], 30 fps, 10 tbr, 1k tbn, 60 tbc
Unsupported codec with id 0 for input stream 0
[STREAM]
index=0
codec_name=unknown
codec_long_name=unknown
profile=unknown
codec_type=data
codec_tag_string=[0][0][0][0]
codec_tag=0x0000
id=N/A
r_frame_rate=0/0
avg_frame_rate=0/0
time_base=1/1000
start_pts=0
start_time=0.000000
duration_ts=N/A
duration=N/A
bit_rate=N/A
max_bit_rate=N/A
bits_per_raw_sample=N/A
nb_frames=N/A
nb_read_frames=N/A
nb_read_packets=N/A
DISPOSITION:default=0
DISPOSITION:dub=0
DISPOSITION:original=0
DISPOSITION:comment=0
DISPOSITION:lyrics=0
DISPOSITION:karaoke=0
DISPOSITION:forced=0
DISPOSITION:hearing_impaired=0
DISPOSITION:visual_impaired=0
DISPOSITION:clean_effects=0
DISPOSITION:attached_pic=0
DISPOSITION:timed_thumbnails=0
[/STREAM]
[STREAM]
index=1
codec_name=h264
codec_long_name=H.264 / AVC / MPEG-4 AVC / MPEG-4 part 10
profile=Main
codec_type=video
codec_time_base=1/60
codec_tag_string=[0][0][0][0]
codec_tag=0x0000
width=1024
height=616
coded_width=1024
coded_height=624
has_b_frames=0
sample_aspect_ratio=1:1
display_aspect_ratio=128:77
pix_fmt=yuv420p
level=31
color_range=unknown
color_space=unknown
color_transfer=unknown
color_primaries=unknown
chroma_location=left
field_order=progressive
timecode=N/A
refs=1
is_avc=true
nal_length_size=4
id=N/A
r_frame_rate=10/1
avg_frame_rate=30/1
time_base=1/1000
start_pts=10
start_time=0.010000
duration_ts=N/A
duration=N/A
bit_rate=N/A
max_bit_rate=N/A
bits_per_raw_sample=8
nb_frames=N/A
nb_read_frames=N/A
nb_read_packets=N/A
DISPOSITION:default=0
DISPOSITION:dub=0
DISPOSITION:original=0
DISPOSITION:comment=0
DISPOSITION:lyrics=0
DISPOSITION:karaoke=0
DISPOSITION:forced=0
DISPOSITION:hearing_impaired=0
DISPOSITION:visual_impaired=0
DISPOSITION:clean_effects=0
DISPOSITION:attached_pic=0
DISPOSITION:timed_thumbnails=0
[/STREAM]
[FORMAT]
filename=rtmp://43.199.149.178/live/front_left
nb_streams=2
nb_programs=0
format_name=flv
format_long_name=FLV (Flash Video)
start_time=0.000000
duration=N/A
size=N/A
bit_rate=N/A
probe_score=100
TAG:title=/camera5/rtsp
TAG:comment=rtsp_image_transport
TAG:encoder=Lavf58.29.100
TAG:server=SRS/5.0.213(Bee)
TAG:server_version=5.0.213
[/FORMAT]
[AVIOContext @ 0x55f922bd6640] Statistics: 666116 bytes read, 0 seeks
---------------------[ ffprobe Log End ]----------------------
SUMMARY: Status OK. Check passed because ffprobe successfully connected to the stream and retrieved its information (Exit Code: 0).


------------------[ Checking Stream: front_right ]------------------
URL: rtmp://43.199.149.178/live/front_right
--------------------[ ffprobe Log Start ]---------------------
ffprobe version 4.2.7-0ubuntu0.1 Copyright (c) 2007-2022 the FFmpeg developers
  built with gcc 9 (Ubuntu 9.4.0-1ubuntu1~20.04.1)
  configuration: --prefix=/usr --extra-version=0ubuntu0.1 --toolchain=hardened --libdir=/usr/lib/x86_64-linux-gnu --incdir=/usr/include/x86_64-linux-gnu --arch=amd64 --enable-gpl --disable-stripping --enable-avresample --disable-filter=resample --enable-avisynth --enable-gnutls --enable-ladspa --enable-libaom --enable-libass --enable-libbluray --enable-libbs2b --enable-libcaca --enable-libcdio --enable-libcodec2 --enable-libflite --enable-libfontconfig --enable-libfreetype --enable-libfribidi --enable-libgme --enable-libgsm --enable-libjack --enable-libmp3lame --enable-libmysofa --enable-libopenjpeg --enable-libopenmpt --enable-libopus --enable-libpulse --enable-librsvg --enable-librubberband --enable-libshine --enable-libsnappy --enable-libsoxr --enable-libspeex --enable-libssh --enable-libtheora --enable-libtwolame --enable-libvidstab --enable-libvorbis --enable-libvpx --enable-libwavpack --enable-libwebp --enable-libx265 --enable-libxml2 --enable-libxvid --enable-libzmq --enable-libzvbi --enable-lv2 --enable-omx --enable-openal --enable-opencl --enable-opengl --enable-sdl2 --enable-libdc1394 --enable-libdrm --enable-libiec61883 --enable-nvenc --enable-chromaprint --enable-frei0r --enable-libx264 --enable-shared
  libavutil      56. 31.100 / 56. 31.100
  libavcodec     58. 54.100 / 58. 54.100
  libavformat    58. 29.100 / 58. 29.100
  libavdevice    58.  8.100 / 58.  8.100
  libavfilter     7. 57.100 /  7. 57.100
  libavresample   4.  0.  0 /  4.  0.  0
  libswscale      5.  5.100 /  5.  5.100
  libswresample   3.  5.100 /  3.  5.100
  libpostproc    55.  5.100 / 55.  5.100
[tcp @ 0x561dece4bc00] Starting connection attempt to 43.199.149.178 port 1935
[tcp @ 0x561dece4bc00] Successfully connected to 43.199.149.178 port 1935
[h264 @ 0x561dece4ffc0] Reinit context to 1024x624, pix_fmt: yuv420p
[flv @ 0x561dece4a980] max_analyze_duration 5000000 reached at 5000000 microseconds st:1
Input #0, flv, from 'rtmp://43.199.149.178/live/front_right':
  Metadata:
    title           : /camera3/rtsp
    comment         : rtsp_image_transport
    encoder         : Lavf58.29.100
    server          : SRS/5.0.213(Bee)
    server_version  : 5.0.213
  Duration: N/A, start: 0.000000, bitrate: N/A
    Stream #0:0: Data: none
    Stream #0:1: Video: h264 (Main), 1 reference frame, yuv420p(progressive, left), 1024x616 (1024x624) [SAR 1:1 DAR 128:77], 30 fps, 10 tbr, 1k tbn, 60 tbc
Unsupported codec with id 0 for input stream 0
[STREAM]
index=0
codec_name=unknown
codec_long_name=unknown
profile=unknown
codec_type=data
codec_tag_string=[0][0][0][0]
codec_tag=0x0000
id=N/A
r_frame_rate=0/0
avg_frame_rate=0/0
time_base=1/1000
start_pts=0
start_time=0.000000
duration_ts=N/A
duration=N/A
bit_rate=N/A
max_bit_rate=N/A
bits_per_raw_sample=N/A
nb_frames=N/A
nb_read_frames=N/A
nb_read_packets=N/A
DISPOSITION:default=0
DISPOSITION:dub=0
DISPOSITION:original=0
DISPOSITION:comment=0
DISPOSITION:lyrics=0
DISPOSITION:karaoke=0
DISPOSITION:forced=0
DISPOSITION:hearing_impaired=0
DISPOSITION:visual_impaired=0
DISPOSITION:clean_effects=0
DISPOSITION:attached_pic=0
DISPOSITION:timed_thumbnails=0
[/STREAM]
[STREAM]
index=1
codec_name=h264
codec_long_name=H.264 / AVC / MPEG-4 AVC / MPEG-4 part 10
profile=Main
codec_type=video
codec_time_base=1/60
codec_tag_string=[0][0][0][0]
codec_tag=0x0000
width=1024
height=616
coded_width=1024
coded_height=624
has_b_frames=0
sample_aspect_ratio=1:1
display_aspect_ratio=128:77
pix_fmt=yuv420p
level=31
color_range=unknown
color_space=unknown
color_transfer=unknown
color_primaries=unknown
chroma_location=left
field_order=progressive
timecode=N/A
refs=1
is_avc=true
nal_length_size=4
id=N/A
r_frame_rate=10/1
avg_frame_rate=30/1
time_base=1/1000
start_pts=10
start_time=0.010000
duration_ts=N/A
duration=N/A
bit_rate=N/A
max_bit_rate=N/A
bits_per_raw_sample=8
nb_frames=N/A
nb_read_frames=N/A
nb_read_packets=N/A
DISPOSITION:default=0
DISPOSITION:dub=0
DISPOSITION:original=0
DISPOSITION:comment=0
DISPOSITION:lyrics=0
DISPOSITION:karaoke=0
DISPOSITION:forced=0
DISPOSITION:hearing_impaired=0
DISPOSITION:visual_impaired=0
DISPOSITION:clean_effects=0
DISPOSITION:attached_pic=0
DISPOSITION:timed_thumbnails=0
[/STREAM]
[FORMAT]
filename=rtmp://43.199.149.178/live/front_right
nb_streams=2
nb_programs=0
format_name=flv
format_long_name=FLV (Flash Video)
start_time=0.000000
duration=N/A
size=N/A
bit_rate=N/A
probe_score=100
TAG:title=/camera3/rtsp
TAG:comment=rtsp_image_transport
TAG:encoder=Lavf58.29.100
TAG:server=SRS/5.0.213(Bee)
TAG:server_version=5.0.213
[/FORMAT]
[AVIOContext @ 0x561dece4d640] Statistics: 664144 bytes read, 0 seeks
---------------------[ ffprobe Log End ]----------------------
SUMMARY: Status OK. Check passed because ffprobe successfully connected to the stream and retrieved its information (Exit Code: 0).

====================[ End of Check Cycle ]====================

==========================================================
                STREAM STATUS CHECK @ Friday, July 25, 2025 PM12:37:25 HKT
==========================================================

------------------[ Checking Stream: front_left ]------------------
URL: rtmp://43.199.149.178/live/front_left
--------------------[ ffprobe Log Start ]---------------------
ffprobe version 4.2.7-0ubuntu0.1 Copyright (c) 2007-2022 the FFmpeg developers
  built with gcc 9 (Ubuntu 9.4.0-1ubuntu1~20.04.1)
  configuration: --prefix=/usr --extra-version=0ubuntu0.1 --toolchain=hardened --libdir=/usr/lib/x86_64-linux-gnu --incdir=/usr/include/x86_64-linux-gnu --arch=amd64 --enable-gpl --disable-stripping --enable-avresample --disable-filter=resample --enable-avisynth --enable-gnutls --enable-ladspa --enable-libaom --enable-libass --enable-libbluray --enable-libbs2b --enable-libcaca --enable-libcdio --enable-libcodec2 --enable-libflite --enable-libfontconfig --enable-libfreetype --enable-libfribidi --enable-libgme --enable-libgsm --enable-libjack --enable-libmp3lame --enable-libmysofa --enable-libopenjpeg --enable-libopenmpt --enable-libopus --enable-libpulse --enable-librsvg --enable-librubberband --enable-libshine --enable-libsnappy --enable-libsoxr --enable-libspeex --enable-libssh --enable-libtheora --enable-libtwolame --enable-libvidstab --enable-libvorbis --enable-libvpx --enable-libwavpack --enable-libwebp --enable-libx265 --enable-libxml2 --enable-libxvid --enable-libzmq --enable-libzvbi --enable-lv2 --enable-omx --enable-openal --enable-opencl --enable-opengl --enable-sdl2 --enable-libdc1394 --enable-libdrm --enable-libiec61883 --enable-nvenc --enable-chromaprint --enable-frei0r --enable-libx264 --enable-shared
  libavutil      56. 31.100 / 56. 31.100
  libavcodec     58. 54.100 / 58. 54.100
  libavformat    58. 29.100 / 58. 29.100
  libavdevice    58.  8.100 / 58.  8.100
  libavfilter     7. 57.100 /  7. 57.100
  libavresample   4.  0.  0 /  4.  0.  0
  libswscale      5.  5.100 /  5.  5.100
  libswresample   3.  5.100 /  3.  5.100
  libpostproc    55.  5.100 / 55.  5.100
[tcp @ 0x559b830a5c00] Starting connection attempt to 43.199.149.178 port 1935
[tcp @ 0x559b830a5c00] Successfully connected to 43.199.149.178 port 1935
[h264 @ 0x559b830a8a00] Reinit context to 1024x624, pix_fmt: yuv420p
[h264 @ 0x559b830a8a00] error while decoding MB 63 30, bytestream -27
[h264 @ 0x559b830a8a00] concealing 562 DC, 562 AC, 562 MV errors in I frame
[flv @ 0x559b830a4980] max_analyze_duration 5000000 reached at 5000000 microseconds st:1
Input #0, flv, from 'rtmp://43.199.149.178/live/front_left':
  Metadata:
    title           : /camera5/rtsp
    comment         : rtsp_image_transport
    encoder         : Lavf58.29.100
    server          : SRS/5.0.213(Bee)
    server_version  : 5.0.213
  Duration: N/A, start: 0.000000, bitrate: N/A
    Stream #0:0: Data: none
    Stream #0:1: Video: h264 (Main), 1 reference frame, yuv420p(progressive, left), 1024x616 (1024x624) [SAR 1:1 DAR 128:77], 30 fps, 10 tbr, 1k tbn, 60 tbc
Unsupported codec with id 0 for input stream 0
[STREAM]
index=0
codec_name=unknown
codec_long_name=unknown
profile=unknown
codec_type=data
codec_tag_string=[0][0][0][0]
codec_tag=0x0000
id=N/A
r_frame_rate=0/0
avg_frame_rate=0/0
time_base=1/1000
start_pts=0
start_time=0.000000
duration_ts=N/A
duration=N/A
bit_rate=N/A
max_bit_rate=N/A
bits_per_raw_sample=N/A
nb_frames=N/A
nb_read_frames=N/A
nb_read_packets=N/A
DISPOSITION:default=0
DISPOSITION:dub=0
DISPOSITION:original=0
DISPOSITION:comment=0
DISPOSITION:lyrics=0
DISPOSITION:karaoke=0
DISPOSITION:forced=0
DISPOSITION:hearing_impaired=0
DISPOSITION:visual_impaired=0
DISPOSITION:clean_effects=0
DISPOSITION:attached_pic=0
DISPOSITION:timed_thumbnails=0
[/STREAM]
[STREAM]
index=1
codec_name=h264
codec_long_name=H.264 / AVC / MPEG-4 AVC / MPEG-4 part 10
profile=Main
codec_type=video
codec_time_base=1/60
codec_tag_string=[0][0][0][0]
codec_tag=0x0000
width=1024
height=616
coded_width=1024
coded_height=624
has_b_frames=0
sample_aspect_ratio=1:1
display_aspect_ratio=128:77
pix_fmt=yuv420p
level=31
color_range=unknown
color_space=unknown
color_transfer=unknown
color_primaries=unknown
chroma_location=left
field_order=progressive
timecode=N/A
refs=1
is_avc=true
nal_length_size=4
id=N/A
r_frame_rate=10/1
avg_frame_rate=30/1
time_base=1/1000
start_pts=10
start_time=0.010000
duration_ts=N/A
duration=N/A
bit_rate=N/A
max_bit_rate=N/A
bits_per_raw_sample=8
nb_frames=N/A
nb_read_frames=N/A
nb_read_packets=N/A
DISPOSITION:default=0
DISPOSITION:dub=0
DISPOSITION:original=0
DISPOSITION:comment=0
DISPOSITION:lyrics=0
DISPOSITION:karaoke=0
DISPOSITION:forced=0
DISPOSITION:hearing_impaired=0
DISPOSITION:visual_impaired=0
DISPOSITION:clean_effects=0
DISPOSITION:attached_pic=0
DISPOSITION:timed_thumbnails=0
[/STREAM]
[FORMAT]
filename=rtmp://43.199.149.178/live/front_left
nb_streams=2
nb_programs=0
format_name=flv
format_long_name=FLV (Flash Video)
start_time=0.000000
duration=N/A
size=N/A
bit_rate=N/A
probe_score=100
TAG:title=/camera5/rtsp
TAG:comment=rtsp_image_transport
TAG:encoder=Lavf58.29.100
TAG:server=SRS/5.0.213(Bee)
TAG:server_version=5.0.213
[/FORMAT]
[AVIOContext @ 0x559b830a7640] Statistics: 650793 bytes read, 0 seeks
---------------------[ ffprobe Log End ]----------------------
SUMMARY: Status OK. Check passed because ffprobe successfully connected to the stream and retrieved its information (Exit Code: 0).


------------------[ Checking Stream: front_right ]------------------
URL: rtmp://43.199.149.178/live/front_right
--------------------[ ffprobe Log Start ]---------------------
ffprobe version 4.2.7-0ubuntu0.1 Copyright (c) 2007-2022 the FFmpeg developers
  built with gcc 9 (Ubuntu 9.4.0-1ubuntu1~20.04.1)
  configuration: --prefix=/usr --extra-version=0ubuntu0.1 --toolchain=hardened --libdir=/usr/lib/x86_64-linux-gnu --incdir=/usr/include/x86_64-linux-gnu --arch=amd64 --enable-gpl --disable-stripping --enable-avresample --disable-filter=resample --enable-avisynth --enable-gnutls --enable-ladspa --enable-libaom --enable-libass --enable-libbluray --enable-libbs2b --enable-libcaca --enable-libcdio --enable-libcodec2 --enable-libflite --enable-libfontconfig --enable-libfreetype --enable-libfribidi --enable-libgme --enable-libgsm --enable-libjack --enable-libmp3lame --enable-libmysofa --enable-libopenjpeg --enable-libopenmpt --enable-libopus --enable-libpulse --enable-librsvg --enable-librubberband --enable-libshine --enable-libsnappy --enable-libsoxr --enable-libspeex --enable-libssh --enable-libtheora --enable-libtwolame --enable-libvidstab --enable-libvorbis --enable-libvpx --enable-libwavpack --enable-libwebp --enable-libx265 --enable-libxml2 --enable-libxvid --enable-libzmq --enable-libzvbi --enable-lv2 --enable-omx --enable-openal --enable-opencl --enable-opengl --enable-sdl2 --enable-libdc1394 --enable-libdrm --enable-libiec61883 --enable-nvenc --enable-chromaprint --enable-frei0r --enable-libx264 --enable-shared
  libavutil      56. 31.100 / 56. 31.100
  libavcodec     58. 54.100 / 58. 54.100
  libavformat    58. 29.100 / 58. 29.100
  libavdevice    58.  8.100 / 58.  8.100
  libavfilter     7. 57.100 /  7. 57.100
  libavresample   4.  0.  0 /  4.  0.  0
  libswscale      5.  5.100 /  5.  5.100
  libswresample   3.  5.100 /  3.  5.100
  libpostproc    55.  5.100 / 55.  5.100
[tcp @ 0x558719888c00] Starting connection attempt to 43.199.149.178 port 1935
[tcp @ 0x558719888c00] Successfully connected to 43.199.149.178 port 1935
[h264 @ 0x55871988cfc0] Reinit context to 1024x624, pix_fmt: yuv420p
[flv @ 0x558719887980] max_analyze_duration 5000000 reached at 5000000 microseconds st:1
Input #0, flv, from 'rtmp://43.199.149.178/live/front_right':
  Metadata:
    title           : /camera3/rtsp
    comment         : rtsp_image_transport
    encoder         : Lavf58.29.100
    server          : SRS/5.0.213(Bee)
    server_version  : 5.0.213
  Duration: N/A, start: 0.000000, bitrate: N/A
    Stream #0:0: Data: none
    Stream #0:1: Video: h264 (Main), 1 reference frame, yuv420p(progressive, left), 1024x616 (1024x624) [SAR 1:1 DAR 128:77], 30 fps, 10 tbr, 1k tbn, 60 tbc
Unsupported codec with id 0 for input stream 0
[STREAM]
index=0
codec_name=unknown
codec_long_name=unknown
profile=unknown
codec_type=data
codec_tag_string=[0][0][0][0]
codec_tag=0x0000
id=N/A
r_frame_rate=0/0
avg_frame_rate=0/0
time_base=1/1000
start_pts=0
start_time=0.000000
duration_ts=N/A
duration=N/A
bit_rate=N/A
max_bit_rate=N/A
bits_per_raw_sample=N/A
nb_frames=N/A
nb_read_frames=N/A
nb_read_packets=N/A
DISPOSITION:default=0
DISPOSITION:dub=0
DISPOSITION:original=0
DISPOSITION:comment=0
DISPOSITION:lyrics=0
DISPOSITION:karaoke=0
DISPOSITION:forced=0
DISPOSITION:hearing_impaired=0
DISPOSITION:visual_impaired=0
DISPOSITION:clean_effects=0
DISPOSITION:attached_pic=0
DISPOSITION:timed_thumbnails=0
[/STREAM]
[STREAM]
index=1
codec_name=h264
codec_long_name=H.264 / AVC / MPEG-4 AVC / MPEG-4 part 10
profile=Main
codec_type=video
codec_time_base=1/60
codec_tag_string=[0][0][0][0]
codec_tag=0x0000
width=1024
height=616
coded_width=1024
coded_height=624
has_b_frames=0
sample_aspect_ratio=1:1
display_aspect_ratio=128:77
pix_fmt=yuv420p
level=31
color_range=unknown
color_space=unknown
color_transfer=unknown
color_primaries=unknown
chroma_location=left
field_order=progressive
timecode=N/A
refs=1
is_avc=true
nal_length_size=4
id=N/A
r_frame_rate=10/1
avg_frame_rate=30/1
time_base=1/1000
start_pts=10
start_time=0.010000
duration_ts=N/A
duration=N/A
bit_rate=N/A
max_bit_rate=N/A
bits_per_raw_sample=8
nb_frames=N/A
nb_read_frames=N/A
nb_read_packets=N/A
DISPOSITION:default=0
DISPOSITION:dub=0
DISPOSITION:original=0
DISPOSITION:comment=0
DISPOSITION:lyrics=0
DISPOSITION:karaoke=0
DISPOSITION:forced=0
DISPOSITION:hearing_impaired=0
DISPOSITION:visual_impaired=0
DISPOSITION:clean_effects=0
DISPOSITION:attached_pic=0
DISPOSITION:timed_thumbnails=0
[/STREAM]
[FORMAT]
filename=rtmp://43.199.149.178/live/front_right
nb_streams=2
nb_programs=0
format_name=flv
format_long_name=FLV (Flash Video)
start_time=0.000000
duration=N/A
size=N/A
bit_rate=N/A
probe_score=100
TAG:title=/camera3/rtsp
TAG:comment=rtsp_image_transport
TAG:encoder=Lavf58.29.100
TAG:server=SRS/5.0.213(Bee)
TAG:server_version=5.0.213
[/FORMAT]
[AVIOContext @ 0x55871988a640] Statistics: 649073 bytes read, 0 seeks
---------------------[ ffprobe Log End ]----------------------
SUMMARY: Status OK. Check passed because ffprobe successfully connected to the stream and retrieved its information (Exit Code: 0).

====================[ End of Check Cycle ]====================

==========================================================
                STREAM STATUS CHECK @ Friday, July 25, 2025 PM12:38:55 HKT
==========================================================

------------------[ Checking Stream: front_left ]------------------
URL: rtmp://43.199.149.178/live/front_left
--------------------[ ffprobe Log Start ]---------------------
ffprobe version 4.2.7-0ubuntu0.1 Copyright (c) 2007-2022 the FFmpeg developers
  built with gcc 9 (Ubuntu 9.4.0-1ubuntu1~20.04.1)
  configuration: --prefix=/usr --extra-version=0ubuntu0.1 --toolchain=hardened --libdir=/usr/lib/x86_64-linux-gnu --incdir=/usr/include/x86_64-linux-gnu --arch=amd64 --enable-gpl --disable-stripping --enable-avresample --disable-filter=resample --enable-avisynth --enable-gnutls --enable-ladspa --enable-libaom --enable-libass --enable-libbluray --enable-libbs2b --enable-libcaca --enable-libcdio --enable-libcodec2 --enable-libflite --enable-libfontconfig --enable-libfreetype --enable-libfribidi --enable-libgme --enable-libgsm --enable-libjack --enable-libmp3lame --enable-libmysofa --enable-libopenjpeg --enable-libopenmpt --enable-libopus --enable-libpulse --enable-librsvg --enable-librubberband --enable-libshine --enable-libsnappy --enable-libsoxr --enable-libspeex --enable-libssh --enable-libtheora --enable-libtwolame --enable-libvidstab --enable-libvorbis --enable-libvpx --enable-libwavpack --enable-libwebp --enable-libx265 --enable-libxml2 --enable-libxvid --enable-libzmq --enable-libzvbi --enable-lv2 --enable-omx --enable-openal --enable-opencl --enable-opengl --enable-sdl2 --enable-libdc1394 --enable-libdrm --enable-libiec61883 --enable-nvenc --enable-chromaprint --enable-frei0r --enable-libx264 --enable-shared
  libavutil      56. 31.100 / 56. 31.100
  libavcodec     58. 54.100 / 58. 54.100
  libavformat    58. 29.100 / 58. 29.100
  libavdevice    58.  8.100 / 58.  8.100
  libavfilter     7. 57.100 /  7. 57.100
  libavresample   4.  0.  0 /  4.  0.  0
  libswscale      5.  5.100 /  5.  5.100
  libswresample   3.  5.100 /  3.  5.100
  libpostproc    55.  5.100 / 55.  5.100
[tcp @ 0x559b1c9f3c00] Starting connection attempt to 43.199.149.178 port 1935
[tcp @ 0x559b1c9f3c00] Successfully connected to 43.199.149.178 port 1935
[h264 @ 0x559b1ca08240] Reinit context to 1024x624, pix_fmt: yuv420p
[flv @ 0x559b1c9f2980] max_analyze_duration 5000000 reached at 5000000 microseconds st:1
Input #0, flv, from 'rtmp://43.199.149.178/live/front_left':
  Metadata:
    title           : /camera5/rtsp
    comment         : rtsp_image_transport
    encoder         : Lavf58.29.100
    server          : SRS/5.0.213(Bee)
    server_version  : 5.0.213
  Duration: N/A, start: 0.000000, bitrate: N/A
    Stream #0:0: Data: none
    Stream #0:1: Video: h264 (Main), 1 reference frame, yuv420p(progressive, left), 1024x616 (1024x624) [SAR 1:1 DAR 128:77], 30 fps, 50 tbr, 1k tbn, 60 tbc
Unsupported codec with id 0 for input stream 0
[STREAM]
index=0
codec_name=unknown
codec_long_name=unknown
profile=unknown
codec_type=data
codec_tag_string=[0][0][0][0]
codec_tag=0x0000
id=N/A
r_frame_rate=0/0
avg_frame_rate=0/0
time_base=1/1000
start_pts=0
start_time=0.000000
duration_ts=N/A
duration=N/A
bit_rate=N/A
max_bit_rate=N/A
bits_per_raw_sample=N/A
nb_frames=N/A
nb_read_frames=N/A
nb_read_packets=N/A
DISPOSITION:default=0
DISPOSITION:dub=0
DISPOSITION:original=0
DISPOSITION:comment=0
DISPOSITION:lyrics=0
DISPOSITION:karaoke=0
DISPOSITION:forced=0
DISPOSITION:hearing_impaired=0
DISPOSITION:visual_impaired=0
DISPOSITION:clean_effects=0
DISPOSITION:attached_pic=0
DISPOSITION:timed_thumbnails=0
[/STREAM]
[STREAM]
index=1
codec_name=h264
codec_long_name=H.264 / AVC / MPEG-4 AVC / MPEG-4 part 10
profile=Main
codec_type=video
codec_time_base=1/60
codec_tag_string=[0][0][0][0]
codec_tag=0x0000
width=1024
height=616
coded_width=1024
coded_height=624
has_b_frames=0
sample_aspect_ratio=1:1
display_aspect_ratio=128:77
pix_fmt=yuv420p
level=31
color_range=unknown
color_space=unknown
color_transfer=unknown
color_primaries=unknown
chroma_location=left
field_order=progressive
timecode=N/A
refs=1
is_avc=true
nal_length_size=4
id=N/A
r_frame_rate=50/1
avg_frame_rate=30/1
time_base=1/1000
start_pts=10
start_time=0.010000
duration_ts=N/A
duration=N/A
bit_rate=N/A
max_bit_rate=N/A
bits_per_raw_sample=8
nb_frames=N/A
nb_read_frames=N/A
nb_read_packets=N/A
DISPOSITION:default=0
DISPOSITION:dub=0
DISPOSITION:original=0
DISPOSITION:comment=0
DISPOSITION:lyrics=0
DISPOSITION:karaoke=0
DISPOSITION:forced=0
DISPOSITION:hearing_impaired=0
DISPOSITION:visual_impaired=0
DISPOSITION:clean_effects=0
DISPOSITION:attached_pic=0
DISPOSITION:timed_thumbnails=0
[/STREAM]
[FORMAT]
filename=rtmp://43.199.149.178/live/front_left
nb_streams=2
nb_programs=0
format_name=flv
format_long_name=FLV (Flash Video)
start_time=0.000000
duration=N/A
size=N/A
bit_rate=N/A
probe_score=100
TAG:title=/camera5/rtsp
TAG:comment=rtsp_image_transport
TAG:encoder=Lavf58.29.100
TAG:server=SRS/5.0.213(Bee)
TAG:server_version=5.0.213
[/FORMAT]
[AVIOContext @ 0x559b1c9f5640] Statistics: 615165 bytes read, 0 seeks
---------------------[ ffprobe Log End ]----------------------
SUMMARY: Status OK. Check passed because ffprobe successfully connected to the stream and retrieved its information (Exit Code: 0).


------------------[ Checking Stream: front_right ]------------------
URL: rtmp://43.199.149.178/live/front_right
--------------------[ ffprobe Log Start ]---------------------
ffprobe version 4.2.7-0ubuntu0.1 Copyright (c) 2007-2022 the FFmpeg developers
  built with gcc 9 (Ubuntu 9.4.0-1ubuntu1~20.04.1)
  configuration: --prefix=/usr --extra-version=0ubuntu0.1 --toolchain=hardened --libdir=/usr/lib/x86_64-linux-gnu --incdir=/usr/include/x86_64-linux-gnu --arch=amd64 --enable-gpl --disable-stripping --enable-avresample --disable-filter=resample --enable-avisynth --enable-gnutls --enable-ladspa --enable-libaom --enable-libass --enable-libbluray --enable-libbs2b --enable-libcaca --enable-libcdio --enable-libcodec2 --enable-libflite --enable-libfontconfig --enable-libfreetype --enable-libfribidi --enable-libgme --enable-libgsm --enable-libjack --enable-libmp3lame --enable-libmysofa --enable-libopenjpeg --enable-libopenmpt --enable-libopus --enable-libpulse --enable-librsvg --enable-librubberband --enable-libshine --enable-libsnappy --enable-libsoxr --enable-libspeex --enable-libssh --enable-libtheora --enable-libtwolame --enable-libvidstab --enable-libvorbis --enable-libvpx --enable-libwavpack --enable-libwebp --enable-libx265 --enable-libxml2 --enable-libxvid --enable-libzmq --enable-libzvbi --enable-lv2 --enable-omx --enable-openal --enable-opencl --enable-opengl --enable-sdl2 --enable-libdc1394 --enable-libdrm --enable-libiec61883 --enable-nvenc --enable-chromaprint --enable-frei0r --enable-libx264 --enable-shared
  libavutil      56. 31.100 / 56. 31.100
  libavcodec     58. 54.100 / 58. 54.100
  libavformat    58. 29.100 / 58. 29.100
  libavdevice    58.  8.100 / 58.  8.100
  libavfilter     7. 57.100 /  7. 57.100
  libavresample   4.  0.  0 /  4.  0.  0
  libswscale      5.  5.100 /  5.  5.100
  libswresample   3.  5.100 /  3.  5.100
  libpostproc    55.  5.100 / 55.  5.100
[tcp @ 0x55839bc3dc00] Starting connection attempt to 43.199.149.178 port 1935
[tcp @ 0x55839bc3dc00] Successfully connected to 43.199.149.178 port 1935
[h264 @ 0x55839bc41fc0] Reinit context to 1024x624, pix_fmt: yuv420p
[flv @ 0x55839bc3c980] max_analyze_duration 5000000 reached at 5000000 microseconds st:1
Input #0, flv, from 'rtmp://43.199.149.178/live/front_right':
  Metadata:
    title           : /camera3/rtsp
    comment         : rtsp_image_transport
    encoder         : Lavf58.29.100
    server          : SRS/5.0.213(Bee)
    server_version  : 5.0.213
  Duration: N/A, start: 0.000000, bitrate: N/A
    Stream #0:0: Data: none
    Stream #0:1: Video: h264 (Main), 1 reference frame, yuv420p(progressive, left), 1024x616 (1024x624) [SAR 1:1 DAR 128:77], 30 fps, 10 tbr, 1k tbn, 60 tbc
Unsupported codec with id 0 for input stream 0
[STREAM]
index=0
codec_name=unknown
codec_long_name=unknown
profile=unknown
codec_type=data
codec_tag_string=[0][0][0][0]
codec_tag=0x0000
id=N/A
r_frame_rate=0/0
avg_frame_rate=0/0
time_base=1/1000
start_pts=0
start_time=0.000000
duration_ts=N/A
duration=N/A
bit_rate=N/A
max_bit_rate=N/A
bits_per_raw_sample=N/A
nb_frames=N/A
nb_read_frames=N/A
nb_read_packets=N/A
DISPOSITION:default=0
DISPOSITION:dub=0
DISPOSITION:original=0
DISPOSITION:comment=0
DISPOSITION:lyrics=0
DISPOSITION:karaoke=0
DISPOSITION:forced=0
DISPOSITION:hearing_impaired=0
DISPOSITION:visual_impaired=0
DISPOSITION:clean_effects=0
DISPOSITION:attached_pic=0
DISPOSITION:timed_thumbnails=0
[/STREAM]
[STREAM]
index=1
codec_name=h264
codec_long_name=H.264 / AVC / MPEG-4 AVC / MPEG-4 part 10
profile=Main
codec_type=video
codec_time_base=1/60
codec_tag_string=[0][0][0][0]
codec_tag=0x0000
width=1024
height=616
coded_width=1024
coded_height=624
has_b_frames=0
sample_aspect_ratio=1:1
display_aspect_ratio=128:77
pix_fmt=yuv420p
level=31
color_range=unknown
color_space=unknown
color_transfer=unknown
color_primaries=unknown
chroma_location=left
field_order=progressive
timecode=N/A
refs=1
is_avc=true
nal_length_size=4
id=N/A
r_frame_rate=10/1
avg_frame_rate=30/1
time_base=1/1000
start_pts=10
start_time=0.010000
duration_ts=N/A
duration=N/A
bit_rate=N/A
max_bit_rate=N/A
bits_per_raw_sample=8
nb_frames=N/A
nb_read_frames=N/A
nb_read_packets=N/A
DISPOSITION:default=0
DISPOSITION:dub=0
DISPOSITION:original=0
DISPOSITION:comment=0
DISPOSITION:lyrics=0
DISPOSITION:karaoke=0
DISPOSITION:forced=0
DISPOSITION:hearing_impaired=0
DISPOSITION:visual_impaired=0
DISPOSITION:clean_effects=0
DISPOSITION:attached_pic=0
DISPOSITION:timed_thumbnails=0
[/STREAM]
[FORMAT]
filename=rtmp://43.199.149.178/live/front_right
nb_streams=2
nb_programs=0
format_name=flv
format_long_name=FLV (Flash Video)
start_time=0.000000
duration=N/A
size=N/A
bit_rate=N/A
probe_score=100
TAG:title=/camera3/rtsp
TAG:comment=rtsp_image_transport
TAG:encoder=Lavf58.29.100
TAG:server=SRS/5.0.213(Bee)
TAG:server_version=5.0.213
[/FORMAT]
[AVIOContext @ 0x55839bc3f640] Statistics: 652011 bytes read, 0 seeks
---------------------[ ffprobe Log End ]----------------------
SUMMARY: Status OK. Check passed because ffprobe successfully connected to the stream and retrieved its information (Exit Code: 0).

====================[ End of Check Cycle ]====================

==========================================================
                STREAM STATUS CHECK @ Friday, July 25, 2025 PM12:40:29 HKT
==========================================================

------------------[ Checking Stream: front_left ]------------------
URL: rtmp://43.199.149.178/live/front_left
--------------------[ ffprobe Log Start ]---------------------
ffprobe version 4.2.7-0ubuntu0.1 Copyright (c) 2007-2022 the FFmpeg developers
  built with gcc 9 (Ubuntu 9.4.0-1ubuntu1~20.04.1)
  configuration: --prefix=/usr --extra-version=0ubuntu0.1 --toolchain=hardened --libdir=/usr/lib/x86_64-linux-gnu --incdir=/usr/include/x86_64-linux-gnu --arch=amd64 --enable-gpl --disable-stripping --enable-avresample --disable-filter=resample --enable-avisynth --enable-gnutls --enable-ladspa --enable-libaom --enable-libass --enable-libbluray --enable-libbs2b --enable-libcaca --enable-libcdio --enable-libcodec2 --enable-libflite --enable-libfontconfig --enable-libfreetype --enable-libfribidi --enable-libgme --enable-libgsm --enable-libjack --enable-libmp3lame --enable-libmysofa --enable-libopenjpeg --enable-libopenmpt --enable-libopus --enable-libpulse --enable-librsvg --enable-librubberband --enable-libshine --enable-libsnappy --enable-libsoxr --enable-libspeex --enable-libssh --enable-libtheora --enable-libtwolame --enable-libvidstab --enable-libvorbis --enable-libvpx --enable-libwavpack --enable-libwebp --enable-libx265 --enable-libxml2 --enable-libxvid --enable-libzmq --enable-libzvbi --enable-lv2 --enable-omx --enable-openal --enable-opencl --enable-opengl --enable-sdl2 --enable-libdc1394 --enable-libdrm --enable-libiec61883 --enable-nvenc --enable-chromaprint --enable-frei0r --enable-libx264 --enable-shared
  libavutil      56. 31.100 / 56. 31.100
  libavcodec     58. 54.100 / 58. 54.100
  libavformat    58. 29.100 / 58. 29.100
  libavdevice    58.  8.100 / 58.  8.100
  libavfilter     7. 57.100 /  7. 57.100
  libavresample   4.  0.  0 /  4.  0.  0
  libswscale      5.  5.100 /  5.  5.100
  libswresample   3.  5.100 /  3.  5.100
  libpostproc    55.  5.100 / 55.  5.100
[tcp @ 0x560b0309ac00] Starting connection attempt to 43.199.149.178 port 1935
[tcp @ 0x560b0309ac00] Successfully connected to 43.199.149.178 port 1935
[h264 @ 0x560b0309efc0] Reinit context to 1024x624, pix_fmt: yuv420p
[flv @ 0x560b03099980] max_analyze_duration 5000000 reached at 5000000 microseconds st:1
Input #0, flv, from 'rtmp://43.199.149.178/live/front_left':
  Metadata:
    title           : /camera5/rtsp
    comment         : rtsp_image_transport
    encoder         : Lavf58.29.100
    server          : SRS/5.0.213(Bee)
    server_version  : 5.0.213
  Duration: N/A, start: 0.000000, bitrate: N/A
    Stream #0:0: Data: none
    Stream #0:1: Video: h264 (Main), 1 reference frame, yuv420p(progressive, left), 1024x616 (1024x624) [SAR 1:1 DAR 128:77], 30 fps, 10 tbr, 1k tbn, 60 tbc
Unsupported codec with id 0 for input stream 0
[STREAM]
index=0
codec_name=unknown
codec_long_name=unknown
profile=unknown
codec_type=data
codec_tag_string=[0][0][0][0]
codec_tag=0x0000
id=N/A
r_frame_rate=0/0
avg_frame_rate=0/0
time_base=1/1000
start_pts=0
start_time=0.000000
duration_ts=N/A
duration=N/A
bit_rate=N/A
max_bit_rate=N/A
bits_per_raw_sample=N/A
nb_frames=N/A
nb_read_frames=N/A
nb_read_packets=N/A
DISPOSITION:default=0
DISPOSITION:dub=0
DISPOSITION:original=0
DISPOSITION:comment=0
DISPOSITION:lyrics=0
DISPOSITION:karaoke=0
DISPOSITION:forced=0
DISPOSITION:hearing_impaired=0
DISPOSITION:visual_impaired=0
DISPOSITION:clean_effects=0
DISPOSITION:attached_pic=0
DISPOSITION:timed_thumbnails=0
[/STREAM]
[STREAM]
index=1
codec_name=h264
codec_long_name=H.264 / AVC / MPEG-4 AVC / MPEG-4 part 10
profile=Main
codec_type=video
codec_time_base=1/60
codec_tag_string=[0][0][0][0]
codec_tag=0x0000
width=1024
height=616
coded_width=1024
coded_height=624
has_b_frames=0
sample_aspect_ratio=1:1
display_aspect_ratio=128:77
pix_fmt=yuv420p
level=31
color_range=unknown
color_space=unknown
color_transfer=unknown
color_primaries=unknown
chroma_location=left
field_order=progressive
timecode=N/A
refs=1
is_avc=true
nal_length_size=4
id=N/A
r_frame_rate=10/1
avg_frame_rate=30/1
time_base=1/1000
start_pts=10
start_time=0.010000
duration_ts=N/A
duration=N/A
bit_rate=N/A
max_bit_rate=N/A
bits_per_raw_sample=8
nb_frames=N/A
nb_read_frames=N/A
nb_read_packets=N/A
DISPOSITION:default=0
DISPOSITION:dub=0
DISPOSITION:original=0
DISPOSITION:comment=0
DISPOSITION:lyrics=0
DISPOSITION:karaoke=0
DISPOSITION:forced=0
DISPOSITION:hearing_impaired=0
DISPOSITION:visual_impaired=0
DISPOSITION:clean_effects=0
DISPOSITION:attached_pic=0
DISPOSITION:timed_thumbnails=0
[/STREAM]
[FORMAT]
filename=rtmp://43.199.149.178/live/front_left
nb_streams=2
nb_programs=0
format_name=flv
format_long_name=FLV (Flash Video)
start_time=0.000000
duration=N/A
size=N/A
bit_rate=N/A
probe_score=100
TAG:title=/camera5/rtsp
TAG:comment=rtsp_image_transport
TAG:encoder=Lavf58.29.100
TAG:server=SRS/5.0.213(Bee)
TAG:server_version=5.0.213
[/FORMAT]
[AVIOContext @ 0x560b0309c640] Statistics: 654289 bytes read, 0 seeks
---------------------[ ffprobe Log End ]----------------------
SUMMARY: Status OK. Check passed because ffprobe successfully connected to the stream and retrieved its information (Exit Code: 0).


------------------[ Checking Stream: front_right ]------------------
URL: rtmp://43.199.149.178/live/front_right
--------------------[ ffprobe Log Start ]---------------------
ffprobe version 4.2.7-0ubuntu0.1 Copyright (c) 2007-2022 the FFmpeg developers
  built with gcc 9 (Ubuntu 9.4.0-1ubuntu1~20.04.1)
  configuration: --prefix=/usr --extra-version=0ubuntu0.1 --toolchain=hardened --libdir=/usr/lib/x86_64-linux-gnu --incdir=/usr/include/x86_64-linux-gnu --arch=amd64 --enable-gpl --disable-stripping --enable-avresample --disable-filter=resample --enable-avisynth --enable-gnutls --enable-ladspa --enable-libaom --enable-libass --enable-libbluray --enable-libbs2b --enable-libcaca --enable-libcdio --enable-libcodec2 --enable-libflite --enable-libfontconfig --enable-libfreetype --enable-libfribidi --enable-libgme --enable-libgsm --enable-libjack --enable-libmp3lame --enable-libmysofa --enable-libopenjpeg --enable-libopenmpt --enable-libopus --enable-libpulse --enable-librsvg --enable-librubberband --enable-libshine --enable-libsnappy --enable-libsoxr --enable-libspeex --enable-libssh --enable-libtheora --enable-libtwolame --enable-libvidstab --enable-libvorbis --enable-libvpx --enable-libwavpack --enable-libwebp --enable-libx265 --enable-libxml2 --enable-libxvid --enable-libzmq --enable-libzvbi --enable-lv2 --enable-omx --enable-openal --enable-opencl --enable-opengl --enable-sdl2 --enable-libdc1394 --enable-libdrm --enable-libiec61883 --enable-nvenc --enable-chromaprint --enable-frei0r --enable-libx264 --enable-shared
  libavutil      56. 31.100 / 56. 31.100
  libavcodec     58. 54.100 / 58. 54.100
  libavformat    58. 29.100 / 58. 29.100
  libavdevice    58.  8.100 / 58.  8.100
  libavfilter     7. 57.100 /  7. 57.100
  libavresample   4.  0.  0 /  4.  0.  0
  libswscale      5.  5.100 /  5.  5.100
  libswresample   3.  5.100 /  3.  5.100
  libpostproc    55.  5.100 / 55.  5.100
[tcp @ 0x5603aaba0c00] Starting connection attempt to 43.199.149.178 port 1935
[tcp @ 0x5603aaba0c00] Successfully connected to 43.199.149.178 port 1935
[h264 @ 0x5603aaba4fc0] Reinit context to 1024x624, pix_fmt: yuv420p
[flv @ 0x5603aab9f980] max_analyze_duration 5000000 reached at 5000000 microseconds st:1
Input #0, flv, from 'rtmp://43.199.149.178/live/front_right':
  Metadata:
    title           : /camera3/rtsp
    comment         : rtsp_image_transport
    encoder         : Lavf58.29.100
    server          : SRS/5.0.213(Bee)
    server_version  : 5.0.213
  Duration: N/A, start: 0.000000, bitrate: N/A
    Stream #0:0: Data: none
    Stream #0:1: Video: h264 (Main), 1 reference frame, yuv420p(progressive, left), 1024x616 (1024x624) [SAR 1:1 DAR 128:77], 30 fps, 10 tbr, 1k tbn, 60 tbc
Unsupported codec with id 0 for input stream 0
[STREAM]
index=0
codec_name=unknown
codec_long_name=unknown
profile=unknown
codec_type=data
codec_tag_string=[0][0][0][0]
codec_tag=0x0000
id=N/A
r_frame_rate=0/0
avg_frame_rate=0/0
time_base=1/1000
start_pts=0
start_time=0.000000
duration_ts=N/A
duration=N/A
bit_rate=N/A
max_bit_rate=N/A
bits_per_raw_sample=N/A
nb_frames=N/A
nb_read_frames=N/A
nb_read_packets=N/A
DISPOSITION:default=0
DISPOSITION:dub=0
DISPOSITION:original=0
DISPOSITION:comment=0
DISPOSITION:lyrics=0
DISPOSITION:karaoke=0
DISPOSITION:forced=0
DISPOSITION:hearing_impaired=0
DISPOSITION:visual_impaired=0
DISPOSITION:clean_effects=0
DISPOSITION:attached_pic=0
DISPOSITION:timed_thumbnails=0
[/STREAM]
[STREAM]
index=1
codec_name=h264
codec_long_name=H.264 / AVC / MPEG-4 AVC / MPEG-4 part 10
profile=Main
codec_type=video
codec_time_base=1/60
codec_tag_string=[0][0][0][0]
codec_tag=0x0000
width=1024
height=616
coded_width=1024
coded_height=624
has_b_frames=0
sample_aspect_ratio=1:1
display_aspect_ratio=128:77
pix_fmt=yuv420p
level=31
color_range=unknown
color_space=unknown
color_transfer=unknown
color_primaries=unknown
chroma_location=left
field_order=progressive
timecode=N/A
refs=1
is_avc=true
nal_length_size=4
id=N/A
r_frame_rate=10/1
avg_frame_rate=30/1
time_base=1/1000
start_pts=10
start_time=0.010000
duration_ts=N/A
duration=N/A
bit_rate=N/A
max_bit_rate=N/A
bits_per_raw_sample=8
nb_frames=N/A
nb_read_frames=N/A
nb_read_packets=N/A
DISPOSITION:default=0
DISPOSITION:dub=0
DISPOSITION:original=0
DISPOSITION:comment=0
DISPOSITION:lyrics=0
DISPOSITION:karaoke=0
DISPOSITION:forced=0
DISPOSITION:hearing_impaired=0
DISPOSITION:visual_impaired=0
DISPOSITION:clean_effects=0
DISPOSITION:attached_pic=0
DISPOSITION:timed_thumbnails=0
[/STREAM]
[FORMAT]
filename=rtmp://43.199.149.178/live/front_right
nb_streams=2
nb_programs=0
format_name=flv
format_long_name=FLV (Flash Video)
start_time=0.000000
duration=N/A
size=N/A
bit_rate=N/A
probe_score=100
TAG:title=/camera3/rtsp
TAG:comment=rtsp_image_transport
TAG:encoder=Lavf58.29.100
TAG:server=SRS/5.0.213(Bee)
TAG:server_version=5.0.213
[/FORMAT]
[AVIOContext @ 0x5603aaba2640] Statistics: 622767 bytes read, 0 seeks
---------------------[ ffprobe Log End ]----------------------
SUMMARY: Status OK. Check passed because ffprobe successfully connected to the stream and retrieved its information (Exit Code: 0).

====================[ End of Check Cycle ]====================

==========================================================
                STREAM STATUS CHECK @ Friday, July 25, 2025 PM12:42:01 HKT
==========================================================

------------------[ Checking Stream: front_left ]------------------
URL: rtmp://43.199.149.178/live/front_left
--------------------[ ffprobe Log Start ]---------------------
ffprobe version 4.2.7-0ubuntu0.1 Copyright (c) 2007-2022 the FFmpeg developers
  built with gcc 9 (Ubuntu 9.4.0-1ubuntu1~20.04.1)
  configuration: --prefix=/usr --extra-version=0ubuntu0.1 --toolchain=hardened --libdir=/usr/lib/x86_64-linux-gnu --incdir=/usr/include/x86_64-linux-gnu --arch=amd64 --enable-gpl --disable-stripping --enable-avresample --disable-filter=resample --enable-avisynth --enable-gnutls --enable-ladspa --enable-libaom --enable-libass --enable-libbluray --enable-libbs2b --enable-libcaca --enable-libcdio --enable-libcodec2 --enable-libflite --enable-libfontconfig --enable-libfreetype --enable-libfribidi --enable-libgme --enable-libgsm --enable-libjack --enable-libmp3lame --enable-libmysofa --enable-libopenjpeg --enable-libopenmpt --enable-libopus --enable-libpulse --enable-librsvg --enable-librubberband --enable-libshine --enable-libsnappy --enable-libsoxr --enable-libspeex --enable-libssh --enable-libtheora --enable-libtwolame --enable-libvidstab --enable-libvorbis --enable-libvpx --enable-libwavpack --enable-libwebp --enable-libx265 --enable-libxml2 --enable-libxvid --enable-libzmq --enable-libzvbi --enable-lv2 --enable-omx --enable-openal --enable-opencl --enable-opengl --enable-sdl2 --enable-libdc1394 --enable-libdrm --enable-libiec61883 --enable-nvenc --enable-chromaprint --enable-frei0r --enable-libx264 --enable-shared
  libavutil      56. 31.100 / 56. 31.100
  libavcodec     58. 54.100 / 58. 54.100
  libavformat    58. 29.100 / 58. 29.100
  libavdevice    58.  8.100 / 58.  8.100
  libavfilter     7. 57.100 /  7. 57.100
  libavresample   4.  0.  0 /  4.  0.  0
  libswscale      5.  5.100 /  5.  5.100
  libswresample   3.  5.100 /  3.  5.100
  libpostproc    55.  5.100 / 55.  5.100
[tcp @ 0x55886ad55c00] Starting connection attempt to 43.199.149.178 port 1935
[tcp @ 0x55886ad55c00] Successfully connected to 43.199.149.178 port 1935
[h264 @ 0x55886ad59fc0] Reinit context to 1024x624, pix_fmt: yuv420p
[flv @ 0x55886ad54980] max_analyze_duration 5000000 reached at 5000000 microseconds st:1
Input #0, flv, from 'rtmp://43.199.149.178/live/front_left':
  Metadata:
    title           : /camera5/rtsp
    comment         : rtsp_image_transport
    encoder         : Lavf58.29.100
    server          : SRS/5.0.213(Bee)
    server_version  : 5.0.213
  Duration: N/A, start: 0.000000, bitrate: N/A
    Stream #0:0: Data: none
    Stream #0:1: Video: h264 (Main), 1 reference frame, yuv420p(progressive, left), 1024x616 (1024x624) [SAR 1:1 DAR 128:77], 30 fps, 10 tbr, 1k tbn, 60 tbc
Unsupported codec with id 0 for input stream 0
[STREAM]
index=0
codec_name=unknown
codec_long_name=unknown
profile=unknown
codec_type=data
codec_tag_string=[0][0][0][0]
codec_tag=0x0000
id=N/A
r_frame_rate=0/0
avg_frame_rate=0/0
time_base=1/1000
start_pts=0
start_time=0.000000
duration_ts=N/A
duration=N/A
bit_rate=N/A
max_bit_rate=N/A
bits_per_raw_sample=N/A
nb_frames=N/A
nb_read_frames=N/A
nb_read_packets=N/A
DISPOSITION:default=0
DISPOSITION:dub=0
DISPOSITION:original=0
DISPOSITION:comment=0
DISPOSITION:lyrics=0
DISPOSITION:karaoke=0
DISPOSITION:forced=0
DISPOSITION:hearing_impaired=0
DISPOSITION:visual_impaired=0
DISPOSITION:clean_effects=0
DISPOSITION:attached_pic=0
DISPOSITION:timed_thumbnails=0
[/STREAM]
[STREAM]
index=1
codec_name=h264
codec_long_name=H.264 / AVC / MPEG-4 AVC / MPEG-4 part 10
profile=Main
codec_type=video
codec_time_base=1/60
codec_tag_string=[0][0][0][0]
codec_tag=0x0000
width=1024
height=616
coded_width=1024
coded_height=624
has_b_frames=0
sample_aspect_ratio=1:1
display_aspect_ratio=128:77
pix_fmt=yuv420p
level=31
color_range=unknown
color_space=unknown
color_transfer=unknown
color_primaries=unknown
chroma_location=left
field_order=progressive
timecode=N/A
refs=1
is_avc=true
nal_length_size=4
id=N/A
r_frame_rate=10/1
avg_frame_rate=30/1
time_base=1/1000
start_pts=10
start_time=0.010000
duration_ts=N/A
duration=N/A
bit_rate=N/A
max_bit_rate=N/A
bits_per_raw_sample=8
nb_frames=N/A
nb_read_frames=N/A
nb_read_packets=N/A
DISPOSITION:default=0
DISPOSITION:dub=0
DISPOSITION:original=0
DISPOSITION:comment=0
DISPOSITION:lyrics=0
DISPOSITION:karaoke=0
DISPOSITION:forced=0
DISPOSITION:hearing_impaired=0
DISPOSITION:visual_impaired=0
DISPOSITION:clean_effects=0
DISPOSITION:attached_pic=0
DISPOSITION:timed_thumbnails=0
[/STREAM]
[FORMAT]
filename=rtmp://43.199.149.178/live/front_left
nb_streams=2
nb_programs=0
format_name=flv
format_long_name=FLV (Flash Video)
start_time=0.000000
duration=N/A
size=N/A
bit_rate=N/A
probe_score=100
TAG:title=/camera5/rtsp
TAG:comment=rtsp_image_transport
TAG:encoder=Lavf58.29.100
TAG:server=SRS/5.0.213(Bee)
TAG:server_version=5.0.213
[/FORMAT]
[AVIOContext @ 0x55886ad57640] Statistics: 607358 bytes read, 0 seeks
---------------------[ ffprobe Log End ]----------------------
SUMMARY: Status OK. Check passed because ffprobe successfully connected to the stream and retrieved its information (Exit Code: 0).


------------------[ Checking Stream: front_right ]------------------
URL: rtmp://43.199.149.178/live/front_right
--------------------[ ffprobe Log Start ]---------------------
ffprobe version 4.2.7-0ubuntu0.1 Copyright (c) 2007-2022 the FFmpeg developers
  built with gcc 9 (Ubuntu 9.4.0-1ubuntu1~20.04.1)
  configuration: --prefix=/usr --extra-version=0ubuntu0.1 --toolchain=hardened --libdir=/usr/lib/x86_64-linux-gnu --incdir=/usr/include/x86_64-linux-gnu --arch=amd64 --enable-gpl --disable-stripping --enable-avresample --disable-filter=resample --enable-avisynth --enable-gnutls --enable-ladspa --enable-libaom --enable-libass --enable-libbluray --enable-libbs2b --enable-libcaca --enable-libcdio --enable-libcodec2 --enable-libflite --enable-libfontconfig --enable-libfreetype --enable-libfribidi --enable-libgme --enable-libgsm --enable-libjack --enable-libmp3lame --enable-libmysofa --enable-libopenjpeg --enable-libopenmpt --enable-libopus --enable-libpulse --enable-librsvg --enable-librubberband --enable-libshine --enable-libsnappy --enable-libsoxr --enable-libspeex --enable-libssh --enable-libtheora --enable-libtwolame --enable-libvidstab --enable-libvorbis --enable-libvpx --enable-libwavpack --enable-libwebp --enable-libx265 --enable-libxml2 --enable-libxvid --enable-libzmq --enable-libzvbi --enable-lv2 --enable-omx --enable-openal --enable-opencl --enable-opengl --enable-sdl2 --enable-libdc1394 --enable-libdrm --enable-libiec61883 --enable-nvenc --enable-chromaprint --enable-frei0r --enable-libx264 --enable-shared
  libavutil      56. 31.100 / 56. 31.100
  libavcodec     58. 54.100 / 58. 54.100
  libavformat    58. 29.100 / 58. 29.100
  libavdevice    58.  8.100 / 58.  8.100
  libavfilter     7. 57.100 /  7. 57.100
  libavresample   4.  0.  0 /  4.  0.  0
  libswscale      5.  5.100 /  5.  5.100
  libswresample   3.  5.100 /  3.  5.100
  libpostproc    55.  5.100 / 55.  5.100
[tcp @ 0x55cbdfc41c00] Starting connection attempt to 43.199.149.178 port 1935
[tcp @ 0x55cbdfc41c00] Successfully connected to 43.199.149.178 port 1935
[h264 @ 0x55cbdfc45fc0] Reinit context to 1024x624, pix_fmt: yuv420p
[flv @ 0x55cbdfc40980] max_analyze_duration 5000000 reached at 5000000 microseconds st:1
Input #0, flv, from 'rtmp://43.199.149.178/live/front_right':
  Metadata:
    title           : /camera3/rtsp
    comment         : rtsp_image_transport
    encoder         : Lavf58.29.100
    server          : SRS/5.0.213(Bee)
    server_version  : 5.0.213
  Duration: N/A, start: 0.000000, bitrate: N/A
    Stream #0:0: Data: none
    Stream #0:1: Video: h264 (Main), 1 reference frame, yuv420p(progressive, left), 1024x616 (1024x624) [SAR 1:1 DAR 128:77], 30 fps, 10 tbr, 1k tbn, 60 tbc
Unsupported codec with id 0 for input stream 0
[STREAM]
index=0
codec_name=unknown
codec_long_name=unknown
profile=unknown
codec_type=data
codec_tag_string=[0][0][0][0]
codec_tag=0x0000
id=N/A
r_frame_rate=0/0
avg_frame_rate=0/0
time_base=1/1000
start_pts=0
start_time=0.000000
duration_ts=N/A
duration=N/A
bit_rate=N/A
max_bit_rate=N/A
bits_per_raw_sample=N/A
nb_frames=N/A
nb_read_frames=N/A
nb_read_packets=N/A
DISPOSITION:default=0
DISPOSITION:dub=0
DISPOSITION:original=0
DISPOSITION:comment=0
DISPOSITION:lyrics=0
DISPOSITION:karaoke=0
DISPOSITION:forced=0
DISPOSITION:hearing_impaired=0
DISPOSITION:visual_impaired=0
DISPOSITION:clean_effects=0
DISPOSITION:attached_pic=0
DISPOSITION:timed_thumbnails=0
[/STREAM]
[STREAM]
index=1
codec_name=h264
codec_long_name=H.264 / AVC / MPEG-4 AVC / MPEG-4 part 10
profile=Main
codec_type=video
codec_time_base=1/60
codec_tag_string=[0][0][0][0]
codec_tag=0x0000
width=1024
height=616
coded_width=1024
coded_height=624
has_b_frames=0
sample_aspect_ratio=1:1
display_aspect_ratio=128:77
pix_fmt=yuv420p
level=31
color_range=unknown
color_space=unknown
color_transfer=unknown
color_primaries=unknown
chroma_location=left
field_order=progressive
timecode=N/A
refs=1
is_avc=true
nal_length_size=4
id=N/A
r_frame_rate=10/1
avg_frame_rate=30/1
time_base=1/1000
start_pts=10
start_time=0.010000
duration_ts=N/A
duration=N/A
bit_rate=N/A
max_bit_rate=N/A
bits_per_raw_sample=8
nb_frames=N/A
nb_read_frames=N/A
nb_read_packets=N/A
DISPOSITION:default=0
DISPOSITION:dub=0
DISPOSITION:original=0
DISPOSITION:comment=0
DISPOSITION:lyrics=0
DISPOSITION:karaoke=0
DISPOSITION:forced=0
DISPOSITION:hearing_impaired=0
DISPOSITION:visual_impaired=0
DISPOSITION:clean_effects=0
DISPOSITION:attached_pic=0
DISPOSITION:timed_thumbnails=0
[/STREAM]
[FORMAT]
filename=rtmp://43.199.149.178/live/front_right
nb_streams=2
nb_programs=0
format_name=flv
format_long_name=FLV (Flash Video)
start_time=0.000000
duration=N/A
size=N/A
bit_rate=N/A
probe_score=100
TAG:title=/camera3/rtsp
TAG:comment=rtsp_image_transport
TAG:encoder=Lavf58.29.100
TAG:server=SRS/5.0.213(Bee)
TAG:server_version=5.0.213
[/FORMAT]
[AVIOContext @ 0x55cbdfc43640] Statistics: 640468 bytes read, 0 seeks
---------------------[ ffprobe Log End ]----------------------
SUMMARY: Status OK. Check passed because ffprobe successfully connected to the stream and retrieved its information (Exit Code: 0).

====================[ End of Check Cycle ]====================

==========================================================
                STREAM STATUS CHECK @ Friday, July 25, 2025 PM12:43:36 HKT
==========================================================

------------------[ Checking Stream: front_left ]------------------
URL: rtmp://43.199.149.178/live/front_left
--------------------[ ffprobe Log Start ]---------------------
ffprobe version 4.2.7-0ubuntu0.1 Copyright (c) 2007-2022 the FFmpeg developers
  built with gcc 9 (Ubuntu 9.4.0-1ubuntu1~20.04.1)
  configuration: --prefix=/usr --extra-version=0ubuntu0.1 --toolchain=hardened --libdir=/usr/lib/x86_64-linux-gnu --incdir=/usr/include/x86_64-linux-gnu --arch=amd64 --enable-gpl --disable-stripping --enable-avresample --disable-filter=resample --enable-avisynth --enable-gnutls --enable-ladspa --enable-libaom --enable-libass --enable-libbluray --enable-libbs2b --enable-libcaca --enable-libcdio --enable-libcodec2 --enable-libflite --enable-libfontconfig --enable-libfreetype --enable-libfribidi --enable-libgme --enable-libgsm --enable-libjack --enable-libmp3lame --enable-libmysofa --enable-libopenjpeg --enable-libopenmpt --enable-libopus --enable-libpulse --enable-librsvg --enable-librubberband --enable-libshine --enable-libsnappy --enable-libsoxr --enable-libspeex --enable-libssh --enable-libtheora --enable-libtwolame --enable-libvidstab --enable-libvorbis --enable-libvpx --enable-libwavpack --enable-libwebp --enable-libx265 --enable-libxml2 --enable-libxvid --enable-libzmq --enable-libzvbi --enable-lv2 --enable-omx --enable-openal --enable-opencl --enable-opengl --enable-sdl2 --enable-libdc1394 --enable-libdrm --enable-libiec61883 --enable-nvenc --enable-chromaprint --enable-frei0r --enable-libx264 --enable-shared
  libavutil      56. 31.100 / 56. 31.100
  libavcodec     58. 54.100 / 58. 54.100
  libavformat    58. 29.100 / 58. 29.100
  libavdevice    58.  8.100 / 58.  8.100
  libavfilter     7. 57.100 /  7. 57.100
  libavresample   4.  0.  0 /  4.  0.  0
  libswscale      5.  5.100 /  5.  5.100
  libswresample   3.  5.100 /  3.  5.100
  libpostproc    55.  5.100 / 55.  5.100
[tcp @ 0x5617f3cbec00] Starting connection attempt to 43.199.149.178 port 1935
[tcp @ 0x5617f3cbec00] Successfully connected to 43.199.149.178 port 1935
[h264 @ 0x5617f3cc1980] Reinit context to 1024x624, pix_fmt: yuv420p
[flv @ 0x5617f3cbd980] max_analyze_duration 5000000 reached at 5000000 microseconds st:1
Input #0, flv, from 'rtmp://43.199.149.178/live/front_left':
  Metadata:
    title           : /camera5/rtsp
    comment         : rtsp_image_transport
    encoder         : Lavf58.29.100
    server          : SRS/5.0.213(Bee)
    server_version  : 5.0.213
  Duration: N/A, start: 0.000000, bitrate: N/A
    Stream #0:0: Data: none
    Stream #0:1: Video: h264 (Main), 1 reference frame, yuv420p(progressive, left), 1024x616 (1024x624) [SAR 1:1 DAR 128:77], 30 fps, 10 tbr, 1k tbn, 60 tbc
Unsupported codec with id 0 for input stream 0
[STREAM]
index=0
codec_name=unknown
codec_long_name=unknown
profile=unknown
codec_type=data
codec_tag_string=[0][0][0][0]
codec_tag=0x0000
id=N/A
r_frame_rate=0/0
avg_frame_rate=0/0
time_base=1/1000
start_pts=0
start_time=0.000000
duration_ts=N/A
duration=N/A
bit_rate=N/A
max_bit_rate=N/A
bits_per_raw_sample=N/A
nb_frames=N/A
nb_read_frames=N/A
nb_read_packets=N/A
DISPOSITION:default=0
DISPOSITION:dub=0
DISPOSITION:original=0
DISPOSITION:comment=0
DISPOSITION:lyrics=0
DISPOSITION:karaoke=0
DISPOSITION:forced=0
DISPOSITION:hearing_impaired=0
DISPOSITION:visual_impaired=0
DISPOSITION:clean_effects=0
DISPOSITION:attached_pic=0
DISPOSITION:timed_thumbnails=0
[/STREAM]
[STREAM]
index=1
codec_name=h264
codec_long_name=H.264 / AVC / MPEG-4 AVC / MPEG-4 part 10
profile=Main
codec_type=video
codec_time_base=1/60
codec_tag_string=[0][0][0][0]
codec_tag=0x0000
width=1024
height=616
coded_width=1024
coded_height=624
has_b_frames=0
sample_aspect_ratio=1:1
display_aspect_ratio=128:77
pix_fmt=yuv420p
level=31
color_range=unknown
color_space=unknown
color_transfer=unknown
color_primaries=unknown
chroma_location=left
field_order=progressive
timecode=N/A
refs=1
is_avc=true
nal_length_size=4
id=N/A
r_frame_rate=10/1
avg_frame_rate=30/1
time_base=1/1000
start_pts=10
start_time=0.010000
duration_ts=N/A
duration=N/A
bit_rate=N/A
max_bit_rate=N/A
bits_per_raw_sample=8
nb_frames=N/A
nb_read_frames=N/A
nb_read_packets=N/A
DISPOSITION:default=0
DISPOSITION:dub=0
DISPOSITION:original=0
DISPOSITION:comment=0
DISPOSITION:lyrics=0
DISPOSITION:karaoke=0
DISPOSITION:forced=0
DISPOSITION:hearing_impaired=0
DISPOSITION:visual_impaired=0
DISPOSITION:clean_effects=0
DISPOSITION:attached_pic=0
DISPOSITION:timed_thumbnails=0
[/STREAM]
[FORMAT]
filename=rtmp://43.199.149.178/live/front_left
nb_streams=2
nb_programs=0
format_name=flv
format_long_name=FLV (Flash Video)
start_time=0.000000
duration=N/A
size=N/A
bit_rate=N/A
probe_score=100
TAG:title=/camera5/rtsp
TAG:comment=rtsp_image_transport
TAG:encoder=Lavf58.29.100
TAG:server=SRS/5.0.213(Bee)
TAG:server_version=5.0.213
[/FORMAT]
[AVIOContext @ 0x5617f3cc0640] Statistics: 665263 bytes read, 0 seeks
---------------------[ ffprobe Log End ]----------------------
SUMMARY: Status OK. Check passed because ffprobe successfully connected to the stream and retrieved its information (Exit Code: 0).


------------------[ Checking Stream: front_right ]------------------
URL: rtmp://43.199.149.178/live/front_right
--------------------[ ffprobe Log Start ]---------------------
ffprobe version 4.2.7-0ubuntu0.1 Copyright (c) 2007-2022 the FFmpeg developers
  built with gcc 9 (Ubuntu 9.4.0-1ubuntu1~20.04.1)
  configuration: --prefix=/usr --extra-version=0ubuntu0.1 --toolchain=hardened --libdir=/usr/lib/x86_64-linux-gnu --incdir=/usr/include/x86_64-linux-gnu --arch=amd64 --enable-gpl --disable-stripping --enable-avresample --disable-filter=resample --enable-avisynth --enable-gnutls --enable-ladspa --enable-libaom --enable-libass --enable-libbluray --enable-libbs2b --enable-libcaca --enable-libcdio --enable-libcodec2 --enable-libflite --enable-libfontconfig --enable-libfreetype --enable-libfribidi --enable-libgme --enable-libgsm --enable-libjack --enable-libmp3lame --enable-libmysofa --enable-libopenjpeg --enable-libopenmpt --enable-libopus --enable-libpulse --enable-librsvg --enable-librubberband --enable-libshine --enable-libsnappy --enable-libsoxr --enable-libspeex --enable-libssh --enable-libtheora --enable-libtwolame --enable-libvidstab --enable-libvorbis --enable-libvpx --enable-libwavpack --enable-libwebp --enable-libx265 --enable-libxml2 --enable-libxvid --enable-libzmq --enable-libzvbi --enable-lv2 --enable-omx --enable-openal --enable-opencl --enable-opengl --enable-sdl2 --enable-libdc1394 --enable-libdrm --enable-libiec61883 --enable-nvenc --enable-chromaprint --enable-frei0r --enable-libx264 --enable-shared
  libavutil      56. 31.100 / 56. 31.100
  libavcodec     58. 54.100 / 58. 54.100
  libavformat    58. 29.100 / 58. 29.100
  libavdevice    58.  8.100 / 58.  8.100
  libavfilter     7. 57.100 /  7. 57.100
  libavresample   4.  0.  0 /  4.  0.  0
  libswscale      5.  5.100 /  5.  5.100
  libswresample   3.  5.100 /  3.  5.100
  libpostproc    55.  5.100 / 55.  5.100
[tcp @ 0x556951782c00] Starting connection attempt to 43.199.149.178 port 1935
[tcp @ 0x556951782c00] Successfully connected to 43.199.149.178 port 1935
[h264 @ 0x556951797240] Reinit context to 1024x624, pix_fmt: yuv420p
[flv @ 0x556951781980] max_analyze_duration 5000000 reached at 5000000 microseconds st:1
Input #0, flv, from 'rtmp://43.199.149.178/live/front_right':
  Metadata:
    title           : /camera3/rtsp
    comment         : rtsp_image_transport
    encoder         : Lavf58.29.100
    server          : SRS/5.0.213(Bee)
    server_version  : 5.0.213
  Duration: N/A, start: 0.000000, bitrate: N/A
    Stream #0:0: Data: none
    Stream #0:1: Video: h264 (Main), 1 reference frame, yuv420p(progressive, left), 1024x616 (1024x624) [SAR 1:1 DAR 128:77], 30 fps, 10 tbr, 1k tbn, 60 tbc
Unsupported codec with id 0 for input stream 0
[STREAM]
index=0
codec_name=unknown
codec_long_name=unknown
profile=unknown
codec_type=data
codec_tag_string=[0][0][0][0]
codec_tag=0x0000
id=N/A
r_frame_rate=0/0
avg_frame_rate=0/0
time_base=1/1000
start_pts=0
start_time=0.000000
duration_ts=N/A
duration=N/A
bit_rate=N/A
max_bit_rate=N/A
bits_per_raw_sample=N/A
nb_frames=N/A
nb_read_frames=N/A
nb_read_packets=N/A
DISPOSITION:default=0
DISPOSITION:dub=0
DISPOSITION:original=0
DISPOSITION:comment=0
DISPOSITION:lyrics=0
DISPOSITION:karaoke=0
DISPOSITION:forced=0
DISPOSITION:hearing_impaired=0
DISPOSITION:visual_impaired=0
DISPOSITION:clean_effects=0
DISPOSITION:attached_pic=0
DISPOSITION:timed_thumbnails=0
[/STREAM]
[STREAM]
index=1
codec_name=h264
codec_long_name=H.264 / AVC / MPEG-4 AVC / MPEG-4 part 10
profile=Main
codec_type=video
codec_time_base=1/60
codec_tag_string=[0][0][0][0]
codec_tag=0x0000
width=1024
height=616
coded_width=1024
coded_height=624
has_b_frames=0
sample_aspect_ratio=1:1
display_aspect_ratio=128:77
pix_fmt=yuv420p
level=31
color_range=unknown
color_space=unknown
color_transfer=unknown
color_primaries=unknown
chroma_location=left
field_order=progressive
timecode=N/A
refs=1
is_avc=true
nal_length_size=4
id=N/A
r_frame_rate=10/1
avg_frame_rate=30/1
time_base=1/1000
start_pts=10
start_time=0.010000
duration_ts=N/A
duration=N/A
bit_rate=N/A
max_bit_rate=N/A
bits_per_raw_sample=8
nb_frames=N/A
nb_read_frames=N/A
nb_read_packets=N/A
DISPOSITION:default=0
DISPOSITION:dub=0
DISPOSITION:original=0
DISPOSITION:comment=0
DISPOSITION:lyrics=0
DISPOSITION:karaoke=0
DISPOSITION:forced=0
DISPOSITION:hearing_impaired=0
DISPOSITION:visual_impaired=0
DISPOSITION:clean_effects=0
DISPOSITION:attached_pic=0
DISPOSITION:timed_thumbnails=0
[/STREAM]
[FORMAT]
filename=rtmp://43.199.149.178/live/front_right
nb_streams=2
nb_programs=0
format_name=flv
format_long_name=FLV (Flash Video)
start_time=0.000000
duration=N/A
size=N/A
bit_rate=N/A
probe_score=100
TAG:title=/camera3/rtsp
TAG:comment=rtsp_image_transport
TAG:encoder=Lavf58.29.100
TAG:server=SRS/5.0.213(Bee)
TAG:server_version=5.0.213
[/FORMAT]
[AVIOContext @ 0x556951784640] Statistics: 680148 bytes read, 0 seeks
---------------------[ ffprobe Log End ]----------------------
SUMMARY: Status OK. Check passed because ffprobe successfully connected to the stream and retrieved its information (Exit Code: 0).

====================[ End of Check Cycle ]====================

==========================================================
                STREAM STATUS CHECK @ Friday, July 25, 2025 PM12:45:06 HKT
==========================================================

------------------[ Checking Stream: front_left ]------------------
URL: rtmp://43.199.149.178/live/front_left
--------------------[ ffprobe Log Start ]---------------------
ffprobe version 4.2.7-0ubuntu0.1 Copyright (c) 2007-2022 the FFmpeg developers
  built with gcc 9 (Ubuntu 9.4.0-1ubuntu1~20.04.1)
  configuration: --prefix=/usr --extra-version=0ubuntu0.1 --toolchain=hardened --libdir=/usr/lib/x86_64-linux-gnu --incdir=/usr/include/x86_64-linux-gnu --arch=amd64 --enable-gpl --disable-stripping --enable-avresample --disable-filter=resample --enable-avisynth --enable-gnutls --enable-ladspa --enable-libaom --enable-libass --enable-libbluray --enable-libbs2b --enable-libcaca --enable-libcdio --enable-libcodec2 --enable-libflite --enable-libfontconfig --enable-libfreetype --enable-libfribidi --enable-libgme --enable-libgsm --enable-libjack --enable-libmp3lame --enable-libmysofa --enable-libopenjpeg --enable-libopenmpt --enable-libopus --enable-libpulse --enable-librsvg --enable-librubberband --enable-libshine --enable-libsnappy --enable-libsoxr --enable-libspeex --enable-libssh --enable-libtheora --enable-libtwolame --enable-libvidstab --enable-libvorbis --enable-libvpx --enable-libwavpack --enable-libwebp --enable-libx265 --enable-libxml2 --enable-libxvid --enable-libzmq --enable-libzvbi --enable-lv2 --enable-omx --enable-openal --enable-opencl --enable-opengl --enable-sdl2 --enable-libdc1394 --enable-libdrm --enable-libiec61883 --enable-nvenc --enable-chromaprint --enable-frei0r --enable-libx264 --enable-shared
  libavutil      56. 31.100 / 56. 31.100
  libavcodec     58. 54.100 / 58. 54.100
  libavformat    58. 29.100 / 58. 29.100
  libavdevice    58.  8.100 / 58.  8.100
  libavfilter     7. 57.100 /  7. 57.100
  libavresample   4.  0.  0 /  4.  0.  0
  libswscale      5.  5.100 /  5.  5.100
  libswresample   3.  5.100 /  3.  5.100
  libpostproc    55.  5.100 / 55.  5.100
[tcp @ 0x55de6882bc00] Starting connection attempt to 43.199.149.178 port 1935
[tcp @ 0x55de6882bc00] Successfully connected to 43.199.149.178 port 1935
[h264 @ 0x55de6882ffc0] Reinit context to 1024x624, pix_fmt: yuv420p
[flv @ 0x55de6882a980] max_analyze_duration 5000000 reached at 5000000 microseconds st:1
Input #0, flv, from 'rtmp://43.199.149.178/live/front_left':
  Metadata:
    title           : /camera5/rtsp
    comment         : rtsp_image_transport
    encoder         : Lavf58.29.100
    server          : SRS/5.0.213(Bee)
    server_version  : 5.0.213
  Duration: N/A, start: 0.000000, bitrate: N/A
    Stream #0:0: Data: none
    Stream #0:1: Video: h264 (Main), 1 reference frame, yuv420p(progressive, left), 1024x616 (1024x624) [SAR 1:1 DAR 128:77], 30 fps, 10 tbr, 1k tbn, 60 tbc
Unsupported codec with id 0 for input stream 0
[STREAM]
index=0
codec_name=unknown
codec_long_name=unknown
profile=unknown
codec_type=data
codec_tag_string=[0][0][0][0]
codec_tag=0x0000
id=N/A
r_frame_rate=0/0
avg_frame_rate=0/0
time_base=1/1000
start_pts=0
start_time=0.000000
duration_ts=N/A
duration=N/A
bit_rate=N/A
max_bit_rate=N/A
bits_per_raw_sample=N/A
nb_frames=N/A
nb_read_frames=N/A
nb_read_packets=N/A
DISPOSITION:default=0
DISPOSITION:dub=0
DISPOSITION:original=0
DISPOSITION:comment=0
DISPOSITION:lyrics=0
DISPOSITION:karaoke=0
DISPOSITION:forced=0
DISPOSITION:hearing_impaired=0
DISPOSITION:visual_impaired=0
DISPOSITION:clean_effects=0
DISPOSITION:attached_pic=0
DISPOSITION:timed_thumbnails=0
[/STREAM]
[STREAM]
index=1
codec_name=h264
codec_long_name=H.264 / AVC / MPEG-4 AVC / MPEG-4 part 10
profile=Main
codec_type=video
codec_time_base=1/60
codec_tag_string=[0][0][0][0]
codec_tag=0x0000
width=1024
height=616
coded_width=1024
coded_height=624
has_b_frames=0
sample_aspect_ratio=1:1
display_aspect_ratio=128:77
pix_fmt=yuv420p
level=31
color_range=unknown
color_space=unknown
color_transfer=unknown
color_primaries=unknown
chroma_location=left
field_order=progressive
timecode=N/A
refs=1
is_avc=true
nal_length_size=4
id=N/A
r_frame_rate=10/1
avg_frame_rate=30/1
time_base=1/1000
start_pts=10
start_time=0.010000
duration_ts=N/A
duration=N/A
bit_rate=N/A
max_bit_rate=N/A
bits_per_raw_sample=8
nb_frames=N/A
nb_read_frames=N/A
nb_read_packets=N/A
DISPOSITION:default=0
DISPOSITION:dub=0
DISPOSITION:original=0
DISPOSITION:comment=0
DISPOSITION:lyrics=0
DISPOSITION:karaoke=0
DISPOSITION:forced=0
DISPOSITION:hearing_impaired=0
DISPOSITION:visual_impaired=0
DISPOSITION:clean_effects=0
DISPOSITION:attached_pic=0
DISPOSITION:timed_thumbnails=0
[/STREAM]
[FORMAT]
filename=rtmp://43.199.149.178/live/front_left
nb_streams=2
nb_programs=0
format_name=flv
format_long_name=FLV (Flash Video)
start_time=0.000000
duration=N/A
size=N/A
bit_rate=N/A
probe_score=100
TAG:title=/camera5/rtsp
TAG:comment=rtsp_image_transport
TAG:encoder=Lavf58.29.100
TAG:server=SRS/5.0.213(Bee)
TAG:server_version=5.0.213
[/FORMAT]
[AVIOContext @ 0x55de6882d640] Statistics: 641442 bytes read, 0 seeks
---------------------[ ffprobe Log End ]----------------------
SUMMARY: Status OK. Check passed because ffprobe successfully connected to the stream and retrieved its information (Exit Code: 0).


------------------[ Checking Stream: front_right ]------------------
URL: rtmp://43.199.149.178/live/front_right
--------------------[ ffprobe Log Start ]---------------------
ffprobe version 4.2.7-0ubuntu0.1 Copyright (c) 2007-2022 the FFmpeg developers
  built with gcc 9 (Ubuntu 9.4.0-1ubuntu1~20.04.1)
  configuration: --prefix=/usr --extra-version=0ubuntu0.1 --toolchain=hardened --libdir=/usr/lib/x86_64-linux-gnu --incdir=/usr/include/x86_64-linux-gnu --arch=amd64 --enable-gpl --disable-stripping --enable-avresample --disable-filter=resample --enable-avisynth --enable-gnutls --enable-ladspa --enable-libaom --enable-libass --enable-libbluray --enable-libbs2b --enable-libcaca --enable-libcdio --enable-libcodec2 --enable-libflite --enable-libfontconfig --enable-libfreetype --enable-libfribidi --enable-libgme --enable-libgsm --enable-libjack --enable-libmp3lame --enable-libmysofa --enable-libopenjpeg --enable-libopenmpt --enable-libopus --enable-libpulse --enable-librsvg --enable-librubberband --enable-libshine --enable-libsnappy --enable-libsoxr --enable-libspeex --enable-libssh --enable-libtheora --enable-libtwolame --enable-libvidstab --enable-libvorbis --enable-libvpx --enable-libwavpack --enable-libwebp --enable-libx265 --enable-libxml2 --enable-libxvid --enable-libzmq --enable-libzvbi --enable-lv2 --enable-omx --enable-openal --enable-opencl --enable-opengl --enable-sdl2 --enable-libdc1394 --enable-libdrm --enable-libiec61883 --enable-nvenc --enable-chromaprint --enable-frei0r --enable-libx264 --enable-shared
  libavutil      56. 31.100 / 56. 31.100
  libavcodec     58. 54.100 / 58. 54.100
  libavformat    58. 29.100 / 58. 29.100
  libavdevice    58.  8.100 / 58.  8.100
  libavfilter     7. 57.100 /  7. 57.100
  libavresample   4.  0.  0 /  4.  0.  0
  libswscale      5.  5.100 /  5.  5.100
  libswresample   3.  5.100 /  3.  5.100
  libpostproc    55.  5.100 / 55.  5.100
[tcp @ 0x56497f7f8c00] Starting connection attempt to 43.199.149.178 port 1935
[tcp @ 0x56497f7f8c00] Successfully connected to 43.199.149.178 port 1935
[h264 @ 0x56497f7fcfc0] Reinit context to 1024x624, pix_fmt: yuv420p
[flv @ 0x56497f7f7980] max_analyze_duration 5000000 reached at 5000000 microseconds st:1
Input #0, flv, from 'rtmp://43.199.149.178/live/front_right':
  Metadata:
    title           : /camera3/rtsp
    comment         : rtsp_image_transport
    encoder         : Lavf58.29.100
    server          : SRS/5.0.213(Bee)
    server_version  : 5.0.213
  Duration: N/A, start: 0.000000, bitrate: N/A
    Stream #0:0: Data: none
    Stream #0:1: Video: h264 (Main), 1 reference frame, yuv420p(progressive, left), 1024x616 (1024x624) [SAR 1:1 DAR 128:77], 30 fps, 10 tbr, 1k tbn, 60 tbc
Unsupported codec with id 0 for input stream 0
[STREAM]
index=0
codec_name=unknown
codec_long_name=unknown
profile=unknown
codec_type=data
codec_tag_string=[0][0][0][0]
codec_tag=0x0000
id=N/A
r_frame_rate=0/0
avg_frame_rate=0/0
time_base=1/1000
start_pts=0
start_time=0.000000
duration_ts=N/A
duration=N/A
bit_rate=N/A
max_bit_rate=N/A
bits_per_raw_sample=N/A
nb_frames=N/A
nb_read_frames=N/A
nb_read_packets=N/A
DISPOSITION:default=0
DISPOSITION:dub=0
DISPOSITION:original=0
DISPOSITION:comment=0
DISPOSITION:lyrics=0
DISPOSITION:karaoke=0
DISPOSITION:forced=0
DISPOSITION:hearing_impaired=0
DISPOSITION:visual_impaired=0
DISPOSITION:clean_effects=0
DISPOSITION:attached_pic=0
DISPOSITION:timed_thumbnails=0
[/STREAM]
[STREAM]
index=1
codec_name=h264
codec_long_name=H.264 / AVC / MPEG-4 AVC / MPEG-4 part 10
profile=Main
codec_type=video
codec_time_base=1/60
codec_tag_string=[0][0][0][0]
codec_tag=0x0000
width=1024
height=616
coded_width=1024
coded_height=624
has_b_frames=0
sample_aspect_ratio=1:1
display_aspect_ratio=128:77
pix_fmt=yuv420p
level=31
color_range=unknown
color_space=unknown
color_transfer=unknown
color_primaries=unknown
chroma_location=left
field_order=progressive
timecode=N/A
refs=1
is_avc=true
nal_length_size=4
id=N/A
r_frame_rate=10/1
avg_frame_rate=30/1
time_base=1/1000
start_pts=10
start_time=0.010000
duration_ts=N/A
duration=N/A
bit_rate=N/A
max_bit_rate=N/A
bits_per_raw_sample=8
nb_frames=N/A
nb_read_frames=N/A
nb_read_packets=N/A
DISPOSITION:default=0
DISPOSITION:dub=0
DISPOSITION:original=0
DISPOSITION:comment=0
DISPOSITION:lyrics=0
DISPOSITION:karaoke=0
DISPOSITION:forced=0
DISPOSITION:hearing_impaired=0
DISPOSITION:visual_impaired=0
DISPOSITION:clean_effects=0
DISPOSITION:attached_pic=0
DISPOSITION:timed_thumbnails=0
[/STREAM]
[FORMAT]
filename=rtmp://43.199.149.178/live/front_right
nb_streams=2
nb_programs=0
format_name=flv
format_long_name=FLV (Flash Video)
start_time=0.000000
duration=N/A
size=N/A
bit_rate=N/A
probe_score=100
TAG:title=/camera3/rtsp
TAG:comment=rtsp_image_transport
TAG:encoder=Lavf58.29.100
TAG:server=SRS/5.0.213(Bee)
TAG:server_version=5.0.213
[/FORMAT]
[AVIOContext @ 0x56497f7fa640] Statistics: 619447 bytes read, 0 seeks
---------------------[ ffprobe Log End ]----------------------
SUMMARY: Status OK. Check passed because ffprobe successfully connected to the stream and retrieved its information (Exit Code: 0).

====================[ End of Check Cycle ]====================

==========================================================
                STREAM STATUS CHECK @ Friday, July 25, 2025 PM12:46:36 HKT
==========================================================

------------------[ Checking Stream: front_left ]------------------
URL: rtmp://43.199.149.178/live/front_left
--------------------[ ffprobe Log Start ]---------------------
ffprobe version 4.2.7-0ubuntu0.1 Copyright (c) 2007-2022 the FFmpeg developers
  built with gcc 9 (Ubuntu 9.4.0-1ubuntu1~20.04.1)
  configuration: --prefix=/usr --extra-version=0ubuntu0.1 --toolchain=hardened --libdir=/usr/lib/x86_64-linux-gnu --incdir=/usr/include/x86_64-linux-gnu --arch=amd64 --enable-gpl --disable-stripping --enable-avresample --disable-filter=resample --enable-avisynth --enable-gnutls --enable-ladspa --enable-libaom --enable-libass --enable-libbluray --enable-libbs2b --enable-libcaca --enable-libcdio --enable-libcodec2 --enable-libflite --enable-libfontconfig --enable-libfreetype --enable-libfribidi --enable-libgme --enable-libgsm --enable-libjack --enable-libmp3lame --enable-libmysofa --enable-libopenjpeg --enable-libopenmpt --enable-libopus --enable-libpulse --enable-librsvg --enable-librubberband --enable-libshine --enable-libsnappy --enable-libsoxr --enable-libspeex --enable-libssh --enable-libtheora --enable-libtwolame --enable-libvidstab --enable-libvorbis --enable-libvpx --enable-libwavpack --enable-libwebp --enable-libx265 --enable-libxml2 --enable-libxvid --enable-libzmq --enable-libzvbi --enable-lv2 --enable-omx --enable-openal --enable-opencl --enable-opengl --enable-sdl2 --enable-libdc1394 --enable-libdrm --enable-libiec61883 --enable-nvenc --enable-chromaprint --enable-frei0r --enable-libx264 --enable-shared
  libavutil      56. 31.100 / 56. 31.100
  libavcodec     58. 54.100 / 58. 54.100
  libavformat    58. 29.100 / 58. 29.100
  libavdevice    58.  8.100 / 58.  8.100
  libavfilter     7. 57.100 /  7. 57.100
  libavresample   4.  0.  0 /  4.  0.  0
  libswscale      5.  5.100 /  5.  5.100
  libswresample   3.  5.100 /  3.  5.100
  libpostproc    55.  5.100 / 55.  5.100
[tcp @ 0x562b77877c00] Starting connection attempt to 43.199.149.178 port 1935
[tcp @ 0x562b77877c00] Successfully connected to 43.199.149.178 port 1935
[h264 @ 0x562b7787bfc0] Reinit context to 1024x624, pix_fmt: yuv420p
[flv @ 0x562b77876980] max_analyze_duration 5000000 reached at 5000000 microseconds st:1
Input #0, flv, from 'rtmp://43.199.149.178/live/front_left':
  Metadata:
    title           : /camera5/rtsp
    comment         : rtsp_image_transport
    encoder         : Lavf58.29.100
    server          : SRS/5.0.213(Bee)
    server_version  : 5.0.213
  Duration: N/A, start: 0.000000, bitrate: N/A
    Stream #0:0: Data: none
    Stream #0:1: Video: h264 (Main), 1 reference frame, yuv420p(progressive, left), 1024x616 (1024x624) [SAR 1:1 DAR 128:77], 30 fps, 10 tbr, 1k tbn, 60 tbc
Unsupported codec with id 0 for input stream 0
[STREAM]
index=0
codec_name=unknown
codec_long_name=unknown
profile=unknown
codec_type=data
codec_tag_string=[0][0][0][0]
codec_tag=0x0000
id=N/A
r_frame_rate=0/0
avg_frame_rate=0/0
time_base=1/1000
start_pts=0
start_time=0.000000
duration_ts=N/A
duration=N/A
bit_rate=N/A
max_bit_rate=N/A
bits_per_raw_sample=N/A
nb_frames=N/A
nb_read_frames=N/A
nb_read_packets=N/A
DISPOSITION:default=0
DISPOSITION:dub=0
DISPOSITION:original=0
DISPOSITION:comment=0
DISPOSITION:lyrics=0
DISPOSITION:karaoke=0
DISPOSITION:forced=0
DISPOSITION:hearing_impaired=0
DISPOSITION:visual_impaired=0
DISPOSITION:clean_effects=0
DISPOSITION:attached_pic=0
DISPOSITION:timed_thumbnails=0
[/STREAM]
[STREAM]
index=1
codec_name=h264
codec_long_name=H.264 / AVC / MPEG-4 AVC / MPEG-4 part 10
profile=Main
codec_type=video
codec_time_base=1/60
codec_tag_string=[0][0][0][0]
codec_tag=0x0000
width=1024
height=616
coded_width=1024
coded_height=624
has_b_frames=0
sample_aspect_ratio=1:1
display_aspect_ratio=128:77
pix_fmt=yuv420p
level=31
color_range=unknown
color_space=unknown
color_transfer=unknown
color_primaries=unknown
chroma_location=left
field_order=progressive
timecode=N/A
refs=1
is_avc=true
nal_length_size=4
id=N/A
r_frame_rate=10/1
avg_frame_rate=30/1
time_base=1/1000
start_pts=10
start_time=0.010000
duration_ts=N/A
duration=N/A
bit_rate=N/A
max_bit_rate=N/A
bits_per_raw_sample=8
nb_frames=N/A
nb_read_frames=N/A
nb_read_packets=N/A
DISPOSITION:default=0
DISPOSITION:dub=0
DISPOSITION:original=0
DISPOSITION:comment=0
DISPOSITION:lyrics=0
DISPOSITION:karaoke=0
DISPOSITION:forced=0
DISPOSITION:hearing_impaired=0
DISPOSITION:visual_impaired=0
DISPOSITION:clean_effects=0
DISPOSITION:attached_pic=0
DISPOSITION:timed_thumbnails=0
[/STREAM]
[FORMAT]
filename=rtmp://43.199.149.178/live/front_left
nb_streams=2
nb_programs=0
format_name=flv
format_long_name=FLV (Flash Video)
start_time=0.000000
duration=N/A
size=N/A
bit_rate=N/A
probe_score=100
TAG:title=/camera5/rtsp
TAG:comment=rtsp_image_transport
TAG:encoder=Lavf58.29.100
TAG:server=SRS/5.0.213(Bee)
TAG:server_version=5.0.213
[/FORMAT]
[AVIOContext @ 0x562b77879640] Statistics: 611609 bytes read, 0 seeks
---------------------[ ffprobe Log End ]----------------------
SUMMARY: Status OK. Check passed because ffprobe successfully connected to the stream and retrieved its information (Exit Code: 0).


------------------[ Checking Stream: front_right ]------------------
URL: rtmp://43.199.149.178/live/front_right
--------------------[ ffprobe Log Start ]---------------------
ffprobe version 4.2.7-0ubuntu0.1 Copyright (c) 2007-2022 the FFmpeg developers
  built with gcc 9 (Ubuntu 9.4.0-1ubuntu1~20.04.1)
  configuration: --prefix=/usr --extra-version=0ubuntu0.1 --toolchain=hardened --libdir=/usr/lib/x86_64-linux-gnu --incdir=/usr/include/x86_64-linux-gnu --arch=amd64 --enable-gpl --disable-stripping --enable-avresample --disable-filter=resample --enable-avisynth --enable-gnutls --enable-ladspa --enable-libaom --enable-libass --enable-libbluray --enable-libbs2b --enable-libcaca --enable-libcdio --enable-libcodec2 --enable-libflite --enable-libfontconfig --enable-libfreetype --enable-libfribidi --enable-libgme --enable-libgsm --enable-libjack --enable-libmp3lame --enable-libmysofa --enable-libopenjpeg --enable-libopenmpt --enable-libopus --enable-libpulse --enable-librsvg --enable-librubberband --enable-libshine --enable-libsnappy --enable-libsoxr --enable-libspeex --enable-libssh --enable-libtheora --enable-libtwolame --enable-libvidstab --enable-libvorbis --enable-libvpx --enable-libwavpack --enable-libwebp --enable-libx265 --enable-libxml2 --enable-libxvid --enable-libzmq --enable-libzvbi --enable-lv2 --enable-omx --enable-openal --enable-opencl --enable-opengl --enable-sdl2 --enable-libdc1394 --enable-libdrm --enable-libiec61883 --enable-nvenc --enable-chromaprint --enable-frei0r --enable-libx264 --enable-shared
  libavutil      56. 31.100 / 56. 31.100
  libavcodec     58. 54.100 / 58. 54.100
  libavformat    58. 29.100 / 58. 29.100
  libavdevice    58.  8.100 / 58.  8.100
  libavfilter     7. 57.100 /  7. 57.100
  libavresample   4.  0.  0 /  4.  0.  0
  libswscale      5.  5.100 /  5.  5.100
  libswresample   3.  5.100 /  3.  5.100
  libpostproc    55.  5.100 / 55.  5.100
[tcp @ 0x55748aaaec00] Starting connection attempt to 43.199.149.178 port 1935
[tcp @ 0x55748aaaec00] Successfully connected to 43.199.149.178 port 1935
[h264 @ 0x55748aab2fc0] Reinit context to 1024x624, pix_fmt: yuv420p
[flv @ 0x55748aaad980] max_analyze_duration 5000000 reached at 5000000 microseconds st:1
Input #0, flv, from 'rtmp://43.199.149.178/live/front_right':
  Metadata:
    title           : /camera3/rtsp
    comment         : rtsp_image_transport
    encoder         : Lavf58.29.100
    server          : SRS/5.0.213(Bee)
    server_version  : 5.0.213
  Duration: N/A, start: 0.000000, bitrate: N/A
    Stream #0:0: Data: none
    Stream #0:1: Video: h264 (Main), 1 reference frame, yuv420p(progressive, left), 1024x616 (1024x624) [SAR 1:1 DAR 128:77], 30 fps, 10 tbr, 1k tbn, 60 tbc
Unsupported codec with id 0 for input stream 0
[STREAM]
index=0
codec_name=unknown
codec_long_name=unknown
profile=unknown
codec_type=data
codec_tag_string=[0][0][0][0]
codec_tag=0x0000
id=N/A
r_frame_rate=0/0
avg_frame_rate=0/0
time_base=1/1000
start_pts=0
start_time=0.000000
duration_ts=N/A
duration=N/A
bit_rate=N/A
max_bit_rate=N/A
bits_per_raw_sample=N/A
nb_frames=N/A
nb_read_frames=N/A
nb_read_packets=N/A
DISPOSITION:default=0
DISPOSITION:dub=0
DISPOSITION:original=0
DISPOSITION:comment=0
DISPOSITION:lyrics=0
DISPOSITION:karaoke=0
DISPOSITION:forced=0
DISPOSITION:hearing_impaired=0
DISPOSITION:visual_impaired=0
DISPOSITION:clean_effects=0
DISPOSITION:attached_pic=0
DISPOSITION:timed_thumbnails=0
[/STREAM]
[STREAM]
index=1
codec_name=h264
codec_long_name=H.264 / AVC / MPEG-4 AVC / MPEG-4 part 10
profile=Main
codec_type=video
codec_time_base=1/60
codec_tag_string=[0][0][0][0]
codec_tag=0x0000
width=1024
height=616
coded_width=1024
coded_height=624
has_b_frames=0
sample_aspect_ratio=1:1
display_aspect_ratio=128:77
pix_fmt=yuv420p
level=31
color_range=unknown
color_space=unknown
color_transfer=unknown
color_primaries=unknown
chroma_location=left
field_order=progressive
timecode=N/A
refs=1
is_avc=true
nal_length_size=4
id=N/A
r_frame_rate=10/1
avg_frame_rate=30/1
time_base=1/1000
start_pts=10
start_time=0.010000
duration_ts=N/A
duration=N/A
bit_rate=N/A
max_bit_rate=N/A
bits_per_raw_sample=8
nb_frames=N/A
nb_read_frames=N/A
nb_read_packets=N/A
DISPOSITION:default=0
DISPOSITION:dub=0
DISPOSITION:original=0
DISPOSITION:comment=0
DISPOSITION:lyrics=0
DISPOSITION:karaoke=0
DISPOSITION:forced=0
DISPOSITION:hearing_impaired=0
DISPOSITION:visual_impaired=0
DISPOSITION:clean_effects=0
DISPOSITION:attached_pic=0
DISPOSITION:timed_thumbnails=0
[/STREAM]
[FORMAT]
filename=rtmp://43.199.149.178/live/front_right
nb_streams=2
nb_programs=0
format_name=flv
format_long_name=FLV (Flash Video)
start_time=0.000000
duration=N/A
size=N/A
bit_rate=N/A
probe_score=100
TAG:title=/camera3/rtsp
TAG:comment=rtsp_image_transport
TAG:encoder=Lavf58.29.100
TAG:server=SRS/5.0.213(Bee)
TAG:server_version=5.0.213
[/FORMAT]
[AVIOContext @ 0x55748aab0640] Statistics: 693548 bytes read, 0 seeks
---------------------[ ffprobe Log End ]----------------------
SUMMARY: Status OK. Check passed because ffprobe successfully connected to the stream and retrieved its information (Exit Code: 0).

====================[ End of Check Cycle ]====================

==========================================================
                STREAM STATUS CHECK @ Friday, July 25, 2025 PM12:48:06 HKT
==========================================================

------------------[ Checking Stream: front_left ]------------------
URL: rtmp://43.199.149.178/live/front_left
--------------------[ ffprobe Log Start ]---------------------
ffprobe version 4.2.7-0ubuntu0.1 Copyright (c) 2007-2022 the FFmpeg developers
  built with gcc 9 (Ubuntu 9.4.0-1ubuntu1~20.04.1)
  configuration: --prefix=/usr --extra-version=0ubuntu0.1 --toolchain=hardened --libdir=/usr/lib/x86_64-linux-gnu --incdir=/usr/include/x86_64-linux-gnu --arch=amd64 --enable-gpl --disable-stripping --enable-avresample --disable-filter=resample --enable-avisynth --enable-gnutls --enable-ladspa --enable-libaom --enable-libass --enable-libbluray --enable-libbs2b --enable-libcaca --enable-libcdio --enable-libcodec2 --enable-libflite --enable-libfontconfig --enable-libfreetype --enable-libfribidi --enable-libgme --enable-libgsm --enable-libjack --enable-libmp3lame --enable-libmysofa --enable-libopenjpeg --enable-libopenmpt --enable-libopus --enable-libpulse --enable-librsvg --enable-librubberband --enable-libshine --enable-libsnappy --enable-libsoxr --enable-libspeex --enable-libssh --enable-libtheora --enable-libtwolame --enable-libvidstab --enable-libvorbis --enable-libvpx --enable-libwavpack --enable-libwebp --enable-libx265 --enable-libxml2 --enable-libxvid --enable-libzmq --enable-libzvbi --enable-lv2 --enable-omx --enable-openal --enable-opencl --enable-opengl --enable-sdl2 --enable-libdc1394 --enable-libdrm --enable-libiec61883 --enable-nvenc --enable-chromaprint --enable-frei0r --enable-libx264 --enable-shared
  libavutil      56. 31.100 / 56. 31.100
  libavcodec     58. 54.100 / 58. 54.100
  libavformat    58. 29.100 / 58. 29.100
  libavdevice    58.  8.100 / 58.  8.100
  libavfilter     7. 57.100 /  7. 57.100
  libavresample   4.  0.  0 /  4.  0.  0
  libswscale      5.  5.100 /  5.  5.100
  libswresample   3.  5.100 /  3.  5.100
  libpostproc    55.  5.100 / 55.  5.100
[tcp @ 0x55bfb620ac00] Starting connection attempt to 43.199.149.178 port 1935
[tcp @ 0x55bfb620ac00] Successfully connected to 43.199.149.178 port 1935
[h264 @ 0x55bfb620efc0] Reinit context to 1024x624, pix_fmt: yuv420p
[flv @ 0x55bfb6209980] max_analyze_duration 5000000 reached at 5000000 microseconds st:1
Input #0, flv, from 'rtmp://43.199.149.178/live/front_left':
  Metadata:
    title           : /camera5/rtsp
    comment         : rtsp_image_transport
    encoder         : Lavf58.29.100
    server          : SRS/5.0.213(Bee)
    server_version  : 5.0.213
  Duration: N/A, start: 0.000000, bitrate: N/A
    Stream #0:0: Data: none
    Stream #0:1: Video: h264 (Main), 1 reference frame, yuv420p(progressive, left), 1024x616 (1024x624) [SAR 1:1 DAR 128:77], 30 fps, 10 tbr, 1k tbn, 60 tbc
Unsupported codec with id 0 for input stream 0
[STREAM]
index=0
codec_name=unknown
codec_long_name=unknown
profile=unknown
codec_type=data
codec_tag_string=[0][0][0][0]
codec_tag=0x0000
id=N/A
r_frame_rate=0/0
avg_frame_rate=0/0
time_base=1/1000
start_pts=0
start_time=0.000000
duration_ts=N/A
duration=N/A
bit_rate=N/A
max_bit_rate=N/A
bits_per_raw_sample=N/A
nb_frames=N/A
nb_read_frames=N/A
nb_read_packets=N/A
DISPOSITION:default=0
DISPOSITION:dub=0
DISPOSITION:original=0
DISPOSITION:comment=0
DISPOSITION:lyrics=0
DISPOSITION:karaoke=0
DISPOSITION:forced=0
DISPOSITION:hearing_impaired=0
DISPOSITION:visual_impaired=0
DISPOSITION:clean_effects=0
DISPOSITION:attached_pic=0
DISPOSITION:timed_thumbnails=0
[/STREAM]
[STREAM]
index=1
codec_name=h264
codec_long_name=H.264 / AVC / MPEG-4 AVC / MPEG-4 part 10
profile=Main
codec_type=video
codec_time_base=1/60
codec_tag_string=[0][0][0][0]
codec_tag=0x0000
width=1024
height=616
coded_width=1024
coded_height=624
has_b_frames=0
sample_aspect_ratio=1:1
display_aspect_ratio=128:77
pix_fmt=yuv420p
level=31
color_range=unknown
color_space=unknown
color_transfer=unknown
color_primaries=unknown
chroma_location=left
field_order=progressive
timecode=N/A
refs=1
is_avc=true
nal_length_size=4
id=N/A
r_frame_rate=10/1
avg_frame_rate=30/1
time_base=1/1000
start_pts=10
start_time=0.010000
duration_ts=N/A
duration=N/A
bit_rate=N/A
max_bit_rate=N/A
bits_per_raw_sample=8
nb_frames=N/A
nb_read_frames=N/A
nb_read_packets=N/A
DISPOSITION:default=0
DISPOSITION:dub=0
DISPOSITION:original=0
DISPOSITION:comment=0
DISPOSITION:lyrics=0
DISPOSITION:karaoke=0
DISPOSITION:forced=0
DISPOSITION:hearing_impaired=0
DISPOSITION:visual_impaired=0
DISPOSITION:clean_effects=0
DISPOSITION:attached_pic=0
DISPOSITION:timed_thumbnails=0
[/STREAM]
[FORMAT]
filename=rtmp://43.199.149.178/live/front_left
nb_streams=2
nb_programs=0
format_name=flv
format_long_name=FLV (Flash Video)
start_time=0.000000
duration=N/A
size=N/A
bit_rate=N/A
probe_score=100
TAG:title=/camera5/rtsp
TAG:comment=rtsp_image_transport
TAG:encoder=Lavf58.29.100
TAG:server=SRS/5.0.213(Bee)
TAG:server_version=5.0.213
[/FORMAT]
[AVIOContext @ 0x55bfb620c640] Statistics: 670371 bytes read, 0 seeks
---------------------[ ffprobe Log End ]----------------------
SUMMARY: Status OK. Check passed because ffprobe successfully connected to the stream and retrieved its information (Exit Code: 0).


------------------[ Checking Stream: front_right ]------------------
URL: rtmp://43.199.149.178/live/front_right
--------------------[ ffprobe Log Start ]---------------------
ffprobe version 4.2.7-0ubuntu0.1 Copyright (c) 2007-2022 the FFmpeg developers
  built with gcc 9 (Ubuntu 9.4.0-1ubuntu1~20.04.1)
  configuration: --prefix=/usr --extra-version=0ubuntu0.1 --toolchain=hardened --libdir=/usr/lib/x86_64-linux-gnu --incdir=/usr/include/x86_64-linux-gnu --arch=amd64 --enable-gpl --disable-stripping --enable-avresample --disable-filter=resample --enable-avisynth --enable-gnutls --enable-ladspa --enable-libaom --enable-libass --enable-libbluray --enable-libbs2b --enable-libcaca --enable-libcdio --enable-libcodec2 --enable-libflite --enable-libfontconfig --enable-libfreetype --enable-libfribidi --enable-libgme --enable-libgsm --enable-libjack --enable-libmp3lame --enable-libmysofa --enable-libopenjpeg --enable-libopenmpt --enable-libopus --enable-libpulse --enable-librsvg --enable-librubberband --enable-libshine --enable-libsnappy --enable-libsoxr --enable-libspeex --enable-libssh --enable-libtheora --enable-libtwolame --enable-libvidstab --enable-libvorbis --enable-libvpx --enable-libwavpack --enable-libwebp --enable-libx265 --enable-libxml2 --enable-libxvid --enable-libzmq --enable-libzvbi --enable-lv2 --enable-omx --enable-openal --enable-opencl --enable-opengl --enable-sdl2 --enable-libdc1394 --enable-libdrm --enable-libiec61883 --enable-nvenc --enable-chromaprint --enable-frei0r --enable-libx264 --enable-shared
  libavutil      56. 31.100 / 56. 31.100
  libavcodec     58. 54.100 / 58. 54.100
  libavformat    58. 29.100 / 58. 29.100
  libavdevice    58.  8.100 / 58.  8.100
  libavfilter     7. 57.100 /  7. 57.100
  libavresample   4.  0.  0 /  4.  0.  0
  libswscale      5.  5.100 /  5.  5.100
  libswresample   3.  5.100 /  3.  5.100
  libpostproc    55.  5.100 / 55.  5.100
[tcp @ 0x559e0dc96c00] Starting connection attempt to 43.199.149.178 port 1935
[tcp @ 0x559e0dc96c00] Successfully connected to 43.199.149.178 port 1935
[h264 @ 0x559e0dcab240] Reinit context to 1024x624, pix_fmt: yuv420p
[flv @ 0x559e0dc95980] max_analyze_duration 5000000 reached at 5000000 microseconds st:1
Input #0, flv, from 'rtmp://43.199.149.178/live/front_right':
  Metadata:
    title           : /camera3/rtsp
    comment         : rtsp_image_transport
    encoder         : Lavf58.29.100
    server          : SRS/5.0.213(Bee)
    server_version  : 5.0.213
  Duration: N/A, start: 0.000000, bitrate: N/A
    Stream #0:0: Data: none
    Stream #0:1: Video: h264 (Main), 1 reference frame, yuv420p(progressive, left), 1024x616 (1024x624) [SAR 1:1 DAR 128:77], 30 fps, 10 tbr, 1k tbn, 60 tbc
Unsupported codec with id 0 for input stream 0
[STREAM]
index=0
codec_name=unknown
codec_long_name=unknown
profile=unknown
codec_type=data
codec_tag_string=[0][0][0][0]
codec_tag=0x0000
id=N/A
r_frame_rate=0/0
avg_frame_rate=0/0
time_base=1/1000
start_pts=0
start_time=0.000000
duration_ts=N/A
duration=N/A
bit_rate=N/A
max_bit_rate=N/A
bits_per_raw_sample=N/A
nb_frames=N/A
nb_read_frames=N/A
nb_read_packets=N/A
DISPOSITION:default=0
DISPOSITION:dub=0
DISPOSITION:original=0
DISPOSITION:comment=0
DISPOSITION:lyrics=0
DISPOSITION:karaoke=0
DISPOSITION:forced=0
DISPOSITION:hearing_impaired=0
DISPOSITION:visual_impaired=0
DISPOSITION:clean_effects=0
DISPOSITION:attached_pic=0
DISPOSITION:timed_thumbnails=0
[/STREAM]
[STREAM]
index=1
codec_name=h264
codec_long_name=H.264 / AVC / MPEG-4 AVC / MPEG-4 part 10
profile=Main
codec_type=video
codec_time_base=1/60
codec_tag_string=[0][0][0][0]
codec_tag=0x0000
width=1024
height=616
coded_width=1024
coded_height=624
has_b_frames=0
sample_aspect_ratio=1:1
display_aspect_ratio=128:77
pix_fmt=yuv420p
level=31
color_range=unknown
color_space=unknown
color_transfer=unknown
color_primaries=unknown
chroma_location=left
field_order=progressive
timecode=N/A
refs=1
is_avc=true
nal_length_size=4
id=N/A
r_frame_rate=10/1
avg_frame_rate=30/1
time_base=1/1000
start_pts=10
start_time=0.010000
duration_ts=N/A
duration=N/A
bit_rate=N/A
max_bit_rate=N/A
bits_per_raw_sample=8
nb_frames=N/A
nb_read_frames=N/A
nb_read_packets=N/A
DISPOSITION:default=0
DISPOSITION:dub=0
DISPOSITION:original=0
DISPOSITION:comment=0
DISPOSITION:lyrics=0
DISPOSITION:karaoke=0
DISPOSITION:forced=0
DISPOSITION:hearing_impaired=0
DISPOSITION:visual_impaired=0
DISPOSITION:clean_effects=0
DISPOSITION:attached_pic=0
DISPOSITION:timed_thumbnails=0
[/STREAM]
[FORMAT]
filename=rtmp://43.199.149.178/live/front_right
nb_streams=2
nb_programs=0
format_name=flv
format_long_name=FLV (Flash Video)
start_time=0.000000
duration=N/A
size=N/A
bit_rate=N/A
probe_score=100
TAG:title=/camera3/rtsp
TAG:comment=rtsp_image_transport
TAG:encoder=Lavf58.29.100
TAG:server=SRS/5.0.213(Bee)
TAG:server_version=5.0.213
[/FORMAT]
[AVIOContext @ 0x559e0dc98640] Statistics: 677050 bytes read, 0 seeks
---------------------[ ffprobe Log End ]----------------------
SUMMARY: Status OK. Check passed because ffprobe successfully connected to the stream and retrieved its information (Exit Code: 0).

====================[ End of Check Cycle ]====================

==========================================================
                STREAM STATUS CHECK @ Friday, July 25, 2025 PM12:49:36 HKT
==========================================================

------------------[ Checking Stream: front_left ]------------------
URL: rtmp://43.199.149.178/live/front_left
--------------------[ ffprobe Log Start ]---------------------
ffprobe version 4.2.7-0ubuntu0.1 Copyright (c) 2007-2022 the FFmpeg developers
  built with gcc 9 (Ubuntu 9.4.0-1ubuntu1~20.04.1)
  configuration: --prefix=/usr --extra-version=0ubuntu0.1 --toolchain=hardened --libdir=/usr/lib/x86_64-linux-gnu --incdir=/usr/include/x86_64-linux-gnu --arch=amd64 --enable-gpl --disable-stripping --enable-avresample --disable-filter=resample --enable-avisynth --enable-gnutls --enable-ladspa --enable-libaom --enable-libass --enable-libbluray --enable-libbs2b --enable-libcaca --enable-libcdio --enable-libcodec2 --enable-libflite --enable-libfontconfig --enable-libfreetype --enable-libfribidi --enable-libgme --enable-libgsm --enable-libjack --enable-libmp3lame --enable-libmysofa --enable-libopenjpeg --enable-libopenmpt --enable-libopus --enable-libpulse --enable-librsvg --enable-librubberband --enable-libshine --enable-libsnappy --enable-libsoxr --enable-libspeex --enable-libssh --enable-libtheora --enable-libtwolame --enable-libvidstab --enable-libvorbis --enable-libvpx --enable-libwavpack --enable-libwebp --enable-libx265 --enable-libxml2 --enable-libxvid --enable-libzmq --enable-libzvbi --enable-lv2 --enable-omx --enable-openal --enable-opencl --enable-opengl --enable-sdl2 --enable-libdc1394 --enable-libdrm --enable-libiec61883 --enable-nvenc --enable-chromaprint --enable-frei0r --enable-libx264 --enable-shared
  libavutil      56. 31.100 / 56. 31.100
  libavcodec     58. 54.100 / 58. 54.100
  libavformat    58. 29.100 / 58. 29.100
  libavdevice    58.  8.100 / 58.  8.100
  libavfilter     7. 57.100 /  7. 57.100
  libavresample   4.  0.  0 /  4.  0.  0
  libswscale      5.  5.100 /  5.  5.100
  libswresample   3.  5.100 /  3.  5.100
  libpostproc    55.  5.100 / 55.  5.100
[tcp @ 0x555ce192bc00] Starting connection attempt to 43.199.149.178 port 1935
[tcp @ 0x555ce192bc00] Successfully connected to 43.199.149.178 port 1935
[h264 @ 0x555ce192ffc0] Reinit context to 1024x624, pix_fmt: yuv420p
[flv @ 0x555ce192a980] max_analyze_duration 5000000 reached at 5000000 microseconds st:1
Input #0, flv, from 'rtmp://43.199.149.178/live/front_left':
  Metadata:
    title           : /camera5/rtsp
    comment         : rtsp_image_transport
    encoder         : Lavf58.29.100
    server          : SRS/5.0.213(Bee)
    server_version  : 5.0.213
  Duration: N/A, start: 0.000000, bitrate: N/A
    Stream #0:0: Data: none
    Stream #0:1: Video: h264 (Main), 1 reference frame, yuv420p(progressive, left), 1024x616 (1024x624) [SAR 1:1 DAR 128:77], 30 fps, 10 tbr, 1k tbn, 60 tbc
Unsupported codec with id 0 for input stream 0
[STREAM]
index=0
codec_name=unknown
codec_long_name=unknown
profile=unknown
codec_type=data
codec_tag_string=[0][0][0][0]
codec_tag=0x0000
id=N/A
r_frame_rate=0/0
avg_frame_rate=0/0
time_base=1/1000
start_pts=0
start_time=0.000000
duration_ts=N/A
duration=N/A
bit_rate=N/A
max_bit_rate=N/A
bits_per_raw_sample=N/A
nb_frames=N/A
nb_read_frames=N/A
nb_read_packets=N/A
DISPOSITION:default=0
DISPOSITION:dub=0
DISPOSITION:original=0
DISPOSITION:comment=0
DISPOSITION:lyrics=0
DISPOSITION:karaoke=0
DISPOSITION:forced=0
DISPOSITION:hearing_impaired=0
DISPOSITION:visual_impaired=0
DISPOSITION:clean_effects=0
DISPOSITION:attached_pic=0
DISPOSITION:timed_thumbnails=0
[/STREAM]
[STREAM]
index=1
codec_name=h264
codec_long_name=H.264 / AVC / MPEG-4 AVC / MPEG-4 part 10
profile=Main
codec_type=video
codec_time_base=1/60
codec_tag_string=[0][0][0][0]
codec_tag=0x0000
width=1024
height=616
coded_width=1024
coded_height=624
has_b_frames=0
sample_aspect_ratio=1:1
display_aspect_ratio=128:77
pix_fmt=yuv420p
level=31
color_range=unknown
color_space=unknown
color_transfer=unknown
color_primaries=unknown
chroma_location=left
field_order=progressive
timecode=N/A
refs=1
is_avc=true
nal_length_size=4
id=N/A
r_frame_rate=10/1
avg_frame_rate=30/1
time_base=1/1000
start_pts=10
start_time=0.010000
duration_ts=N/A
duration=N/A
bit_rate=N/A
max_bit_rate=N/A
bits_per_raw_sample=8
nb_frames=N/A
nb_read_frames=N/A
nb_read_packets=N/A
DISPOSITION:default=0
DISPOSITION:dub=0
DISPOSITION:original=0
DISPOSITION:comment=0
DISPOSITION:lyrics=0
DISPOSITION:karaoke=0
DISPOSITION:forced=0
DISPOSITION:hearing_impaired=0
DISPOSITION:visual_impaired=0
DISPOSITION:clean_effects=0
DISPOSITION:attached_pic=0
DISPOSITION:timed_thumbnails=0
[/STREAM]
[FORMAT]
filename=rtmp://43.199.149.178/live/front_left
nb_streams=2
nb_programs=0
format_name=flv
format_long_name=FLV (Flash Video)
start_time=0.000000
duration=N/A
size=N/A
bit_rate=N/A
probe_score=100
TAG:title=/camera5/rtsp
TAG:comment=rtsp_image_transport
TAG:encoder=Lavf58.29.100
TAG:server=SRS/5.0.213(Bee)
TAG:server_version=5.0.213
[/FORMAT]
[AVIOContext @ 0x555ce192d640] Statistics: 669506 bytes read, 0 seeks
---------------------[ ffprobe Log End ]----------------------
SUMMARY: Status OK. Check passed because ffprobe successfully connected to the stream and retrieved its information (Exit Code: 0).


------------------[ Checking Stream: front_right ]------------------
URL: rtmp://43.199.149.178/live/front_right
--------------------[ ffprobe Log Start ]---------------------
ffprobe version 4.2.7-0ubuntu0.1 Copyright (c) 2007-2022 the FFmpeg developers
  built with gcc 9 (Ubuntu 9.4.0-1ubuntu1~20.04.1)
  configuration: --prefix=/usr --extra-version=0ubuntu0.1 --toolchain=hardened --libdir=/usr/lib/x86_64-linux-gnu --incdir=/usr/include/x86_64-linux-gnu --arch=amd64 --enable-gpl --disable-stripping --enable-avresample --disable-filter=resample --enable-avisynth --enable-gnutls --enable-ladspa --enable-libaom --enable-libass --enable-libbluray --enable-libbs2b --enable-libcaca --enable-libcdio --enable-libcodec2 --enable-libflite --enable-libfontconfig --enable-libfreetype --enable-libfribidi --enable-libgme --enable-libgsm --enable-libjack --enable-libmp3lame --enable-libmysofa --enable-libopenjpeg --enable-libopenmpt --enable-libopus --enable-libpulse --enable-librsvg --enable-librubberband --enable-libshine --enable-libsnappy --enable-libsoxr --enable-libspeex --enable-libssh --enable-libtheora --enable-libtwolame --enable-libvidstab --enable-libvorbis --enable-libvpx --enable-libwavpack --enable-libwebp --enable-libx265 --enable-libxml2 --enable-libxvid --enable-libzmq --enable-libzvbi --enable-lv2 --enable-omx --enable-openal --enable-opencl --enable-opengl --enable-sdl2 --enable-libdc1394 --enable-libdrm --enable-libiec61883 --enable-nvenc --enable-chromaprint --enable-frei0r --enable-libx264 --enable-shared
  libavutil      56. 31.100 / 56. 31.100
  libavcodec     58. 54.100 / 58. 54.100
  libavformat    58. 29.100 / 58. 29.100
  libavdevice    58.  8.100 / 58.  8.100
  libavfilter     7. 57.100 /  7. 57.100
  libavresample   4.  0.  0 /  4.  0.  0
  libswscale      5.  5.100 /  5.  5.100
  libswresample   3.  5.100 /  3.  5.100
  libpostproc    55.  5.100 / 55.  5.100
[tcp @ 0x55c985ea2c00] Starting connection attempt to 43.199.149.178 port 1935
[tcp @ 0x55c985ea2c00] Successfully connected to 43.199.149.178 port 1935
[h264 @ 0x55c985ea6fc0] Reinit context to 1024x624, pix_fmt: yuv420p
[flv @ 0x55c985ea1980] max_analyze_duration 5000000 reached at 5000000 microseconds st:1
Input #0, flv, from 'rtmp://43.199.149.178/live/front_right':
  Metadata:
    title           : /camera3/rtsp
    comment         : rtsp_image_transport
    encoder         : Lavf58.29.100
    server          : SRS/5.0.213(Bee)
    server_version  : 5.0.213
  Duration: N/A, start: 0.000000, bitrate: N/A
    Stream #0:0: Data: none
    Stream #0:1: Video: h264 (Main), 1 reference frame, yuv420p(progressive, left), 1024x616 (1024x624) [SAR 1:1 DAR 128:77], 30 fps, 10 tbr, 1k tbn, 60 tbc
Unsupported codec with id 0 for input stream 0
[STREAM]
index=0
codec_name=unknown
codec_long_name=unknown
profile=unknown
codec_type=data
codec_tag_string=[0][0][0][0]
codec_tag=0x0000
id=N/A
r_frame_rate=0/0
avg_frame_rate=0/0
time_base=1/1000
start_pts=0
start_time=0.000000
duration_ts=N/A
duration=N/A
bit_rate=N/A
max_bit_rate=N/A
bits_per_raw_sample=N/A
nb_frames=N/A
nb_read_frames=N/A
nb_read_packets=N/A
DISPOSITION:default=0
DISPOSITION:dub=0
DISPOSITION:original=0
DISPOSITION:comment=0
DISPOSITION:lyrics=0
DISPOSITION:karaoke=0
DISPOSITION:forced=0
DISPOSITION:hearing_impaired=0
DISPOSITION:visual_impaired=0
DISPOSITION:clean_effects=0
DISPOSITION:attached_pic=0
DISPOSITION:timed_thumbnails=0
[/STREAM]
[STREAM]
index=1
codec_name=h264
codec_long_name=H.264 / AVC / MPEG-4 AVC / MPEG-4 part 10
profile=Main
codec_type=video
codec_time_base=1/60
codec_tag_string=[0][0][0][0]
codec_tag=0x0000
width=1024
height=616
coded_width=1024
coded_height=624
has_b_frames=0
sample_aspect_ratio=1:1
display_aspect_ratio=128:77
pix_fmt=yuv420p
level=31
color_range=unknown
color_space=unknown
color_transfer=unknown
color_primaries=unknown
chroma_location=left
field_order=progressive
timecode=N/A
refs=1
is_avc=true
nal_length_size=4
id=N/A
r_frame_rate=10/1
avg_frame_rate=30/1
time_base=1/1000
start_pts=10
start_time=0.010000
duration_ts=N/A
duration=N/A
bit_rate=N/A
max_bit_rate=N/A
bits_per_raw_sample=8
nb_frames=N/A
nb_read_frames=N/A
nb_read_packets=N/A
DISPOSITION:default=0
DISPOSITION:dub=0
DISPOSITION:original=0
DISPOSITION:comment=0
DISPOSITION:lyrics=0
DISPOSITION:karaoke=0
DISPOSITION:forced=0
DISPOSITION:hearing_impaired=0
DISPOSITION:visual_impaired=0
DISPOSITION:clean_effects=0
DISPOSITION:attached_pic=0
DISPOSITION:timed_thumbnails=0
[/STREAM]
[FORMAT]
filename=rtmp://43.199.149.178/live/front_right
nb_streams=2
nb_programs=0
format_name=flv
format_long_name=FLV (Flash Video)
start_time=0.000000
duration=N/A
size=N/A
bit_rate=N/A
probe_score=100
TAG:title=/camera3/rtsp
TAG:comment=rtsp_image_transport
TAG:encoder=Lavf58.29.100
TAG:server=SRS/5.0.213(Bee)
TAG:server_version=5.0.213
[/FORMAT]
[AVIOContext @ 0x55c985ea4640] Statistics: 627267 bytes read, 0 seeks
---------------------[ ffprobe Log End ]----------------------
SUMMARY: Status OK. Check passed because ffprobe successfully connected to the stream and retrieved its information (Exit Code: 0).

====================[ End of Check Cycle ]====================

==========================================================
                STREAM STATUS CHECK @ Friday, July 25, 2025 PM12:51:09 HKT
==========================================================

------------------[ Checking Stream: front_left ]------------------
URL: rtmp://43.199.149.178/live/front_left
--------------------[ ffprobe Log Start ]---------------------
ffprobe version 4.2.7-0ubuntu0.1 Copyright (c) 2007-2022 the FFmpeg developers
  built with gcc 9 (Ubuntu 9.4.0-1ubuntu1~20.04.1)
  configuration: --prefix=/usr --extra-version=0ubuntu0.1 --toolchain=hardened --libdir=/usr/lib/x86_64-linux-gnu --incdir=/usr/include/x86_64-linux-gnu --arch=amd64 --enable-gpl --disable-stripping --enable-avresample --disable-filter=resample --enable-avisynth --enable-gnutls --enable-ladspa --enable-libaom --enable-libass --enable-libbluray --enable-libbs2b --enable-libcaca --enable-libcdio --enable-libcodec2 --enable-libflite --enable-libfontconfig --enable-libfreetype --enable-libfribidi --enable-libgme --enable-libgsm --enable-libjack --enable-libmp3lame --enable-libmysofa --enable-libopenjpeg --enable-libopenmpt --enable-libopus --enable-libpulse --enable-librsvg --enable-librubberband --enable-libshine --enable-libsnappy --enable-libsoxr --enable-libspeex --enable-libssh --enable-libtheora --enable-libtwolame --enable-libvidstab --enable-libvorbis --enable-libvpx --enable-libwavpack --enable-libwebp --enable-libx265 --enable-libxml2 --enable-libxvid --enable-libzmq --enable-libzvbi --enable-lv2 --enable-omx --enable-openal --enable-opencl --enable-opengl --enable-sdl2 --enable-libdc1394 --enable-libdrm --enable-libiec61883 --enable-nvenc --enable-chromaprint --enable-frei0r --enable-libx264 --enable-shared
  libavutil      56. 31.100 / 56. 31.100
  libavcodec     58. 54.100 / 58. 54.100
  libavformat    58. 29.100 / 58. 29.100
  libavdevice    58.  8.100 / 58.  8.100
  libavfilter     7. 57.100 /  7. 57.100
  libavresample   4.  0.  0 /  4.  0.  0
  libswscale      5.  5.100 /  5.  5.100
  libswresample   3.  5.100 /  3.  5.100
  libpostproc    55.  5.100 / 55.  5.100
[tcp @ 0x5641af4abc00] Starting connection attempt to 43.199.149.178 port 1935
[tcp @ 0x5641af4abc00] Successfully connected to 43.199.149.178 port 1935
[h264 @ 0x5641af4aea00] Reinit context to 1024x624, pix_fmt: yuv420p
[h264 @ 0x5641af4aea00] error while decoding MB 11 31, bytestream -8
[h264 @ 0x5641af4aea00] concealing 550 DC, 550 AC, 550 MV errors in I frame
[flv @ 0x5641af4aa980] max_analyze_duration 5000000 reached at 5000000 microseconds st:1
Input #0, flv, from 'rtmp://43.199.149.178/live/front_left':
  Metadata:
    title           : /camera5/rtsp
    comment         : rtsp_image_transport
    encoder         : Lavf58.29.100
    server          : SRS/5.0.213(Bee)
    server_version  : 5.0.213
  Duration: N/A, start: 0.000000, bitrate: N/A
    Stream #0:0: Data: none
    Stream #0:1: Video: h264 (Main), 1 reference frame, yuv420p(progressive, left), 1024x616 (1024x624) [SAR 1:1 DAR 128:77], 30 fps, 10 tbr, 1k tbn, 60 tbc
Unsupported codec with id 0 for input stream 0
[STREAM]
index=0
codec_name=unknown
codec_long_name=unknown
profile=unknown
codec_type=data
codec_tag_string=[0][0][0][0]
codec_tag=0x0000
id=N/A
r_frame_rate=0/0
avg_frame_rate=0/0
time_base=1/1000
start_pts=0
start_time=0.000000
duration_ts=N/A
duration=N/A
bit_rate=N/A
max_bit_rate=N/A
bits_per_raw_sample=N/A
nb_frames=N/A
nb_read_frames=N/A
nb_read_packets=N/A
DISPOSITION:default=0
DISPOSITION:dub=0
DISPOSITION:original=0
DISPOSITION:comment=0
DISPOSITION:lyrics=0
DISPOSITION:karaoke=0
DISPOSITION:forced=0
DISPOSITION:hearing_impaired=0
DISPOSITION:visual_impaired=0
DISPOSITION:clean_effects=0
DISPOSITION:attached_pic=0
DISPOSITION:timed_thumbnails=0
[/STREAM]
[STREAM]
index=1
codec_name=h264
codec_long_name=H.264 / AVC / MPEG-4 AVC / MPEG-4 part 10
profile=Main
codec_type=video
codec_time_base=1/60
codec_tag_string=[0][0][0][0]
codec_tag=0x0000
width=1024
height=616
coded_width=1024
coded_height=624
has_b_frames=0
sample_aspect_ratio=1:1
display_aspect_ratio=128:77
pix_fmt=yuv420p
level=31
color_range=unknown
color_space=unknown
color_transfer=unknown
color_primaries=unknown
chroma_location=left
field_order=progressive
timecode=N/A
refs=1
is_avc=true
nal_length_size=4
id=N/A
r_frame_rate=10/1
avg_frame_rate=30/1
time_base=1/1000
start_pts=10
start_time=0.010000
duration_ts=N/A
duration=N/A
bit_rate=N/A
max_bit_rate=N/A
bits_per_raw_sample=8
nb_frames=N/A
nb_read_frames=N/A
nb_read_packets=N/A
DISPOSITION:default=0
DISPOSITION:dub=0
DISPOSITION:original=0
DISPOSITION:comment=0
DISPOSITION:lyrics=0
DISPOSITION:karaoke=0
DISPOSITION:forced=0
DISPOSITION:hearing_impaired=0
DISPOSITION:visual_impaired=0
DISPOSITION:clean_effects=0
DISPOSITION:attached_pic=0
DISPOSITION:timed_thumbnails=0
[/STREAM]
[FORMAT]
filename=rtmp://43.199.149.178/live/front_left
nb_streams=2
nb_programs=0
format_name=flv
format_long_name=FLV (Flash Video)
start_time=0.000000
duration=N/A
size=N/A
bit_rate=N/A
probe_score=100
TAG:title=/camera5/rtsp
TAG:comment=rtsp_image_transport
TAG:encoder=Lavf58.29.100
TAG:server=SRS/5.0.213(Bee)
TAG:server_version=5.0.213
[/FORMAT]
[AVIOContext @ 0x5641af4ad640] Statistics: 663987 bytes read, 0 seeks
---------------------[ ffprobe Log End ]----------------------
SUMMARY: Status OK. Check passed because ffprobe successfully connected to the stream and retrieved its information (Exit Code: 0).


------------------[ Checking Stream: front_right ]------------------
URL: rtmp://43.199.149.178/live/front_right
--------------------[ ffprobe Log Start ]---------------------
ffprobe version 4.2.7-0ubuntu0.1 Copyright (c) 2007-2022 the FFmpeg developers
  built with gcc 9 (Ubuntu 9.4.0-1ubuntu1~20.04.1)
  configuration: --prefix=/usr --extra-version=0ubuntu0.1 --toolchain=hardened --libdir=/usr/lib/x86_64-linux-gnu --incdir=/usr/include/x86_64-linux-gnu --arch=amd64 --enable-gpl --disable-stripping --enable-avresample --disable-filter=resample --enable-avisynth --enable-gnutls --enable-ladspa --enable-libaom --enable-libass --enable-libbluray --enable-libbs2b --enable-libcaca --enable-libcdio --enable-libcodec2 --enable-libflite --enable-libfontconfig --enable-libfreetype --enable-libfribidi --enable-libgme --enable-libgsm --enable-libjack --enable-libmp3lame --enable-libmysofa --enable-libopenjpeg --enable-libopenmpt --enable-libopus --enable-libpulse --enable-librsvg --enable-librubberband --enable-libshine --enable-libsnappy --enable-libsoxr --enable-libspeex --enable-libssh --enable-libtheora --enable-libtwolame --enable-libvidstab --enable-libvorbis --enable-libvpx --enable-libwavpack --enable-libwebp --enable-libx265 --enable-libxml2 --enable-libxvid --enable-libzmq --enable-libzvbi --enable-lv2 --enable-omx --enable-openal --enable-opencl --enable-opengl --enable-sdl2 --enable-libdc1394 --enable-libdrm --enable-libiec61883 --enable-nvenc --enable-chromaprint --enable-frei0r --enable-libx264 --enable-shared
  libavutil      56. 31.100 / 56. 31.100
  libavcodec     58. 54.100 / 58. 54.100
  libavformat    58. 29.100 / 58. 29.100
  libavdevice    58.  8.100 / 58.  8.100
  libavfilter     7. 57.100 /  7. 57.100
  libavresample   4.  0.  0 /  4.  0.  0
  libswscale      5.  5.100 /  5.  5.100
  libswresample   3.  5.100 /  3.  5.100
  libpostproc    55.  5.100 / 55.  5.100
[tcp @ 0x555e215c4c00] Starting connection attempt to 43.199.149.178 port 1935
[tcp @ 0x555e215c4c00] Successfully connected to 43.199.149.178 port 1935
[h264 @ 0x555e215d9240] Reinit context to 1024x624, pix_fmt: yuv420p
[flv @ 0x555e215c3980] max_analyze_duration 5000000 reached at 5000000 microseconds st:1
Input #0, flv, from 'rtmp://43.199.149.178/live/front_right':
  Metadata:
    title           : /camera3/rtsp
    comment         : rtsp_image_transport
    encoder         : Lavf58.29.100
    server          : SRS/5.0.213(Bee)
    server_version  : 5.0.213
  Duration: N/A, start: 0.000000, bitrate: N/A
    Stream #0:0: Data: none
    Stream #0:1: Video: h264 (Main), 1 reference frame, yuv420p(progressive, left), 1024x616 (1024x624) [SAR 1:1 DAR 128:77], 30 fps, 10 tbr, 1k tbn, 60 tbc
Unsupported codec with id 0 for input stream 0
[STREAM]
index=0
codec_name=unknown
codec_long_name=unknown
profile=unknown
codec_type=data
codec_tag_string=[0][0][0][0]
codec_tag=0x0000
id=N/A
r_frame_rate=0/0
avg_frame_rate=0/0
time_base=1/1000
start_pts=0
start_time=0.000000
duration_ts=N/A
duration=N/A
bit_rate=N/A
max_bit_rate=N/A
bits_per_raw_sample=N/A
nb_frames=N/A
nb_read_frames=N/A
nb_read_packets=N/A
DISPOSITION:default=0
DISPOSITION:dub=0
DISPOSITION:original=0
DISPOSITION:comment=0
DISPOSITION:lyrics=0
DISPOSITION:karaoke=0
DISPOSITION:forced=0
DISPOSITION:hearing_impaired=0
DISPOSITION:visual_impaired=0
DISPOSITION:clean_effects=0
DISPOSITION:attached_pic=0
DISPOSITION:timed_thumbnails=0
[/STREAM]
[STREAM]
index=1
codec_name=h264
codec_long_name=H.264 / AVC / MPEG-4 AVC / MPEG-4 part 10
profile=Main
codec_type=video
codec_time_base=1/60
codec_tag_string=[0][0][0][0]
codec_tag=0x0000
width=1024
height=616
coded_width=1024
coded_height=624
has_b_frames=0
sample_aspect_ratio=1:1
display_aspect_ratio=128:77
pix_fmt=yuv420p
level=31
color_range=unknown
color_space=unknown
color_transfer=unknown
color_primaries=unknown
chroma_location=left
field_order=progressive
timecode=N/A
refs=1
is_avc=true
nal_length_size=4
id=N/A
r_frame_rate=10/1
avg_frame_rate=30/1
time_base=1/1000
start_pts=10
start_time=0.010000
duration_ts=N/A
duration=N/A
bit_rate=N/A
max_bit_rate=N/A
bits_per_raw_sample=8
nb_frames=N/A
nb_read_frames=N/A
nb_read_packets=N/A
DISPOSITION:default=0
DISPOSITION:dub=0
DISPOSITION:original=0
DISPOSITION:comment=0
DISPOSITION:lyrics=0
DISPOSITION:karaoke=0
DISPOSITION:forced=0
DISPOSITION:hearing_impaired=0
DISPOSITION:visual_impaired=0
DISPOSITION:clean_effects=0
DISPOSITION:attached_pic=0
DISPOSITION:timed_thumbnails=0
[/STREAM]
[FORMAT]
filename=rtmp://43.199.149.178/live/front_right
nb_streams=2
nb_programs=0
format_name=flv
format_long_name=FLV (Flash Video)
start_time=0.000000
duration=N/A
size=N/A
bit_rate=N/A
probe_score=100
TAG:title=/camera3/rtsp
TAG:comment=rtsp_image_transport
TAG:encoder=Lavf58.29.100
TAG:server=SRS/5.0.213(Bee)
TAG:server_version=5.0.213
[/FORMAT]
[AVIOContext @ 0x555e215c6640] Statistics: 660207 bytes read, 0 seeks
---------------------[ ffprobe Log End ]----------------------
SUMMARY: Status OK. Check passed because ffprobe successfully connected to the stream and retrieved its information (Exit Code: 0).

====================[ End of Check Cycle ]====================

==========================================================
                STREAM STATUS CHECK @ Friday, July 25, 2025 PM12:52:40 HKT
==========================================================

------------------[ Checking Stream: front_left ]------------------
URL: rtmp://43.199.149.178/live/front_left
--------------------[ ffprobe Log Start ]---------------------
ffprobe version 4.2.7-0ubuntu0.1 Copyright (c) 2007-2022 the FFmpeg developers
  built with gcc 9 (Ubuntu 9.4.0-1ubuntu1~20.04.1)
  configuration: --prefix=/usr --extra-version=0ubuntu0.1 --toolchain=hardened --libdir=/usr/lib/x86_64-linux-gnu --incdir=/usr/include/x86_64-linux-gnu --arch=amd64 --enable-gpl --disable-stripping --enable-avresample --disable-filter=resample --enable-avisynth --enable-gnutls --enable-ladspa --enable-libaom --enable-libass --enable-libbluray --enable-libbs2b --enable-libcaca --enable-libcdio --enable-libcodec2 --enable-libflite --enable-libfontconfig --enable-libfreetype --enable-libfribidi --enable-libgme --enable-libgsm --enable-libjack --enable-libmp3lame --enable-libmysofa --enable-libopenjpeg --enable-libopenmpt --enable-libopus --enable-libpulse --enable-librsvg --enable-librubberband --enable-libshine --enable-libsnappy --enable-libsoxr --enable-libspeex --enable-libssh --enable-libtheora --enable-libtwolame --enable-libvidstab --enable-libvorbis --enable-libvpx --enable-libwavpack --enable-libwebp --enable-libx265 --enable-libxml2 --enable-libxvid --enable-libzmq --enable-libzvbi --enable-lv2 --enable-omx --enable-openal --enable-opencl --enable-opengl --enable-sdl2 --enable-libdc1394 --enable-libdrm --enable-libiec61883 --enable-nvenc --enable-chromaprint --enable-frei0r --enable-libx264 --enable-shared
  libavutil      56. 31.100 / 56. 31.100
  libavcodec     58. 54.100 / 58. 54.100
  libavformat    58. 29.100 / 58. 29.100
  libavdevice    58.  8.100 / 58.  8.100
  libavfilter     7. 57.100 /  7. 57.100
  libavresample   4.  0.  0 /  4.  0.  0
  libswscale      5.  5.100 /  5.  5.100
  libswresample   3.  5.100 /  3.  5.100
  libpostproc    55.  5.100 / 55.  5.100
[tcp @ 0x55a5c092bc00] Starting connection attempt to 43.199.149.178 port 1935
[tcp @ 0x55a5c092bc00] Successfully connected to 43.199.149.178 port 1935
[h264 @ 0x55a5c0940240] Reinit context to 1024x624, pix_fmt: yuv420p
[flv @ 0x55a5c092a980] max_analyze_duration 5000000 reached at 5000000 microseconds st:1
Input #0, flv, from 'rtmp://43.199.149.178/live/front_left':
  Metadata:
    title           : /camera5/rtsp
    comment         : rtsp_image_transport
    encoder         : Lavf58.29.100
    server          : SRS/5.0.213(Bee)
    server_version  : 5.0.213
  Duration: N/A, start: 0.000000, bitrate: N/A
    Stream #0:0: Data: none
    Stream #0:1: Video: h264 (Main), 1 reference frame, yuv420p(progressive, left), 1024x616 (1024x624) [SAR 1:1 DAR 128:77], 30 fps, 10 tbr, 1k tbn, 60 tbc
Unsupported codec with id 0 for input stream 0
[STREAM]
index=0
codec_name=unknown
codec_long_name=unknown
profile=unknown
codec_type=data
codec_tag_string=[0][0][0][0]
codec_tag=0x0000
id=N/A
r_frame_rate=0/0
avg_frame_rate=0/0
time_base=1/1000
start_pts=0
start_time=0.000000
duration_ts=N/A
duration=N/A
bit_rate=N/A
max_bit_rate=N/A
bits_per_raw_sample=N/A
nb_frames=N/A
nb_read_frames=N/A
nb_read_packets=N/A
DISPOSITION:default=0
DISPOSITION:dub=0
DISPOSITION:original=0
DISPOSITION:comment=0
DISPOSITION:lyrics=0
DISPOSITION:karaoke=0
DISPOSITION:forced=0
DISPOSITION:hearing_impaired=0
DISPOSITION:visual_impaired=0
DISPOSITION:clean_effects=0
DISPOSITION:attached_pic=0
DISPOSITION:timed_thumbnails=0
[/STREAM]
[STREAM]
index=1
codec_name=h264
codec_long_name=H.264 / AVC / MPEG-4 AVC / MPEG-4 part 10
profile=Main
codec_type=video
codec_time_base=1/60
codec_tag_string=[0][0][0][0]
codec_tag=0x0000
width=1024
height=616
coded_width=1024
coded_height=624
has_b_frames=0
sample_aspect_ratio=1:1
display_aspect_ratio=128:77
pix_fmt=yuv420p
level=31
color_range=unknown
color_space=unknown
color_transfer=unknown
color_primaries=unknown
chroma_location=left
field_order=progressive
timecode=N/A
refs=1
is_avc=true
nal_length_size=4
id=N/A
r_frame_rate=10/1
avg_frame_rate=30/1
time_base=1/1000
start_pts=10
start_time=0.010000
duration_ts=N/A
duration=N/A
bit_rate=N/A
max_bit_rate=N/A
bits_per_raw_sample=8
nb_frames=N/A
nb_read_frames=N/A
nb_read_packets=N/A
DISPOSITION:default=0
DISPOSITION:dub=0
DISPOSITION:original=0
DISPOSITION:comment=0
DISPOSITION:lyrics=0
DISPOSITION:karaoke=0
DISPOSITION:forced=0
DISPOSITION:hearing_impaired=0
DISPOSITION:visual_impaired=0
DISPOSITION:clean_effects=0
DISPOSITION:attached_pic=0
DISPOSITION:timed_thumbnails=0
[/STREAM]
[FORMAT]
filename=rtmp://43.199.149.178/live/front_left
nb_streams=2
nb_programs=0
format_name=flv
format_long_name=FLV (Flash Video)
start_time=0.000000
duration=N/A
size=N/A
bit_rate=N/A
probe_score=100
TAG:title=/camera5/rtsp
TAG:comment=rtsp_image_transport
TAG:encoder=Lavf58.29.100
TAG:server=SRS/5.0.213(Bee)
TAG:server_version=5.0.213
[/FORMAT]
[AVIOContext @ 0x55a5c092d640] Statistics: 683460 bytes read, 0 seeks
---------------------[ ffprobe Log End ]----------------------
SUMMARY: Status OK. Check passed because ffprobe successfully connected to the stream and retrieved its information (Exit Code: 0).


------------------[ Checking Stream: front_right ]------------------
URL: rtmp://43.199.149.178/live/front_right
--------------------[ ffprobe Log Start ]---------------------
ffprobe version 4.2.7-0ubuntu0.1 Copyright (c) 2007-2022 the FFmpeg developers
  built with gcc 9 (Ubuntu 9.4.0-1ubuntu1~20.04.1)
  configuration: --prefix=/usr --extra-version=0ubuntu0.1 --toolchain=hardened --libdir=/usr/lib/x86_64-linux-gnu --incdir=/usr/include/x86_64-linux-gnu --arch=amd64 --enable-gpl --disable-stripping --enable-avresample --disable-filter=resample --enable-avisynth --enable-gnutls --enable-ladspa --enable-libaom --enable-libass --enable-libbluray --enable-libbs2b --enable-libcaca --enable-libcdio --enable-libcodec2 --enable-libflite --enable-libfontconfig --enable-libfreetype --enable-libfribidi --enable-libgme --enable-libgsm --enable-libjack --enable-libmp3lame --enable-libmysofa --enable-libopenjpeg --enable-libopenmpt --enable-libopus --enable-libpulse --enable-librsvg --enable-librubberband --enable-libshine --enable-libsnappy --enable-libsoxr --enable-libspeex --enable-libssh --enable-libtheora --enable-libtwolame --enable-libvidstab --enable-libvorbis --enable-libvpx --enable-libwavpack --enable-libwebp --enable-libx265 --enable-libxml2 --enable-libxvid --enable-libzmq --enable-libzvbi --enable-lv2 --enable-omx --enable-openal --enable-opencl --enable-opengl --enable-sdl2 --enable-libdc1394 --enable-libdrm --enable-libiec61883 --enable-nvenc --enable-chromaprint --enable-frei0r --enable-libx264 --enable-shared
  libavutil      56. 31.100 / 56. 31.100
  libavcodec     58. 54.100 / 58. 54.100
  libavformat    58. 29.100 / 58. 29.100
  libavdevice    58.  8.100 / 58.  8.100
  libavfilter     7. 57.100 /  7. 57.100
  libavresample   4.  0.  0 /  4.  0.  0
  libswscale      5.  5.100 /  5.  5.100
  libswresample   3.  5.100 /  3.  5.100
  libpostproc    55.  5.100 / 55.  5.100
[tcp @ 0x564dc2fadc00] Starting connection attempt to 43.199.149.178 port 1935
[tcp @ 0x564dc2fadc00] Successfully connected to 43.199.149.178 port 1935
[h264 @ 0x564dc2fc2240] Reinit context to 1024x624, pix_fmt: yuv420p
[h264 @ 0x564dc2fc2240] error while decoding MB 49 24, bytestream -10
[h264 @ 0x564dc2fc2240] concealing 960 DC, 960 AC, 960 MV errors in I frame
[flv @ 0x564dc2fac980] max_analyze_duration 5000000 reached at 5000000 microseconds st:1
Input #0, flv, from 'rtmp://43.199.149.178/live/front_right':
  Metadata:
    title           : /camera3/rtsp
    comment         : rtsp_image_transport
    encoder         : Lavf58.29.100
    server          : SRS/5.0.213(Bee)
    server_version  : 5.0.213
  Duration: N/A, start: 0.000000, bitrate: N/A
    Stream #0:0: Data: none
    Stream #0:1: Video: h264 (Main), 1 reference frame, yuv420p(progressive, left), 1024x616 (1024x624) [SAR 1:1 DAR 128:77], 30 fps, 10 tbr, 1k tbn, 60 tbc
Unsupported codec with id 0 for input stream 0
[STREAM]
index=0
codec_name=unknown
codec_long_name=unknown
profile=unknown
codec_type=data
codec_tag_string=[0][0][0][0]
codec_tag=0x0000
id=N/A
r_frame_rate=0/0
avg_frame_rate=0/0
time_base=1/1000
start_pts=0
start_time=0.000000
duration_ts=N/A
duration=N/A
bit_rate=N/A
max_bit_rate=N/A
bits_per_raw_sample=N/A
nb_frames=N/A
nb_read_frames=N/A
nb_read_packets=N/A
DISPOSITION:default=0
DISPOSITION:dub=0
DISPOSITION:original=0
DISPOSITION:comment=0
DISPOSITION:lyrics=0
DISPOSITION:karaoke=0
DISPOSITION:forced=0
DISPOSITION:hearing_impaired=0
DISPOSITION:visual_impaired=0
DISPOSITION:clean_effects=0
DISPOSITION:attached_pic=0
DISPOSITION:timed_thumbnails=0
[/STREAM]
[STREAM]
index=1
codec_name=h264
codec_long_name=H.264 / AVC / MPEG-4 AVC / MPEG-4 part 10
profile=Main
codec_type=video
codec_time_base=1/60
codec_tag_string=[0][0][0][0]
codec_tag=0x0000
width=1024
height=616
coded_width=1024
coded_height=624
has_b_frames=0
sample_aspect_ratio=1:1
display_aspect_ratio=128:77
pix_fmt=yuv420p
level=31
color_range=unknown
color_space=unknown
color_transfer=unknown
color_primaries=unknown
chroma_location=left
field_order=progressive
timecode=N/A
refs=1
is_avc=true
nal_length_size=4
id=N/A
r_frame_rate=10/1
avg_frame_rate=30/1
time_base=1/1000
start_pts=10
start_time=0.010000
duration_ts=N/A
duration=N/A
bit_rate=N/A
max_bit_rate=N/A
bits_per_raw_sample=8
nb_frames=N/A
nb_read_frames=N/A
nb_read_packets=N/A
DISPOSITION:default=0
DISPOSITION:dub=0
DISPOSITION:original=0
DISPOSITION:comment=0
DISPOSITION:lyrics=0
DISPOSITION:karaoke=0
DISPOSITION:forced=0
DISPOSITION:hearing_impaired=0
DISPOSITION:visual_impaired=0
DISPOSITION:clean_effects=0
DISPOSITION:attached_pic=0
DISPOSITION:timed_thumbnails=0
[/STREAM]
[FORMAT]
filename=rtmp://43.199.149.178/live/front_right
nb_streams=2
nb_programs=0
format_name=flv
format_long_name=FLV (Flash Video)
start_time=0.000000
duration=N/A
size=N/A
bit_rate=N/A
probe_score=100
TAG:title=/camera3/rtsp
TAG:comment=rtsp_image_transport
TAG:encoder=Lavf58.29.100
TAG:server=SRS/5.0.213(Bee)
TAG:server_version=5.0.213
[/FORMAT]
[AVIOContext @ 0x564dc2faf640] Statistics: 660191 bytes read, 0 seeks
---------------------[ ffprobe Log End ]----------------------
SUMMARY: Status OK. Check passed because ffprobe successfully connected to the stream and retrieved its information (Exit Code: 0).

====================[ End of Check Cycle ]====================

==========================================================
                STREAM STATUS CHECK @ Friday, July 25, 2025 PM12:54:09 HKT
==========================================================

------------------[ Checking Stream: front_left ]------------------
URL: rtmp://43.199.149.178/live/front_left
--------------------[ ffprobe Log Start ]---------------------
ffprobe version 4.2.7-0ubuntu0.1 Copyright (c) 2007-2022 the FFmpeg developers
  built with gcc 9 (Ubuntu 9.4.0-1ubuntu1~20.04.1)
  configuration: --prefix=/usr --extra-version=0ubuntu0.1 --toolchain=hardened --libdir=/usr/lib/x86_64-linux-gnu --incdir=/usr/include/x86_64-linux-gnu --arch=amd64 --enable-gpl --disable-stripping --enable-avresample --disable-filter=resample --enable-avisynth --enable-gnutls --enable-ladspa --enable-libaom --enable-libass --enable-libbluray --enable-libbs2b --enable-libcaca --enable-libcdio --enable-libcodec2 --enable-libflite --enable-libfontconfig --enable-libfreetype --enable-libfribidi --enable-libgme --enable-libgsm --enable-libjack --enable-libmp3lame --enable-libmysofa --enable-libopenjpeg --enable-libopenmpt --enable-libopus --enable-libpulse --enable-librsvg --enable-librubberband --enable-libshine --enable-libsnappy --enable-libsoxr --enable-libspeex --enable-libssh --enable-libtheora --enable-libtwolame --enable-libvidstab --enable-libvorbis --enable-libvpx --enable-libwavpack --enable-libwebp --enable-libx265 --enable-libxml2 --enable-libxvid --enable-libzmq --enable-libzvbi --enable-lv2 --enable-omx --enable-openal --enable-opencl --enable-opengl --enable-sdl2 --enable-libdc1394 --enable-libdrm --enable-libiec61883 --enable-nvenc --enable-chromaprint --enable-frei0r --enable-libx264 --enable-shared
  libavutil      56. 31.100 / 56. 31.100
  libavcodec     58. 54.100 / 58. 54.100
  libavformat    58. 29.100 / 58. 29.100
  libavdevice    58.  8.100 / 58.  8.100
  libavfilter     7. 57.100 /  7. 57.100
  libavresample   4.  0.  0 /  4.  0.  0
  libswscale      5.  5.100 /  5.  5.100
  libswresample   3.  5.100 /  3.  5.100
  libpostproc    55.  5.100 / 55.  5.100
[tcp @ 0x557e6f052c00] Starting connection attempt to 43.199.149.178 port 1935
[tcp @ 0x557e6f052c00] Successfully connected to 43.199.149.178 port 1935
[h264 @ 0x557e6f067240] Reinit context to 1024x624, pix_fmt: yuv420p
[flv @ 0x557e6f051980] max_analyze_duration 5000000 reached at 5000000 microseconds st:1
Input #0, flv, from 'rtmp://43.199.149.178/live/front_left':
  Metadata:
    title           : /camera5/rtsp
    comment         : rtsp_image_transport
    encoder         : Lavf58.29.100
    server          : SRS/5.0.213(Bee)
    server_version  : 5.0.213
  Duration: N/A, start: 0.000000, bitrate: N/A
    Stream #0:0: Data: none
    Stream #0:1: Video: h264 (Main), 1 reference frame, yuv420p(progressive, left), 1024x616 (1024x624) [SAR 1:1 DAR 128:77], 30 fps, 10 tbr, 1k tbn, 60 tbc
Unsupported codec with id 0 for input stream 0
[STREAM]
index=0
codec_name=unknown
codec_long_name=unknown
profile=unknown
codec_type=data
codec_tag_string=[0][0][0][0]
codec_tag=0x0000
id=N/A
r_frame_rate=0/0
avg_frame_rate=0/0
time_base=1/1000
start_pts=0
start_time=0.000000
duration_ts=N/A
duration=N/A
bit_rate=N/A
max_bit_rate=N/A
bits_per_raw_sample=N/A
nb_frames=N/A
nb_read_frames=N/A
nb_read_packets=N/A
DISPOSITION:default=0
DISPOSITION:dub=0
DISPOSITION:original=0
DISPOSITION:comment=0
DISPOSITION:lyrics=0
DISPOSITION:karaoke=0
DISPOSITION:forced=0
DISPOSITION:hearing_impaired=0
DISPOSITION:visual_impaired=0
DISPOSITION:clean_effects=0
DISPOSITION:attached_pic=0
DISPOSITION:timed_thumbnails=0
[/STREAM]
[STREAM]
index=1
codec_name=h264
codec_long_name=H.264 / AVC / MPEG-4 AVC / MPEG-4 part 10
profile=Main
codec_type=video
codec_time_base=1/60
codec_tag_string=[0][0][0][0]
codec_tag=0x0000
width=1024
height=616
coded_width=1024
coded_height=624
has_b_frames=0
sample_aspect_ratio=1:1
display_aspect_ratio=128:77
pix_fmt=yuv420p
level=31
color_range=unknown
color_space=unknown
color_transfer=unknown
color_primaries=unknown
chroma_location=left
field_order=progressive
timecode=N/A
refs=1
is_avc=true
nal_length_size=4
id=N/A
r_frame_rate=10/1
avg_frame_rate=30/1
time_base=1/1000
start_pts=10
start_time=0.010000
duration_ts=N/A
duration=N/A
bit_rate=N/A
max_bit_rate=N/A
bits_per_raw_sample=8
nb_frames=N/A
nb_read_frames=N/A
nb_read_packets=N/A
DISPOSITION:default=0
DISPOSITION:dub=0
DISPOSITION:original=0
DISPOSITION:comment=0
DISPOSITION:lyrics=0
DISPOSITION:karaoke=0
DISPOSITION:forced=0
DISPOSITION:hearing_impaired=0
DISPOSITION:visual_impaired=0
DISPOSITION:clean_effects=0
DISPOSITION:attached_pic=0
DISPOSITION:timed_thumbnails=0
[/STREAM]
[FORMAT]
filename=rtmp://43.199.149.178/live/front_left
nb_streams=2
nb_programs=0
format_name=flv
format_long_name=FLV (Flash Video)
start_time=0.000000
duration=N/A
size=N/A
bit_rate=N/A
probe_score=100
TAG:title=/camera5/rtsp
TAG:comment=rtsp_image_transport
TAG:encoder=Lavf58.29.100
TAG:server=SRS/5.0.213(Bee)
TAG:server_version=5.0.213
[/FORMAT]
[AVIOContext @ 0x557e6f054640] Statistics: 659825 bytes read, 0 seeks
---------------------[ ffprobe Log End ]----------------------
SUMMARY: Status OK. Check passed because ffprobe successfully connected to the stream and retrieved its information (Exit Code: 0).


------------------[ Checking Stream: front_right ]------------------
URL: rtmp://43.199.149.178/live/front_right
--------------------[ ffprobe Log Start ]---------------------
ffprobe version 4.2.7-0ubuntu0.1 Copyright (c) 2007-2022 the FFmpeg developers
  built with gcc 9 (Ubuntu 9.4.0-1ubuntu1~20.04.1)
  configuration: --prefix=/usr --extra-version=0ubuntu0.1 --toolchain=hardened --libdir=/usr/lib/x86_64-linux-gnu --incdir=/usr/include/x86_64-linux-gnu --arch=amd64 --enable-gpl --disable-stripping --enable-avresample --disable-filter=resample --enable-avisynth --enable-gnutls --enable-ladspa --enable-libaom --enable-libass --enable-libbluray --enable-libbs2b --enable-libcaca --enable-libcdio --enable-libcodec2 --enable-libflite --enable-libfontconfig --enable-libfreetype --enable-libfribidi --enable-libgme --enable-libgsm --enable-libjack --enable-libmp3lame --enable-libmysofa --enable-libopenjpeg --enable-libopenmpt --enable-libopus --enable-libpulse --enable-librsvg --enable-librubberband --enable-libshine --enable-libsnappy --enable-libsoxr --enable-libspeex --enable-libssh --enable-libtheora --enable-libtwolame --enable-libvidstab --enable-libvorbis --enable-libvpx --enable-libwavpack --enable-libwebp --enable-libx265 --enable-libxml2 --enable-libxvid --enable-libzmq --enable-libzvbi --enable-lv2 --enable-omx --enable-openal --enable-opencl --enable-opengl --enable-sdl2 --enable-libdc1394 --enable-libdrm --enable-libiec61883 --enable-nvenc --enable-chromaprint --enable-frei0r --enable-libx264 --enable-shared
  libavutil      56. 31.100 / 56. 31.100
  libavcodec     58. 54.100 / 58. 54.100
  libavformat    58. 29.100 / 58. 29.100
  libavdevice    58.  8.100 / 58.  8.100
  libavfilter     7. 57.100 /  7. 57.100
  libavresample   4.  0.  0 /  4.  0.  0
  libswscale      5.  5.100 /  5.  5.100
  libswresample   3.  5.100 /  3.  5.100
  libpostproc    55.  5.100 / 55.  5.100
[tcp @ 0x556e682fac00] Starting connection attempt to 43.199.149.178 port 1935
[tcp @ 0x556e682fac00] Successfully connected to 43.199.149.178 port 1935
[h264 @ 0x556e6830f240] Reinit context to 1024x624, pix_fmt: yuv420p
[flv @ 0x556e682f9980] max_analyze_duration 5000000 reached at 5000000 microseconds st:1
Input #0, flv, from 'rtmp://43.199.149.178/live/front_right':
  Metadata:
    title           : /camera3/rtsp
    comment         : rtsp_image_transport
    encoder         : Lavf58.29.100
    server          : SRS/5.0.213(Bee)
    server_version  : 5.0.213
  Duration: N/A, start: 0.000000, bitrate: N/A
    Stream #0:0: Data: none
    Stream #0:1: Video: h264 (Main), 1 reference frame, yuv420p(progressive, left), 1024x616 (1024x624) [SAR 1:1 DAR 128:77], 30 fps, 10 tbr, 1k tbn, 60 tbc
Unsupported codec with id 0 for input stream 0
[STREAM]
index=0
codec_name=unknown
codec_long_name=unknown
profile=unknown
codec_type=data
codec_tag_string=[0][0][0][0]
codec_tag=0x0000
id=N/A
r_frame_rate=0/0
avg_frame_rate=0/0
time_base=1/1000
start_pts=0
start_time=0.000000
duration_ts=N/A
duration=N/A
bit_rate=N/A
max_bit_rate=N/A
bits_per_raw_sample=N/A
nb_frames=N/A
nb_read_frames=N/A
nb_read_packets=N/A
DISPOSITION:default=0
DISPOSITION:dub=0
DISPOSITION:original=0
DISPOSITION:comment=0
DISPOSITION:lyrics=0
DISPOSITION:karaoke=0
DISPOSITION:forced=0
DISPOSITION:hearing_impaired=0
DISPOSITION:visual_impaired=0
DISPOSITION:clean_effects=0
DISPOSITION:attached_pic=0
DISPOSITION:timed_thumbnails=0
[/STREAM]
[STREAM]
index=1
codec_name=h264
codec_long_name=H.264 / AVC / MPEG-4 AVC / MPEG-4 part 10
profile=Main
codec_type=video
codec_time_base=1/60
codec_tag_string=[0][0][0][0]
codec_tag=0x0000
width=1024
height=616
coded_width=1024
coded_height=624
has_b_frames=0
sample_aspect_ratio=1:1
display_aspect_ratio=128:77
pix_fmt=yuv420p
level=31
color_range=unknown
color_space=unknown
color_transfer=unknown
color_primaries=unknown
chroma_location=left
field_order=progressive
timecode=N/A
refs=1
is_avc=true
nal_length_size=4
id=N/A
r_frame_rate=10/1
avg_frame_rate=30/1
time_base=1/1000
start_pts=10
start_time=0.010000
duration_ts=N/A
duration=N/A
bit_rate=N/A
max_bit_rate=N/A
bits_per_raw_sample=8
nb_frames=N/A
nb_read_frames=N/A
nb_read_packets=N/A
DISPOSITION:default=0
DISPOSITION:dub=0
DISPOSITION:original=0
DISPOSITION:comment=0
DISPOSITION:lyrics=0
DISPOSITION:karaoke=0
DISPOSITION:forced=0
DISPOSITION:hearing_impaired=0
DISPOSITION:visual_impaired=0
DISPOSITION:clean_effects=0
DISPOSITION:attached_pic=0
DISPOSITION:timed_thumbnails=0
[/STREAM]
[FORMAT]
filename=rtmp://43.199.149.178/live/front_right
nb_streams=2
nb_programs=0
format_name=flv
format_long_name=FLV (Flash Video)
start_time=0.000000
duration=N/A
size=N/A
bit_rate=N/A
probe_score=100
TAG:title=/camera3/rtsp
TAG:comment=rtsp_image_transport
TAG:encoder=Lavf58.29.100
TAG:server=SRS/5.0.213(Bee)
TAG:server_version=5.0.213
[/FORMAT]
[AVIOContext @ 0x556e682fc640] Statistics: 619566 bytes read, 0 seeks
---------------------[ ffprobe Log End ]----------------------
SUMMARY: Status OK. Check passed because ffprobe successfully connected to the stream and retrieved its information (Exit Code: 0).

====================[ End of Check Cycle ]====================

==========================================================
                STREAM STATUS CHECK @ Friday, July 25, 2025 PM12:55:39 HKT
==========================================================

------------------[ Checking Stream: front_left ]------------------
URL: rtmp://43.199.149.178/live/front_left
--------------------[ ffprobe Log Start ]---------------------
ffprobe version 4.2.7-0ubuntu0.1 Copyright (c) 2007-2022 the FFmpeg developers
  built with gcc 9 (Ubuntu 9.4.0-1ubuntu1~20.04.1)
  configuration: --prefix=/usr --extra-version=0ubuntu0.1 --toolchain=hardened --libdir=/usr/lib/x86_64-linux-gnu --incdir=/usr/include/x86_64-linux-gnu --arch=amd64 --enable-gpl --disable-stripping --enable-avresample --disable-filter=resample --enable-avisynth --enable-gnutls --enable-ladspa --enable-libaom --enable-libass --enable-libbluray --enable-libbs2b --enable-libcaca --enable-libcdio --enable-libcodec2 --enable-libflite --enable-libfontconfig --enable-libfreetype --enable-libfribidi --enable-libgme --enable-libgsm --enable-libjack --enable-libmp3lame --enable-libmysofa --enable-libopenjpeg --enable-libopenmpt --enable-libopus --enable-libpulse --enable-librsvg --enable-librubberband --enable-libshine --enable-libsnappy --enable-libsoxr --enable-libspeex --enable-libssh --enable-libtheora --enable-libtwolame --enable-libvidstab --enable-libvorbis --enable-libvpx --enable-libwavpack --enable-libwebp --enable-libx265 --enable-libxml2 --enable-libxvid --enable-libzmq --enable-libzvbi --enable-lv2 --enable-omx --enable-openal --enable-opencl --enable-opengl --enable-sdl2 --enable-libdc1394 --enable-libdrm --enable-libiec61883 --enable-nvenc --enable-chromaprint --enable-frei0r --enable-libx264 --enable-shared
  libavutil      56. 31.100 / 56. 31.100
  libavcodec     58. 54.100 / 58. 54.100
  libavformat    58. 29.100 / 58. 29.100
  libavdevice    58.  8.100 / 58.  8.100
  libavfilter     7. 57.100 /  7. 57.100
  libavresample   4.  0.  0 /  4.  0.  0
  libswscale      5.  5.100 /  5.  5.100
  libswresample   3.  5.100 /  3.  5.100
  libpostproc    55.  5.100 / 55.  5.100
[tcp @ 0x55ea7f00ec00] Starting connection attempt to 43.199.149.178 port 1935
[tcp @ 0x55ea7f00ec00] Successfully connected to 43.199.149.178 port 1935
[h264 @ 0x55ea7f023240] Reinit context to 1024x624, pix_fmt: yuv420p
[flv @ 0x55ea7f00d980] max_analyze_duration 5000000 reached at 5000000 microseconds st:1
Input #0, flv, from 'rtmp://43.199.149.178/live/front_left':
  Metadata:
    title           : /camera5/rtsp
    comment         : rtsp_image_transport
    encoder         : Lavf58.29.100
    server          : SRS/5.0.213(Bee)
    server_version  : 5.0.213
  Duration: N/A, start: 0.000000, bitrate: N/A
    Stream #0:0: Data: none
    Stream #0:1: Video: h264 (Main), 1 reference frame, yuv420p(progressive, left), 1024x616 (1024x624) [SAR 1:1 DAR 128:77], 30 fps, 10 tbr, 1k tbn, 60 tbc
Unsupported codec with id 0 for input stream 0
[STREAM]
index=0
codec_name=unknown
codec_long_name=unknown
profile=unknown
codec_type=data
codec_tag_string=[0][0][0][0]
codec_tag=0x0000
id=N/A
r_frame_rate=0/0
avg_frame_rate=0/0
time_base=1/1000
start_pts=0
start_time=0.000000
duration_ts=N/A
duration=N/A
bit_rate=N/A
max_bit_rate=N/A
bits_per_raw_sample=N/A
nb_frames=N/A
nb_read_frames=N/A
nb_read_packets=N/A
DISPOSITION:default=0
DISPOSITION:dub=0
DISPOSITION:original=0
DISPOSITION:comment=0
DISPOSITION:lyrics=0
DISPOSITION:karaoke=0
DISPOSITION:forced=0
DISPOSITION:hearing_impaired=0
DISPOSITION:visual_impaired=0
DISPOSITION:clean_effects=0
DISPOSITION:attached_pic=0
DISPOSITION:timed_thumbnails=0
[/STREAM]
[STREAM]
index=1
codec_name=h264
codec_long_name=H.264 / AVC / MPEG-4 AVC / MPEG-4 part 10
profile=Main
codec_type=video
codec_time_base=1/60
codec_tag_string=[0][0][0][0]
codec_tag=0x0000
width=1024
height=616
coded_width=1024
coded_height=624
has_b_frames=0
sample_aspect_ratio=1:1
display_aspect_ratio=128:77
pix_fmt=yuv420p
level=31
color_range=unknown
color_space=unknown
color_transfer=unknown
color_primaries=unknown
chroma_location=left
field_order=progressive
timecode=N/A
refs=1
is_avc=true
nal_length_size=4
id=N/A
r_frame_rate=10/1
avg_frame_rate=30/1
time_base=1/1000
start_pts=10
start_time=0.010000
duration_ts=N/A
duration=N/A
bit_rate=N/A
max_bit_rate=N/A
bits_per_raw_sample=8
nb_frames=N/A
nb_read_frames=N/A
nb_read_packets=N/A
DISPOSITION:default=0
DISPOSITION:dub=0
DISPOSITION:original=0
DISPOSITION:comment=0
DISPOSITION:lyrics=0
DISPOSITION:karaoke=0
DISPOSITION:forced=0
DISPOSITION:hearing_impaired=0
DISPOSITION:visual_impaired=0
DISPOSITION:clean_effects=0
DISPOSITION:attached_pic=0
DISPOSITION:timed_thumbnails=0
[/STREAM]
[FORMAT]
filename=rtmp://43.199.149.178/live/front_left
nb_streams=2
nb_programs=0
format_name=flv
format_long_name=FLV (Flash Video)
start_time=0.000000
duration=N/A
size=N/A
bit_rate=N/A
probe_score=100
TAG:title=/camera5/rtsp
TAG:comment=rtsp_image_transport
TAG:encoder=Lavf58.29.100
TAG:server=SRS/5.0.213(Bee)
TAG:server_version=5.0.213
[/FORMAT]
[AVIOContext @ 0x55ea7f010640] Statistics: 673444 bytes read, 0 seeks
---------------------[ ffprobe Log End ]----------------------
SUMMARY: Status OK. Check passed because ffprobe successfully connected to the stream and retrieved its information (Exit Code: 0).


------------------[ Checking Stream: front_right ]------------------
URL: rtmp://43.199.149.178/live/front_right
--------------------[ ffprobe Log Start ]---------------------
ffprobe version 4.2.7-0ubuntu0.1 Copyright (c) 2007-2022 the FFmpeg developers
  built with gcc 9 (Ubuntu 9.4.0-1ubuntu1~20.04.1)
  configuration: --prefix=/usr --extra-version=0ubuntu0.1 --toolchain=hardened --libdir=/usr/lib/x86_64-linux-gnu --incdir=/usr/include/x86_64-linux-gnu --arch=amd64 --enable-gpl --disable-stripping --enable-avresample --disable-filter=resample --enable-avisynth --enable-gnutls --enable-ladspa --enable-libaom --enable-libass --enable-libbluray --enable-libbs2b --enable-libcaca --enable-libcdio --enable-libcodec2 --enable-libflite --enable-libfontconfig --enable-libfreetype --enable-libfribidi --enable-libgme --enable-libgsm --enable-libjack --enable-libmp3lame --enable-libmysofa --enable-libopenjpeg --enable-libopenmpt --enable-libopus --enable-libpulse --enable-librsvg --enable-librubberband --enable-libshine --enable-libsnappy --enable-libsoxr --enable-libspeex --enable-libssh --enable-libtheora --enable-libtwolame --enable-libvidstab --enable-libvorbis --enable-libvpx --enable-libwavpack --enable-libwebp --enable-libx265 --enable-libxml2 --enable-libxvid --enable-libzmq --enable-libzvbi --enable-lv2 --enable-omx --enable-openal --enable-opencl --enable-opengl --enable-sdl2 --enable-libdc1394 --enable-libdrm --enable-libiec61883 --enable-nvenc --enable-chromaprint --enable-frei0r --enable-libx264 --enable-shared
  libavutil      56. 31.100 / 56. 31.100
  libavcodec     58. 54.100 / 58. 54.100
  libavformat    58. 29.100 / 58. 29.100
  libavdevice    58.  8.100 / 58.  8.100
  libavfilter     7. 57.100 /  7. 57.100
  libavresample   4.  0.  0 /  4.  0.  0
  libswscale      5.  5.100 /  5.  5.100
  libswresample   3.  5.100 /  3.  5.100
  libpostproc    55.  5.100 / 55.  5.100
[tcp @ 0x560919997c00] Starting connection attempt to 43.199.149.178 port 1935
[tcp @ 0x560919997c00] Successfully connected to 43.199.149.178 port 1935
[h264 @ 0x5609199ac240] Reinit context to 1024x624, pix_fmt: yuv420p
[flv @ 0x560919996980] max_analyze_duration 5000000 reached at 5000000 microseconds st:1
Input #0, flv, from 'rtmp://43.199.149.178/live/front_right':
  Metadata:
    title           : /camera3/rtsp
    comment         : rtsp_image_transport
    encoder         : Lavf58.29.100
    server          : SRS/5.0.213(Bee)
    server_version  : 5.0.213
  Duration: N/A, start: 0.000000, bitrate: N/A
    Stream #0:0: Data: none
    Stream #0:1: Video: h264 (Main), 1 reference frame, yuv420p(progressive, left), 1024x616 (1024x624) [SAR 1:1 DAR 128:77], 30 fps, 10 tbr, 1k tbn, 60 tbc
Unsupported codec with id 0 for input stream 0
[STREAM]
index=0
codec_name=unknown
codec_long_name=unknown
profile=unknown
codec_type=data
codec_tag_string=[0][0][0][0]
codec_tag=0x0000
id=N/A
r_frame_rate=0/0
avg_frame_rate=0/0
time_base=1/1000
start_pts=0
start_time=0.000000
duration_ts=N/A
duration=N/A
bit_rate=N/A
max_bit_rate=N/A
bits_per_raw_sample=N/A
nb_frames=N/A
nb_read_frames=N/A
nb_read_packets=N/A
DISPOSITION:default=0
DISPOSITION:dub=0
DISPOSITION:original=0
DISPOSITION:comment=0
DISPOSITION:lyrics=0
DISPOSITION:karaoke=0
DISPOSITION:forced=0
DISPOSITION:hearing_impaired=0
DISPOSITION:visual_impaired=0
DISPOSITION:clean_effects=0
DISPOSITION:attached_pic=0
DISPOSITION:timed_thumbnails=0
[/STREAM]
[STREAM]
index=1
codec_name=h264
codec_long_name=H.264 / AVC / MPEG-4 AVC / MPEG-4 part 10
profile=Main
codec_type=video
codec_time_base=1/60
codec_tag_string=[0][0][0][0]
codec_tag=0x0000
width=1024
height=616
coded_width=1024
coded_height=624
has_b_frames=0
sample_aspect_ratio=1:1
display_aspect_ratio=128:77
pix_fmt=yuv420p
level=31
color_range=unknown
color_space=unknown
color_transfer=unknown
color_primaries=unknown
chroma_location=left
field_order=progressive
timecode=N/A
refs=1
is_avc=true
nal_length_size=4
id=N/A
r_frame_rate=10/1
avg_frame_rate=30/1
time_base=1/1000
start_pts=10
start_time=0.010000
duration_ts=N/A
duration=N/A
bit_rate=N/A
max_bit_rate=N/A
bits_per_raw_sample=8
nb_frames=N/A
nb_read_frames=N/A
nb_read_packets=N/A
DISPOSITION:default=0
DISPOSITION:dub=0
DISPOSITION:original=0
DISPOSITION:comment=0
DISPOSITION:lyrics=0
DISPOSITION:karaoke=0
DISPOSITION:forced=0
DISPOSITION:hearing_impaired=0
DISPOSITION:visual_impaired=0
DISPOSITION:clean_effects=0
DISPOSITION:attached_pic=0
DISPOSITION:timed_thumbnails=0
[/STREAM]
[FORMAT]
filename=rtmp://43.199.149.178/live/front_right
nb_streams=2
nb_programs=0
format_name=flv
format_long_name=FLV (Flash Video)
start_time=0.000000
duration=N/A
size=N/A
bit_rate=N/A
probe_score=100
TAG:title=/camera3/rtsp
TAG:comment=rtsp_image_transport
TAG:encoder=Lavf58.29.100
TAG:server=SRS/5.0.213(Bee)
TAG:server_version=5.0.213
[/FORMAT]
[AVIOContext @ 0x560919999640] Statistics: 643438 bytes read, 0 seeks
---------------------[ ffprobe Log End ]----------------------
SUMMARY: Status OK. Check passed because ffprobe successfully connected to the stream and retrieved its information (Exit Code: 0).

====================[ End of Check Cycle ]====================

==========================================================
                STREAM STATUS CHECK @ Friday, July 25, 2025 PM12:57:09 HKT
==========================================================

------------------[ Checking Stream: front_left ]------------------
URL: rtmp://43.199.149.178/live/front_left
--------------------[ ffprobe Log Start ]---------------------
ffprobe version 4.2.7-0ubuntu0.1 Copyright (c) 2007-2022 the FFmpeg developers
  built with gcc 9 (Ubuntu 9.4.0-1ubuntu1~20.04.1)
  configuration: --prefix=/usr --extra-version=0ubuntu0.1 --toolchain=hardened --libdir=/usr/lib/x86_64-linux-gnu --incdir=/usr/include/x86_64-linux-gnu --arch=amd64 --enable-gpl --disable-stripping --enable-avresample --disable-filter=resample --enable-avisynth --enable-gnutls --enable-ladspa --enable-libaom --enable-libass --enable-libbluray --enable-libbs2b --enable-libcaca --enable-libcdio --enable-libcodec2 --enable-libflite --enable-libfontconfig --enable-libfreetype --enable-libfribidi --enable-libgme --enable-libgsm --enable-libjack --enable-libmp3lame --enable-libmysofa --enable-libopenjpeg --enable-libopenmpt --enable-libopus --enable-libpulse --enable-librsvg --enable-librubberband --enable-libshine --enable-libsnappy --enable-libsoxr --enable-libspeex --enable-libssh --enable-libtheora --enable-libtwolame --enable-libvidstab --enable-libvorbis --enable-libvpx --enable-libwavpack --enable-libwebp --enable-libx265 --enable-libxml2 --enable-libxvid --enable-libzmq --enable-libzvbi --enable-lv2 --enable-omx --enable-openal --enable-opencl --enable-opengl --enable-sdl2 --enable-libdc1394 --enable-libdrm --enable-libiec61883 --enable-nvenc --enable-chromaprint --enable-frei0r --enable-libx264 --enable-shared
  libavutil      56. 31.100 / 56. 31.100
  libavcodec     58. 54.100 / 58. 54.100
  libavformat    58. 29.100 / 58. 29.100
  libavdevice    58.  8.100 / 58.  8.100
  libavfilter     7. 57.100 /  7. 57.100
  libavresample   4.  0.  0 /  4.  0.  0
  libswscale      5.  5.100 /  5.  5.100
  libswresample   3.  5.100 /  3.  5.100
  libpostproc    55.  5.100 / 55.  5.100
[tcp @ 0x55ade6cb5c00] Starting connection attempt to 43.199.149.178 port 1935
[tcp @ 0x55ade6cb5c00] Successfully connected to 43.199.149.178 port 1935
[h264 @ 0x55ade6cca240] Reinit context to 1024x624, pix_fmt: yuv420p
[flv @ 0x55ade6cb4980] max_analyze_duration 5000000 reached at 5000000 microseconds st:1
Input #0, flv, from 'rtmp://43.199.149.178/live/front_left':
  Metadata:
    title           : /camera5/rtsp
    comment         : rtsp_image_transport
    encoder         : Lavf58.29.100
    server          : SRS/5.0.213(Bee)
    server_version  : 5.0.213
  Duration: N/A, start: 0.000000, bitrate: N/A
    Stream #0:0: Data: none
    Stream #0:1: Video: h264 (Main), 1 reference frame, yuv420p(progressive, left), 1024x616 (1024x624) [SAR 1:1 DAR 128:77], 30 fps, 10 tbr, 1k tbn, 60 tbc
Unsupported codec with id 0 for input stream 0
[STREAM]
index=0
codec_name=unknown
codec_long_name=unknown
profile=unknown
codec_type=data
codec_tag_string=[0][0][0][0]
codec_tag=0x0000
id=N/A
r_frame_rate=0/0
avg_frame_rate=0/0
time_base=1/1000
start_pts=0
start_time=0.000000
duration_ts=N/A
duration=N/A
bit_rate=N/A
max_bit_rate=N/A
bits_per_raw_sample=N/A
nb_frames=N/A
nb_read_frames=N/A
nb_read_packets=N/A
DISPOSITION:default=0
DISPOSITION:dub=0
DISPOSITION:original=0
DISPOSITION:comment=0
DISPOSITION:lyrics=0
DISPOSITION:karaoke=0
DISPOSITION:forced=0
DISPOSITION:hearing_impaired=0
DISPOSITION:visual_impaired=0
DISPOSITION:clean_effects=0
DISPOSITION:attached_pic=0
DISPOSITION:timed_thumbnails=0
[/STREAM]
[STREAM]
index=1
codec_name=h264
codec_long_name=H.264 / AVC / MPEG-4 AVC / MPEG-4 part 10
profile=Main
codec_type=video
codec_time_base=1/60
codec_tag_string=[0][0][0][0]
codec_tag=0x0000
width=1024
height=616
coded_width=1024
coded_height=624
has_b_frames=0
sample_aspect_ratio=1:1
display_aspect_ratio=128:77
pix_fmt=yuv420p
level=31
color_range=unknown
color_space=unknown
color_transfer=unknown
color_primaries=unknown
chroma_location=left
field_order=progressive
timecode=N/A
refs=1
is_avc=true
nal_length_size=4
id=N/A
r_frame_rate=10/1
avg_frame_rate=30/1
time_base=1/1000
start_pts=10
start_time=0.010000
duration_ts=N/A
duration=N/A
bit_rate=N/A
max_bit_rate=N/A
bits_per_raw_sample=8
nb_frames=N/A
nb_read_frames=N/A
nb_read_packets=N/A
DISPOSITION:default=0
DISPOSITION:dub=0
DISPOSITION:original=0
DISPOSITION:comment=0
DISPOSITION:lyrics=0
DISPOSITION:karaoke=0
DISPOSITION:forced=0
DISPOSITION:hearing_impaired=0
DISPOSITION:visual_impaired=0
DISPOSITION:clean_effects=0
DISPOSITION:attached_pic=0
DISPOSITION:timed_thumbnails=0
[/STREAM]
[FORMAT]
filename=rtmp://43.199.149.178/live/front_left
nb_streams=2
nb_programs=0
format_name=flv
format_long_name=FLV (Flash Video)
start_time=0.000000
duration=N/A
size=N/A
bit_rate=N/A
probe_score=100
TAG:title=/camera5/rtsp
TAG:comment=rtsp_image_transport
TAG:encoder=Lavf58.29.100
TAG:server=SRS/5.0.213(Bee)
TAG:server_version=5.0.213
[/FORMAT]
[AVIOContext @ 0x55ade6cb7640] Statistics: 651507 bytes read, 0 seeks
---------------------[ ffprobe Log End ]----------------------
SUMMARY: Status OK. Check passed because ffprobe successfully connected to the stream and retrieved its information (Exit Code: 0).


------------------[ Checking Stream: front_right ]------------------
URL: rtmp://43.199.149.178/live/front_right
--------------------[ ffprobe Log Start ]---------------------
ffprobe version 4.2.7-0ubuntu0.1 Copyright (c) 2007-2022 the FFmpeg developers
  built with gcc 9 (Ubuntu 9.4.0-1ubuntu1~20.04.1)
  configuration: --prefix=/usr --extra-version=0ubuntu0.1 --toolchain=hardened --libdir=/usr/lib/x86_64-linux-gnu --incdir=/usr/include/x86_64-linux-gnu --arch=amd64 --enable-gpl --disable-stripping --enable-avresample --disable-filter=resample --enable-avisynth --enable-gnutls --enable-ladspa --enable-libaom --enable-libass --enable-libbluray --enable-libbs2b --enable-libcaca --enable-libcdio --enable-libcodec2 --enable-libflite --enable-libfontconfig --enable-libfreetype --enable-libfribidi --enable-libgme --enable-libgsm --enable-libjack --enable-libmp3lame --enable-libmysofa --enable-libopenjpeg --enable-libopenmpt --enable-libopus --enable-libpulse --enable-librsvg --enable-librubberband --enable-libshine --enable-libsnappy --enable-libsoxr --enable-libspeex --enable-libssh --enable-libtheora --enable-libtwolame --enable-libvidstab --enable-libvorbis --enable-libvpx --enable-libwavpack --enable-libwebp --enable-libx265 --enable-libxml2 --enable-libxvid --enable-libzmq --enable-libzvbi --enable-lv2 --enable-omx --enable-openal --enable-opencl --enable-opengl --enable-sdl2 --enable-libdc1394 --enable-libdrm --enable-libiec61883 --enable-nvenc --enable-chromaprint --enable-frei0r --enable-libx264 --enable-shared
  libavutil      56. 31.100 / 56. 31.100
  libavcodec     58. 54.100 / 58. 54.100
  libavformat    58. 29.100 / 58. 29.100
  libavdevice    58.  8.100 / 58.  8.100
  libavfilter     7. 57.100 /  7. 57.100
  libavresample   4.  0.  0 /  4.  0.  0
  libswscale      5.  5.100 /  5.  5.100
  libswresample   3.  5.100 /  3.  5.100
  libpostproc    55.  5.100 / 55.  5.100
[tcp @ 0x55d7f623dc00] Starting connection attempt to 43.199.149.178 port 1935
[tcp @ 0x55d7f623dc00] Successfully connected to 43.199.149.178 port 1935
[h264 @ 0x55d7f6252240] Reinit context to 1024x624, pix_fmt: yuv420p
[flv @ 0x55d7f623c980] max_analyze_duration 5000000 reached at 5000000 microseconds st:1
Input #0, flv, from 'rtmp://43.199.149.178/live/front_right':
  Metadata:
    title           : /camera3/rtsp
    comment         : rtsp_image_transport
    encoder         : Lavf58.29.100
    server          : SRS/5.0.213(Bee)
    server_version  : 5.0.213
  Duration: N/A, start: 0.000000, bitrate: N/A
    Stream #0:0: Data: none
    Stream #0:1: Video: h264 (Main), 1 reference frame, yuv420p(progressive, left), 1024x616 (1024x624) [SAR 1:1 DAR 128:77], 30 fps, 10 tbr, 1k tbn, 60 tbc
Unsupported codec with id 0 for input stream 0
[STREAM]
index=0
codec_name=unknown
codec_long_name=unknown
profile=unknown
codec_type=data
codec_tag_string=[0][0][0][0]
codec_tag=0x0000
id=N/A
r_frame_rate=0/0
avg_frame_rate=0/0
time_base=1/1000
start_pts=0
start_time=0.000000
duration_ts=N/A
duration=N/A
bit_rate=N/A
max_bit_rate=N/A
bits_per_raw_sample=N/A
nb_frames=N/A
nb_read_frames=N/A
nb_read_packets=N/A
DISPOSITION:default=0
DISPOSITION:dub=0
DISPOSITION:original=0
DISPOSITION:comment=0
DISPOSITION:lyrics=0
DISPOSITION:karaoke=0
DISPOSITION:forced=0
DISPOSITION:hearing_impaired=0
DISPOSITION:visual_impaired=0
DISPOSITION:clean_effects=0
DISPOSITION:attached_pic=0
DISPOSITION:timed_thumbnails=0
[/STREAM]
[STREAM]
index=1
codec_name=h264
codec_long_name=H.264 / AVC / MPEG-4 AVC / MPEG-4 part 10
profile=Main
codec_type=video
codec_time_base=1/60
codec_tag_string=[0][0][0][0]
codec_tag=0x0000
width=1024
height=616
coded_width=1024
coded_height=624
has_b_frames=0
sample_aspect_ratio=1:1
display_aspect_ratio=128:77
pix_fmt=yuv420p
level=31
color_range=unknown
color_space=unknown
color_transfer=unknown
color_primaries=unknown
chroma_location=left
field_order=progressive
timecode=N/A
refs=1
is_avc=true
nal_length_size=4
id=N/A
r_frame_rate=10/1
avg_frame_rate=30/1
time_base=1/1000
start_pts=10
start_time=0.010000
duration_ts=N/A
duration=N/A
bit_rate=N/A
max_bit_rate=N/A
bits_per_raw_sample=8
nb_frames=N/A
nb_read_frames=N/A
nb_read_packets=N/A
DISPOSITION:default=0
DISPOSITION:dub=0
DISPOSITION:original=0
DISPOSITION:comment=0
DISPOSITION:lyrics=0
DISPOSITION:karaoke=0
DISPOSITION:forced=0
DISPOSITION:hearing_impaired=0
DISPOSITION:visual_impaired=0
DISPOSITION:clean_effects=0
DISPOSITION:attached_pic=0
DISPOSITION:timed_thumbnails=0
[/STREAM]
[FORMAT]
filename=rtmp://43.199.149.178/live/front_right
nb_streams=2
nb_programs=0
format_name=flv
format_long_name=FLV (Flash Video)
start_time=0.000000
duration=N/A
size=N/A
bit_rate=N/A
probe_score=100
TAG:title=/camera3/rtsp
TAG:comment=rtsp_image_transport
TAG:encoder=Lavf58.29.100
TAG:server=SRS/5.0.213(Bee)
TAG:server_version=5.0.213
[/FORMAT]
[AVIOContext @ 0x55d7f623f640] Statistics: 651983 bytes read, 0 seeks
---------------------[ ffprobe Log End ]----------------------
SUMMARY: Status OK. Check passed because ffprobe successfully connected to the stream and retrieved its information (Exit Code: 0).

====================[ End of Check Cycle ]====================

==========================================================
                STREAM STATUS CHECK @ Friday, July 25, 2025 PM12:58:39 HKT
==========================================================

------------------[ Checking Stream: front_left ]------------------
URL: rtmp://43.199.149.178/live/front_left
--------------------[ ffprobe Log Start ]---------------------
ffprobe version 4.2.7-0ubuntu0.1 Copyright (c) 2007-2022 the FFmpeg developers
  built with gcc 9 (Ubuntu 9.4.0-1ubuntu1~20.04.1)
  configuration: --prefix=/usr --extra-version=0ubuntu0.1 --toolchain=hardened --libdir=/usr/lib/x86_64-linux-gnu --incdir=/usr/include/x86_64-linux-gnu --arch=amd64 --enable-gpl --disable-stripping --enable-avresample --disable-filter=resample --enable-avisynth --enable-gnutls --enable-ladspa --enable-libaom --enable-libass --enable-libbluray --enable-libbs2b --enable-libcaca --enable-libcdio --enable-libcodec2 --enable-libflite --enable-libfontconfig --enable-libfreetype --enable-libfribidi --enable-libgme --enable-libgsm --enable-libjack --enable-libmp3lame --enable-libmysofa --enable-libopenjpeg --enable-libopenmpt --enable-libopus --enable-libpulse --enable-librsvg --enable-librubberband --enable-libshine --enable-libsnappy --enable-libsoxr --enable-libspeex --enable-libssh --enable-libtheora --enable-libtwolame --enable-libvidstab --enable-libvorbis --enable-libvpx --enable-libwavpack --enable-libwebp --enable-libx265 --enable-libxml2 --enable-libxvid --enable-libzmq --enable-libzvbi --enable-lv2 --enable-omx --enable-openal --enable-opencl --enable-opengl --enable-sdl2 --enable-libdc1394 --enable-libdrm --enable-libiec61883 --enable-nvenc --enable-chromaprint --enable-frei0r --enable-libx264 --enable-shared
  libavutil      56. 31.100 / 56. 31.100
  libavcodec     58. 54.100 / 58. 54.100
  libavformat    58. 29.100 / 58. 29.100
  libavdevice    58.  8.100 / 58.  8.100
  libavfilter     7. 57.100 /  7. 57.100
  libavresample   4.  0.  0 /  4.  0.  0
  libswscale      5.  5.100 /  5.  5.100
  libswresample   3.  5.100 /  3.  5.100
  libpostproc    55.  5.100 / 55.  5.100
[tcp @ 0x55da48eb9c00] Starting connection attempt to 43.199.149.178 port 1935
[tcp @ 0x55da48eb9c00] Successfully connected to 43.199.149.178 port 1935
[h264 @ 0x55da48ebdbc0] Reinit context to 1024x624, pix_fmt: yuv420p
[flv @ 0x55da48eb8980] max_analyze_duration 5000000 reached at 5000000 microseconds st:1
Input #0, flv, from 'rtmp://43.199.149.178/live/front_left':
  Metadata:
    title           : /camera5/rtsp
    comment         : rtsp_image_transport
    encoder         : Lavf58.29.100
    server          : SRS/5.0.213(Bee)
    server_version  : 5.0.213
  Duration: N/A, start: 0.000000, bitrate: N/A
    Stream #0:0: Data: none
    Stream #0:1: Video: h264 (Main), 1 reference frame, yuv420p(progressive, left), 1024x616 (1024x624) [SAR 1:1 DAR 128:77], 30 fps, 10 tbr, 1k tbn, 60 tbc
Unsupported codec with id 0 for input stream 0
[STREAM]
index=0
codec_name=unknown
codec_long_name=unknown
profile=unknown
codec_type=data
codec_tag_string=[0][0][0][0]
codec_tag=0x0000
id=N/A
r_frame_rate=0/0
avg_frame_rate=0/0
time_base=1/1000
start_pts=0
start_time=0.000000
duration_ts=N/A
duration=N/A
bit_rate=N/A
max_bit_rate=N/A
bits_per_raw_sample=N/A
nb_frames=N/A
nb_read_frames=N/A
nb_read_packets=N/A
DISPOSITION:default=0
DISPOSITION:dub=0
DISPOSITION:original=0
DISPOSITION:comment=0
DISPOSITION:lyrics=0
DISPOSITION:karaoke=0
DISPOSITION:forced=0
DISPOSITION:hearing_impaired=0
DISPOSITION:visual_impaired=0
DISPOSITION:clean_effects=0
DISPOSITION:attached_pic=0
DISPOSITION:timed_thumbnails=0
[/STREAM]
[STREAM]
index=1
codec_name=h264
codec_long_name=H.264 / AVC / MPEG-4 AVC / MPEG-4 part 10
profile=Main
codec_type=video
codec_time_base=1/60
codec_tag_string=[0][0][0][0]
codec_tag=0x0000
width=1024
height=616
coded_width=1024
coded_height=624
has_b_frames=0
sample_aspect_ratio=1:1
display_aspect_ratio=128:77
pix_fmt=yuv420p
level=31
color_range=unknown
color_space=unknown
color_transfer=unknown
color_primaries=unknown
chroma_location=left
field_order=progressive
timecode=N/A
refs=1
is_avc=true
nal_length_size=4
id=N/A
r_frame_rate=10/1
avg_frame_rate=30/1
time_base=1/1000
start_pts=10
start_time=0.010000
duration_ts=N/A
duration=N/A
bit_rate=N/A
max_bit_rate=N/A
bits_per_raw_sample=8
nb_frames=N/A
nb_read_frames=N/A
nb_read_packets=N/A
DISPOSITION:default=0
DISPOSITION:dub=0
DISPOSITION:original=0
DISPOSITION:comment=0
DISPOSITION:lyrics=0
DISPOSITION:karaoke=0
DISPOSITION:forced=0
DISPOSITION:hearing_impaired=0
DISPOSITION:visual_impaired=0
DISPOSITION:clean_effects=0
DISPOSITION:attached_pic=0
DISPOSITION:timed_thumbnails=0
[/STREAM]
[FORMAT]
filename=rtmp://43.199.149.178/live/front_left
nb_streams=2
nb_programs=0
format_name=flv
format_long_name=FLV (Flash Video)
start_time=0.000000
duration=N/A
size=N/A
bit_rate=N/A
probe_score=100
TAG:title=/camera5/rtsp
TAG:comment=rtsp_image_transport
TAG:encoder=Lavf58.29.100
TAG:server=SRS/5.0.213(Bee)
TAG:server_version=5.0.213
[/FORMAT]
[AVIOContext @ 0x55da48ebb640] Statistics: 658520 bytes read, 0 seeks
---------------------[ ffprobe Log End ]----------------------
SUMMARY: Status OK. Check passed because ffprobe successfully connected to the stream and retrieved its information (Exit Code: 0).


------------------[ Checking Stream: front_right ]------------------
URL: rtmp://43.199.149.178/live/front_right
--------------------[ ffprobe Log Start ]---------------------
ffprobe version 4.2.7-0ubuntu0.1 Copyright (c) 2007-2022 the FFmpeg developers
  built with gcc 9 (Ubuntu 9.4.0-1ubuntu1~20.04.1)
  configuration: --prefix=/usr --extra-version=0ubuntu0.1 --toolchain=hardened --libdir=/usr/lib/x86_64-linux-gnu --incdir=/usr/include/x86_64-linux-gnu --arch=amd64 --enable-gpl --disable-stripping --enable-avresample --disable-filter=resample --enable-avisynth --enable-gnutls --enable-ladspa --enable-libaom --enable-libass --enable-libbluray --enable-libbs2b --enable-libcaca --enable-libcdio --enable-libcodec2 --enable-libflite --enable-libfontconfig --enable-libfreetype --enable-libfribidi --enable-libgme --enable-libgsm --enable-libjack --enable-libmp3lame --enable-libmysofa --enable-libopenjpeg --enable-libopenmpt --enable-libopus --enable-libpulse --enable-librsvg --enable-librubberband --enable-libshine --enable-libsnappy --enable-libsoxr --enable-libspeex --enable-libssh --enable-libtheora --enable-libtwolame --enable-libvidstab --enable-libvorbis --enable-libvpx --enable-libwavpack --enable-libwebp --enable-libx265 --enable-libxml2 --enable-libxvid --enable-libzmq --enable-libzvbi --enable-lv2 --enable-omx --enable-openal --enable-opencl --enable-opengl --enable-sdl2 --enable-libdc1394 --enable-libdrm --enable-libiec61883 --enable-nvenc --enable-chromaprint --enable-frei0r --enable-libx264 --enable-shared
  libavutil      56. 31.100 / 56. 31.100
  libavcodec     58. 54.100 / 58. 54.100
  libavformat    58. 29.100 / 58. 29.100
  libavdevice    58.  8.100 / 58.  8.100
  libavfilter     7. 57.100 /  7. 57.100
  libavresample   4.  0.  0 /  4.  0.  0
  libswscale      5.  5.100 /  5.  5.100
  libswresample   3.  5.100 /  3.  5.100
  libpostproc    55.  5.100 / 55.  5.100
[tcp @ 0x55e9caa7bc00] Starting connection attempt to 43.199.149.178 port 1935
[tcp @ 0x55e9caa7bc00] Successfully connected to 43.199.149.178 port 1935
[h264 @ 0x55e9caa90240] Reinit context to 1024x624, pix_fmt: yuv420p
[flv @ 0x55e9caa7a980] max_analyze_duration 5000000 reached at 5000000 microseconds st:1
Input #0, flv, from 'rtmp://43.199.149.178/live/front_right':
  Metadata:
    title           : /camera3/rtsp
    comment         : rtsp_image_transport
    encoder         : Lavf58.29.100
    server          : SRS/5.0.213(Bee)
    server_version  : 5.0.213
  Duration: N/A, start: 0.000000, bitrate: N/A
    Stream #0:0: Data: none
    Stream #0:1: Video: h264 (Main), 1 reference frame, yuv420p(progressive, left), 1024x616 (1024x624) [SAR 1:1 DAR 128:77], 30 fps, 10 tbr, 1k tbn, 60 tbc
Unsupported codec with id 0 for input stream 0
[STREAM]
index=0
codec_name=unknown
codec_long_name=unknown
profile=unknown
codec_type=data
codec_tag_string=[0][0][0][0]
codec_tag=0x0000
id=N/A
r_frame_rate=0/0
avg_frame_rate=0/0
time_base=1/1000
start_pts=0
start_time=0.000000
duration_ts=N/A
duration=N/A
bit_rate=N/A
max_bit_rate=N/A
bits_per_raw_sample=N/A
nb_frames=N/A
nb_read_frames=N/A
nb_read_packets=N/A
DISPOSITION:default=0
DISPOSITION:dub=0
DISPOSITION:original=0
DISPOSITION:comment=0
DISPOSITION:lyrics=0
DISPOSITION:karaoke=0
DISPOSITION:forced=0
DISPOSITION:hearing_impaired=0
DISPOSITION:visual_impaired=0
DISPOSITION:clean_effects=0
DISPOSITION:attached_pic=0
DISPOSITION:timed_thumbnails=0
[/STREAM]
[STREAM]
index=1
codec_name=h264
codec_long_name=H.264 / AVC / MPEG-4 AVC / MPEG-4 part 10
profile=Main
codec_type=video
codec_time_base=1/60
codec_tag_string=[0][0][0][0]
codec_tag=0x0000
width=1024
height=616
coded_width=1024
coded_height=624
has_b_frames=0
sample_aspect_ratio=1:1
display_aspect_ratio=128:77
pix_fmt=yuv420p
level=31
color_range=unknown
color_space=unknown
color_transfer=unknown
color_primaries=unknown
chroma_location=left
field_order=progressive
timecode=N/A
refs=1
is_avc=true
nal_length_size=4
id=N/A
r_frame_rate=10/1
avg_frame_rate=30/1
time_base=1/1000
start_pts=10
start_time=0.010000
duration_ts=N/A
duration=N/A
bit_rate=N/A
max_bit_rate=N/A
bits_per_raw_sample=8
nb_frames=N/A
nb_read_frames=N/A
nb_read_packets=N/A
DISPOSITION:default=0
DISPOSITION:dub=0
DISPOSITION:original=0
DISPOSITION:comment=0
DISPOSITION:lyrics=0
DISPOSITION:karaoke=0
DISPOSITION:forced=0
DISPOSITION:hearing_impaired=0
DISPOSITION:visual_impaired=0
DISPOSITION:clean_effects=0
DISPOSITION:attached_pic=0
DISPOSITION:timed_thumbnails=0
[/STREAM]
[FORMAT]
filename=rtmp://43.199.149.178/live/front_right
nb_streams=2
nb_programs=0
format_name=flv
format_long_name=FLV (Flash Video)
start_time=0.000000
duration=N/A
size=N/A
bit_rate=N/A
probe_score=100
TAG:title=/camera3/rtsp
TAG:comment=rtsp_image_transport
TAG:encoder=Lavf58.29.100
TAG:server=SRS/5.0.213(Bee)
TAG:server_version=5.0.213
[/FORMAT]
[AVIOContext @ 0x55e9caa7d640] Statistics: 635049 bytes read, 0 seeks
---------------------[ ffprobe Log End ]----------------------
SUMMARY: Status OK. Check passed because ffprobe successfully connected to the stream and retrieved its information (Exit Code: 0).

====================[ End of Check Cycle ]====================

==========================================================
                STREAM STATUS CHECK @ Friday, July 25, 2025 PM01:00:09 HKT
==========================================================

------------------[ Checking Stream: front_left ]------------------
URL: rtmp://43.199.149.178/live/front_left
--------------------[ ffprobe Log Start ]---------------------
ffprobe version 4.2.7-0ubuntu0.1 Copyright (c) 2007-2022 the FFmpeg developers
  built with gcc 9 (Ubuntu 9.4.0-1ubuntu1~20.04.1)
  configuration: --prefix=/usr --extra-version=0ubuntu0.1 --toolchain=hardened --libdir=/usr/lib/x86_64-linux-gnu --incdir=/usr/include/x86_64-linux-gnu --arch=amd64 --enable-gpl --disable-stripping --enable-avresample --disable-filter=resample --enable-avisynth --enable-gnutls --enable-ladspa --enable-libaom --enable-libass --enable-libbluray --enable-libbs2b --enable-libcaca --enable-libcdio --enable-libcodec2 --enable-libflite --enable-libfontconfig --enable-libfreetype --enable-libfribidi --enable-libgme --enable-libgsm --enable-libjack --enable-libmp3lame --enable-libmysofa --enable-libopenjpeg --enable-libopenmpt --enable-libopus --enable-libpulse --enable-librsvg --enable-librubberband --enable-libshine --enable-libsnappy --enable-libsoxr --enable-libspeex --enable-libssh --enable-libtheora --enable-libtwolame --enable-libvidstab --enable-libvorbis --enable-libvpx --enable-libwavpack --enable-libwebp --enable-libx265 --enable-libxml2 --enable-libxvid --enable-libzmq --enable-libzvbi --enable-lv2 --enable-omx --enable-openal --enable-opencl --enable-opengl --enable-sdl2 --enable-libdc1394 --enable-libdrm --enable-libiec61883 --enable-nvenc --enable-chromaprint --enable-frei0r --enable-libx264 --enable-shared
  libavutil      56. 31.100 / 56. 31.100
  libavcodec     58. 54.100 / 58. 54.100
  libavformat    58. 29.100 / 58. 29.100
  libavdevice    58.  8.100 / 58.  8.100
  libavfilter     7. 57.100 /  7. 57.100
  libavresample   4.  0.  0 /  4.  0.  0
  libswscale      5.  5.100 /  5.  5.100
  libswresample   3.  5.100 /  3.  5.100
  libpostproc    55.  5.100 / 55.  5.100
[tcp @ 0x558294c8ec00] Starting connection attempt to 43.199.149.178 port 1935
[tcp @ 0x558294c8ec00] Successfully connected to 43.199.149.178 port 1935
[h264 @ 0x558294c92fc0] Reinit context to 1024x624, pix_fmt: yuv420p
[flv @ 0x558294c8d980] max_analyze_duration 5000000 reached at 5000000 microseconds st:1
Input #0, flv, from 'rtmp://43.199.149.178/live/front_left':
  Metadata:
    title           : /camera5/rtsp
    comment         : rtsp_image_transport
    encoder         : Lavf58.29.100
    server          : SRS/5.0.213(Bee)
    server_version  : 5.0.213
  Duration: N/A, start: 0.000000, bitrate: N/A
    Stream #0:0: Data: none
    Stream #0:1: Video: h264 (Main), 1 reference frame, yuv420p(progressive, left), 1024x616 (1024x624) [SAR 1:1 DAR 128:77], 30 fps, 10 tbr, 1k tbn, 60 tbc
Unsupported codec with id 0 for input stream 0
[STREAM]
index=0
codec_name=unknown
codec_long_name=unknown
profile=unknown
codec_type=data
codec_tag_string=[0][0][0][0]
codec_tag=0x0000
id=N/A
r_frame_rate=0/0
avg_frame_rate=0/0
time_base=1/1000
start_pts=0
start_time=0.000000
duration_ts=N/A
duration=N/A
bit_rate=N/A
max_bit_rate=N/A
bits_per_raw_sample=N/A
nb_frames=N/A
nb_read_frames=N/A
nb_read_packets=N/A
DISPOSITION:default=0
DISPOSITION:dub=0
DISPOSITION:original=0
DISPOSITION:comment=0
DISPOSITION:lyrics=0
DISPOSITION:karaoke=0
DISPOSITION:forced=0
DISPOSITION:hearing_impaired=0
DISPOSITION:visual_impaired=0
DISPOSITION:clean_effects=0
DISPOSITION:attached_pic=0
DISPOSITION:timed_thumbnails=0
[/STREAM]
[STREAM]
index=1
codec_name=h264
codec_long_name=H.264 / AVC / MPEG-4 AVC / MPEG-4 part 10
profile=Main
codec_type=video
codec_time_base=1/60
codec_tag_string=[0][0][0][0]
codec_tag=0x0000
width=1024
height=616
coded_width=1024
coded_height=624
has_b_frames=0
sample_aspect_ratio=1:1
display_aspect_ratio=128:77
pix_fmt=yuv420p
level=31
color_range=unknown
color_space=unknown
color_transfer=unknown
color_primaries=unknown
chroma_location=left
field_order=progressive
timecode=N/A
refs=1
is_avc=true
nal_length_size=4
id=N/A
r_frame_rate=10/1
avg_frame_rate=30/1
time_base=1/1000
start_pts=10
start_time=0.010000
duration_ts=N/A
duration=N/A
bit_rate=N/A
max_bit_rate=N/A
bits_per_raw_sample=8
nb_frames=N/A
nb_read_frames=N/A
nb_read_packets=N/A
DISPOSITION:default=0
DISPOSITION:dub=0
DISPOSITION:original=0
DISPOSITION:comment=0
DISPOSITION:lyrics=0
DISPOSITION:karaoke=0
DISPOSITION:forced=0
DISPOSITION:hearing_impaired=0
DISPOSITION:visual_impaired=0
DISPOSITION:clean_effects=0
DISPOSITION:attached_pic=0
DISPOSITION:timed_thumbnails=0
[/STREAM]
[FORMAT]
filename=rtmp://43.199.149.178/live/front_left
nb_streams=2
nb_programs=0
format_name=flv
format_long_name=FLV (Flash Video)
start_time=0.000000
duration=N/A
size=N/A
bit_rate=N/A
probe_score=100
TAG:title=/camera5/rtsp
TAG:comment=rtsp_image_transport
TAG:encoder=Lavf58.29.100
TAG:server=SRS/5.0.213(Bee)
TAG:server_version=5.0.213
[/FORMAT]
[AVIOContext @ 0x558294c90640] Statistics: 658182 bytes read, 0 seeks
---------------------[ ffprobe Log End ]----------------------
SUMMARY: Status OK. Check passed because ffprobe successfully connected to the stream and retrieved its information (Exit Code: 0).


------------------[ Checking Stream: front_right ]------------------
URL: rtmp://43.199.149.178/live/front_right
--------------------[ ffprobe Log Start ]---------------------
ffprobe version 4.2.7-0ubuntu0.1 Copyright (c) 2007-2022 the FFmpeg developers
  built with gcc 9 (Ubuntu 9.4.0-1ubuntu1~20.04.1)
  configuration: --prefix=/usr --extra-version=0ubuntu0.1 --toolchain=hardened --libdir=/usr/lib/x86_64-linux-gnu --incdir=/usr/include/x86_64-linux-gnu --arch=amd64 --enable-gpl --disable-stripping --enable-avresample --disable-filter=resample --enable-avisynth --enable-gnutls --enable-ladspa --enable-libaom --enable-libass --enable-libbluray --enable-libbs2b --enable-libcaca --enable-libcdio --enable-libcodec2 --enable-libflite --enable-libfontconfig --enable-libfreetype --enable-libfribidi --enable-libgme --enable-libgsm --enable-libjack --enable-libmp3lame --enable-libmysofa --enable-libopenjpeg --enable-libopenmpt --enable-libopus --enable-libpulse --enable-librsvg --enable-librubberband --enable-libshine --enable-libsnappy --enable-libsoxr --enable-libspeex --enable-libssh --enable-libtheora --enable-libtwolame --enable-libvidstab --enable-libvorbis --enable-libvpx --enable-libwavpack --enable-libwebp --enable-libx265 --enable-libxml2 --enable-libxvid --enable-libzmq --enable-libzvbi --enable-lv2 --enable-omx --enable-openal --enable-opencl --enable-opengl --enable-sdl2 --enable-libdc1394 --enable-libdrm --enable-libiec61883 --enable-nvenc --enable-chromaprint --enable-frei0r --enable-libx264 --enable-shared
  libavutil      56. 31.100 / 56. 31.100
  libavcodec     58. 54.100 / 58. 54.100
  libavformat    58. 29.100 / 58. 29.100
  libavdevice    58.  8.100 / 58.  8.100
  libavfilter     7. 57.100 /  7. 57.100
  libavresample   4.  0.  0 /  4.  0.  0
  libswscale      5.  5.100 /  5.  5.100
  libswresample   3.  5.100 /  3.  5.100
  libpostproc    55.  5.100 / 55.  5.100
[tcp @ 0x55f06a2e7c00] Starting connection attempt to 43.199.149.178 port 1935
[tcp @ 0x55f06a2e7c00] Successfully connected to 43.199.149.178 port 1935
[h264 @ 0x55f06a2eae40] Reinit context to 1024x624, pix_fmt: yuv420p
[flv @ 0x55f06a2e6980] max_analyze_duration 5000000 reached at 5000000 microseconds st:1
Input #0, flv, from 'rtmp://43.199.149.178/live/front_right':
  Metadata:
    title           : /camera3/rtsp
    comment         : rtsp_image_transport
    encoder         : Lavf58.29.100
    server          : SRS/5.0.213(Bee)
    server_version  : 5.0.213
  Duration: N/A, start: 0.000000, bitrate: N/A
    Stream #0:0: Data: none
    Stream #0:1: Video: h264 (Main), 1 reference frame, yuv420p(progressive, left), 1024x616 (1024x624) [SAR 1:1 DAR 128:77], 30 fps, 10 tbr, 1k tbn, 60 tbc
Unsupported codec with id 0 for input stream 0
[STREAM]
index=0
codec_name=unknown
codec_long_name=unknown
profile=unknown
codec_type=data
codec_tag_string=[0][0][0][0]
codec_tag=0x0000
id=N/A
r_frame_rate=0/0
avg_frame_rate=0/0
time_base=1/1000
start_pts=0
start_time=0.000000
duration_ts=N/A
duration=N/A
bit_rate=N/A
max_bit_rate=N/A
bits_per_raw_sample=N/A
nb_frames=N/A
nb_read_frames=N/A
nb_read_packets=N/A
DISPOSITION:default=0
DISPOSITION:dub=0
DISPOSITION:original=0
DISPOSITION:comment=0
DISPOSITION:lyrics=0
DISPOSITION:karaoke=0
DISPOSITION:forced=0
DISPOSITION:hearing_impaired=0
DISPOSITION:visual_impaired=0
DISPOSITION:clean_effects=0
DISPOSITION:attached_pic=0
DISPOSITION:timed_thumbnails=0
[/STREAM]
[STREAM]
index=1
codec_name=h264
codec_long_name=H.264 / AVC / MPEG-4 AVC / MPEG-4 part 10
profile=Main
codec_type=video
codec_time_base=1/60
codec_tag_string=[0][0][0][0]
codec_tag=0x0000
width=1024
height=616
coded_width=1024
coded_height=624
has_b_frames=0
sample_aspect_ratio=1:1
display_aspect_ratio=128:77
pix_fmt=yuv420p
level=31
color_range=unknown
color_space=unknown
color_transfer=unknown
color_primaries=unknown
chroma_location=left
field_order=progressive
timecode=N/A
refs=1
is_avc=true
nal_length_size=4
id=N/A
r_frame_rate=10/1
avg_frame_rate=30/1
time_base=1/1000
start_pts=10
start_time=0.010000
duration_ts=N/A
duration=N/A
bit_rate=N/A
max_bit_rate=N/A
bits_per_raw_sample=8
nb_frames=N/A
nb_read_frames=N/A
nb_read_packets=N/A
DISPOSITION:default=0
DISPOSITION:dub=0
DISPOSITION:original=0
DISPOSITION:comment=0
DISPOSITION:lyrics=0
DISPOSITION:karaoke=0
DISPOSITION:forced=0
DISPOSITION:hearing_impaired=0
DISPOSITION:visual_impaired=0
DISPOSITION:clean_effects=0
DISPOSITION:attached_pic=0
DISPOSITION:timed_thumbnails=0
[/STREAM]
[FORMAT]
filename=rtmp://43.199.149.178/live/front_right
nb_streams=2
nb_programs=0
format_name=flv
format_long_name=FLV (Flash Video)
start_time=0.000000
duration=N/A
size=N/A
bit_rate=N/A
probe_score=100
TAG:title=/camera3/rtsp
TAG:comment=rtsp_image_transport
TAG:encoder=Lavf58.29.100
TAG:server=SRS/5.0.213(Bee)
TAG:server_version=5.0.213
[/FORMAT]
[AVIOContext @ 0x55f06a2e9640] Statistics: 659287 bytes read, 0 seeks
---------------------[ ffprobe Log End ]----------------------
SUMMARY: Status OK. Check passed because ffprobe successfully connected to the stream and retrieved its information (Exit Code: 0).

====================[ End of Check Cycle ]====================

==========================================================
                STREAM STATUS CHECK @ Friday, July 25, 2025 PM01:01:38 HKT
==========================================================

------------------[ Checking Stream: front_left ]------------------
URL: rtmp://43.199.149.178/live/front_left
--------------------[ ffprobe Log Start ]---------------------
ffprobe version 4.2.7-0ubuntu0.1 Copyright (c) 2007-2022 the FFmpeg developers
  built with gcc 9 (Ubuntu 9.4.0-1ubuntu1~20.04.1)
  configuration: --prefix=/usr --extra-version=0ubuntu0.1 --toolchain=hardened --libdir=/usr/lib/x86_64-linux-gnu --incdir=/usr/include/x86_64-linux-gnu --arch=amd64 --enable-gpl --disable-stripping --enable-avresample --disable-filter=resample --enable-avisynth --enable-gnutls --enable-ladspa --enable-libaom --enable-libass --enable-libbluray --enable-libbs2b --enable-libcaca --enable-libcdio --enable-libcodec2 --enable-libflite --enable-libfontconfig --enable-libfreetype --enable-libfribidi --enable-libgme --enable-libgsm --enable-libjack --enable-libmp3lame --enable-libmysofa --enable-libopenjpeg --enable-libopenmpt --enable-libopus --enable-libpulse --enable-librsvg --enable-librubberband --enable-libshine --enable-libsnappy --enable-libsoxr --enable-libspeex --enable-libssh --enable-libtheora --enable-libtwolame --enable-libvidstab --enable-libvorbis --enable-libvpx --enable-libwavpack --enable-libwebp --enable-libx265 --enable-libxml2 --enable-libxvid --enable-libzmq --enable-libzvbi --enable-lv2 --enable-omx --enable-openal --enable-opencl --enable-opengl --enable-sdl2 --enable-libdc1394 --enable-libdrm --enable-libiec61883 --enable-nvenc --enable-chromaprint --enable-frei0r --enable-libx264 --enable-shared
  libavutil      56. 31.100 / 56. 31.100
  libavcodec     58. 54.100 / 58. 54.100
  libavformat    58. 29.100 / 58. 29.100
  libavdevice    58.  8.100 / 58.  8.100
  libavfilter     7. 57.100 /  7. 57.100
  libavresample   4.  0.  0 /  4.  0.  0
  libswscale      5.  5.100 /  5.  5.100
  libswresample   3.  5.100 /  3.  5.100
  libpostproc    55.  5.100 / 55.  5.100
[tcp @ 0x563ba8ee2c00] Starting connection attempt to 43.199.149.178 port 1935
[tcp @ 0x563ba8ee2c00] Successfully connected to 43.199.149.178 port 1935
[h264 @ 0x563ba8ee5880] Reinit context to 1024x624, pix_fmt: yuv420p
[flv @ 0x563ba8ee1980] max_analyze_duration 5000000 reached at 5000000 microseconds st:1
Input #0, flv, from 'rtmp://43.199.149.178/live/front_left':
  Metadata:
    title           : /camera5/rtsp
    comment         : rtsp_image_transport
    encoder         : Lavf58.29.100
    server          : SRS/5.0.213(Bee)
    server_version  : 5.0.213
  Duration: N/A, start: 0.000000, bitrate: N/A
    Stream #0:0: Data: none
    Stream #0:1: Video: h264 (Main), 1 reference frame, yuv420p(progressive, left), 1024x616 (1024x624) [SAR 1:1 DAR 128:77], 30 fps, 10 tbr, 1k tbn, 60 tbc
Unsupported codec with id 0 for input stream 0
[STREAM]
index=0
codec_name=unknown
codec_long_name=unknown
profile=unknown
codec_type=data
codec_tag_string=[0][0][0][0]
codec_tag=0x0000
id=N/A
r_frame_rate=0/0
avg_frame_rate=0/0
time_base=1/1000
start_pts=0
start_time=0.000000
duration_ts=N/A
duration=N/A
bit_rate=N/A
max_bit_rate=N/A
bits_per_raw_sample=N/A
nb_frames=N/A
nb_read_frames=N/A
nb_read_packets=N/A
DISPOSITION:default=0
DISPOSITION:dub=0
DISPOSITION:original=0
DISPOSITION:comment=0
DISPOSITION:lyrics=0
DISPOSITION:karaoke=0
DISPOSITION:forced=0
DISPOSITION:hearing_impaired=0
DISPOSITION:visual_impaired=0
DISPOSITION:clean_effects=0
DISPOSITION:attached_pic=0
DISPOSITION:timed_thumbnails=0
[/STREAM]
[STREAM]
index=1
codec_name=h264
codec_long_name=H.264 / AVC / MPEG-4 AVC / MPEG-4 part 10
profile=Main
codec_type=video
codec_time_base=1/60
codec_tag_string=[0][0][0][0]
codec_tag=0x0000
width=1024
height=616
coded_width=1024
coded_height=624
has_b_frames=0
sample_aspect_ratio=1:1
display_aspect_ratio=128:77
pix_fmt=yuv420p
level=31
color_range=unknown
color_space=unknown
color_transfer=unknown
color_primaries=unknown
chroma_location=left
field_order=progressive
timecode=N/A
refs=1
is_avc=true
nal_length_size=4
id=N/A
r_frame_rate=10/1
avg_frame_rate=30/1
time_base=1/1000
start_pts=10
start_time=0.010000
duration_ts=N/A
duration=N/A
bit_rate=N/A
max_bit_rate=N/A
bits_per_raw_sample=8
nb_frames=N/A
nb_read_frames=N/A
nb_read_packets=N/A
DISPOSITION:default=0
DISPOSITION:dub=0
DISPOSITION:original=0
DISPOSITION:comment=0
DISPOSITION:lyrics=0
DISPOSITION:karaoke=0
DISPOSITION:forced=0
DISPOSITION:hearing_impaired=0
DISPOSITION:visual_impaired=0
DISPOSITION:clean_effects=0
DISPOSITION:attached_pic=0
DISPOSITION:timed_thumbnails=0
[/STREAM]
[FORMAT]
filename=rtmp://43.199.149.178/live/front_left
nb_streams=2
nb_programs=0
format_name=flv
format_long_name=FLV (Flash Video)
start_time=0.000000
duration=N/A
size=N/A
bit_rate=N/A
probe_score=100
TAG:title=/camera5/rtsp
TAG:comment=rtsp_image_transport
TAG:encoder=Lavf58.29.100
TAG:server=SRS/5.0.213(Bee)
TAG:server_version=5.0.213
[/FORMAT]
[AVIOContext @ 0x563ba8ee4640] Statistics: 661972 bytes read, 0 seeks
---------------------[ ffprobe Log End ]----------------------
SUMMARY: Status OK. Check passed because ffprobe successfully connected to the stream and retrieved its information (Exit Code: 0).


------------------[ Checking Stream: front_right ]------------------
URL: rtmp://43.199.149.178/live/front_right
--------------------[ ffprobe Log Start ]---------------------
ffprobe version 4.2.7-0ubuntu0.1 Copyright (c) 2007-2022 the FFmpeg developers
  built with gcc 9 (Ubuntu 9.4.0-1ubuntu1~20.04.1)
  configuration: --prefix=/usr --extra-version=0ubuntu0.1 --toolchain=hardened --libdir=/usr/lib/x86_64-linux-gnu --incdir=/usr/include/x86_64-linux-gnu --arch=amd64 --enable-gpl --disable-stripping --enable-avresample --disable-filter=resample --enable-avisynth --enable-gnutls --enable-ladspa --enable-libaom --enable-libass --enable-libbluray --enable-libbs2b --enable-libcaca --enable-libcdio --enable-libcodec2 --enable-libflite --enable-libfontconfig --enable-libfreetype --enable-libfribidi --enable-libgme --enable-libgsm --enable-libjack --enable-libmp3lame --enable-libmysofa --enable-libopenjpeg --enable-libopenmpt --enable-libopus --enable-libpulse --enable-librsvg --enable-librubberband --enable-libshine --enable-libsnappy --enable-libsoxr --enable-libspeex --enable-libssh --enable-libtheora --enable-libtwolame --enable-libvidstab --enable-libvorbis --enable-libvpx --enable-libwavpack --enable-libwebp --enable-libx265 --enable-libxml2 --enable-libxvid --enable-libzmq --enable-libzvbi --enable-lv2 --enable-omx --enable-openal --enable-opencl --enable-opengl --enable-sdl2 --enable-libdc1394 --enable-libdrm --enable-libiec61883 --enable-nvenc --enable-chromaprint --enable-frei0r --enable-libx264 --enable-shared
  libavutil      56. 31.100 / 56. 31.100
  libavcodec     58. 54.100 / 58. 54.100
  libavformat    58. 29.100 / 58. 29.100
  libavdevice    58.  8.100 / 58.  8.100
  libavfilter     7. 57.100 /  7. 57.100
  libavresample   4.  0.  0 /  4.  0.  0
  libswscale      5.  5.100 /  5.  5.100
  libswresample   3.  5.100 /  3.  5.100
  libpostproc    55.  5.100 / 55.  5.100
[tcp @ 0x5595df548c00] Starting connection attempt to 43.199.149.178 port 1935
[tcp @ 0x5595df548c00] Successfully connected to 43.199.149.178 port 1935
[h264 @ 0x5595df54ba00] Reinit context to 1024x624, pix_fmt: yuv420p
[h264 @ 0x5595df54ba00] error while decoding MB 52 25, bytestream -28
[h264 @ 0x5595df54ba00] concealing 893 DC, 893 AC, 893 MV errors in I frame
[flv @ 0x5595df547980] max_analyze_duration 5000000 reached at 5000000 microseconds st:1
Input #0, flv, from 'rtmp://43.199.149.178/live/front_right':
  Metadata:
    title           : /camera3/rtsp
    comment         : rtsp_image_transport
    encoder         : Lavf58.29.100
    server          : SRS/5.0.213(Bee)
    server_version  : 5.0.213
  Duration: N/A, start: 0.000000, bitrate: N/A
    Stream #0:0: Data: none
    Stream #0:1: Video: h264 (Main), 1 reference frame, yuv420p(progressive, left), 1024x616 (1024x624) [SAR 1:1 DAR 128:77], 30 fps, 10 tbr, 1k tbn, 60 tbc
Unsupported codec with id 0 for input stream 0
[STREAM]
index=0
codec_name=unknown
codec_long_name=unknown
profile=unknown
codec_type=data
codec_tag_string=[0][0][0][0]
codec_tag=0x0000
id=N/A
r_frame_rate=0/0
avg_frame_rate=0/0
time_base=1/1000
start_pts=0
start_time=0.000000
duration_ts=N/A
duration=N/A
bit_rate=N/A
max_bit_rate=N/A
bits_per_raw_sample=N/A
nb_frames=N/A
nb_read_frames=N/A
nb_read_packets=N/A
DISPOSITION:default=0
DISPOSITION:dub=0
DISPOSITION:original=0
DISPOSITION:comment=0
DISPOSITION:lyrics=0
DISPOSITION:karaoke=0
DISPOSITION:forced=0
DISPOSITION:hearing_impaired=0
DISPOSITION:visual_impaired=0
DISPOSITION:clean_effects=0
DISPOSITION:attached_pic=0
DISPOSITION:timed_thumbnails=0
[/STREAM]
[STREAM]
index=1
codec_name=h264
codec_long_name=H.264 / AVC / MPEG-4 AVC / MPEG-4 part 10
profile=Main
codec_type=video
codec_time_base=1/60
codec_tag_string=[0][0][0][0]
codec_tag=0x0000
width=1024
height=616
coded_width=1024
coded_height=624
has_b_frames=0
sample_aspect_ratio=1:1
display_aspect_ratio=128:77
pix_fmt=yuv420p
level=31
color_range=unknown
color_space=unknown
color_transfer=unknown
color_primaries=unknown
chroma_location=left
field_order=progressive
timecode=N/A
refs=1
is_avc=true
nal_length_size=4
id=N/A
r_frame_rate=10/1
avg_frame_rate=30/1
time_base=1/1000
start_pts=10
start_time=0.010000
duration_ts=N/A
duration=N/A
bit_rate=N/A
max_bit_rate=N/A
bits_per_raw_sample=8
nb_frames=N/A
nb_read_frames=N/A
nb_read_packets=N/A
DISPOSITION:default=0
DISPOSITION:dub=0
DISPOSITION:original=0
DISPOSITION:comment=0
DISPOSITION:lyrics=0
DISPOSITION:karaoke=0
DISPOSITION:forced=0
DISPOSITION:hearing_impaired=0
DISPOSITION:visual_impaired=0
DISPOSITION:clean_effects=0
DISPOSITION:attached_pic=0
DISPOSITION:timed_thumbnails=0
[/STREAM]
[FORMAT]
filename=rtmp://43.199.149.178/live/front_right
nb_streams=2
nb_programs=0
format_name=flv
format_long_name=FLV (Flash Video)
start_time=0.000000
duration=N/A
size=N/A
bit_rate=N/A
probe_score=100
TAG:title=/camera3/rtsp
TAG:comment=rtsp_image_transport
TAG:encoder=Lavf58.29.100
TAG:server=SRS/5.0.213(Bee)
TAG:server_version=5.0.213
[/FORMAT]
[AVIOContext @ 0x5595df54a640] Statistics: 648787 bytes read, 0 seeks
---------------------[ ffprobe Log End ]----------------------
SUMMARY: Status OK. Check passed because ffprobe successfully connected to the stream and retrieved its information (Exit Code: 0).

====================[ End of Check Cycle ]====================

==========================================================
                STREAM STATUS CHECK @ Friday, July 25, 2025 PM01:03:09 HKT
==========================================================

------------------[ Checking Stream: front_left ]------------------
URL: rtmp://43.199.149.178/live/front_left
--------------------[ ffprobe Log Start ]---------------------
ffprobe version 4.2.7-0ubuntu0.1 Copyright (c) 2007-2022 the FFmpeg developers
  built with gcc 9 (Ubuntu 9.4.0-1ubuntu1~20.04.1)
  configuration: --prefix=/usr --extra-version=0ubuntu0.1 --toolchain=hardened --libdir=/usr/lib/x86_64-linux-gnu --incdir=/usr/include/x86_64-linux-gnu --arch=amd64 --enable-gpl --disable-stripping --enable-avresample --disable-filter=resample --enable-avisynth --enable-gnutls --enable-ladspa --enable-libaom --enable-libass --enable-libbluray --enable-libbs2b --enable-libcaca --enable-libcdio --enable-libcodec2 --enable-libflite --enable-libfontconfig --enable-libfreetype --enable-libfribidi --enable-libgme --enable-libgsm --enable-libjack --enable-libmp3lame --enable-libmysofa --enable-libopenjpeg --enable-libopenmpt --enable-libopus --enable-libpulse --enable-librsvg --enable-librubberband --enable-libshine --enable-libsnappy --enable-libsoxr --enable-libspeex --enable-libssh --enable-libtheora --enable-libtwolame --enable-libvidstab --enable-libvorbis --enable-libvpx --enable-libwavpack --enable-libwebp --enable-libx265 --enable-libxml2 --enable-libxvid --enable-libzmq --enable-libzvbi --enable-lv2 --enable-omx --enable-openal --enable-opencl --enable-opengl --enable-sdl2 --enable-libdc1394 --enable-libdrm --enable-libiec61883 --enable-nvenc --enable-chromaprint --enable-frei0r --enable-libx264 --enable-shared
  libavutil      56. 31.100 / 56. 31.100
  libavcodec     58. 54.100 / 58. 54.100
  libavformat    58. 29.100 / 58. 29.100
  libavdevice    58.  8.100 / 58.  8.100
  libavfilter     7. 57.100 /  7. 57.100
  libavresample   4.  0.  0 /  4.  0.  0
  libswscale      5.  5.100 /  5.  5.100
  libswresample   3.  5.100 /  3.  5.100
  libpostproc    55.  5.100 / 55.  5.100
[tcp @ 0x55a3efacbc00] Starting connection attempt to 43.199.149.178 port 1935
[tcp @ 0x55a3efacbc00] Successfully connected to 43.199.149.178 port 1935
[h264 @ 0x55a3eface400] Reinit context to 1024x624, pix_fmt: yuv420p
[flv @ 0x55a3efaca980] max_analyze_duration 5000000 reached at 5000000 microseconds st:1
Input #0, flv, from 'rtmp://43.199.149.178/live/front_left':
  Metadata:
    title           : /camera5/rtsp
    comment         : rtsp_image_transport
    encoder         : Lavf58.29.100
    server          : SRS/5.0.213(Bee)
    server_version  : 5.0.213
  Duration: N/A, start: 0.000000, bitrate: N/A
    Stream #0:0: Data: none
    Stream #0:1: Video: h264 (Main), 1 reference frame, yuv420p(progressive, left), 1024x616 (1024x624) [SAR 1:1 DAR 128:77], 30 fps, 10 tbr, 1k tbn, 60 tbc
Unsupported codec with id 0 for input stream 0
[STREAM]
index=0
codec_name=unknown
codec_long_name=unknown
profile=unknown
codec_type=data
codec_tag_string=[0][0][0][0]
codec_tag=0x0000
id=N/A
r_frame_rate=0/0
avg_frame_rate=0/0
time_base=1/1000
start_pts=0
start_time=0.000000
duration_ts=N/A
duration=N/A
bit_rate=N/A
max_bit_rate=N/A
bits_per_raw_sample=N/A
nb_frames=N/A
nb_read_frames=N/A
nb_read_packets=N/A
DISPOSITION:default=0
DISPOSITION:dub=0
DISPOSITION:original=0
DISPOSITION:comment=0
DISPOSITION:lyrics=0
DISPOSITION:karaoke=0
DISPOSITION:forced=0
DISPOSITION:hearing_impaired=0
DISPOSITION:visual_impaired=0
DISPOSITION:clean_effects=0
DISPOSITION:attached_pic=0
DISPOSITION:timed_thumbnails=0
[/STREAM]
[STREAM]
index=1
codec_name=h264
codec_long_name=H.264 / AVC / MPEG-4 AVC / MPEG-4 part 10
profile=Main
codec_type=video
codec_time_base=1/60
codec_tag_string=[0][0][0][0]
codec_tag=0x0000
width=1024
height=616
coded_width=1024
coded_height=624
has_b_frames=0
sample_aspect_ratio=1:1
display_aspect_ratio=128:77
pix_fmt=yuv420p
level=31
color_range=unknown
color_space=unknown
color_transfer=unknown
color_primaries=unknown
chroma_location=left
field_order=progressive
timecode=N/A
refs=1
is_avc=true
nal_length_size=4
id=N/A
r_frame_rate=10/1
avg_frame_rate=30/1
time_base=1/1000
start_pts=10
start_time=0.010000
duration_ts=N/A
duration=N/A
bit_rate=N/A
max_bit_rate=N/A
bits_per_raw_sample=8
nb_frames=N/A
nb_read_frames=N/A
nb_read_packets=N/A
DISPOSITION:default=0
DISPOSITION:dub=0
DISPOSITION:original=0
DISPOSITION:comment=0
DISPOSITION:lyrics=0
DISPOSITION:karaoke=0
DISPOSITION:forced=0
DISPOSITION:hearing_impaired=0
DISPOSITION:visual_impaired=0
DISPOSITION:clean_effects=0
DISPOSITION:attached_pic=0
DISPOSITION:timed_thumbnails=0
[/STREAM]
[FORMAT]
filename=rtmp://43.199.149.178/live/front_left
nb_streams=2
nb_programs=0
format_name=flv
format_long_name=FLV (Flash Video)
start_time=0.000000
duration=N/A
size=N/A
bit_rate=N/A
probe_score=100
TAG:title=/camera5/rtsp
TAG:comment=rtsp_image_transport
TAG:encoder=Lavf58.29.100
TAG:server=SRS/5.0.213(Bee)
TAG:server_version=5.0.213
[/FORMAT]
[AVIOContext @ 0x55a3efacd640] Statistics: 674864 bytes read, 0 seeks
---------------------[ ffprobe Log End ]----------------------
SUMMARY: Status OK. Check passed because ffprobe successfully connected to the stream and retrieved its information (Exit Code: 0).


------------------[ Checking Stream: front_right ]------------------
URL: rtmp://43.199.149.178/live/front_right
--------------------[ ffprobe Log Start ]---------------------
ffprobe version 4.2.7-0ubuntu0.1 Copyright (c) 2007-2022 the FFmpeg developers
  built with gcc 9 (Ubuntu 9.4.0-1ubuntu1~20.04.1)
  configuration: --prefix=/usr --extra-version=0ubuntu0.1 --toolchain=hardened --libdir=/usr/lib/x86_64-linux-gnu --incdir=/usr/include/x86_64-linux-gnu --arch=amd64 --enable-gpl --disable-stripping --enable-avresample --disable-filter=resample --enable-avisynth --enable-gnutls --enable-ladspa --enable-libaom --enable-libass --enable-libbluray --enable-libbs2b --enable-libcaca --enable-libcdio --enable-libcodec2 --enable-libflite --enable-libfontconfig --enable-libfreetype --enable-libfribidi --enable-libgme --enable-libgsm --enable-libjack --enable-libmp3lame --enable-libmysofa --enable-libopenjpeg --enable-libopenmpt --enable-libopus --enable-libpulse --enable-librsvg --enable-librubberband --enable-libshine --enable-libsnappy --enable-libsoxr --enable-libspeex --enable-libssh --enable-libtheora --enable-libtwolame --enable-libvidstab --enable-libvorbis --enable-libvpx --enable-libwavpack --enable-libwebp --enable-libx265 --enable-libxml2 --enable-libxvid --enable-libzmq --enable-libzvbi --enable-lv2 --enable-omx --enable-openal --enable-opencl --enable-opengl --enable-sdl2 --enable-libdc1394 --enable-libdrm --enable-libiec61883 --enable-nvenc --enable-chromaprint --enable-frei0r --enable-libx264 --enable-shared
  libavutil      56. 31.100 / 56. 31.100
  libavcodec     58. 54.100 / 58. 54.100
  libavformat    58. 29.100 / 58. 29.100
  libavdevice    58.  8.100 / 58.  8.100
  libavfilter     7. 57.100 /  7. 57.100
  libavresample   4.  0.  0 /  4.  0.  0
  libswscale      5.  5.100 /  5.  5.100
  libswresample   3.  5.100 /  3.  5.100
  libpostproc    55.  5.100 / 55.  5.100
[tcp @ 0x558558259c00] Starting connection attempt to 43.199.149.178 port 1935
[tcp @ 0x558558259c00] Successfully connected to 43.199.149.178 port 1935
[h264 @ 0x55855826e240] Reinit context to 1024x624, pix_fmt: yuv420p
[flv @ 0x558558258980] max_analyze_duration 5000000 reached at 5000000 microseconds st:1
Input #0, flv, from 'rtmp://43.199.149.178/live/front_right':
  Metadata:
    title           : /camera3/rtsp
    comment         : rtsp_image_transport
    encoder         : Lavf58.29.100
    server          : SRS/5.0.213(Bee)
    server_version  : 5.0.213
  Duration: N/A, start: 0.000000, bitrate: N/A
    Stream #0:0: Data: none
    Stream #0:1: Video: h264 (Main), 1 reference frame, yuv420p(progressive, left), 1024x616 (1024x624) [SAR 1:1 DAR 128:77], 30 fps, 10 tbr, 1k tbn, 60 tbc
Unsupported codec with id 0 for input stream 0
[STREAM]
index=0
codec_name=unknown
codec_long_name=unknown
profile=unknown
codec_type=data
codec_tag_string=[0][0][0][0]
codec_tag=0x0000
id=N/A
r_frame_rate=0/0
avg_frame_rate=0/0
time_base=1/1000
start_pts=0
start_time=0.000000
duration_ts=N/A
duration=N/A
bit_rate=N/A
max_bit_rate=N/A
bits_per_raw_sample=N/A
nb_frames=N/A
nb_read_frames=N/A
nb_read_packets=N/A
DISPOSITION:default=0
DISPOSITION:dub=0
DISPOSITION:original=0
DISPOSITION:comment=0
DISPOSITION:lyrics=0
DISPOSITION:karaoke=0
DISPOSITION:forced=0
DISPOSITION:hearing_impaired=0
DISPOSITION:visual_impaired=0
DISPOSITION:clean_effects=0
DISPOSITION:attached_pic=0
DISPOSITION:timed_thumbnails=0
[/STREAM]
[STREAM]
index=1
codec_name=h264
codec_long_name=H.264 / AVC / MPEG-4 AVC / MPEG-4 part 10
profile=Main
codec_type=video
codec_time_base=1/60
codec_tag_string=[0][0][0][0]
codec_tag=0x0000
width=1024
height=616
coded_width=1024
coded_height=624
has_b_frames=0
sample_aspect_ratio=1:1
display_aspect_ratio=128:77
pix_fmt=yuv420p
level=31
color_range=unknown
color_space=unknown
color_transfer=unknown
color_primaries=unknown
chroma_location=left
field_order=progressive
timecode=N/A
refs=1
is_avc=true
nal_length_size=4
id=N/A
r_frame_rate=10/1
avg_frame_rate=30/1
time_base=1/1000
start_pts=10
start_time=0.010000
duration_ts=N/A
duration=N/A
bit_rate=N/A
max_bit_rate=N/A
bits_per_raw_sample=8
nb_frames=N/A
nb_read_frames=N/A
nb_read_packets=N/A
DISPOSITION:default=0
DISPOSITION:dub=0
DISPOSITION:original=0
DISPOSITION:comment=0
DISPOSITION:lyrics=0
DISPOSITION:karaoke=0
DISPOSITION:forced=0
DISPOSITION:hearing_impaired=0
DISPOSITION:visual_impaired=0
DISPOSITION:clean_effects=0
DISPOSITION:attached_pic=0
DISPOSITION:timed_thumbnails=0
[/STREAM]
[FORMAT]
filename=rtmp://43.199.149.178/live/front_right
nb_streams=2
nb_programs=0
format_name=flv
format_long_name=FLV (Flash Video)
start_time=0.000000
duration=N/A
size=N/A
bit_rate=N/A
probe_score=100
TAG:title=/camera3/rtsp
TAG:comment=rtsp_image_transport
TAG:encoder=Lavf58.29.100
TAG:server=SRS/5.0.213(Bee)
TAG:server_version=5.0.213
[/FORMAT]
[AVIOContext @ 0x55855825b640] Statistics: 694830 bytes read, 0 seeks
---------------------[ ffprobe Log End ]----------------------
SUMMARY: Status OK. Check passed because ffprobe successfully connected to the stream and retrieved its information (Exit Code: 0).

====================[ End of Check Cycle ]====================

==========================================================
                STREAM STATUS CHECK @ Friday, July 25, 2025 PM01:04:39 HKT
==========================================================

------------------[ Checking Stream: front_left ]------------------
URL: rtmp://43.199.149.178/live/front_left
--------------------[ ffprobe Log Start ]---------------------
ffprobe version 4.2.7-0ubuntu0.1 Copyright (c) 2007-2022 the FFmpeg developers
  built with gcc 9 (Ubuntu 9.4.0-1ubuntu1~20.04.1)
  configuration: --prefix=/usr --extra-version=0ubuntu0.1 --toolchain=hardened --libdir=/usr/lib/x86_64-linux-gnu --incdir=/usr/include/x86_64-linux-gnu --arch=amd64 --enable-gpl --disable-stripping --enable-avresample --disable-filter=resample --enable-avisynth --enable-gnutls --enable-ladspa --enable-libaom --enable-libass --enable-libbluray --enable-libbs2b --enable-libcaca --enable-libcdio --enable-libcodec2 --enable-libflite --enable-libfontconfig --enable-libfreetype --enable-libfribidi --enable-libgme --enable-libgsm --enable-libjack --enable-libmp3lame --enable-libmysofa --enable-libopenjpeg --enable-libopenmpt --enable-libopus --enable-libpulse --enable-librsvg --enable-librubberband --enable-libshine --enable-libsnappy --enable-libsoxr --enable-libspeex --enable-libssh --enable-libtheora --enable-libtwolame --enable-libvidstab --enable-libvorbis --enable-libvpx --enable-libwavpack --enable-libwebp --enable-libx265 --enable-libxml2 --enable-libxvid --enable-libzmq --enable-libzvbi --enable-lv2 --enable-omx --enable-openal --enable-opencl --enable-opengl --enable-sdl2 --enable-libdc1394 --enable-libdrm --enable-libiec61883 --enable-nvenc --enable-chromaprint --enable-frei0r --enable-libx264 --enable-shared
  libavutil      56. 31.100 / 56. 31.100
  libavcodec     58. 54.100 / 58. 54.100
  libavformat    58. 29.100 / 58. 29.100
  libavdevice    58.  8.100 / 58.  8.100
  libavfilter     7. 57.100 /  7. 57.100
  libavresample   4.  0.  0 /  4.  0.  0
  libswscale      5.  5.100 /  5.  5.100
  libswresample   3.  5.100 /  3.  5.100
  libpostproc    55.  5.100 / 55.  5.100
[tcp @ 0x55e84b482c00] Starting connection attempt to 43.199.149.178 port 1935
[tcp @ 0x55e84b482c00] Successfully connected to 43.199.149.178 port 1935
[h264 @ 0x55e84b485e40] Reinit context to 1024x624, pix_fmt: yuv420p
[flv @ 0x55e84b481980] max_analyze_duration 5000000 reached at 5000000 microseconds st:1
Input #0, flv, from 'rtmp://43.199.149.178/live/front_left':
  Metadata:
    title           : /camera5/rtsp
    comment         : rtsp_image_transport
    encoder         : Lavf58.29.100
    server          : SRS/5.0.213(Bee)
    server_version  : 5.0.213
  Duration: N/A, start: 0.000000, bitrate: N/A
    Stream #0:0: Data: none
    Stream #0:1: Video: h264 (Main), 1 reference frame, yuv420p(progressive, left), 1024x616 (1024x624) [SAR 1:1 DAR 128:77], 30 fps, 10 tbr, 1k tbn, 60 tbc
Unsupported codec with id 0 for input stream 0
[STREAM]
index=0
codec_name=unknown
codec_long_name=unknown
profile=unknown
codec_type=data
codec_tag_string=[0][0][0][0]
codec_tag=0x0000
id=N/A
r_frame_rate=0/0
avg_frame_rate=0/0
time_base=1/1000
start_pts=0
start_time=0.000000
duration_ts=N/A
duration=N/A
bit_rate=N/A
max_bit_rate=N/A
bits_per_raw_sample=N/A
nb_frames=N/A
nb_read_frames=N/A
nb_read_packets=N/A
DISPOSITION:default=0
DISPOSITION:dub=0
DISPOSITION:original=0
DISPOSITION:comment=0
DISPOSITION:lyrics=0
DISPOSITION:karaoke=0
DISPOSITION:forced=0
DISPOSITION:hearing_impaired=0
DISPOSITION:visual_impaired=0
DISPOSITION:clean_effects=0
DISPOSITION:attached_pic=0
DISPOSITION:timed_thumbnails=0
[/STREAM]
[STREAM]
index=1
codec_name=h264
codec_long_name=H.264 / AVC / MPEG-4 AVC / MPEG-4 part 10
profile=Main
codec_type=video
codec_time_base=1/60
codec_tag_string=[0][0][0][0]
codec_tag=0x0000
width=1024
height=616
coded_width=1024
coded_height=624
has_b_frames=0
sample_aspect_ratio=1:1
display_aspect_ratio=128:77
pix_fmt=yuv420p
level=31
color_range=unknown
color_space=unknown
color_transfer=unknown
color_primaries=unknown
chroma_location=left
field_order=progressive
timecode=N/A
refs=1
is_avc=true
nal_length_size=4
id=N/A
r_frame_rate=10/1
avg_frame_rate=30/1
time_base=1/1000
start_pts=10
start_time=0.010000
duration_ts=N/A
duration=N/A
bit_rate=N/A
max_bit_rate=N/A
bits_per_raw_sample=8
nb_frames=N/A
nb_read_frames=N/A
nb_read_packets=N/A
DISPOSITION:default=0
DISPOSITION:dub=0
DISPOSITION:original=0
DISPOSITION:comment=0
DISPOSITION:lyrics=0
DISPOSITION:karaoke=0
DISPOSITION:forced=0
DISPOSITION:hearing_impaired=0
DISPOSITION:visual_impaired=0
DISPOSITION:clean_effects=0
DISPOSITION:attached_pic=0
DISPOSITION:timed_thumbnails=0
[/STREAM]
[FORMAT]
filename=rtmp://43.199.149.178/live/front_left
nb_streams=2
nb_programs=0
format_name=flv
format_long_name=FLV (Flash Video)
start_time=0.000000
duration=N/A
size=N/A
bit_rate=N/A
probe_score=100
TAG:title=/camera5/rtsp
TAG:comment=rtsp_image_transport
TAG:encoder=Lavf58.29.100
TAG:server=SRS/5.0.213(Bee)
TAG:server_version=5.0.213
[/FORMAT]
[AVIOContext @ 0x55e84b484640] Statistics: 602117 bytes read, 0 seeks
---------------------[ ffprobe Log End ]----------------------
SUMMARY: Status OK. Check passed because ffprobe successfully connected to the stream and retrieved its information (Exit Code: 0).


------------------[ Checking Stream: front_right ]------------------
URL: rtmp://43.199.149.178/live/front_right
--------------------[ ffprobe Log Start ]---------------------
ffprobe version 4.2.7-0ubuntu0.1 Copyright (c) 2007-2022 the FFmpeg developers
  built with gcc 9 (Ubuntu 9.4.0-1ubuntu1~20.04.1)
  configuration: --prefix=/usr --extra-version=0ubuntu0.1 --toolchain=hardened --libdir=/usr/lib/x86_64-linux-gnu --incdir=/usr/include/x86_64-linux-gnu --arch=amd64 --enable-gpl --disable-stripping --enable-avresample --disable-filter=resample --enable-avisynth --enable-gnutls --enable-ladspa --enable-libaom --enable-libass --enable-libbluray --enable-libbs2b --enable-libcaca --enable-libcdio --enable-libcodec2 --enable-libflite --enable-libfontconfig --enable-libfreetype --enable-libfribidi --enable-libgme --enable-libgsm --enable-libjack --enable-libmp3lame --enable-libmysofa --enable-libopenjpeg --enable-libopenmpt --enable-libopus --enable-libpulse --enable-librsvg --enable-librubberband --enable-libshine --enable-libsnappy --enable-libsoxr --enable-libspeex --enable-libssh --enable-libtheora --enable-libtwolame --enable-libvidstab --enable-libvorbis --enable-libvpx --enable-libwavpack --enable-libwebp --enable-libx265 --enable-libxml2 --enable-libxvid --enable-libzmq --enable-libzvbi --enable-lv2 --enable-omx --enable-openal --enable-opencl --enable-opengl --enable-sdl2 --enable-libdc1394 --enable-libdrm --enable-libiec61883 --enable-nvenc --enable-chromaprint --enable-frei0r --enable-libx264 --enable-shared
  libavutil      56. 31.100 / 56. 31.100
  libavcodec     58. 54.100 / 58. 54.100
  libavformat    58. 29.100 / 58. 29.100
  libavdevice    58.  8.100 / 58.  8.100
  libavfilter     7. 57.100 /  7. 57.100
  libavresample   4.  0.  0 /  4.  0.  0
  libswscale      5.  5.100 /  5.  5.100
  libswresample   3.  5.100 /  3.  5.100
  libpostproc    55.  5.100 / 55.  5.100
[tcp @ 0x55d04eb60c00] Starting connection attempt to 43.199.149.178 port 1935
[tcp @ 0x55d04eb60c00] Successfully connected to 43.199.149.178 port 1935
[h264 @ 0x55d04eb75240] Reinit context to 1024x624, pix_fmt: yuv420p
[flv @ 0x55d04eb5f980] max_analyze_duration 5000000 reached at 5000000 microseconds st:1
Input #0, flv, from 'rtmp://43.199.149.178/live/front_right':
  Metadata:
    title           : /camera3/rtsp
    comment         : rtsp_image_transport
    encoder         : Lavf58.29.100
    server          : SRS/5.0.213(Bee)
    server_version  : 5.0.213
  Duration: N/A, start: 0.000000, bitrate: N/A
    Stream #0:0: Data: none
    Stream #0:1: Video: h264 (Main), 1 reference frame, yuv420p(progressive, left), 1024x616 (1024x624) [SAR 1:1 DAR 128:77], 30 fps, 10 tbr, 1k tbn, 60 tbc
Unsupported codec with id 0 for input stream 0
[STREAM]
index=0
codec_name=unknown
codec_long_name=unknown
profile=unknown
codec_type=data
codec_tag_string=[0][0][0][0]
codec_tag=0x0000
id=N/A
r_frame_rate=0/0
avg_frame_rate=0/0
time_base=1/1000
start_pts=0
start_time=0.000000
duration_ts=N/A
duration=N/A
bit_rate=N/A
max_bit_rate=N/A
bits_per_raw_sample=N/A
nb_frames=N/A
nb_read_frames=N/A
nb_read_packets=N/A
DISPOSITION:default=0
DISPOSITION:dub=0
DISPOSITION:original=0
DISPOSITION:comment=0
DISPOSITION:lyrics=0
DISPOSITION:karaoke=0
DISPOSITION:forced=0
DISPOSITION:hearing_impaired=0
DISPOSITION:visual_impaired=0
DISPOSITION:clean_effects=0
DISPOSITION:attached_pic=0
DISPOSITION:timed_thumbnails=0
[/STREAM]
[STREAM]
index=1
codec_name=h264
codec_long_name=H.264 / AVC / MPEG-4 AVC / MPEG-4 part 10
profile=Main
codec_type=video
codec_time_base=1/60
codec_tag_string=[0][0][0][0]
codec_tag=0x0000
width=1024
height=616
coded_width=1024
coded_height=624
has_b_frames=0
sample_aspect_ratio=1:1
display_aspect_ratio=128:77
pix_fmt=yuv420p
level=31
color_range=unknown
color_space=unknown
color_transfer=unknown
color_primaries=unknown
chroma_location=left
field_order=progressive
timecode=N/A
refs=1
is_avc=true
nal_length_size=4
id=N/A
r_frame_rate=10/1
avg_frame_rate=30/1
time_base=1/1000
start_pts=10
start_time=0.010000
duration_ts=N/A
duration=N/A
bit_rate=N/A
max_bit_rate=N/A
bits_per_raw_sample=8
nb_frames=N/A
nb_read_frames=N/A
nb_read_packets=N/A
DISPOSITION:default=0
DISPOSITION:dub=0
DISPOSITION:original=0
DISPOSITION:comment=0
DISPOSITION:lyrics=0
DISPOSITION:karaoke=0
DISPOSITION:forced=0
DISPOSITION:hearing_impaired=0
DISPOSITION:visual_impaired=0
DISPOSITION:clean_effects=0
DISPOSITION:attached_pic=0
DISPOSITION:timed_thumbnails=0
[/STREAM]
[FORMAT]
filename=rtmp://43.199.149.178/live/front_right
nb_streams=2
nb_programs=0
format_name=flv
format_long_name=FLV (Flash Video)
start_time=0.000000
duration=N/A
size=N/A
bit_rate=N/A
probe_score=100
TAG:title=/camera3/rtsp
TAG:comment=rtsp_image_transport
TAG:encoder=Lavf58.29.100
TAG:server=SRS/5.0.213(Bee)
TAG:server_version=5.0.213
[/FORMAT]
[AVIOContext @ 0x55d04eb62640] Statistics: 661059 bytes read, 0 seeks
---------------------[ ffprobe Log End ]----------------------
SUMMARY: Status OK. Check passed because ffprobe successfully connected to the stream and retrieved its information (Exit Code: 0).

====================[ End of Check Cycle ]====================

==========================================================
                STREAM STATUS CHECK @ Friday, July 25, 2025 PM01:06:12 HKT
==========================================================

------------------[ Checking Stream: front_left ]------------------
URL: rtmp://43.199.149.178/live/front_left
--------------------[ ffprobe Log Start ]---------------------
ffprobe version 4.2.7-0ubuntu0.1 Copyright (c) 2007-2022 the FFmpeg developers
  built with gcc 9 (Ubuntu 9.4.0-1ubuntu1~20.04.1)
  configuration: --prefix=/usr --extra-version=0ubuntu0.1 --toolchain=hardened --libdir=/usr/lib/x86_64-linux-gnu --incdir=/usr/include/x86_64-linux-gnu --arch=amd64 --enable-gpl --disable-stripping --enable-avresample --disable-filter=resample --enable-avisynth --enable-gnutls --enable-ladspa --enable-libaom --enable-libass --enable-libbluray --enable-libbs2b --enable-libcaca --enable-libcdio --enable-libcodec2 --enable-libflite --enable-libfontconfig --enable-libfreetype --enable-libfribidi --enable-libgme --enable-libgsm --enable-libjack --enable-libmp3lame --enable-libmysofa --enable-libopenjpeg --enable-libopenmpt --enable-libopus --enable-libpulse --enable-librsvg --enable-librubberband --enable-libshine --enable-libsnappy --enable-libsoxr --enable-libspeex --enable-libssh --enable-libtheora --enable-libtwolame --enable-libvidstab --enable-libvorbis --enable-libvpx --enable-libwavpack --enable-libwebp --enable-libx265 --enable-libxml2 --enable-libxvid --enable-libzmq --enable-libzvbi --enable-lv2 --enable-omx --enable-openal --enable-opencl --enable-opengl --enable-sdl2 --enable-libdc1394 --enable-libdrm --enable-libiec61883 --enable-nvenc --enable-chromaprint --enable-frei0r --enable-libx264 --enable-shared
  libavutil      56. 31.100 / 56. 31.100
  libavcodec     58. 54.100 / 58. 54.100
  libavformat    58. 29.100 / 58. 29.100
  libavdevice    58.  8.100 / 58.  8.100
  libavfilter     7. 57.100 /  7. 57.100
  libavresample   4.  0.  0 /  4.  0.  0
  libswscale      5.  5.100 /  5.  5.100
  libswresample   3.  5.100 /  3.  5.100
  libpostproc    55.  5.100 / 55.  5.100
[tcp @ 0x562fc0ce1c00] Starting connection attempt to 43.199.149.178 port 1935
[tcp @ 0x562fc0ce1c00] Successfully connected to 43.199.149.178 port 1935
[h264 @ 0x562fc0ce4a00] Reinit context to 1024x624, pix_fmt: yuv420p
[h264 @ 0x562fc0ce4a00] error while decoding MB 28 27, bytestream -22
[h264 @ 0x562fc0ce4a00] concealing 789 DC, 789 AC, 789 MV errors in I frame
[flv @ 0x562fc0ce0980] max_analyze_duration 5000000 reached at 5000000 microseconds st:1
Input #0, flv, from 'rtmp://43.199.149.178/live/front_left':
  Metadata:
    title           : /camera5/rtsp
    comment         : rtsp_image_transport
    encoder         : Lavf58.29.100
    server          : SRS/5.0.213(Bee)
    server_version  : 5.0.213
  Duration: N/A, start: 0.000000, bitrate: N/A
    Stream #0:0: Data: none
    Stream #0:1: Video: h264 (Main), 1 reference frame, yuv420p(progressive, left), 1024x616 (1024x624) [SAR 1:1 DAR 128:77], 30 fps, 10 tbr, 1k tbn, 60 tbc
Unsupported codec with id 0 for input stream 0
[STREAM]
index=0
codec_name=unknown
codec_long_name=unknown
profile=unknown
codec_type=data
codec_tag_string=[0][0][0][0]
codec_tag=0x0000
id=N/A
r_frame_rate=0/0
avg_frame_rate=0/0
time_base=1/1000
start_pts=0
start_time=0.000000
duration_ts=N/A
duration=N/A
bit_rate=N/A
max_bit_rate=N/A
bits_per_raw_sample=N/A
nb_frames=N/A
nb_read_frames=N/A
nb_read_packets=N/A
DISPOSITION:default=0
DISPOSITION:dub=0
DISPOSITION:original=0
DISPOSITION:comment=0
DISPOSITION:lyrics=0
DISPOSITION:karaoke=0
DISPOSITION:forced=0
DISPOSITION:hearing_impaired=0
DISPOSITION:visual_impaired=0
DISPOSITION:clean_effects=0
DISPOSITION:attached_pic=0
DISPOSITION:timed_thumbnails=0
[/STREAM]
[STREAM]
index=1
codec_name=h264
codec_long_name=H.264 / AVC / MPEG-4 AVC / MPEG-4 part 10
profile=Main
codec_type=video
codec_time_base=1/60
codec_tag_string=[0][0][0][0]
codec_tag=0x0000
width=1024
height=616
coded_width=1024
coded_height=624
has_b_frames=0
sample_aspect_ratio=1:1
display_aspect_ratio=128:77
pix_fmt=yuv420p
level=31
color_range=unknown
color_space=unknown
color_transfer=unknown
color_primaries=unknown
chroma_location=left
field_order=progressive
timecode=N/A
refs=1
is_avc=true
nal_length_size=4
id=N/A
r_frame_rate=10/1
avg_frame_rate=30/1
time_base=1/1000
start_pts=10
start_time=0.010000
duration_ts=N/A
duration=N/A
bit_rate=N/A
max_bit_rate=N/A
bits_per_raw_sample=8
nb_frames=N/A
nb_read_frames=N/A
nb_read_packets=N/A
DISPOSITION:default=0
DISPOSITION:dub=0
DISPOSITION:original=0
DISPOSITION:comment=0
DISPOSITION:lyrics=0
DISPOSITION:karaoke=0
DISPOSITION:forced=0
DISPOSITION:hearing_impaired=0
DISPOSITION:visual_impaired=0
DISPOSITION:clean_effects=0
DISPOSITION:attached_pic=0
DISPOSITION:timed_thumbnails=0
[/STREAM]
[FORMAT]
filename=rtmp://43.199.149.178/live/front_left
nb_streams=2
nb_programs=0
format_name=flv
format_long_name=FLV (Flash Video)
start_time=0.000000
duration=N/A
size=N/A
bit_rate=N/A
probe_score=100
TAG:title=/camera5/rtsp
TAG:comment=rtsp_image_transport
TAG:encoder=Lavf58.29.100
TAG:server=SRS/5.0.213(Bee)
TAG:server_version=5.0.213
[/FORMAT]
[AVIOContext @ 0x562fc0ce3640] Statistics: 648046 bytes read, 0 seeks
---------------------[ ffprobe Log End ]----------------------
SUMMARY: Status OK. Check passed because ffprobe successfully connected to the stream and retrieved its information (Exit Code: 0).


------------------[ Checking Stream: front_right ]------------------
URL: rtmp://43.199.149.178/live/front_right
--------------------[ ffprobe Log Start ]---------------------
ffprobe version 4.2.7-0ubuntu0.1 Copyright (c) 2007-2022 the FFmpeg developers
  built with gcc 9 (Ubuntu 9.4.0-1ubuntu1~20.04.1)
  configuration: --prefix=/usr --extra-version=0ubuntu0.1 --toolchain=hardened --libdir=/usr/lib/x86_64-linux-gnu --incdir=/usr/include/x86_64-linux-gnu --arch=amd64 --enable-gpl --disable-stripping --enable-avresample --disable-filter=resample --enable-avisynth --enable-gnutls --enable-ladspa --enable-libaom --enable-libass --enable-libbluray --enable-libbs2b --enable-libcaca --enable-libcdio --enable-libcodec2 --enable-libflite --enable-libfontconfig --enable-libfreetype --enable-libfribidi --enable-libgme --enable-libgsm --enable-libjack --enable-libmp3lame --enable-libmysofa --enable-libopenjpeg --enable-libopenmpt --enable-libopus --enable-libpulse --enable-librsvg --enable-librubberband --enable-libshine --enable-libsnappy --enable-libsoxr --enable-libspeex --enable-libssh --enable-libtheora --enable-libtwolame --enable-libvidstab --enable-libvorbis --enable-libvpx --enable-libwavpack --enable-libwebp --enable-libx265 --enable-libxml2 --enable-libxvid --enable-libzmq --enable-libzvbi --enable-lv2 --enable-omx --enable-openal --enable-opencl --enable-opengl --enable-sdl2 --enable-libdc1394 --enable-libdrm --enable-libiec61883 --enable-nvenc --enable-chromaprint --enable-frei0r --enable-libx264 --enable-shared
  libavutil      56. 31.100 / 56. 31.100
  libavcodec     58. 54.100 / 58. 54.100
  libavformat    58. 29.100 / 58. 29.100
  libavdevice    58.  8.100 / 58.  8.100
  libavfilter     7. 57.100 /  7. 57.100
  libavresample   4.  0.  0 /  4.  0.  0
  libswscale      5.  5.100 /  5.  5.100
  libswresample   3.  5.100 /  3.  5.100
  libpostproc    55.  5.100 / 55.  5.100
[tcp @ 0x5572fb6d1c00] Starting connection attempt to 43.199.149.178 port 1935
[tcp @ 0x5572fb6d1c00] Successfully connected to 43.199.149.178 port 1935
[h264 @ 0x5572fb6e6240] Reinit context to 1024x624, pix_fmt: yuv420p
[flv @ 0x5572fb6d0980] max_analyze_duration 5000000 reached at 5000000 microseconds st:1
Input #0, flv, from 'rtmp://43.199.149.178/live/front_right':
  Metadata:
    title           : /camera3/rtsp
    comment         : rtsp_image_transport
    encoder         : Lavf58.29.100
    server          : SRS/5.0.213(Bee)
    server_version  : 5.0.213
  Duration: N/A, start: 0.000000, bitrate: N/A
    Stream #0:0: Data: none
    Stream #0:1: Video: h264 (Main), 1 reference frame, yuv420p(progressive, left), 1024x616 (1024x624) [SAR 1:1 DAR 128:77], 30 fps, 10 tbr, 1k tbn, 60 tbc
Unsupported codec with id 0 for input stream 0
[STREAM]
index=0
codec_name=unknown
codec_long_name=unknown
profile=unknown
codec_type=data
codec_tag_string=[0][0][0][0]
codec_tag=0x0000
id=N/A
r_frame_rate=0/0
avg_frame_rate=0/0
time_base=1/1000
start_pts=0
start_time=0.000000
duration_ts=N/A
duration=N/A
bit_rate=N/A
max_bit_rate=N/A
bits_per_raw_sample=N/A
nb_frames=N/A
nb_read_frames=N/A
nb_read_packets=N/A
DISPOSITION:default=0
DISPOSITION:dub=0
DISPOSITION:original=0
DISPOSITION:comment=0
DISPOSITION:lyrics=0
DISPOSITION:karaoke=0
DISPOSITION:forced=0
DISPOSITION:hearing_impaired=0
DISPOSITION:visual_impaired=0
DISPOSITION:clean_effects=0
DISPOSITION:attached_pic=0
DISPOSITION:timed_thumbnails=0
[/STREAM]
[STREAM]
index=1
codec_name=h264
codec_long_name=H.264 / AVC / MPEG-4 AVC / MPEG-4 part 10
profile=Main
codec_type=video
codec_time_base=1/60
codec_tag_string=[0][0][0][0]
codec_tag=0x0000
width=1024
height=616
coded_width=1024
coded_height=624
has_b_frames=0
sample_aspect_ratio=1:1
display_aspect_ratio=128:77
pix_fmt=yuv420p
level=31
color_range=unknown
color_space=unknown
color_transfer=unknown
color_primaries=unknown
chroma_location=left
field_order=progressive
timecode=N/A
refs=1
is_avc=true
nal_length_size=4
id=N/A
r_frame_rate=10/1
avg_frame_rate=30/1
time_base=1/1000
start_pts=10
start_time=0.010000
duration_ts=N/A
duration=N/A
bit_rate=N/A
max_bit_rate=N/A
bits_per_raw_sample=8
nb_frames=N/A
nb_read_frames=N/A
nb_read_packets=N/A
DISPOSITION:default=0
DISPOSITION:dub=0
DISPOSITION:original=0
DISPOSITION:comment=0
DISPOSITION:lyrics=0
DISPOSITION:karaoke=0
DISPOSITION:forced=0
DISPOSITION:hearing_impaired=0
DISPOSITION:visual_impaired=0
DISPOSITION:clean_effects=0
DISPOSITION:attached_pic=0
DISPOSITION:timed_thumbnails=0
[/STREAM]
[FORMAT]
filename=rtmp://43.199.149.178/live/front_right
nb_streams=2
nb_programs=0
format_name=flv
format_long_name=FLV (Flash Video)
start_time=0.000000
duration=N/A
size=N/A
bit_rate=N/A
probe_score=100
TAG:title=/camera3/rtsp
TAG:comment=rtsp_image_transport
TAG:encoder=Lavf58.29.100
TAG:server=SRS/5.0.213(Bee)
TAG:server_version=5.0.213
[/FORMAT]
[AVIOContext @ 0x5572fb6d3640] Statistics: 684973 bytes read, 0 seeks
---------------------[ ffprobe Log End ]----------------------
SUMMARY: Status OK. Check passed because ffprobe successfully connected to the stream and retrieved its information (Exit Code: 0).

====================[ End of Check Cycle ]====================

==========================================================
                STREAM STATUS CHECK @ Friday, July 25, 2025 PM01:07:43 HKT
==========================================================

------------------[ Checking Stream: front_left ]------------------
URL: rtmp://43.199.149.178/live/front_left
--------------------[ ffprobe Log Start ]---------------------
ffprobe version 4.2.7-0ubuntu0.1 Copyright (c) 2007-2022 the FFmpeg developers
  built with gcc 9 (Ubuntu 9.4.0-1ubuntu1~20.04.1)
  configuration: --prefix=/usr --extra-version=0ubuntu0.1 --toolchain=hardened --libdir=/usr/lib/x86_64-linux-gnu --incdir=/usr/include/x86_64-linux-gnu --arch=amd64 --enable-gpl --disable-stripping --enable-avresample --disable-filter=resample --enable-avisynth --enable-gnutls --enable-ladspa --enable-libaom --enable-libass --enable-libbluray --enable-libbs2b --enable-libcaca --enable-libcdio --enable-libcodec2 --enable-libflite --enable-libfontconfig --enable-libfreetype --enable-libfribidi --enable-libgme --enable-libgsm --enable-libjack --enable-libmp3lame --enable-libmysofa --enable-libopenjpeg --enable-libopenmpt --enable-libopus --enable-libpulse --enable-librsvg --enable-librubberband --enable-libshine --enable-libsnappy --enable-libsoxr --enable-libspeex --enable-libssh --enable-libtheora --enable-libtwolame --enable-libvidstab --enable-libvorbis --enable-libvpx --enable-libwavpack --enable-libwebp --enable-libx265 --enable-libxml2 --enable-libxvid --enable-libzmq --enable-libzvbi --enable-lv2 --enable-omx --enable-openal --enable-opencl --enable-opengl --enable-sdl2 --enable-libdc1394 --enable-libdrm --enable-libiec61883 --enable-nvenc --enable-chromaprint --enable-frei0r --enable-libx264 --enable-shared
  libavutil      56. 31.100 / 56. 31.100
  libavcodec     58. 54.100 / 58. 54.100
  libavformat    58. 29.100 / 58. 29.100
  libavdevice    58.  8.100 / 58.  8.100
  libavfilter     7. 57.100 /  7. 57.100
  libavresample   4.  0.  0 /  4.  0.  0
  libswscale      5.  5.100 /  5.  5.100
  libswresample   3.  5.100 /  3.  5.100
  libpostproc    55.  5.100 / 55.  5.100
[tcp @ 0x556d7355ac00] Starting connection attempt to 43.199.149.178 port 1935
[tcp @ 0x556d7355ac00] Successfully connected to 43.199.149.178 port 1935
[h264 @ 0x556d7355e700] Reinit context to 1024x624, pix_fmt: yuv420p
[flv @ 0x556d73559980] max_analyze_duration 5000000 reached at 5000000 microseconds st:1
Input #0, flv, from 'rtmp://43.199.149.178/live/front_left':
  Metadata:
    title           : /camera5/rtsp
    comment         : rtsp_image_transport
    encoder         : Lavf58.29.100
    server          : SRS/5.0.213(Bee)
    server_version  : 5.0.213
  Duration: N/A, start: 0.000000, bitrate: N/A
    Stream #0:0: Data: none
    Stream #0:1: Video: h264 (Main), 1 reference frame, yuv420p(progressive, left), 1024x616 (1024x624) [SAR 1:1 DAR 128:77], 30 fps, 10 tbr, 1k tbn, 60 tbc
Unsupported codec with id 0 for input stream 0
[STREAM]
index=0
codec_name=unknown
codec_long_name=unknown
profile=unknown
codec_type=data
codec_tag_string=[0][0][0][0]
codec_tag=0x0000
id=N/A
r_frame_rate=0/0
avg_frame_rate=0/0
time_base=1/1000
start_pts=0
start_time=0.000000
duration_ts=N/A
duration=N/A
bit_rate=N/A
max_bit_rate=N/A
bits_per_raw_sample=N/A
nb_frames=N/A
nb_read_frames=N/A
nb_read_packets=N/A
DISPOSITION:default=0
DISPOSITION:dub=0
DISPOSITION:original=0
DISPOSITION:comment=0
DISPOSITION:lyrics=0
DISPOSITION:karaoke=0
DISPOSITION:forced=0
DISPOSITION:hearing_impaired=0
DISPOSITION:visual_impaired=0
DISPOSITION:clean_effects=0
DISPOSITION:attached_pic=0
DISPOSITION:timed_thumbnails=0
[/STREAM]
[STREAM]
index=1
codec_name=h264
codec_long_name=H.264 / AVC / MPEG-4 AVC / MPEG-4 part 10
profile=Main
codec_type=video
codec_time_base=1/60
codec_tag_string=[0][0][0][0]
codec_tag=0x0000
width=1024
height=616
coded_width=1024
coded_height=624
has_b_frames=0
sample_aspect_ratio=1:1
display_aspect_ratio=128:77
pix_fmt=yuv420p
level=31
color_range=unknown
color_space=unknown
color_transfer=unknown
color_primaries=unknown
chroma_location=left
field_order=progressive
timecode=N/A
refs=1
is_avc=true
nal_length_size=4
id=N/A
r_frame_rate=10/1
avg_frame_rate=30/1
time_base=1/1000
start_pts=10
start_time=0.010000
duration_ts=N/A
duration=N/A
bit_rate=N/A
max_bit_rate=N/A
bits_per_raw_sample=8
nb_frames=N/A
nb_read_frames=N/A
nb_read_packets=N/A
DISPOSITION:default=0
DISPOSITION:dub=0
DISPOSITION:original=0
DISPOSITION:comment=0
DISPOSITION:lyrics=0
DISPOSITION:karaoke=0
DISPOSITION:forced=0
DISPOSITION:hearing_impaired=0
DISPOSITION:visual_impaired=0
DISPOSITION:clean_effects=0
DISPOSITION:attached_pic=0
DISPOSITION:timed_thumbnails=0
[/STREAM]
[FORMAT]
filename=rtmp://43.199.149.178/live/front_left
nb_streams=2
nb_programs=0
format_name=flv
format_long_name=FLV (Flash Video)
start_time=0.000000
duration=N/A
size=N/A
bit_rate=N/A
probe_score=100
TAG:title=/camera5/rtsp
TAG:comment=rtsp_image_transport
TAG:encoder=Lavf58.29.100
TAG:server=SRS/5.0.213(Bee)
TAG:server_version=5.0.213
[/FORMAT]
[AVIOContext @ 0x556d7355c640] Statistics: 641037 bytes read, 0 seeks
---------------------[ ffprobe Log End ]----------------------
SUMMARY: Status OK. Check passed because ffprobe successfully connected to the stream and retrieved its information (Exit Code: 0).


------------------[ Checking Stream: front_right ]------------------
URL: rtmp://43.199.149.178/live/front_right
--------------------[ ffprobe Log Start ]---------------------
ffprobe version 4.2.7-0ubuntu0.1 Copyright (c) 2007-2022 the FFmpeg developers
  built with gcc 9 (Ubuntu 9.4.0-1ubuntu1~20.04.1)
  configuration: --prefix=/usr --extra-version=0ubuntu0.1 --toolchain=hardened --libdir=/usr/lib/x86_64-linux-gnu --incdir=/usr/include/x86_64-linux-gnu --arch=amd64 --enable-gpl --disable-stripping --enable-avresample --disable-filter=resample --enable-avisynth --enable-gnutls --enable-ladspa --enable-libaom --enable-libass --enable-libbluray --enable-libbs2b --enable-libcaca --enable-libcdio --enable-libcodec2 --enable-libflite --enable-libfontconfig --enable-libfreetype --enable-libfribidi --enable-libgme --enable-libgsm --enable-libjack --enable-libmp3lame --enable-libmysofa --enable-libopenjpeg --enable-libopenmpt --enable-libopus --enable-libpulse --enable-librsvg --enable-librubberband --enable-libshine --enable-libsnappy --enable-libsoxr --enable-libspeex --enable-libssh --enable-libtheora --enable-libtwolame --enable-libvidstab --enable-libvorbis --enable-libvpx --enable-libwavpack --enable-libwebp --enable-libx265 --enable-libxml2 --enable-libxvid --enable-libzmq --enable-libzvbi --enable-lv2 --enable-omx --enable-openal --enable-opencl --enable-opengl --enable-sdl2 --enable-libdc1394 --enable-libdrm --enable-libiec61883 --enable-nvenc --enable-chromaprint --enable-frei0r --enable-libx264 --enable-shared
  libavutil      56. 31.100 / 56. 31.100
  libavcodec     58. 54.100 / 58. 54.100
  libavformat    58. 29.100 / 58. 29.100
  libavdevice    58.  8.100 / 58.  8.100
  libavfilter     7. 57.100 /  7. 57.100
  libavresample   4.  0.  0 /  4.  0.  0
  libswscale      5.  5.100 /  5.  5.100
  libswresample   3.  5.100 /  3.  5.100
  libpostproc    55.  5.100 / 55.  5.100
[tcp @ 0x55ed1a70ac00] Starting connection attempt to 43.199.149.178 port 1935
[tcp @ 0x55ed1a70ac00] Successfully connected to 43.199.149.178 port 1935
[h264 @ 0x55ed1a71f240] Reinit context to 1024x624, pix_fmt: yuv420p
[flv @ 0x55ed1a709980] max_analyze_duration 5000000 reached at 5000000 microseconds st:1
Input #0, flv, from 'rtmp://43.199.149.178/live/front_right':
  Metadata:
    title           : /camera3/rtsp
    comment         : rtsp_image_transport
    encoder         : Lavf58.29.100
    server          : SRS/5.0.213(Bee)
    server_version  : 5.0.213
  Duration: N/A, start: 0.000000, bitrate: N/A
    Stream #0:0: Data: none
    Stream #0:1: Video: h264 (Main), 1 reference frame, yuv420p(progressive, left), 1024x616 (1024x624) [SAR 1:1 DAR 128:77], 30 fps, 10 tbr, 1k tbn, 60 tbc
Unsupported codec with id 0 for input stream 0
[STREAM]
index=0
codec_name=unknown
codec_long_name=unknown
profile=unknown
codec_type=data
codec_tag_string=[0][0][0][0]
codec_tag=0x0000
id=N/A
r_frame_rate=0/0
avg_frame_rate=0/0
time_base=1/1000
start_pts=0
start_time=0.000000
duration_ts=N/A
duration=N/A
bit_rate=N/A
max_bit_rate=N/A
bits_per_raw_sample=N/A
nb_frames=N/A
nb_read_frames=N/A
nb_read_packets=N/A
DISPOSITION:default=0
DISPOSITION:dub=0
DISPOSITION:original=0
DISPOSITION:comment=0
DISPOSITION:lyrics=0
DISPOSITION:karaoke=0
DISPOSITION:forced=0
DISPOSITION:hearing_impaired=0
DISPOSITION:visual_impaired=0
DISPOSITION:clean_effects=0
DISPOSITION:attached_pic=0
DISPOSITION:timed_thumbnails=0
[/STREAM]
[STREAM]
index=1
codec_name=h264
codec_long_name=H.264 / AVC / MPEG-4 AVC / MPEG-4 part 10
profile=Main
codec_type=video
codec_time_base=1/60
codec_tag_string=[0][0][0][0]
codec_tag=0x0000
width=1024
height=616
coded_width=1024
coded_height=624
has_b_frames=0
sample_aspect_ratio=1:1
display_aspect_ratio=128:77
pix_fmt=yuv420p
level=31
color_range=unknown
color_space=unknown
color_transfer=unknown
color_primaries=unknown
chroma_location=left
field_order=progressive
timecode=N/A
refs=1
is_avc=true
nal_length_size=4
id=N/A
r_frame_rate=10/1
avg_frame_rate=30/1
time_base=1/1000
start_pts=10
start_time=0.010000
duration_ts=N/A
duration=N/A
bit_rate=N/A
max_bit_rate=N/A
bits_per_raw_sample=8
nb_frames=N/A
nb_read_frames=N/A
nb_read_packets=N/A
DISPOSITION:default=0
DISPOSITION:dub=0
DISPOSITION:original=0
DISPOSITION:comment=0
DISPOSITION:lyrics=0
DISPOSITION:karaoke=0
DISPOSITION:forced=0
DISPOSITION:hearing_impaired=0
DISPOSITION:visual_impaired=0
DISPOSITION:clean_effects=0
DISPOSITION:attached_pic=0
DISPOSITION:timed_thumbnails=0
[/STREAM]
[FORMAT]
filename=rtmp://43.199.149.178/live/front_right
nb_streams=2
nb_programs=0
format_name=flv
format_long_name=FLV (Flash Video)
start_time=0.000000
duration=N/A
size=N/A
bit_rate=N/A
probe_score=100
TAG:title=/camera3/rtsp
TAG:comment=rtsp_image_transport
TAG:encoder=Lavf58.29.100
TAG:server=SRS/5.0.213(Bee)
TAG:server_version=5.0.213
[/FORMAT]
[AVIOContext @ 0x55ed1a70c640] Statistics: 672165 bytes read, 0 seeks
---------------------[ ffprobe Log End ]----------------------
SUMMARY: Status OK. Check passed because ffprobe successfully connected to the stream and retrieved its information (Exit Code: 0).

====================[ End of Check Cycle ]====================

==========================================================
                STREAM STATUS CHECK @ Friday, July 25, 2025 PM01:09:12 HKT
==========================================================

------------------[ Checking Stream: front_left ]------------------
URL: rtmp://43.199.149.178/live/front_left
--------------------[ ffprobe Log Start ]---------------------
ffprobe version 4.2.7-0ubuntu0.1 Copyright (c) 2007-2022 the FFmpeg developers
  built with gcc 9 (Ubuntu 9.4.0-1ubuntu1~20.04.1)
  configuration: --prefix=/usr --extra-version=0ubuntu0.1 --toolchain=hardened --libdir=/usr/lib/x86_64-linux-gnu --incdir=/usr/include/x86_64-linux-gnu --arch=amd64 --enable-gpl --disable-stripping --enable-avresample --disable-filter=resample --enable-avisynth --enable-gnutls --enable-ladspa --enable-libaom --enable-libass --enable-libbluray --enable-libbs2b --enable-libcaca --enable-libcdio --enable-libcodec2 --enable-libflite --enable-libfontconfig --enable-libfreetype --enable-libfribidi --enable-libgme --enable-libgsm --enable-libjack --enable-libmp3lame --enable-libmysofa --enable-libopenjpeg --enable-libopenmpt --enable-libopus --enable-libpulse --enable-librsvg --enable-librubberband --enable-libshine --enable-libsnappy --enable-libsoxr --enable-libspeex --enable-libssh --enable-libtheora --enable-libtwolame --enable-libvidstab --enable-libvorbis --enable-libvpx --enable-libwavpack --enable-libwebp --enable-libx265 --enable-libxml2 --enable-libxvid --enable-libzmq --enable-libzvbi --enable-lv2 --enable-omx --enable-openal --enable-opencl --enable-opengl --enable-sdl2 --enable-libdc1394 --enable-libdrm --enable-libiec61883 --enable-nvenc --enable-chromaprint --enable-frei0r --enable-libx264 --enable-shared
  libavutil      56. 31.100 / 56. 31.100
  libavcodec     58. 54.100 / 58. 54.100
  libavformat    58. 29.100 / 58. 29.100
  libavdevice    58.  8.100 / 58.  8.100
  libavfilter     7. 57.100 /  7. 57.100
  libavresample   4.  0.  0 /  4.  0.  0
  libswscale      5.  5.100 /  5.  5.100
  libswresample   3.  5.100 /  3.  5.100
  libpostproc    55.  5.100 / 55.  5.100
[tcp @ 0x55e5fae25c00] Starting connection attempt to 43.199.149.178 port 1935
[tcp @ 0x55e5fae25c00] Successfully connected to 43.199.149.178 port 1935
[h264 @ 0x55e5fae3a240] Reinit context to 1024x624, pix_fmt: yuv420p
[flv @ 0x55e5fae24980] max_analyze_duration 5000000 reached at 5000000 microseconds st:1
Input #0, flv, from 'rtmp://43.199.149.178/live/front_left':
  Metadata:
    title           : /camera5/rtsp
    comment         : rtsp_image_transport
    encoder         : Lavf58.29.100
    server          : SRS/5.0.213(Bee)
    server_version  : 5.0.213
  Duration: N/A, start: 0.000000, bitrate: N/A
    Stream #0:0: Data: none
    Stream #0:1: Video: h264 (Main), 1 reference frame, yuv420p(progressive, left), 1024x616 (1024x624) [SAR 1:1 DAR 128:77], 30 fps, 10 tbr, 1k tbn, 60 tbc
Unsupported codec with id 0 for input stream 0
[STREAM]
index=0
codec_name=unknown
codec_long_name=unknown
profile=unknown
codec_type=data
codec_tag_string=[0][0][0][0]
codec_tag=0x0000
id=N/A
r_frame_rate=0/0
avg_frame_rate=0/0
time_base=1/1000
start_pts=0
start_time=0.000000
duration_ts=N/A
duration=N/A
bit_rate=N/A
max_bit_rate=N/A
bits_per_raw_sample=N/A
nb_frames=N/A
nb_read_frames=N/A
nb_read_packets=N/A
DISPOSITION:default=0
DISPOSITION:dub=0
DISPOSITION:original=0
DISPOSITION:comment=0
DISPOSITION:lyrics=0
DISPOSITION:karaoke=0
DISPOSITION:forced=0
DISPOSITION:hearing_impaired=0
DISPOSITION:visual_impaired=0
DISPOSITION:clean_effects=0
DISPOSITION:attached_pic=0
DISPOSITION:timed_thumbnails=0
[/STREAM]
[STREAM]
index=1
codec_name=h264
codec_long_name=H.264 / AVC / MPEG-4 AVC / MPEG-4 part 10
profile=Main
codec_type=video
codec_time_base=1/60
codec_tag_string=[0][0][0][0]
codec_tag=0x0000
width=1024
height=616
coded_width=1024
coded_height=624
has_b_frames=0
sample_aspect_ratio=1:1
display_aspect_ratio=128:77
pix_fmt=yuv420p
level=31
color_range=unknown
color_space=unknown
color_transfer=unknown
color_primaries=unknown
chroma_location=left
field_order=progressive
timecode=N/A
refs=1
is_avc=true
nal_length_size=4
id=N/A
r_frame_rate=10/1
avg_frame_rate=30/1
time_base=1/1000
start_pts=10
start_time=0.010000
duration_ts=N/A
duration=N/A
bit_rate=N/A
max_bit_rate=N/A
bits_per_raw_sample=8
nb_frames=N/A
nb_read_frames=N/A
nb_read_packets=N/A
DISPOSITION:default=0
DISPOSITION:dub=0
DISPOSITION:original=0
DISPOSITION:comment=0
DISPOSITION:lyrics=0
DISPOSITION:karaoke=0
DISPOSITION:forced=0
DISPOSITION:hearing_impaired=0
DISPOSITION:visual_impaired=0
DISPOSITION:clean_effects=0
DISPOSITION:attached_pic=0
DISPOSITION:timed_thumbnails=0
[/STREAM]
[FORMAT]
filename=rtmp://43.199.149.178/live/front_left
nb_streams=2
nb_programs=0
format_name=flv
format_long_name=FLV (Flash Video)
start_time=0.000000
duration=N/A
size=N/A
bit_rate=N/A
probe_score=100
TAG:title=/camera5/rtsp
TAG:comment=rtsp_image_transport
TAG:encoder=Lavf58.29.100
TAG:server=SRS/5.0.213(Bee)
TAG:server_version=5.0.213
[/FORMAT]
[AVIOContext @ 0x55e5fae27640] Statistics: 679130 bytes read, 0 seeks
---------------------[ ffprobe Log End ]----------------------
SUMMARY: Status OK. Check passed because ffprobe successfully connected to the stream and retrieved its information (Exit Code: 0).


------------------[ Checking Stream: front_right ]------------------
URL: rtmp://43.199.149.178/live/front_right
--------------------[ ffprobe Log Start ]---------------------
ffprobe version 4.2.7-0ubuntu0.1 Copyright (c) 2007-2022 the FFmpeg developers
  built with gcc 9 (Ubuntu 9.4.0-1ubuntu1~20.04.1)
  configuration: --prefix=/usr --extra-version=0ubuntu0.1 --toolchain=hardened --libdir=/usr/lib/x86_64-linux-gnu --incdir=/usr/include/x86_64-linux-gnu --arch=amd64 --enable-gpl --disable-stripping --enable-avresample --disable-filter=resample --enable-avisynth --enable-gnutls --enable-ladspa --enable-libaom --enable-libass --enable-libbluray --enable-libbs2b --enable-libcaca --enable-libcdio --enable-libcodec2 --enable-libflite --enable-libfontconfig --enable-libfreetype --enable-libfribidi --enable-libgme --enable-libgsm --enable-libjack --enable-libmp3lame --enable-libmysofa --enable-libopenjpeg --enable-libopenmpt --enable-libopus --enable-libpulse --enable-librsvg --enable-librubberband --enable-libshine --enable-libsnappy --enable-libsoxr --enable-libspeex --enable-libssh --enable-libtheora --enable-libtwolame --enable-libvidstab --enable-libvorbis --enable-libvpx --enable-libwavpack --enable-libwebp --enable-libx265 --enable-libxml2 --enable-libxvid --enable-libzmq --enable-libzvbi --enable-lv2 --enable-omx --enable-openal --enable-opencl --enable-opengl --enable-sdl2 --enable-libdc1394 --enable-libdrm --enable-libiec61883 --enable-nvenc --enable-chromaprint --enable-frei0r --enable-libx264 --enable-shared
  libavutil      56. 31.100 / 56. 31.100
  libavcodec     58. 54.100 / 58. 54.100
  libavformat    58. 29.100 / 58. 29.100
  libavdevice    58.  8.100 / 58.  8.100
  libavfilter     7. 57.100 /  7. 57.100
  libavresample   4.  0.  0 /  4.  0.  0
  libswscale      5.  5.100 /  5.  5.100
  libswresample   3.  5.100 /  3.  5.100
  libpostproc    55.  5.100 / 55.  5.100
[tcp @ 0x55b0b7dc5c00] Starting connection attempt to 43.199.149.178 port 1935
[tcp @ 0x55b0b7dc5c00] Successfully connected to 43.199.149.178 port 1935
[h264 @ 0x55b0b7dda240] Reinit context to 1024x624, pix_fmt: yuv420p
[flv @ 0x55b0b7dc4980] max_analyze_duration 5000000 reached at 5000000 microseconds st:1
Input #0, flv, from 'rtmp://43.199.149.178/live/front_right':
  Metadata:
    title           : /camera3/rtsp
    comment         : rtsp_image_transport
    encoder         : Lavf58.29.100
    server          : SRS/5.0.213(Bee)
    server_version  : 5.0.213
  Duration: N/A, start: 0.000000, bitrate: N/A
    Stream #0:0: Data: none
    Stream #0:1: Video: h264 (Main), 1 reference frame, yuv420p(progressive, left), 1024x616 (1024x624) [SAR 1:1 DAR 128:77], 30 fps, 10 tbr, 1k tbn, 60 tbc
Unsupported codec with id 0 for input stream 0
[STREAM]
index=0
codec_name=unknown
codec_long_name=unknown
profile=unknown
codec_type=data
codec_tag_string=[0][0][0][0]
codec_tag=0x0000
id=N/A
r_frame_rate=0/0
avg_frame_rate=0/0
time_base=1/1000
start_pts=0
start_time=0.000000
duration_ts=N/A
duration=N/A
bit_rate=N/A
max_bit_rate=N/A
bits_per_raw_sample=N/A
nb_frames=N/A
nb_read_frames=N/A
nb_read_packets=N/A
DISPOSITION:default=0
DISPOSITION:dub=0
DISPOSITION:original=0
DISPOSITION:comment=0
DISPOSITION:lyrics=0
DISPOSITION:karaoke=0
DISPOSITION:forced=0
DISPOSITION:hearing_impaired=0
DISPOSITION:visual_impaired=0
DISPOSITION:clean_effects=0
DISPOSITION:attached_pic=0
DISPOSITION:timed_thumbnails=0
[/STREAM]
[STREAM]
index=1
codec_name=h264
codec_long_name=H.264 / AVC / MPEG-4 AVC / MPEG-4 part 10
profile=Main
codec_type=video
codec_time_base=1/60
codec_tag_string=[0][0][0][0]
codec_tag=0x0000
width=1024
height=616
coded_width=1024
coded_height=624
has_b_frames=0
sample_aspect_ratio=1:1
display_aspect_ratio=128:77
pix_fmt=yuv420p
level=31
color_range=unknown
color_space=unknown
color_transfer=unknown
color_primaries=unknown
chroma_location=left
field_order=progressive
timecode=N/A
refs=1
is_avc=true
nal_length_size=4
id=N/A
r_frame_rate=10/1
avg_frame_rate=30/1
time_base=1/1000
start_pts=10
start_time=0.010000
duration_ts=N/A
duration=N/A
bit_rate=N/A
max_bit_rate=N/A
bits_per_raw_sample=8
nb_frames=N/A
nb_read_frames=N/A
nb_read_packets=N/A
DISPOSITION:default=0
DISPOSITION:dub=0
DISPOSITION:original=0
DISPOSITION:comment=0
DISPOSITION:lyrics=0
DISPOSITION:karaoke=0
DISPOSITION:forced=0
DISPOSITION:hearing_impaired=0
DISPOSITION:visual_impaired=0
DISPOSITION:clean_effects=0
DISPOSITION:attached_pic=0
DISPOSITION:timed_thumbnails=0
[/STREAM]
[FORMAT]
filename=rtmp://43.199.149.178/live/front_right
nb_streams=2
nb_programs=0
format_name=flv
format_long_name=FLV (Flash Video)
start_time=0.000000
duration=N/A
size=N/A
bit_rate=N/A
probe_score=100
TAG:title=/camera3/rtsp
TAG:comment=rtsp_image_transport
TAG:encoder=Lavf58.29.100
TAG:server=SRS/5.0.213(Bee)
TAG:server_version=5.0.213
[/FORMAT]
[AVIOContext @ 0x55b0b7dc7640] Statistics: 679919 bytes read, 0 seeks
---------------------[ ffprobe Log End ]----------------------
SUMMARY: Status OK. Check passed because ffprobe successfully connected to the stream and retrieved its information (Exit Code: 0).

====================[ End of Check Cycle ]====================

==========================================================
                STREAM STATUS CHECK @ Friday, July 25, 2025 PM01:10:42 HKT
==========================================================

------------------[ Checking Stream: front_left ]------------------
URL: rtmp://43.199.149.178/live/front_left
--------------------[ ffprobe Log Start ]---------------------
ffprobe version 4.2.7-0ubuntu0.1 Copyright (c) 2007-2022 the FFmpeg developers
  built with gcc 9 (Ubuntu 9.4.0-1ubuntu1~20.04.1)
  configuration: --prefix=/usr --extra-version=0ubuntu0.1 --toolchain=hardened --libdir=/usr/lib/x86_64-linux-gnu --incdir=/usr/include/x86_64-linux-gnu --arch=amd64 --enable-gpl --disable-stripping --enable-avresample --disable-filter=resample --enable-avisynth --enable-gnutls --enable-ladspa --enable-libaom --enable-libass --enable-libbluray --enable-libbs2b --enable-libcaca --enable-libcdio --enable-libcodec2 --enable-libflite --enable-libfontconfig --enable-libfreetype --enable-libfribidi --enable-libgme --enable-libgsm --enable-libjack --enable-libmp3lame --enable-libmysofa --enable-libopenjpeg --enable-libopenmpt --enable-libopus --enable-libpulse --enable-librsvg --enable-librubberband --enable-libshine --enable-libsnappy --enable-libsoxr --enable-libspeex --enable-libssh --enable-libtheora --enable-libtwolame --enable-libvidstab --enable-libvorbis --enable-libvpx --enable-libwavpack --enable-libwebp --enable-libx265 --enable-libxml2 --enable-libxvid --enable-libzmq --enable-libzvbi --enable-lv2 --enable-omx --enable-openal --enable-opencl --enable-opengl --enable-sdl2 --enable-libdc1394 --enable-libdrm --enable-libiec61883 --enable-nvenc --enable-chromaprint --enable-frei0r --enable-libx264 --enable-shared
  libavutil      56. 31.100 / 56. 31.100
  libavcodec     58. 54.100 / 58. 54.100
  libavformat    58. 29.100 / 58. 29.100
  libavdevice    58.  8.100 / 58.  8.100
  libavfilter     7. 57.100 /  7. 57.100
  libavresample   4.  0.  0 /  4.  0.  0
  libswscale      5.  5.100 /  5.  5.100
  libswresample   3.  5.100 /  3.  5.100
  libpostproc    55.  5.100 / 55.  5.100
[tcp @ 0x559f27709c00] Starting connection attempt to 43.199.149.178 port 1935
[tcp @ 0x559f27709c00] Successfully connected to 43.199.149.178 port 1935
[h264 @ 0x559f2771e240] Reinit context to 1024x624, pix_fmt: yuv420p
[flv @ 0x559f27708980] max_analyze_duration 5000000 reached at 5000000 microseconds st:1
Input #0, flv, from 'rtmp://43.199.149.178/live/front_left':
  Metadata:
    title           : /camera5/rtsp
    comment         : rtsp_image_transport
    encoder         : Lavf58.29.100
    server          : SRS/5.0.213(Bee)
    server_version  : 5.0.213
  Duration: N/A, start: 0.000000, bitrate: N/A
    Stream #0:0: Data: none
    Stream #0:1: Video: h264 (Main), 1 reference frame, yuv420p(progressive, left), 1024x616 (1024x624) [SAR 1:1 DAR 128:77], 30 fps, 10 tbr, 1k tbn, 60 tbc
Unsupported codec with id 0 for input stream 0
[STREAM]
index=0
codec_name=unknown
codec_long_name=unknown
profile=unknown
codec_type=data
codec_tag_string=[0][0][0][0]
codec_tag=0x0000
id=N/A
r_frame_rate=0/0
avg_frame_rate=0/0
time_base=1/1000
start_pts=0
start_time=0.000000
duration_ts=N/A
duration=N/A
bit_rate=N/A
max_bit_rate=N/A
bits_per_raw_sample=N/A
nb_frames=N/A
nb_read_frames=N/A
nb_read_packets=N/A
DISPOSITION:default=0
DISPOSITION:dub=0
DISPOSITION:original=0
DISPOSITION:comment=0
DISPOSITION:lyrics=0
DISPOSITION:karaoke=0
DISPOSITION:forced=0
DISPOSITION:hearing_impaired=0
DISPOSITION:visual_impaired=0
DISPOSITION:clean_effects=0
DISPOSITION:attached_pic=0
DISPOSITION:timed_thumbnails=0
[/STREAM]
[STREAM]
index=1
codec_name=h264
codec_long_name=H.264 / AVC / MPEG-4 AVC / MPEG-4 part 10
profile=Main
codec_type=video
codec_time_base=1/60
codec_tag_string=[0][0][0][0]
codec_tag=0x0000
width=1024
height=616
coded_width=1024
coded_height=624
has_b_frames=0
sample_aspect_ratio=1:1
display_aspect_ratio=128:77
pix_fmt=yuv420p
level=31
color_range=unknown
color_space=unknown
color_transfer=unknown
color_primaries=unknown
chroma_location=left
field_order=progressive
timecode=N/A
refs=1
is_avc=true
nal_length_size=4
id=N/A
r_frame_rate=10/1
avg_frame_rate=30/1
time_base=1/1000
start_pts=10
start_time=0.010000
duration_ts=N/A
duration=N/A
bit_rate=N/A
max_bit_rate=N/A
bits_per_raw_sample=8
nb_frames=N/A
nb_read_frames=N/A
nb_read_packets=N/A
DISPOSITION:default=0
DISPOSITION:dub=0
DISPOSITION:original=0
DISPOSITION:comment=0
DISPOSITION:lyrics=0
DISPOSITION:karaoke=0
DISPOSITION:forced=0
DISPOSITION:hearing_impaired=0
DISPOSITION:visual_impaired=0
DISPOSITION:clean_effects=0
DISPOSITION:attached_pic=0
DISPOSITION:timed_thumbnails=0
[/STREAM]
[FORMAT]
filename=rtmp://43.199.149.178/live/front_left
nb_streams=2
nb_programs=0
format_name=flv
format_long_name=FLV (Flash Video)
start_time=0.000000
duration=N/A
size=N/A
bit_rate=N/A
probe_score=100
TAG:title=/camera5/rtsp
TAG:comment=rtsp_image_transport
TAG:encoder=Lavf58.29.100
TAG:server=SRS/5.0.213(Bee)
TAG:server_version=5.0.213
[/FORMAT]
[AVIOContext @ 0x559f2770b640] Statistics: 666731 bytes read, 0 seeks
---------------------[ ffprobe Log End ]----------------------
SUMMARY: Status OK. Check passed because ffprobe successfully connected to the stream and retrieved its information (Exit Code: 0).


------------------[ Checking Stream: front_right ]------------------
URL: rtmp://43.199.149.178/live/front_right
--------------------[ ffprobe Log Start ]---------------------
ffprobe version 4.2.7-0ubuntu0.1 Copyright (c) 2007-2022 the FFmpeg developers
  built with gcc 9 (Ubuntu 9.4.0-1ubuntu1~20.04.1)
  configuration: --prefix=/usr --extra-version=0ubuntu0.1 --toolchain=hardened --libdir=/usr/lib/x86_64-linux-gnu --incdir=/usr/include/x86_64-linux-gnu --arch=amd64 --enable-gpl --disable-stripping --enable-avresample --disable-filter=resample --enable-avisynth --enable-gnutls --enable-ladspa --enable-libaom --enable-libass --enable-libbluray --enable-libbs2b --enable-libcaca --enable-libcdio --enable-libcodec2 --enable-libflite --enable-libfontconfig --enable-libfreetype --enable-libfribidi --enable-libgme --enable-libgsm --enable-libjack --enable-libmp3lame --enable-libmysofa --enable-libopenjpeg --enable-libopenmpt --enable-libopus --enable-libpulse --enable-librsvg --enable-librubberband --enable-libshine --enable-libsnappy --enable-libsoxr --enable-libspeex --enable-libssh --enable-libtheora --enable-libtwolame --enable-libvidstab --enable-libvorbis --enable-libvpx --enable-libwavpack --enable-libwebp --enable-libx265 --enable-libxml2 --enable-libxvid --enable-libzmq --enable-libzvbi --enable-lv2 --enable-omx --enable-openal --enable-opencl --enable-opengl --enable-sdl2 --enable-libdc1394 --enable-libdrm --enable-libiec61883 --enable-nvenc --enable-chromaprint --enable-frei0r --enable-libx264 --enable-shared
  libavutil      56. 31.100 / 56. 31.100
  libavcodec     58. 54.100 / 58. 54.100
  libavformat    58. 29.100 / 58. 29.100
  libavdevice    58.  8.100 / 58.  8.100
  libavfilter     7. 57.100 /  7. 57.100
  libavresample   4.  0.  0 /  4.  0.  0
  libswscale      5.  5.100 /  5.  5.100
  libswresample   3.  5.100 /  3.  5.100
  libpostproc    55.  5.100 / 55.  5.100
[tcp @ 0x561f3da7bc00] Starting connection attempt to 43.199.149.178 port 1935
[tcp @ 0x561f3da7bc00] Successfully connected to 43.199.149.178 port 1935
[h264 @ 0x561f3da90240] Reinit context to 1024x624, pix_fmt: yuv420p
[flv @ 0x561f3da7a980] max_analyze_duration 5000000 reached at 5000000 microseconds st:1
Input #0, flv, from 'rtmp://43.199.149.178/live/front_right':
  Metadata:
    title           : /camera3/rtsp
    comment         : rtsp_image_transport
    encoder         : Lavf58.29.100
    server          : SRS/5.0.213(Bee)
    server_version  : 5.0.213
  Duration: N/A, start: 0.000000, bitrate: N/A
    Stream #0:0: Data: none
    Stream #0:1: Video: h264 (Main), 1 reference frame, yuv420p(progressive, left), 1024x616 (1024x624) [SAR 1:1 DAR 128:77], 30 fps, 10 tbr, 1k tbn, 60 tbc
Unsupported codec with id 0 for input stream 0
[STREAM]
index=0
codec_name=unknown
codec_long_name=unknown
profile=unknown
codec_type=data
codec_tag_string=[0][0][0][0]
codec_tag=0x0000
id=N/A
r_frame_rate=0/0
avg_frame_rate=0/0
time_base=1/1000
start_pts=0
start_time=0.000000
duration_ts=N/A
duration=N/A
bit_rate=N/A
max_bit_rate=N/A
bits_per_raw_sample=N/A
nb_frames=N/A
nb_read_frames=N/A
nb_read_packets=N/A
DISPOSITION:default=0
DISPOSITION:dub=0
DISPOSITION:original=0
DISPOSITION:comment=0
DISPOSITION:lyrics=0
DISPOSITION:karaoke=0
DISPOSITION:forced=0
DISPOSITION:hearing_impaired=0
DISPOSITION:visual_impaired=0
DISPOSITION:clean_effects=0
DISPOSITION:attached_pic=0
DISPOSITION:timed_thumbnails=0
[/STREAM]
[STREAM]
index=1
codec_name=h264
codec_long_name=H.264 / AVC / MPEG-4 AVC / MPEG-4 part 10
profile=Main
codec_type=video
codec_time_base=1/60
codec_tag_string=[0][0][0][0]
codec_tag=0x0000
width=1024
height=616
coded_width=1024
coded_height=624
has_b_frames=0
sample_aspect_ratio=1:1
display_aspect_ratio=128:77
pix_fmt=yuv420p
level=31
color_range=unknown
color_space=unknown
color_transfer=unknown
color_primaries=unknown
chroma_location=left
field_order=progressive
timecode=N/A
refs=1
is_avc=true
nal_length_size=4
id=N/A
r_frame_rate=10/1
avg_frame_rate=30/1
time_base=1/1000
start_pts=10
start_time=0.010000
duration_ts=N/A
duration=N/A
bit_rate=N/A
max_bit_rate=N/A
bits_per_raw_sample=8
nb_frames=N/A
nb_read_frames=N/A
nb_read_packets=N/A
DISPOSITION:default=0
DISPOSITION:dub=0
DISPOSITION:original=0
DISPOSITION:comment=0
DISPOSITION:lyrics=0
DISPOSITION:karaoke=0
DISPOSITION:forced=0
DISPOSITION:hearing_impaired=0
DISPOSITION:visual_impaired=0
DISPOSITION:clean_effects=0
DISPOSITION:attached_pic=0
DISPOSITION:timed_thumbnails=0
[/STREAM]
[FORMAT]
filename=rtmp://43.199.149.178/live/front_right
nb_streams=2
nb_programs=0
format_name=flv
format_long_name=FLV (Flash Video)
start_time=0.000000
duration=N/A
size=N/A
bit_rate=N/A
probe_score=100
TAG:title=/camera3/rtsp
TAG:comment=rtsp_image_transport
TAG:encoder=Lavf58.29.100
TAG:server=SRS/5.0.213(Bee)
TAG:server_version=5.0.213
[/FORMAT]
[AVIOContext @ 0x561f3da7d640] Statistics: 659936 bytes read, 0 seeks
---------------------[ ffprobe Log End ]----------------------
SUMMARY: Status OK. Check passed because ffprobe successfully connected to the stream and retrieved its information (Exit Code: 0).

====================[ End of Check Cycle ]====================

==========================================================
                STREAM STATUS CHECK @ Friday, July 25, 2025 PM01:12:12 HKT
==========================================================

------------------[ Checking Stream: front_left ]------------------
URL: rtmp://43.199.149.178/live/front_left
--------------------[ ffprobe Log Start ]---------------------
ffprobe version 4.2.7-0ubuntu0.1 Copyright (c) 2007-2022 the FFmpeg developers
  built with gcc 9 (Ubuntu 9.4.0-1ubuntu1~20.04.1)
  configuration: --prefix=/usr --extra-version=0ubuntu0.1 --toolchain=hardened --libdir=/usr/lib/x86_64-linux-gnu --incdir=/usr/include/x86_64-linux-gnu --arch=amd64 --enable-gpl --disable-stripping --enable-avresample --disable-filter=resample --enable-avisynth --enable-gnutls --enable-ladspa --enable-libaom --enable-libass --enable-libbluray --enable-libbs2b --enable-libcaca --enable-libcdio --enable-libcodec2 --enable-libflite --enable-libfontconfig --enable-libfreetype --enable-libfribidi --enable-libgme --enable-libgsm --enable-libjack --enable-libmp3lame --enable-libmysofa --enable-libopenjpeg --enable-libopenmpt --enable-libopus --enable-libpulse --enable-librsvg --enable-librubberband --enable-libshine --enable-libsnappy --enable-libsoxr --enable-libspeex --enable-libssh --enable-libtheora --enable-libtwolame --enable-libvidstab --enable-libvorbis --enable-libvpx --enable-libwavpack --enable-libwebp --enable-libx265 --enable-libxml2 --enable-libxvid --enable-libzmq --enable-libzvbi --enable-lv2 --enable-omx --enable-openal --enable-opencl --enable-opengl --enable-sdl2 --enable-libdc1394 --enable-libdrm --enable-libiec61883 --enable-nvenc --enable-chromaprint --enable-frei0r --enable-libx264 --enable-shared
  libavutil      56. 31.100 / 56. 31.100
  libavcodec     58. 54.100 / 58. 54.100
  libavformat    58. 29.100 / 58. 29.100
  libavdevice    58.  8.100 / 58.  8.100
  libavfilter     7. 57.100 /  7. 57.100
  libavresample   4.  0.  0 /  4.  0.  0
  libswscale      5.  5.100 /  5.  5.100
  libswresample   3.  5.100 /  3.  5.100
  libpostproc    55.  5.100 / 55.  5.100
[tcp @ 0x561ce8f5dc00] Starting connection attempt to 43.199.149.178 port 1935
[tcp @ 0x561ce8f5dc00] Successfully connected to 43.199.149.178 port 1935
[h264 @ 0x561ce8f72240] Reinit context to 1024x624, pix_fmt: yuv420p
[flv @ 0x561ce8f5c980] max_analyze_duration 5000000 reached at 5000000 microseconds st:1
Input #0, flv, from 'rtmp://43.199.149.178/live/front_left':
  Metadata:
    title           : /camera5/rtsp
    comment         : rtsp_image_transport
    encoder         : Lavf58.29.100
    server          : SRS/5.0.213(Bee)
    server_version  : 5.0.213
  Duration: N/A, start: 0.000000, bitrate: N/A
    Stream #0:0: Data: none
    Stream #0:1: Video: h264 (Main), 1 reference frame, yuv420p(progressive, left), 1024x616 (1024x624) [SAR 1:1 DAR 128:77], 30 fps, 10 tbr, 1k tbn, 60 tbc
Unsupported codec with id 0 for input stream 0
[STREAM]
index=0
codec_name=unknown
codec_long_name=unknown
profile=unknown
codec_type=data
codec_tag_string=[0][0][0][0]
codec_tag=0x0000
id=N/A
r_frame_rate=0/0
avg_frame_rate=0/0
time_base=1/1000
start_pts=0
start_time=0.000000
duration_ts=N/A
duration=N/A
bit_rate=N/A
max_bit_rate=N/A
bits_per_raw_sample=N/A
nb_frames=N/A
nb_read_frames=N/A
nb_read_packets=N/A
DISPOSITION:default=0
DISPOSITION:dub=0
DISPOSITION:original=0
DISPOSITION:comment=0
DISPOSITION:lyrics=0
DISPOSITION:karaoke=0
DISPOSITION:forced=0
DISPOSITION:hearing_impaired=0
DISPOSITION:visual_impaired=0
DISPOSITION:clean_effects=0
DISPOSITION:attached_pic=0
DISPOSITION:timed_thumbnails=0
[/STREAM]
[STREAM]
index=1
codec_name=h264
codec_long_name=H.264 / AVC / MPEG-4 AVC / MPEG-4 part 10
profile=Main
codec_type=video
codec_time_base=1/60
codec_tag_string=[0][0][0][0]
codec_tag=0x0000
width=1024
height=616
coded_width=1024
coded_height=624
has_b_frames=0
sample_aspect_ratio=1:1
display_aspect_ratio=128:77
pix_fmt=yuv420p
level=31
color_range=unknown
color_space=unknown
color_transfer=unknown
color_primaries=unknown
chroma_location=left
field_order=progressive
timecode=N/A
refs=1
is_avc=true
nal_length_size=4
id=N/A
r_frame_rate=10/1
avg_frame_rate=30/1
time_base=1/1000
start_pts=10
start_time=0.010000
duration_ts=N/A
duration=N/A
bit_rate=N/A
max_bit_rate=N/A
bits_per_raw_sample=8
nb_frames=N/A
nb_read_frames=N/A
nb_read_packets=N/A
DISPOSITION:default=0
DISPOSITION:dub=0
DISPOSITION:original=0
DISPOSITION:comment=0
DISPOSITION:lyrics=0
DISPOSITION:karaoke=0
DISPOSITION:forced=0
DISPOSITION:hearing_impaired=0
DISPOSITION:visual_impaired=0
DISPOSITION:clean_effects=0
DISPOSITION:attached_pic=0
DISPOSITION:timed_thumbnails=0
[/STREAM]
[FORMAT]
filename=rtmp://43.199.149.178/live/front_left
nb_streams=2
nb_programs=0
format_name=flv
format_long_name=FLV (Flash Video)
start_time=0.000000
duration=N/A
size=N/A
bit_rate=N/A
probe_score=100
TAG:title=/camera5/rtsp
TAG:comment=rtsp_image_transport
TAG:encoder=Lavf58.29.100
TAG:server=SRS/5.0.213(Bee)
TAG:server_version=5.0.213
[/FORMAT]
[AVIOContext @ 0x561ce8f5f640] Statistics: 678327 bytes read, 0 seeks
---------------------[ ffprobe Log End ]----------------------
SUMMARY: Status OK. Check passed because ffprobe successfully connected to the stream and retrieved its information (Exit Code: 0).


------------------[ Checking Stream: front_right ]------------------
URL: rtmp://43.199.149.178/live/front_right
--------------------[ ffprobe Log Start ]---------------------
ffprobe version 4.2.7-0ubuntu0.1 Copyright (c) 2007-2022 the FFmpeg developers
  built with gcc 9 (Ubuntu 9.4.0-1ubuntu1~20.04.1)
  configuration: --prefix=/usr --extra-version=0ubuntu0.1 --toolchain=hardened --libdir=/usr/lib/x86_64-linux-gnu --incdir=/usr/include/x86_64-linux-gnu --arch=amd64 --enable-gpl --disable-stripping --enable-avresample --disable-filter=resample --enable-avisynth --enable-gnutls --enable-ladspa --enable-libaom --enable-libass --enable-libbluray --enable-libbs2b --enable-libcaca --enable-libcdio --enable-libcodec2 --enable-libflite --enable-libfontconfig --enable-libfreetype --enable-libfribidi --enable-libgme --enable-libgsm --enable-libjack --enable-libmp3lame --enable-libmysofa --enable-libopenjpeg --enable-libopenmpt --enable-libopus --enable-libpulse --enable-librsvg --enable-librubberband --enable-libshine --enable-libsnappy --enable-libsoxr --enable-libspeex --enable-libssh --enable-libtheora --enable-libtwolame --enable-libvidstab --enable-libvorbis --enable-libvpx --enable-libwavpack --enable-libwebp --enable-libx265 --enable-libxml2 --enable-libxvid --enable-libzmq --enable-libzvbi --enable-lv2 --enable-omx --enable-openal --enable-opencl --enable-opengl --enable-sdl2 --enable-libdc1394 --enable-libdrm --enable-libiec61883 --enable-nvenc --enable-chromaprint --enable-frei0r --enable-libx264 --enable-shared
  libavutil      56. 31.100 / 56. 31.100
  libavcodec     58. 54.100 / 58. 54.100
  libavformat    58. 29.100 / 58. 29.100
  libavdevice    58.  8.100 / 58.  8.100
  libavfilter     7. 57.100 /  7. 57.100
  libavresample   4.  0.  0 /  4.  0.  0
  libswscale      5.  5.100 /  5.  5.100
  libswresample   3.  5.100 /  3.  5.100
  libpostproc    55.  5.100 / 55.  5.100
[tcp @ 0x55784ea44c00] Starting connection attempt to 43.199.149.178 port 1935
[tcp @ 0x55784ea44c00] Successfully connected to 43.199.149.178 port 1935
[h264 @ 0x55784ea59240] Reinit context to 1024x624, pix_fmt: yuv420p
[flv @ 0x55784ea43980] max_analyze_duration 5000000 reached at 5000000 microseconds st:1
Input #0, flv, from 'rtmp://43.199.149.178/live/front_right':
  Metadata:
    title           : /camera3/rtsp
    comment         : rtsp_image_transport
    encoder         : Lavf58.29.100
    server          : SRS/5.0.213(Bee)
    server_version  : 5.0.213
  Duration: N/A, start: 0.000000, bitrate: N/A
    Stream #0:0: Data: none
    Stream #0:1: Video: h264 (Main), 1 reference frame, yuv420p(progressive, left), 1024x616 (1024x624) [SAR 1:1 DAR 128:77], 30 fps, 10 tbr, 1k tbn, 60 tbc
Unsupported codec with id 0 for input stream 0
[STREAM]
index=0
codec_name=unknown
codec_long_name=unknown
profile=unknown
codec_type=data
codec_tag_string=[0][0][0][0]
codec_tag=0x0000
id=N/A
r_frame_rate=0/0
avg_frame_rate=0/0
time_base=1/1000
start_pts=0
start_time=0.000000
duration_ts=N/A
duration=N/A
bit_rate=N/A
max_bit_rate=N/A
bits_per_raw_sample=N/A
nb_frames=N/A
nb_read_frames=N/A
nb_read_packets=N/A
DISPOSITION:default=0
DISPOSITION:dub=0
DISPOSITION:original=0
DISPOSITION:comment=0
DISPOSITION:lyrics=0
DISPOSITION:karaoke=0
DISPOSITION:forced=0
DISPOSITION:hearing_impaired=0
DISPOSITION:visual_impaired=0
DISPOSITION:clean_effects=0
DISPOSITION:attached_pic=0
DISPOSITION:timed_thumbnails=0
[/STREAM]
[STREAM]
index=1
codec_name=h264
codec_long_name=H.264 / AVC / MPEG-4 AVC / MPEG-4 part 10
profile=Main
codec_type=video
codec_time_base=1/60
codec_tag_string=[0][0][0][0]
codec_tag=0x0000
width=1024
height=616
coded_width=1024
coded_height=624
has_b_frames=0
sample_aspect_ratio=1:1
display_aspect_ratio=128:77
pix_fmt=yuv420p
level=31
color_range=unknown
color_space=unknown
color_transfer=unknown
color_primaries=unknown
chroma_location=left
field_order=progressive
timecode=N/A
refs=1
is_avc=true
nal_length_size=4
id=N/A
r_frame_rate=10/1
avg_frame_rate=30/1
time_base=1/1000
start_pts=10
start_time=0.010000
duration_ts=N/A
duration=N/A
bit_rate=N/A
max_bit_rate=N/A
bits_per_raw_sample=8
nb_frames=N/A
nb_read_frames=N/A
nb_read_packets=N/A
DISPOSITION:default=0
DISPOSITION:dub=0
DISPOSITION:original=0
DISPOSITION:comment=0
DISPOSITION:lyrics=0
DISPOSITION:karaoke=0
DISPOSITION:forced=0
DISPOSITION:hearing_impaired=0
DISPOSITION:visual_impaired=0
DISPOSITION:clean_effects=0
DISPOSITION:attached_pic=0
DISPOSITION:timed_thumbnails=0
[/STREAM]
[FORMAT]
filename=rtmp://43.199.149.178/live/front_right
nb_streams=2
nb_programs=0
format_name=flv
format_long_name=FLV (Flash Video)
start_time=0.000000
duration=N/A
size=N/A
bit_rate=N/A
probe_score=100
TAG:title=/camera3/rtsp
TAG:comment=rtsp_image_transport
TAG:encoder=Lavf58.29.100
TAG:server=SRS/5.0.213(Bee)
TAG:server_version=5.0.213
[/FORMAT]
[AVIOContext @ 0x55784ea46640] Statistics: 659925 bytes read, 0 seeks
---------------------[ ffprobe Log End ]----------------------
SUMMARY: Status OK. Check passed because ffprobe successfully connected to the stream and retrieved its information (Exit Code: 0).

====================[ End of Check Cycle ]====================

==========================================================
                STREAM STATUS CHECK @ Friday, July 25, 2025 PM01:13:42 HKT
==========================================================

------------------[ Checking Stream: front_left ]------------------
URL: rtmp://43.199.149.178/live/front_left
--------------------[ ffprobe Log Start ]---------------------
ffprobe version 4.2.7-0ubuntu0.1 Copyright (c) 2007-2022 the FFmpeg developers
  built with gcc 9 (Ubuntu 9.4.0-1ubuntu1~20.04.1)
  configuration: --prefix=/usr --extra-version=0ubuntu0.1 --toolchain=hardened --libdir=/usr/lib/x86_64-linux-gnu --incdir=/usr/include/x86_64-linux-gnu --arch=amd64 --enable-gpl --disable-stripping --enable-avresample --disable-filter=resample --enable-avisynth --enable-gnutls --enable-ladspa --enable-libaom --enable-libass --enable-libbluray --enable-libbs2b --enable-libcaca --enable-libcdio --enable-libcodec2 --enable-libflite --enable-libfontconfig --enable-libfreetype --enable-libfribidi --enable-libgme --enable-libgsm --enable-libjack --enable-libmp3lame --enable-libmysofa --enable-libopenjpeg --enable-libopenmpt --enable-libopus --enable-libpulse --enable-librsvg --enable-librubberband --enable-libshine --enable-libsnappy --enable-libsoxr --enable-libspeex --enable-libssh --enable-libtheora --enable-libtwolame --enable-libvidstab --enable-libvorbis --enable-libvpx --enable-libwavpack --enable-libwebp --enable-libx265 --enable-libxml2 --enable-libxvid --enable-libzmq --enable-libzvbi --enable-lv2 --enable-omx --enable-openal --enable-opencl --enable-opengl --enable-sdl2 --enable-libdc1394 --enable-libdrm --enable-libiec61883 --enable-nvenc --enable-chromaprint --enable-frei0r --enable-libx264 --enable-shared
  libavutil      56. 31.100 / 56. 31.100
  libavcodec     58. 54.100 / 58. 54.100
  libavformat    58. 29.100 / 58. 29.100
  libavdevice    58.  8.100 / 58.  8.100
  libavfilter     7. 57.100 /  7. 57.100
  libavresample   4.  0.  0 /  4.  0.  0
  libswscale      5.  5.100 /  5.  5.100
  libswresample   3.  5.100 /  3.  5.100
  libpostproc    55.  5.100 / 55.  5.100
[tcp @ 0x55bc0b6e3c00] Starting connection attempt to 43.199.149.178 port 1935
[tcp @ 0x55bc0b6e3c00] Successfully connected to 43.199.149.178 port 1935
[h264 @ 0x55bc0b6f8240] Reinit context to 1024x624, pix_fmt: yuv420p
[flv @ 0x55bc0b6e2980] max_analyze_duration 5000000 reached at 5000000 microseconds st:1
Input #0, flv, from 'rtmp://43.199.149.178/live/front_left':
  Metadata:
    title           : /camera5/rtsp
    comment         : rtsp_image_transport
    encoder         : Lavf58.29.100
    server          : SRS/5.0.213(Bee)
    server_version  : 5.0.213
  Duration: N/A, start: 0.000000, bitrate: N/A
    Stream #0:0: Data: none
    Stream #0:1: Video: h264 (Main), 1 reference frame, yuv420p(progressive, left), 1024x616 (1024x624) [SAR 1:1 DAR 128:77], 30 fps, 10 tbr, 1k tbn, 60 tbc
Unsupported codec with id 0 for input stream 0
[STREAM]
index=0
codec_name=unknown
codec_long_name=unknown
profile=unknown
codec_type=data
codec_tag_string=[0][0][0][0]
codec_tag=0x0000
id=N/A
r_frame_rate=0/0
avg_frame_rate=0/0
time_base=1/1000
start_pts=0
start_time=0.000000
duration_ts=N/A
duration=N/A
bit_rate=N/A
max_bit_rate=N/A
bits_per_raw_sample=N/A
nb_frames=N/A
nb_read_frames=N/A
nb_read_packets=N/A
DISPOSITION:default=0
DISPOSITION:dub=0
DISPOSITION:original=0
DISPOSITION:comment=0
DISPOSITION:lyrics=0
DISPOSITION:karaoke=0
DISPOSITION:forced=0
DISPOSITION:hearing_impaired=0
DISPOSITION:visual_impaired=0
DISPOSITION:clean_effects=0
DISPOSITION:attached_pic=0
DISPOSITION:timed_thumbnails=0
[/STREAM]
[STREAM]
index=1
codec_name=h264
codec_long_name=H.264 / AVC / MPEG-4 AVC / MPEG-4 part 10
profile=Main
codec_type=video
codec_time_base=1/60
codec_tag_string=[0][0][0][0]
codec_tag=0x0000
width=1024
height=616
coded_width=1024
coded_height=624
has_b_frames=0
sample_aspect_ratio=1:1
display_aspect_ratio=128:77
pix_fmt=yuv420p
level=31
color_range=unknown
color_space=unknown
color_transfer=unknown
color_primaries=unknown
chroma_location=left
field_order=progressive
timecode=N/A
refs=1
is_avc=true
nal_length_size=4
id=N/A
r_frame_rate=10/1
avg_frame_rate=30/1
time_base=1/1000
start_pts=10
start_time=0.010000
duration_ts=N/A
duration=N/A
bit_rate=N/A
max_bit_rate=N/A
bits_per_raw_sample=8
nb_frames=N/A
nb_read_frames=N/A
nb_read_packets=N/A
DISPOSITION:default=0
DISPOSITION:dub=0
DISPOSITION:original=0
DISPOSITION:comment=0
DISPOSITION:lyrics=0
DISPOSITION:karaoke=0
DISPOSITION:forced=0
DISPOSITION:hearing_impaired=0
DISPOSITION:visual_impaired=0
DISPOSITION:clean_effects=0
DISPOSITION:attached_pic=0
DISPOSITION:timed_thumbnails=0
[/STREAM]
[FORMAT]
filename=rtmp://43.199.149.178/live/front_left
nb_streams=2
nb_programs=0
format_name=flv
format_long_name=FLV (Flash Video)
start_time=0.000000
duration=N/A
size=N/A
bit_rate=N/A
probe_score=100
TAG:title=/camera5/rtsp
TAG:comment=rtsp_image_transport
TAG:encoder=Lavf58.29.100
TAG:server=SRS/5.0.213(Bee)
TAG:server_version=5.0.213
[/FORMAT]
[AVIOContext @ 0x55bc0b6e5640] Statistics: 690257 bytes read, 0 seeks
---------------------[ ffprobe Log End ]----------------------
SUMMARY: Status OK. Check passed because ffprobe successfully connected to the stream and retrieved its information (Exit Code: 0).


------------------[ Checking Stream: front_right ]------------------
URL: rtmp://43.199.149.178/live/front_right
--------------------[ ffprobe Log Start ]---------------------
ffprobe version 4.2.7-0ubuntu0.1 Copyright (c) 2007-2022 the FFmpeg developers
  built with gcc 9 (Ubuntu 9.4.0-1ubuntu1~20.04.1)
  configuration: --prefix=/usr --extra-version=0ubuntu0.1 --toolchain=hardened --libdir=/usr/lib/x86_64-linux-gnu --incdir=/usr/include/x86_64-linux-gnu --arch=amd64 --enable-gpl --disable-stripping --enable-avresample --disable-filter=resample --enable-avisynth --enable-gnutls --enable-ladspa --enable-libaom --enable-libass --enable-libbluray --enable-libbs2b --enable-libcaca --enable-libcdio --enable-libcodec2 --enable-libflite --enable-libfontconfig --enable-libfreetype --enable-libfribidi --enable-libgme --enable-libgsm --enable-libjack --enable-libmp3lame --enable-libmysofa --enable-libopenjpeg --enable-libopenmpt --enable-libopus --enable-libpulse --enable-librsvg --enable-librubberband --enable-libshine --enable-libsnappy --enable-libsoxr --enable-libspeex --enable-libssh --enable-libtheora --enable-libtwolame --enable-libvidstab --enable-libvorbis --enable-libvpx --enable-libwavpack --enable-libwebp --enable-libx265 --enable-libxml2 --enable-libxvid --enable-libzmq --enable-libzvbi --enable-lv2 --enable-omx --enable-openal --enable-opencl --enable-opengl --enable-sdl2 --enable-libdc1394 --enable-libdrm --enable-libiec61883 --enable-nvenc --enable-chromaprint --enable-frei0r --enable-libx264 --enable-shared
  libavutil      56. 31.100 / 56. 31.100
  libavcodec     58. 54.100 / 58. 54.100
  libavformat    58. 29.100 / 58. 29.100
  libavdevice    58.  8.100 / 58.  8.100
  libavfilter     7. 57.100 /  7. 57.100
  libavresample   4.  0.  0 /  4.  0.  0
  libswscale      5.  5.100 /  5.  5.100
  libswresample   3.  5.100 /  3.  5.100
  libpostproc    55.  5.100 / 55.  5.100
[tcp @ 0x5563d0146c00] Starting connection attempt to 43.199.149.178 port 1935
[tcp @ 0x5563d0146c00] Successfully connected to 43.199.149.178 port 1935
[h264 @ 0x5563d015b240] Reinit context to 1024x624, pix_fmt: yuv420p
[flv @ 0x5563d0145980] max_analyze_duration 5000000 reached at 5000000 microseconds st:1
Input #0, flv, from 'rtmp://43.199.149.178/live/front_right':
  Metadata:
    title           : /camera3/rtsp
    comment         : rtsp_image_transport
    encoder         : Lavf58.29.100
    server          : SRS/5.0.213(Bee)
    server_version  : 5.0.213
  Duration: N/A, start: 0.000000, bitrate: N/A
    Stream #0:0: Data: none
    Stream #0:1: Video: h264 (Main), 1 reference frame, yuv420p(progressive, left), 1024x616 (1024x624) [SAR 1:1 DAR 128:77], 30 fps, 10 tbr, 1k tbn, 60 tbc
Unsupported codec with id 0 for input stream 0
[STREAM]
index=0
codec_name=unknown
codec_long_name=unknown
profile=unknown
codec_type=data
codec_tag_string=[0][0][0][0]
codec_tag=0x0000
id=N/A
r_frame_rate=0/0
avg_frame_rate=0/0
time_base=1/1000
start_pts=0
start_time=0.000000
duration_ts=N/A
duration=N/A
bit_rate=N/A
max_bit_rate=N/A
bits_per_raw_sample=N/A
nb_frames=N/A
nb_read_frames=N/A
nb_read_packets=N/A
DISPOSITION:default=0
DISPOSITION:dub=0
DISPOSITION:original=0
DISPOSITION:comment=0
DISPOSITION:lyrics=0
DISPOSITION:karaoke=0
DISPOSITION:forced=0
DISPOSITION:hearing_impaired=0
DISPOSITION:visual_impaired=0
DISPOSITION:clean_effects=0
DISPOSITION:attached_pic=0
DISPOSITION:timed_thumbnails=0
[/STREAM]
[STREAM]
index=1
codec_name=h264
codec_long_name=H.264 / AVC / MPEG-4 AVC / MPEG-4 part 10
profile=Main
codec_type=video
codec_time_base=1/60
codec_tag_string=[0][0][0][0]
codec_tag=0x0000
width=1024
height=616
coded_width=1024
coded_height=624
has_b_frames=0
sample_aspect_ratio=1:1
display_aspect_ratio=128:77
pix_fmt=yuv420p
level=31
color_range=unknown
color_space=unknown
color_transfer=unknown
color_primaries=unknown
chroma_location=left
field_order=progressive
timecode=N/A
refs=1
is_avc=true
nal_length_size=4
id=N/A
r_frame_rate=10/1
avg_frame_rate=30/1
time_base=1/1000
start_pts=10
start_time=0.010000
duration_ts=N/A
duration=N/A
bit_rate=N/A
max_bit_rate=N/A
bits_per_raw_sample=8
nb_frames=N/A
nb_read_frames=N/A
nb_read_packets=N/A
DISPOSITION:default=0
DISPOSITION:dub=0
DISPOSITION:original=0
DISPOSITION:comment=0
DISPOSITION:lyrics=0
DISPOSITION:karaoke=0
DISPOSITION:forced=0
DISPOSITION:hearing_impaired=0
DISPOSITION:visual_impaired=0
DISPOSITION:clean_effects=0
DISPOSITION:attached_pic=0
DISPOSITION:timed_thumbnails=0
[/STREAM]
[FORMAT]
filename=rtmp://43.199.149.178/live/front_right
nb_streams=2
nb_programs=0
format_name=flv
format_long_name=FLV (Flash Video)
start_time=0.000000
duration=N/A
size=N/A
bit_rate=N/A
probe_score=100
TAG:title=/camera3/rtsp
TAG:comment=rtsp_image_transport
TAG:encoder=Lavf58.29.100
TAG:server=SRS/5.0.213(Bee)
TAG:server_version=5.0.213
[/FORMAT]
[AVIOContext @ 0x5563d0148640] Statistics: 633870 bytes read, 0 seeks
---------------------[ ffprobe Log End ]----------------------
SUMMARY: Status OK. Check passed because ffprobe successfully connected to the stream and retrieved its information (Exit Code: 0).

====================[ End of Check Cycle ]====================

==========================================================
                STREAM STATUS CHECK @ Friday, July 25, 2025 PM01:15:12 HKT
==========================================================

------------------[ Checking Stream: front_left ]------------------
URL: rtmp://43.199.149.178/live/front_left
--------------------[ ffprobe Log Start ]---------------------
ffprobe version 4.2.7-0ubuntu0.1 Copyright (c) 2007-2022 the FFmpeg developers
  built with gcc 9 (Ubuntu 9.4.0-1ubuntu1~20.04.1)
  configuration: --prefix=/usr --extra-version=0ubuntu0.1 --toolchain=hardened --libdir=/usr/lib/x86_64-linux-gnu --incdir=/usr/include/x86_64-linux-gnu --arch=amd64 --enable-gpl --disable-stripping --enable-avresample --disable-filter=resample --enable-avisynth --enable-gnutls --enable-ladspa --enable-libaom --enable-libass --enable-libbluray --enable-libbs2b --enable-libcaca --enable-libcdio --enable-libcodec2 --enable-libflite --enable-libfontconfig --enable-libfreetype --enable-libfribidi --enable-libgme --enable-libgsm --enable-libjack --enable-libmp3lame --enable-libmysofa --enable-libopenjpeg --enable-libopenmpt --enable-libopus --enable-libpulse --enable-librsvg --enable-librubberband --enable-libshine --enable-libsnappy --enable-libsoxr --enable-libspeex --enable-libssh --enable-libtheora --enable-libtwolame --enable-libvidstab --enable-libvorbis --enable-libvpx --enable-libwavpack --enable-libwebp --enable-libx265 --enable-libxml2 --enable-libxvid --enable-libzmq --enable-libzvbi --enable-lv2 --enable-omx --enable-openal --enable-opencl --enable-opengl --enable-sdl2 --enable-libdc1394 --enable-libdrm --enable-libiec61883 --enable-nvenc --enable-chromaprint --enable-frei0r --enable-libx264 --enable-shared
  libavutil      56. 31.100 / 56. 31.100
  libavcodec     58. 54.100 / 58. 54.100
  libavformat    58. 29.100 / 58. 29.100
  libavdevice    58.  8.100 / 58.  8.100
  libavfilter     7. 57.100 /  7. 57.100
  libavresample   4.  0.  0 /  4.  0.  0
  libswscale      5.  5.100 /  5.  5.100
  libswresample   3.  5.100 /  3.  5.100
  libpostproc    55.  5.100 / 55.  5.100
[tcp @ 0x564cbf0adc00] Starting connection attempt to 43.199.149.178 port 1935
[tcp @ 0x564cbf0adc00] Successfully connected to 43.199.149.178 port 1935
[h264 @ 0x564cbf0c2240] Reinit context to 1024x624, pix_fmt: yuv420p
[flv @ 0x564cbf0ac980] max_analyze_duration 5000000 reached at 5000000 microseconds st:1
Input #0, flv, from 'rtmp://43.199.149.178/live/front_left':
  Metadata:
    title           : /camera5/rtsp
    comment         : rtsp_image_transport
    encoder         : Lavf58.29.100
    server          : SRS/5.0.213(Bee)
    server_version  : 5.0.213
  Duration: N/A, start: 0.000000, bitrate: N/A
    Stream #0:0: Data: none
    Stream #0:1: Video: h264 (Main), 1 reference frame, yuv420p(progressive, left), 1024x616 (1024x624) [SAR 1:1 DAR 128:77], 30 fps, 10 tbr, 1k tbn, 60 tbc
Unsupported codec with id 0 for input stream 0
[STREAM]
index=0
codec_name=unknown
codec_long_name=unknown
profile=unknown
codec_type=data
codec_tag_string=[0][0][0][0]
codec_tag=0x0000
id=N/A
r_frame_rate=0/0
avg_frame_rate=0/0
time_base=1/1000
start_pts=0
start_time=0.000000
duration_ts=N/A
duration=N/A
bit_rate=N/A
max_bit_rate=N/A
bits_per_raw_sample=N/A
nb_frames=N/A
nb_read_frames=N/A
nb_read_packets=N/A
DISPOSITION:default=0
DISPOSITION:dub=0
DISPOSITION:original=0
DISPOSITION:comment=0
DISPOSITION:lyrics=0
DISPOSITION:karaoke=0
DISPOSITION:forced=0
DISPOSITION:hearing_impaired=0
DISPOSITION:visual_impaired=0
DISPOSITION:clean_effects=0
DISPOSITION:attached_pic=0
DISPOSITION:timed_thumbnails=0
[/STREAM]
[STREAM]
index=1
codec_name=h264
codec_long_name=H.264 / AVC / MPEG-4 AVC / MPEG-4 part 10
profile=Main
codec_type=video
codec_time_base=1/60
codec_tag_string=[0][0][0][0]
codec_tag=0x0000
width=1024
height=616
coded_width=1024
coded_height=624
has_b_frames=0
sample_aspect_ratio=1:1
display_aspect_ratio=128:77
pix_fmt=yuv420p
level=31
color_range=unknown
color_space=unknown
color_transfer=unknown
color_primaries=unknown
chroma_location=left
field_order=progressive
timecode=N/A
refs=1
is_avc=true
nal_length_size=4
id=N/A
r_frame_rate=10/1
avg_frame_rate=30/1
time_base=1/1000
start_pts=10
start_time=0.010000
duration_ts=N/A
duration=N/A
bit_rate=N/A
max_bit_rate=N/A
bits_per_raw_sample=8
nb_frames=N/A
nb_read_frames=N/A
nb_read_packets=N/A
DISPOSITION:default=0
DISPOSITION:dub=0
DISPOSITION:original=0
DISPOSITION:comment=0
DISPOSITION:lyrics=0
DISPOSITION:karaoke=0
DISPOSITION:forced=0
DISPOSITION:hearing_impaired=0
DISPOSITION:visual_impaired=0
DISPOSITION:clean_effects=0
DISPOSITION:attached_pic=0
DISPOSITION:timed_thumbnails=0
[/STREAM]
[FORMAT]
filename=rtmp://43.199.149.178/live/front_left
nb_streams=2
nb_programs=0
format_name=flv
format_long_name=FLV (Flash Video)
start_time=0.000000
duration=N/A
size=N/A
bit_rate=N/A
probe_score=100
TAG:title=/camera5/rtsp
TAG:comment=rtsp_image_transport
TAG:encoder=Lavf58.29.100
TAG:server=SRS/5.0.213(Bee)
TAG:server_version=5.0.213
[/FORMAT]
[AVIOContext @ 0x564cbf0af640] Statistics: 689107 bytes read, 0 seeks
---------------------[ ffprobe Log End ]----------------------
SUMMARY: Status OK. Check passed because ffprobe successfully connected to the stream and retrieved its information (Exit Code: 0).


------------------[ Checking Stream: front_right ]------------------
URL: rtmp://43.199.149.178/live/front_right
--------------------[ ffprobe Log Start ]---------------------
ffprobe version 4.2.7-0ubuntu0.1 Copyright (c) 2007-2022 the FFmpeg developers
  built with gcc 9 (Ubuntu 9.4.0-1ubuntu1~20.04.1)
  configuration: --prefix=/usr --extra-version=0ubuntu0.1 --toolchain=hardened --libdir=/usr/lib/x86_64-linux-gnu --incdir=/usr/include/x86_64-linux-gnu --arch=amd64 --enable-gpl --disable-stripping --enable-avresample --disable-filter=resample --enable-avisynth --enable-gnutls --enable-ladspa --enable-libaom --enable-libass --enable-libbluray --enable-libbs2b --enable-libcaca --enable-libcdio --enable-libcodec2 --enable-libflite --enable-libfontconfig --enable-libfreetype --enable-libfribidi --enable-libgme --enable-libgsm --enable-libjack --enable-libmp3lame --enable-libmysofa --enable-libopenjpeg --enable-libopenmpt --enable-libopus --enable-libpulse --enable-librsvg --enable-librubberband --enable-libshine --enable-libsnappy --enable-libsoxr --enable-libspeex --enable-libssh --enable-libtheora --enable-libtwolame --enable-libvidstab --enable-libvorbis --enable-libvpx --enable-libwavpack --enable-libwebp --enable-libx265 --enable-libxml2 --enable-libxvid --enable-libzmq --enable-libzvbi --enable-lv2 --enable-omx --enable-openal --enable-opencl --enable-opengl --enable-sdl2 --enable-libdc1394 --enable-libdrm --enable-libiec61883 --enable-nvenc --enable-chromaprint --enable-frei0r --enable-libx264 --enable-shared
  libavutil      56. 31.100 / 56. 31.100
  libavcodec     58. 54.100 / 58. 54.100
  libavformat    58. 29.100 / 58. 29.100
  libavdevice    58.  8.100 / 58.  8.100
  libavfilter     7. 57.100 /  7. 57.100
  libavresample   4.  0.  0 /  4.  0.  0
  libswscale      5.  5.100 /  5.  5.100
  libswresample   3.  5.100 /  3.  5.100
  libpostproc    55.  5.100 / 55.  5.100
[tcp @ 0x5640ffadac00] Starting connection attempt to 43.199.149.178 port 1935
[tcp @ 0x5640ffadac00] Successfully connected to 43.199.149.178 port 1935
[h264 @ 0x5640ffaef240] Reinit context to 1024x624, pix_fmt: yuv420p
[flv @ 0x5640ffad9980] max_analyze_duration 5000000 reached at 5000000 microseconds st:1
Input #0, flv, from 'rtmp://43.199.149.178/live/front_right':
  Metadata:
    title           : /camera3/rtsp
    comment         : rtsp_image_transport
    encoder         : Lavf58.29.100
    server          : SRS/5.0.213(Bee)
    server_version  : 5.0.213
  Duration: N/A, start: 0.000000, bitrate: N/A
    Stream #0:0: Data: none
    Stream #0:1: Video: h264 (Main), 1 reference frame, yuv420p(progressive, left), 1024x616 (1024x624) [SAR 1:1 DAR 128:77], 30 fps, 10 tbr, 1k tbn, 60 tbc
Unsupported codec with id 0 for input stream 0
[STREAM]
index=0
codec_name=unknown
codec_long_name=unknown
profile=unknown
codec_type=data
codec_tag_string=[0][0][0][0]
codec_tag=0x0000
id=N/A
r_frame_rate=0/0
avg_frame_rate=0/0
time_base=1/1000
start_pts=0
start_time=0.000000
duration_ts=N/A
duration=N/A
bit_rate=N/A
max_bit_rate=N/A
bits_per_raw_sample=N/A
nb_frames=N/A
nb_read_frames=N/A
nb_read_packets=N/A
DISPOSITION:default=0
DISPOSITION:dub=0
DISPOSITION:original=0
DISPOSITION:comment=0
DISPOSITION:lyrics=0
DISPOSITION:karaoke=0
DISPOSITION:forced=0
DISPOSITION:hearing_impaired=0
DISPOSITION:visual_impaired=0
DISPOSITION:clean_effects=0
DISPOSITION:attached_pic=0
DISPOSITION:timed_thumbnails=0
[/STREAM]
[STREAM]
index=1
codec_name=h264
codec_long_name=H.264 / AVC / MPEG-4 AVC / MPEG-4 part 10
profile=Main
codec_type=video
codec_time_base=1/60
codec_tag_string=[0][0][0][0]
codec_tag=0x0000
width=1024
height=616
coded_width=1024
coded_height=624
has_b_frames=0
sample_aspect_ratio=1:1
display_aspect_ratio=128:77
pix_fmt=yuv420p
level=31
color_range=unknown
color_space=unknown
color_transfer=unknown
color_primaries=unknown
chroma_location=left
field_order=progressive
timecode=N/A
refs=1
is_avc=true
nal_length_size=4
id=N/A
r_frame_rate=10/1
avg_frame_rate=30/1
time_base=1/1000
start_pts=10
start_time=0.010000
duration_ts=N/A
duration=N/A
bit_rate=N/A
max_bit_rate=N/A
bits_per_raw_sample=8
nb_frames=N/A
nb_read_frames=N/A
nb_read_packets=N/A
DISPOSITION:default=0
DISPOSITION:dub=0
DISPOSITION:original=0
DISPOSITION:comment=0
DISPOSITION:lyrics=0
DISPOSITION:karaoke=0
DISPOSITION:forced=0
DISPOSITION:hearing_impaired=0
DISPOSITION:visual_impaired=0
DISPOSITION:clean_effects=0
DISPOSITION:attached_pic=0
DISPOSITION:timed_thumbnails=0
[/STREAM]
[FORMAT]
filename=rtmp://43.199.149.178/live/front_right
nb_streams=2
nb_programs=0
format_name=flv
format_long_name=FLV (Flash Video)
start_time=0.000000
duration=N/A
size=N/A
bit_rate=N/A
probe_score=100
TAG:title=/camera3/rtsp
TAG:comment=rtsp_image_transport
TAG:encoder=Lavf58.29.100
TAG:server=SRS/5.0.213(Bee)
TAG:server_version=5.0.213
[/FORMAT]
[AVIOContext @ 0x5640ffadc640] Statistics: 661288 bytes read, 0 seeks
---------------------[ ffprobe Log End ]----------------------
SUMMARY: Status OK. Check passed because ffprobe successfully connected to the stream and retrieved its information (Exit Code: 0).

====================[ End of Check Cycle ]====================

==========================================================
                STREAM STATUS CHECK @ Friday, July 25, 2025 PM01:16:41 HKT
==========================================================

------------------[ Checking Stream: front_left ]------------------
URL: rtmp://43.199.149.178/live/front_left
--------------------[ ffprobe Log Start ]---------------------
ffprobe version 4.2.7-0ubuntu0.1 Copyright (c) 2007-2022 the FFmpeg developers
  built with gcc 9 (Ubuntu 9.4.0-1ubuntu1~20.04.1)
  configuration: --prefix=/usr --extra-version=0ubuntu0.1 --toolchain=hardened --libdir=/usr/lib/x86_64-linux-gnu --incdir=/usr/include/x86_64-linux-gnu --arch=amd64 --enable-gpl --disable-stripping --enable-avresample --disable-filter=resample --enable-avisynth --enable-gnutls --enable-ladspa --enable-libaom --enable-libass --enable-libbluray --enable-libbs2b --enable-libcaca --enable-libcdio --enable-libcodec2 --enable-libflite --enable-libfontconfig --enable-libfreetype --enable-libfribidi --enable-libgme --enable-libgsm --enable-libjack --enable-libmp3lame --enable-libmysofa --enable-libopenjpeg --enable-libopenmpt --enable-libopus --enable-libpulse --enable-librsvg --enable-librubberband --enable-libshine --enable-libsnappy --enable-libsoxr --enable-libspeex --enable-libssh --enable-libtheora --enable-libtwolame --enable-libvidstab --enable-libvorbis --enable-libvpx --enable-libwavpack --enable-libwebp --enable-libx265 --enable-libxml2 --enable-libxvid --enable-libzmq --enable-libzvbi --enable-lv2 --enable-omx --enable-openal --enable-opencl --enable-opengl --enable-sdl2 --enable-libdc1394 --enable-libdrm --enable-libiec61883 --enable-nvenc --enable-chromaprint --enable-frei0r --enable-libx264 --enable-shared
  libavutil      56. 31.100 / 56. 31.100
  libavcodec     58. 54.100 / 58. 54.100
  libavformat    58. 29.100 / 58. 29.100
  libavdevice    58.  8.100 / 58.  8.100
  libavfilter     7. 57.100 /  7. 57.100
  libavresample   4.  0.  0 /  4.  0.  0
  libswscale      5.  5.100 /  5.  5.100
  libswresample   3.  5.100 /  3.  5.100
  libpostproc    55.  5.100 / 55.  5.100
[tcp @ 0x55dc2043ac00] Starting connection attempt to 43.199.149.178 port 1935
[tcp @ 0x55dc2043ac00] Successfully connected to 43.199.149.178 port 1935
[h264 @ 0x55dc2044f240] Reinit context to 1024x624, pix_fmt: yuv420p
[flv @ 0x55dc20439980] max_analyze_duration 5000000 reached at 5000000 microseconds st:1
Input #0, flv, from 'rtmp://43.199.149.178/live/front_left':
  Metadata:
    title           : /camera5/rtsp
    comment         : rtsp_image_transport
    encoder         : Lavf58.29.100
    server          : SRS/5.0.213(Bee)
    server_version  : 5.0.213
  Duration: N/A, start: 0.000000, bitrate: N/A
    Stream #0:0: Data: none
    Stream #0:1: Video: h264 (Main), 1 reference frame, yuv420p(progressive, left), 1024x616 (1024x624) [SAR 1:1 DAR 128:77], 30 fps, 10 tbr, 1k tbn, 60 tbc
Unsupported codec with id 0 for input stream 0
[STREAM]
index=0
codec_name=unknown
codec_long_name=unknown
profile=unknown
codec_type=data
codec_tag_string=[0][0][0][0]
codec_tag=0x0000
id=N/A
r_frame_rate=0/0
avg_frame_rate=0/0
time_base=1/1000
start_pts=0
start_time=0.000000
duration_ts=N/A
duration=N/A
bit_rate=N/A
max_bit_rate=N/A
bits_per_raw_sample=N/A
nb_frames=N/A
nb_read_frames=N/A
nb_read_packets=N/A
DISPOSITION:default=0
DISPOSITION:dub=0
DISPOSITION:original=0
DISPOSITION:comment=0
DISPOSITION:lyrics=0
DISPOSITION:karaoke=0
DISPOSITION:forced=0
DISPOSITION:hearing_impaired=0
DISPOSITION:visual_impaired=0
DISPOSITION:clean_effects=0
DISPOSITION:attached_pic=0
DISPOSITION:timed_thumbnails=0
[/STREAM]
[STREAM]
index=1
codec_name=h264
codec_long_name=H.264 / AVC / MPEG-4 AVC / MPEG-4 part 10
profile=Main
codec_type=video
codec_time_base=1/60
codec_tag_string=[0][0][0][0]
codec_tag=0x0000
width=1024
height=616
coded_width=1024
coded_height=624
has_b_frames=0
sample_aspect_ratio=1:1
display_aspect_ratio=128:77
pix_fmt=yuv420p
level=31
color_range=unknown
color_space=unknown
color_transfer=unknown
color_primaries=unknown
chroma_location=left
field_order=progressive
timecode=N/A
refs=1
is_avc=true
nal_length_size=4
id=N/A
r_frame_rate=10/1
avg_frame_rate=30/1
time_base=1/1000
start_pts=10
start_time=0.010000
duration_ts=N/A
duration=N/A
bit_rate=N/A
max_bit_rate=N/A
bits_per_raw_sample=8
nb_frames=N/A
nb_read_frames=N/A
nb_read_packets=N/A
DISPOSITION:default=0
DISPOSITION:dub=0
DISPOSITION:original=0
DISPOSITION:comment=0
DISPOSITION:lyrics=0
DISPOSITION:karaoke=0
DISPOSITION:forced=0
DISPOSITION:hearing_impaired=0
DISPOSITION:visual_impaired=0
DISPOSITION:clean_effects=0
DISPOSITION:attached_pic=0
DISPOSITION:timed_thumbnails=0
[/STREAM]
[FORMAT]
filename=rtmp://43.199.149.178/live/front_left
nb_streams=2
nb_programs=0
format_name=flv
format_long_name=FLV (Flash Video)
start_time=0.000000
duration=N/A
size=N/A
bit_rate=N/A
probe_score=100
TAG:title=/camera5/rtsp
TAG:comment=rtsp_image_transport
TAG:encoder=Lavf58.29.100
TAG:server=SRS/5.0.213(Bee)
TAG:server_version=5.0.213
[/FORMAT]
[AVIOContext @ 0x55dc2043c640] Statistics: 670231 bytes read, 0 seeks
---------------------[ ffprobe Log End ]----------------------
SUMMARY: Status OK. Check passed because ffprobe successfully connected to the stream and retrieved its information (Exit Code: 0).


------------------[ Checking Stream: front_right ]------------------
URL: rtmp://43.199.149.178/live/front_right
--------------------[ ffprobe Log Start ]---------------------
ffprobe version 4.2.7-0ubuntu0.1 Copyright (c) 2007-2022 the FFmpeg developers
  built with gcc 9 (Ubuntu 9.4.0-1ubuntu1~20.04.1)
  configuration: --prefix=/usr --extra-version=0ubuntu0.1 --toolchain=hardened --libdir=/usr/lib/x86_64-linux-gnu --incdir=/usr/include/x86_64-linux-gnu --arch=amd64 --enable-gpl --disable-stripping --enable-avresample --disable-filter=resample --enable-avisynth --enable-gnutls --enable-ladspa --enable-libaom --enable-libass --enable-libbluray --enable-libbs2b --enable-libcaca --enable-libcdio --enable-libcodec2 --enable-libflite --enable-libfontconfig --enable-libfreetype --enable-libfribidi --enable-libgme --enable-libgsm --enable-libjack --enable-libmp3lame --enable-libmysofa --enable-libopenjpeg --enable-libopenmpt --enable-libopus --enable-libpulse --enable-librsvg --enable-librubberband --enable-libshine --enable-libsnappy --enable-libsoxr --enable-libspeex --enable-libssh --enable-libtheora --enable-libtwolame --enable-libvidstab --enable-libvorbis --enable-libvpx --enable-libwavpack --enable-libwebp --enable-libx265 --enable-libxml2 --enable-libxvid --enable-libzmq --enable-libzvbi --enable-lv2 --enable-omx --enable-openal --enable-opencl --enable-opengl --enable-sdl2 --enable-libdc1394 --enable-libdrm --enable-libiec61883 --enable-nvenc --enable-chromaprint --enable-frei0r --enable-libx264 --enable-shared
  libavutil      56. 31.100 / 56. 31.100
  libavcodec     58. 54.100 / 58. 54.100
  libavformat    58. 29.100 / 58. 29.100
  libavdevice    58.  8.100 / 58.  8.100
  libavfilter     7. 57.100 /  7. 57.100
  libavresample   4.  0.  0 /  4.  0.  0
  libswscale      5.  5.100 /  5.  5.100
  libswresample   3.  5.100 /  3.  5.100
  libpostproc    55.  5.100 / 55.  5.100
[tcp @ 0x55d165b71c00] Starting connection attempt to 43.199.149.178 port 1935
[tcp @ 0x55d165b71c00] Successfully connected to 43.199.149.178 port 1935
[h264 @ 0x55d165b86240] Reinit context to 1024x624, pix_fmt: yuv420p
[flv @ 0x55d165b70980] max_analyze_duration 5000000 reached at 5000000 microseconds st:1
Input #0, flv, from 'rtmp://43.199.149.178/live/front_right':
  Metadata:
    title           : /camera3/rtsp
    comment         : rtsp_image_transport
    encoder         : Lavf58.29.100
    server          : SRS/5.0.213(Bee)
    server_version  : 5.0.213
  Duration: N/A, start: 0.000000, bitrate: N/A
    Stream #0:0: Data: none
    Stream #0:1: Video: h264 (Main), 1 reference frame, yuv420p(progressive, left), 1024x616 (1024x624) [SAR 1:1 DAR 128:77], 30 fps, 10 tbr, 1k tbn, 60 tbc
Unsupported codec with id 0 for input stream 0
[STREAM]
index=0
codec_name=unknown
codec_long_name=unknown
profile=unknown
codec_type=data
codec_tag_string=[0][0][0][0]
codec_tag=0x0000
id=N/A
r_frame_rate=0/0
avg_frame_rate=0/0
time_base=1/1000
start_pts=0
start_time=0.000000
duration_ts=N/A
duration=N/A
bit_rate=N/A
max_bit_rate=N/A
bits_per_raw_sample=N/A
nb_frames=N/A
nb_read_frames=N/A
nb_read_packets=N/A
DISPOSITION:default=0
DISPOSITION:dub=0
DISPOSITION:original=0
DISPOSITION:comment=0
DISPOSITION:lyrics=0
DISPOSITION:karaoke=0
DISPOSITION:forced=0
DISPOSITION:hearing_impaired=0
DISPOSITION:visual_impaired=0
DISPOSITION:clean_effects=0
DISPOSITION:attached_pic=0
DISPOSITION:timed_thumbnails=0
[/STREAM]
[STREAM]
index=1
codec_name=h264
codec_long_name=H.264 / AVC / MPEG-4 AVC / MPEG-4 part 10
profile=Main
codec_type=video
codec_time_base=1/60
codec_tag_string=[0][0][0][0]
codec_tag=0x0000
width=1024
height=616
coded_width=1024
coded_height=624
has_b_frames=0
sample_aspect_ratio=1:1
display_aspect_ratio=128:77
pix_fmt=yuv420p
level=31
color_range=unknown
color_space=unknown
color_transfer=unknown
color_primaries=unknown
chroma_location=left
field_order=progressive
timecode=N/A
refs=1
is_avc=true
nal_length_size=4
id=N/A
r_frame_rate=10/1
avg_frame_rate=30/1
time_base=1/1000
start_pts=10
start_time=0.010000
duration_ts=N/A
duration=N/A
bit_rate=N/A
max_bit_rate=N/A
bits_per_raw_sample=8
nb_frames=N/A
nb_read_frames=N/A
nb_read_packets=N/A
DISPOSITION:default=0
DISPOSITION:dub=0
DISPOSITION:original=0
DISPOSITION:comment=0
DISPOSITION:lyrics=0
DISPOSITION:karaoke=0
DISPOSITION:forced=0
DISPOSITION:hearing_impaired=0
DISPOSITION:visual_impaired=0
DISPOSITION:clean_effects=0
DISPOSITION:attached_pic=0
DISPOSITION:timed_thumbnails=0
[/STREAM]
[FORMAT]
filename=rtmp://43.199.149.178/live/front_right
nb_streams=2
nb_programs=0
format_name=flv
format_long_name=FLV (Flash Video)
start_time=0.000000
duration=N/A
size=N/A
bit_rate=N/A
probe_score=100
TAG:title=/camera3/rtsp
TAG:comment=rtsp_image_transport
TAG:encoder=Lavf58.29.100
TAG:server=SRS/5.0.213(Bee)
TAG:server_version=5.0.213
[/FORMAT]
[AVIOContext @ 0x55d165b73640] Statistics: 643167 bytes read, 0 seeks
---------------------[ ffprobe Log End ]----------------------
SUMMARY: Status OK. Check passed because ffprobe successfully connected to the stream and retrieved its information (Exit Code: 0).

====================[ End of Check Cycle ]====================

==========================================================
                STREAM STATUS CHECK @ Friday, July 25, 2025 PM01:18:12 HKT
==========================================================

------------------[ Checking Stream: front_left ]------------------
URL: rtmp://43.199.149.178/live/front_left
--------------------[ ffprobe Log Start ]---------------------
ffprobe version 4.2.7-0ubuntu0.1 Copyright (c) 2007-2022 the FFmpeg developers
  built with gcc 9 (Ubuntu 9.4.0-1ubuntu1~20.04.1)
  configuration: --prefix=/usr --extra-version=0ubuntu0.1 --toolchain=hardened --libdir=/usr/lib/x86_64-linux-gnu --incdir=/usr/include/x86_64-linux-gnu --arch=amd64 --enable-gpl --disable-stripping --enable-avresample --disable-filter=resample --enable-avisynth --enable-gnutls --enable-ladspa --enable-libaom --enable-libass --enable-libbluray --enable-libbs2b --enable-libcaca --enable-libcdio --enable-libcodec2 --enable-libflite --enable-libfontconfig --enable-libfreetype --enable-libfribidi --enable-libgme --enable-libgsm --enable-libjack --enable-libmp3lame --enable-libmysofa --enable-libopenjpeg --enable-libopenmpt --enable-libopus --enable-libpulse --enable-librsvg --enable-librubberband --enable-libshine --enable-libsnappy --enable-libsoxr --enable-libspeex --enable-libssh --enable-libtheora --enable-libtwolame --enable-libvidstab --enable-libvorbis --enable-libvpx --enable-libwavpack --enable-libwebp --enable-libx265 --enable-libxml2 --enable-libxvid --enable-libzmq --enable-libzvbi --enable-lv2 --enable-omx --enable-openal --enable-opencl --enable-opengl --enable-sdl2 --enable-libdc1394 --enable-libdrm --enable-libiec61883 --enable-nvenc --enable-chromaprint --enable-frei0r --enable-libx264 --enable-shared
  libavutil      56. 31.100 / 56. 31.100
  libavcodec     58. 54.100 / 58. 54.100
  libavformat    58. 29.100 / 58. 29.100
  libavdevice    58.  8.100 / 58.  8.100
  libavfilter     7. 57.100 /  7. 57.100
  libavresample   4.  0.  0 /  4.  0.  0
  libswscale      5.  5.100 /  5.  5.100
  libswresample   3.  5.100 /  3.  5.100
  libpostproc    55.  5.100 / 55.  5.100
[tcp @ 0x563ea1e7fc00] Starting connection attempt to 43.199.149.178 port 1935
[tcp @ 0x563ea1e7fc00] Successfully connected to 43.199.149.178 port 1935
[h264 @ 0x563ea1e94240] Reinit context to 1024x624, pix_fmt: yuv420p
[flv @ 0x563ea1e7e980] max_analyze_duration 5000000 reached at 5000000 microseconds st:1
Input #0, flv, from 'rtmp://43.199.149.178/live/front_left':
  Metadata:
    title           : /camera5/rtsp
    comment         : rtsp_image_transport
    encoder         : Lavf58.29.100
    server          : SRS/5.0.213(Bee)
    server_version  : 5.0.213
  Duration: N/A, start: 0.000000, bitrate: N/A
    Stream #0:0: Data: none
    Stream #0:1: Video: h264 (Main), 1 reference frame, yuv420p(progressive, left), 1024x616 (1024x624) [SAR 1:1 DAR 128:77], 30 fps, 10 tbr, 1k tbn, 60 tbc
Unsupported codec with id 0 for input stream 0
[STREAM]
index=0
codec_name=unknown
codec_long_name=unknown
profile=unknown
codec_type=data
codec_tag_string=[0][0][0][0]
codec_tag=0x0000
id=N/A
r_frame_rate=0/0
avg_frame_rate=0/0
time_base=1/1000
start_pts=0
start_time=0.000000
duration_ts=N/A
duration=N/A
bit_rate=N/A
max_bit_rate=N/A
bits_per_raw_sample=N/A
nb_frames=N/A
nb_read_frames=N/A
nb_read_packets=N/A
DISPOSITION:default=0
DISPOSITION:dub=0
DISPOSITION:original=0
DISPOSITION:comment=0
DISPOSITION:lyrics=0
DISPOSITION:karaoke=0
DISPOSITION:forced=0
DISPOSITION:hearing_impaired=0
DISPOSITION:visual_impaired=0
DISPOSITION:clean_effects=0
DISPOSITION:attached_pic=0
DISPOSITION:timed_thumbnails=0
[/STREAM]
[STREAM]
index=1
codec_name=h264
codec_long_name=H.264 / AVC / MPEG-4 AVC / MPEG-4 part 10
profile=Main
codec_type=video
codec_time_base=1/60
codec_tag_string=[0][0][0][0]
codec_tag=0x0000
width=1024
height=616
coded_width=1024
coded_height=624
has_b_frames=0
sample_aspect_ratio=1:1
display_aspect_ratio=128:77
pix_fmt=yuv420p
level=31
color_range=unknown
color_space=unknown
color_transfer=unknown
color_primaries=unknown
chroma_location=left
field_order=progressive
timecode=N/A
refs=1
is_avc=true
nal_length_size=4
id=N/A
r_frame_rate=10/1
avg_frame_rate=30/1
time_base=1/1000
start_pts=10
start_time=0.010000
duration_ts=N/A
duration=N/A
bit_rate=N/A
max_bit_rate=N/A
bits_per_raw_sample=8
nb_frames=N/A
nb_read_frames=N/A
nb_read_packets=N/A
DISPOSITION:default=0
DISPOSITION:dub=0
DISPOSITION:original=0
DISPOSITION:comment=0
DISPOSITION:lyrics=0
DISPOSITION:karaoke=0
DISPOSITION:forced=0
DISPOSITION:hearing_impaired=0
DISPOSITION:visual_impaired=0
DISPOSITION:clean_effects=0
DISPOSITION:attached_pic=0
DISPOSITION:timed_thumbnails=0
[/STREAM]
[FORMAT]
filename=rtmp://43.199.149.178/live/front_left
nb_streams=2
nb_programs=0
format_name=flv
format_long_name=FLV (Flash Video)
start_time=0.000000
duration=N/A
size=N/A
bit_rate=N/A
probe_score=100
TAG:title=/camera5/rtsp
TAG:comment=rtsp_image_transport
TAG:encoder=Lavf58.29.100
TAG:server=SRS/5.0.213(Bee)
TAG:server_version=5.0.213
[/FORMAT]
[AVIOContext @ 0x563ea1e81640] Statistics: 653318 bytes read, 0 seeks
---------------------[ ffprobe Log End ]----------------------
SUMMARY: Status OK. Check passed because ffprobe successfully connected to the stream and retrieved its information (Exit Code: 0).


------------------[ Checking Stream: front_right ]------------------
URL: rtmp://43.199.149.178/live/front_right
--------------------[ ffprobe Log Start ]---------------------
ffprobe version 4.2.7-0ubuntu0.1 Copyright (c) 2007-2022 the FFmpeg developers
  built with gcc 9 (Ubuntu 9.4.0-1ubuntu1~20.04.1)
  configuration: --prefix=/usr --extra-version=0ubuntu0.1 --toolchain=hardened --libdir=/usr/lib/x86_64-linux-gnu --incdir=/usr/include/x86_64-linux-gnu --arch=amd64 --enable-gpl --disable-stripping --enable-avresample --disable-filter=resample --enable-avisynth --enable-gnutls --enable-ladspa --enable-libaom --enable-libass --enable-libbluray --enable-libbs2b --enable-libcaca --enable-libcdio --enable-libcodec2 --enable-libflite --enable-libfontconfig --enable-libfreetype --enable-libfribidi --enable-libgme --enable-libgsm --enable-libjack --enable-libmp3lame --enable-libmysofa --enable-libopenjpeg --enable-libopenmpt --enable-libopus --enable-libpulse --enable-librsvg --enable-librubberband --enable-libshine --enable-libsnappy --enable-libsoxr --enable-libspeex --enable-libssh --enable-libtheora --enable-libtwolame --enable-libvidstab --enable-libvorbis --enable-libvpx --enable-libwavpack --enable-libwebp --enable-libx265 --enable-libxml2 --enable-libxvid --enable-libzmq --enable-libzvbi --enable-lv2 --enable-omx --enable-openal --enable-opencl --enable-opengl --enable-sdl2 --enable-libdc1394 --enable-libdrm --enable-libiec61883 --enable-nvenc --enable-chromaprint --enable-frei0r --enable-libx264 --enable-shared
  libavutil      56. 31.100 / 56. 31.100
  libavcodec     58. 54.100 / 58. 54.100
  libavformat    58. 29.100 / 58. 29.100
  libavdevice    58.  8.100 / 58.  8.100
  libavfilter     7. 57.100 /  7. 57.100
  libavresample   4.  0.  0 /  4.  0.  0
  libswscale      5.  5.100 /  5.  5.100
  libswresample   3.  5.100 /  3.  5.100
  libpostproc    55.  5.100 / 55.  5.100
[tcp @ 0x565035a85c00] Starting connection attempt to 43.199.149.178 port 1935
[tcp @ 0x565035a85c00] Successfully connected to 43.199.149.178 port 1935
[h264 @ 0x565035a9a240] Reinit context to 1024x624, pix_fmt: yuv420p
[h264 @ 0x565035a9a240] concealing 1261 DC, 1261 AC, 1261 MV errors in I frame
[flv @ 0x565035a84980] max_analyze_duration 5000000 reached at 5000000 microseconds st:1
Input #0, flv, from 'rtmp://43.199.149.178/live/front_right':
  Metadata:
    title           : /camera3/rtsp
    comment         : rtsp_image_transport
    encoder         : Lavf58.29.100
    server          : SRS/5.0.213(Bee)
    server_version  : 5.0.213
  Duration: N/A, start: 0.000000, bitrate: N/A
    Stream #0:0: Data: none
    Stream #0:1: Video: h264 (Main), 1 reference frame, yuv420p(progressive, left), 1024x616 (1024x624) [SAR 1:1 DAR 128:77], 30 fps, 10 tbr, 1k tbn, 60 tbc
Unsupported codec with id 0 for input stream 0
[STREAM]
index=0
codec_name=unknown
codec_long_name=unknown
profile=unknown
codec_type=data
codec_tag_string=[0][0][0][0]
codec_tag=0x0000
id=N/A
r_frame_rate=0/0
avg_frame_rate=0/0
time_base=1/1000
start_pts=0
start_time=0.000000
duration_ts=N/A
duration=N/A
bit_rate=N/A
max_bit_rate=N/A
bits_per_raw_sample=N/A
nb_frames=N/A
nb_read_frames=N/A
nb_read_packets=N/A
DISPOSITION:default=0
DISPOSITION:dub=0
DISPOSITION:original=0
DISPOSITION:comment=0
DISPOSITION:lyrics=0
DISPOSITION:karaoke=0
DISPOSITION:forced=0
DISPOSITION:hearing_impaired=0
DISPOSITION:visual_impaired=0
DISPOSITION:clean_effects=0
DISPOSITION:attached_pic=0
DISPOSITION:timed_thumbnails=0
[/STREAM]
[STREAM]
index=1
codec_name=h264
codec_long_name=H.264 / AVC / MPEG-4 AVC / MPEG-4 part 10
profile=Main
codec_type=video
codec_time_base=1/60
codec_tag_string=[0][0][0][0]
codec_tag=0x0000
width=1024
height=616
coded_width=1024
coded_height=624
has_b_frames=0
sample_aspect_ratio=1:1
display_aspect_ratio=128:77
pix_fmt=yuv420p
level=31
color_range=unknown
color_space=unknown
color_transfer=unknown
color_primaries=unknown
chroma_location=left
field_order=progressive
timecode=N/A
refs=1
is_avc=true
nal_length_size=4
id=N/A
r_frame_rate=10/1
avg_frame_rate=30/1
time_base=1/1000
start_pts=10
start_time=0.010000
duration_ts=N/A
duration=N/A
bit_rate=N/A
max_bit_rate=N/A
bits_per_raw_sample=8
nb_frames=N/A
nb_read_frames=N/A
nb_read_packets=N/A
DISPOSITION:default=0
DISPOSITION:dub=0
DISPOSITION:original=0
DISPOSITION:comment=0
DISPOSITION:lyrics=0
DISPOSITION:karaoke=0
DISPOSITION:forced=0
DISPOSITION:hearing_impaired=0
DISPOSITION:visual_impaired=0
DISPOSITION:clean_effects=0
DISPOSITION:attached_pic=0
DISPOSITION:timed_thumbnails=0
[/STREAM]
[FORMAT]
filename=rtmp://43.199.149.178/live/front_right
nb_streams=2
nb_programs=0
format_name=flv
format_long_name=FLV (Flash Video)
start_time=0.000000
duration=N/A
size=N/A
bit_rate=N/A
probe_score=100
TAG:title=/camera3/rtsp
TAG:comment=rtsp_image_transport
TAG:encoder=Lavf58.29.100
TAG:server=SRS/5.0.213(Bee)
TAG:server_version=5.0.213
[/FORMAT]
[AVIOContext @ 0x565035a87640] Statistics: 610051 bytes read, 0 seeks
---------------------[ ffprobe Log End ]----------------------
SUMMARY: Status OK. Check passed because ffprobe successfully connected to the stream and retrieved its information (Exit Code: 0).

====================[ End of Check Cycle ]====================

==========================================================
                STREAM STATUS CHECK @ Friday, July 25, 2025 PM01:19:42 HKT
==========================================================

------------------[ Checking Stream: front_left ]------------------
URL: rtmp://43.199.149.178/live/front_left
--------------------[ ffprobe Log Start ]---------------------
ffprobe version 4.2.7-0ubuntu0.1 Copyright (c) 2007-2022 the FFmpeg developers
  built with gcc 9 (Ubuntu 9.4.0-1ubuntu1~20.04.1)
  configuration: --prefix=/usr --extra-version=0ubuntu0.1 --toolchain=hardened --libdir=/usr/lib/x86_64-linux-gnu --incdir=/usr/include/x86_64-linux-gnu --arch=amd64 --enable-gpl --disable-stripping --enable-avresample --disable-filter=resample --enable-avisynth --enable-gnutls --enable-ladspa --enable-libaom --enable-libass --enable-libbluray --enable-libbs2b --enable-libcaca --enable-libcdio --enable-libcodec2 --enable-libflite --enable-libfontconfig --enable-libfreetype --enable-libfribidi --enable-libgme --enable-libgsm --enable-libjack --enable-libmp3lame --enable-libmysofa --enable-libopenjpeg --enable-libopenmpt --enable-libopus --enable-libpulse --enable-librsvg --enable-librubberband --enable-libshine --enable-libsnappy --enable-libsoxr --enable-libspeex --enable-libssh --enable-libtheora --enable-libtwolame --enable-libvidstab --enable-libvorbis --enable-libvpx --enable-libwavpack --enable-libwebp --enable-libx265 --enable-libxml2 --enable-libxvid --enable-libzmq --enable-libzvbi --enable-lv2 --enable-omx --enable-openal --enable-opencl --enable-opengl --enable-sdl2 --enable-libdc1394 --enable-libdrm --enable-libiec61883 --enable-nvenc --enable-chromaprint --enable-frei0r --enable-libx264 --enable-shared
  libavutil      56. 31.100 / 56. 31.100
  libavcodec     58. 54.100 / 58. 54.100
  libavformat    58. 29.100 / 58. 29.100
  libavdevice    58.  8.100 / 58.  8.100
  libavfilter     7. 57.100 /  7. 57.100
  libavresample   4.  0.  0 /  4.  0.  0
  libswscale      5.  5.100 /  5.  5.100
  libswresample   3.  5.100 /  3.  5.100
  libpostproc    55.  5.100 / 55.  5.100
[tcp @ 0x55a980c0dc00] Starting connection attempt to 43.199.149.178 port 1935
[tcp @ 0x55a980c0dc00] Successfully connected to 43.199.149.178 port 1935
[h264 @ 0x55a980c22240] Reinit context to 1024x624, pix_fmt: yuv420p
[flv @ 0x55a980c0c980] max_analyze_duration 5000000 reached at 5000000 microseconds st:1
Input #0, flv, from 'rtmp://43.199.149.178/live/front_left':
  Metadata:
    title           : /camera5/rtsp
    comment         : rtsp_image_transport
    encoder         : Lavf58.29.100
    server          : SRS/5.0.213(Bee)
    server_version  : 5.0.213
  Duration: N/A, start: 0.000000, bitrate: N/A
    Stream #0:0: Data: none
    Stream #0:1: Video: h264 (Main), 1 reference frame, yuv420p(progressive, left), 1024x616 (1024x624) [SAR 1:1 DAR 128:77], 30 fps, 10 tbr, 1k tbn, 60 tbc
Unsupported codec with id 0 for input stream 0
[STREAM]
index=0
codec_name=unknown
codec_long_name=unknown
profile=unknown
codec_type=data
codec_tag_string=[0][0][0][0]
codec_tag=0x0000
id=N/A
r_frame_rate=0/0
avg_frame_rate=0/0
time_base=1/1000
start_pts=0
start_time=0.000000
duration_ts=N/A
duration=N/A
bit_rate=N/A
max_bit_rate=N/A
bits_per_raw_sample=N/A
nb_frames=N/A
nb_read_frames=N/A
nb_read_packets=N/A
DISPOSITION:default=0
DISPOSITION:dub=0
DISPOSITION:original=0
DISPOSITION:comment=0
DISPOSITION:lyrics=0
DISPOSITION:karaoke=0
DISPOSITION:forced=0
DISPOSITION:hearing_impaired=0
DISPOSITION:visual_impaired=0
DISPOSITION:clean_effects=0
DISPOSITION:attached_pic=0
DISPOSITION:timed_thumbnails=0
[/STREAM]
[STREAM]
index=1
codec_name=h264
codec_long_name=H.264 / AVC / MPEG-4 AVC / MPEG-4 part 10
profile=Main
codec_type=video
codec_time_base=1/60
codec_tag_string=[0][0][0][0]
codec_tag=0x0000
width=1024
height=616
coded_width=1024
coded_height=624
has_b_frames=0
sample_aspect_ratio=1:1
display_aspect_ratio=128:77
pix_fmt=yuv420p
level=31
color_range=unknown
color_space=unknown
color_transfer=unknown
color_primaries=unknown
chroma_location=left
field_order=progressive
timecode=N/A
refs=1
is_avc=true
nal_length_size=4
id=N/A
r_frame_rate=10/1
avg_frame_rate=30/1
time_base=1/1000
start_pts=10
start_time=0.010000
duration_ts=N/A
duration=N/A
bit_rate=N/A
max_bit_rate=N/A
bits_per_raw_sample=8
nb_frames=N/A
nb_read_frames=N/A
nb_read_packets=N/A
DISPOSITION:default=0
DISPOSITION:dub=0
DISPOSITION:original=0
DISPOSITION:comment=0
DISPOSITION:lyrics=0
DISPOSITION:karaoke=0
DISPOSITION:forced=0
DISPOSITION:hearing_impaired=0
DISPOSITION:visual_impaired=0
DISPOSITION:clean_effects=0
DISPOSITION:attached_pic=0
DISPOSITION:timed_thumbnails=0
[/STREAM]
[FORMAT]
filename=rtmp://43.199.149.178/live/front_left
nb_streams=2
nb_programs=0
format_name=flv
format_long_name=FLV (Flash Video)
start_time=0.000000
duration=N/A
size=N/A
bit_rate=N/A
probe_score=100
TAG:title=/camera5/rtsp
TAG:comment=rtsp_image_transport
TAG:encoder=Lavf58.29.100
TAG:server=SRS/5.0.213(Bee)
TAG:server_version=5.0.213
[/FORMAT]
[AVIOContext @ 0x55a980c0f640] Statistics: 647326 bytes read, 0 seeks
---------------------[ ffprobe Log End ]----------------------
SUMMARY: Status OK. Check passed because ffprobe successfully connected to the stream and retrieved its information (Exit Code: 0).


------------------[ Checking Stream: front_right ]------------------
URL: rtmp://43.199.149.178/live/front_right
--------------------[ ffprobe Log Start ]---------------------
ffprobe version 4.2.7-0ubuntu0.1 Copyright (c) 2007-2022 the FFmpeg developers
  built with gcc 9 (Ubuntu 9.4.0-1ubuntu1~20.04.1)
  configuration: --prefix=/usr --extra-version=0ubuntu0.1 --toolchain=hardened --libdir=/usr/lib/x86_64-linux-gnu --incdir=/usr/include/x86_64-linux-gnu --arch=amd64 --enable-gpl --disable-stripping --enable-avresample --disable-filter=resample --enable-avisynth --enable-gnutls --enable-ladspa --enable-libaom --enable-libass --enable-libbluray --enable-libbs2b --enable-libcaca --enable-libcdio --enable-libcodec2 --enable-libflite --enable-libfontconfig --enable-libfreetype --enable-libfribidi --enable-libgme --enable-libgsm --enable-libjack --enable-libmp3lame --enable-libmysofa --enable-libopenjpeg --enable-libopenmpt --enable-libopus --enable-libpulse --enable-librsvg --enable-librubberband --enable-libshine --enable-libsnappy --enable-libsoxr --enable-libspeex --enable-libssh --enable-libtheora --enable-libtwolame --enable-libvidstab --enable-libvorbis --enable-libvpx --enable-libwavpack --enable-libwebp --enable-libx265 --enable-libxml2 --enable-libxvid --enable-libzmq --enable-libzvbi --enable-lv2 --enable-omx --enable-openal --enable-opencl --enable-opengl --enable-sdl2 --enable-libdc1394 --enable-libdrm --enable-libiec61883 --enable-nvenc --enable-chromaprint --enable-frei0r --enable-libx264 --enable-shared
  libavutil      56. 31.100 / 56. 31.100
  libavcodec     58. 54.100 / 58. 54.100
  libavformat    58. 29.100 / 58. 29.100
  libavdevice    58.  8.100 / 58.  8.100
  libavfilter     7. 57.100 /  7. 57.100
  libavresample   4.  0.  0 /  4.  0.  0
  libswscale      5.  5.100 /  5.  5.100
  libswresample   3.  5.100 /  3.  5.100
  libpostproc    55.  5.100 / 55.  5.100
[tcp @ 0x55c79d8cac00] Starting connection attempt to 43.199.149.178 port 1935
[tcp @ 0x55c79d8cac00] Successfully connected to 43.199.149.178 port 1935
[h264 @ 0x55c79d8cda00] Reinit context to 1024x624, pix_fmt: yuv420p
[h264 @ 0x55c79d8cda00] error while decoding MB 6 18, bytestream -14
[h264 @ 0x55c79d8cda00] concealing 1387 DC, 1387 AC, 1387 MV errors in I frame
[flv @ 0x55c79d8c9980] max_analyze_duration 5000000 reached at 5000000 microseconds st:1
Input #0, flv, from 'rtmp://43.199.149.178/live/front_right':
  Metadata:
    title           : /camera3/rtsp
    comment         : rtsp_image_transport
    encoder         : Lavf58.29.100
    server          : SRS/5.0.213(Bee)
    server_version  : 5.0.213
  Duration: N/A, start: 0.000000, bitrate: N/A
    Stream #0:0: Data: none
    Stream #0:1: Video: h264 (Main), 1 reference frame, yuv420p(progressive, left), 1024x616 (1024x624) [SAR 1:1 DAR 128:77], 30 fps, 10 tbr, 1k tbn, 60 tbc
Unsupported codec with id 0 for input stream 0
[STREAM]
index=0
codec_name=unknown
codec_long_name=unknown
profile=unknown
codec_type=data
codec_tag_string=[0][0][0][0]
codec_tag=0x0000
id=N/A
r_frame_rate=0/0
avg_frame_rate=0/0
time_base=1/1000
start_pts=0
start_time=0.000000
duration_ts=N/A
duration=N/A
bit_rate=N/A
max_bit_rate=N/A
bits_per_raw_sample=N/A
nb_frames=N/A
nb_read_frames=N/A
nb_read_packets=N/A
DISPOSITION:default=0
DISPOSITION:dub=0
DISPOSITION:original=0
DISPOSITION:comment=0
DISPOSITION:lyrics=0
DISPOSITION:karaoke=0
DISPOSITION:forced=0
DISPOSITION:hearing_impaired=0
DISPOSITION:visual_impaired=0
DISPOSITION:clean_effects=0
DISPOSITION:attached_pic=0
DISPOSITION:timed_thumbnails=0
[/STREAM]
[STREAM]
index=1
codec_name=h264
codec_long_name=H.264 / AVC / MPEG-4 AVC / MPEG-4 part 10
profile=Main
codec_type=video
codec_time_base=1/60
codec_tag_string=[0][0][0][0]
codec_tag=0x0000
width=1024
height=616
coded_width=1024
coded_height=624
has_b_frames=0
sample_aspect_ratio=1:1
display_aspect_ratio=128:77
pix_fmt=yuv420p
level=31
color_range=unknown
color_space=unknown
color_transfer=unknown
color_primaries=unknown
chroma_location=left
field_order=progressive
timecode=N/A
refs=1
is_avc=true
nal_length_size=4
id=N/A
r_frame_rate=10/1
avg_frame_rate=30/1
time_base=1/1000
start_pts=10
start_time=0.010000
duration_ts=N/A
duration=N/A
bit_rate=N/A
max_bit_rate=N/A
bits_per_raw_sample=8
nb_frames=N/A
nb_read_frames=N/A
nb_read_packets=N/A
DISPOSITION:default=0
DISPOSITION:dub=0
DISPOSITION:original=0
DISPOSITION:comment=0
DISPOSITION:lyrics=0
DISPOSITION:karaoke=0
DISPOSITION:forced=0
DISPOSITION:hearing_impaired=0
DISPOSITION:visual_impaired=0
DISPOSITION:clean_effects=0
DISPOSITION:attached_pic=0
DISPOSITION:timed_thumbnails=0
[/STREAM]
[FORMAT]
filename=rtmp://43.199.149.178/live/front_right
nb_streams=2
nb_programs=0
format_name=flv
format_long_name=FLV (Flash Video)
start_time=0.000000
duration=N/A
size=N/A
bit_rate=N/A
probe_score=100
TAG:title=/camera3/rtsp
TAG:comment=rtsp_image_transport
TAG:encoder=Lavf58.29.100
TAG:server=SRS/5.0.213(Bee)
TAG:server_version=5.0.213
[/FORMAT]
[AVIOContext @ 0x55c79d8cc640] Statistics: 588877 bytes read, 0 seeks
---------------------[ ffprobe Log End ]----------------------
SUMMARY: Status OK. Check passed because ffprobe successfully connected to the stream and retrieved its information (Exit Code: 0).

====================[ End of Check Cycle ]====================

==========================================================
                STREAM STATUS CHECK @ Friday, July 25, 2025 PM01:21:12 HKT
==========================================================

------------------[ Checking Stream: front_left ]------------------
URL: rtmp://43.199.149.178/live/front_left
--------------------[ ffprobe Log Start ]---------------------
ffprobe version 4.2.7-0ubuntu0.1 Copyright (c) 2007-2022 the FFmpeg developers
  built with gcc 9 (Ubuntu 9.4.0-1ubuntu1~20.04.1)
  configuration: --prefix=/usr --extra-version=0ubuntu0.1 --toolchain=hardened --libdir=/usr/lib/x86_64-linux-gnu --incdir=/usr/include/x86_64-linux-gnu --arch=amd64 --enable-gpl --disable-stripping --enable-avresample --disable-filter=resample --enable-avisynth --enable-gnutls --enable-ladspa --enable-libaom --enable-libass --enable-libbluray --enable-libbs2b --enable-libcaca --enable-libcdio --enable-libcodec2 --enable-libflite --enable-libfontconfig --enable-libfreetype --enable-libfribidi --enable-libgme --enable-libgsm --enable-libjack --enable-libmp3lame --enable-libmysofa --enable-libopenjpeg --enable-libopenmpt --enable-libopus --enable-libpulse --enable-librsvg --enable-librubberband --enable-libshine --enable-libsnappy --enable-libsoxr --enable-libspeex --enable-libssh --enable-libtheora --enable-libtwolame --enable-libvidstab --enable-libvorbis --enable-libvpx --enable-libwavpack --enable-libwebp --enable-libx265 --enable-libxml2 --enable-libxvid --enable-libzmq --enable-libzvbi --enable-lv2 --enable-omx --enable-openal --enable-opencl --enable-opengl --enable-sdl2 --enable-libdc1394 --enable-libdrm --enable-libiec61883 --enable-nvenc --enable-chromaprint --enable-frei0r --enable-libx264 --enable-shared
  libavutil      56. 31.100 / 56. 31.100
  libavcodec     58. 54.100 / 58. 54.100
  libavformat    58. 29.100 / 58. 29.100
  libavdevice    58.  8.100 / 58.  8.100
  libavfilter     7. 57.100 /  7. 57.100
  libavresample   4.  0.  0 /  4.  0.  0
  libswscale      5.  5.100 /  5.  5.100
  libswresample   3.  5.100 /  3.  5.100
  libpostproc    55.  5.100 / 55.  5.100
[tcp @ 0x558ac0b0ec00] Starting connection attempt to 43.199.149.178 port 1935
[tcp @ 0x558ac0b0ec00] Successfully connected to 43.199.149.178 port 1935
[h264 @ 0x558ac0b23240] Reinit context to 1024x624, pix_fmt: yuv420p
[flv @ 0x558ac0b0d980] max_analyze_duration 5000000 reached at 5000000 microseconds st:1
Input #0, flv, from 'rtmp://43.199.149.178/live/front_left':
  Metadata:
    title           : /camera5/rtsp
    comment         : rtsp_image_transport
    encoder         : Lavf58.29.100
    server          : SRS/5.0.213(Bee)
    server_version  : 5.0.213
  Duration: N/A, start: 0.000000, bitrate: N/A
    Stream #0:0: Data: none
    Stream #0:1: Video: h264 (Main), 1 reference frame, yuv420p(progressive, left), 1024x616 (1024x624) [SAR 1:1 DAR 128:77], 30 fps, 10 tbr, 1k tbn, 60 tbc
Unsupported codec with id 0 for input stream 0
[STREAM]
index=0
codec_name=unknown
codec_long_name=unknown
profile=unknown
codec_type=data
codec_tag_string=[0][0][0][0]
codec_tag=0x0000
id=N/A
r_frame_rate=0/0
avg_frame_rate=0/0
time_base=1/1000
start_pts=0
start_time=0.000000
duration_ts=N/A
duration=N/A
bit_rate=N/A
max_bit_rate=N/A
bits_per_raw_sample=N/A
nb_frames=N/A
nb_read_frames=N/A
nb_read_packets=N/A
DISPOSITION:default=0
DISPOSITION:dub=0
DISPOSITION:original=0
DISPOSITION:comment=0
DISPOSITION:lyrics=0
DISPOSITION:karaoke=0
DISPOSITION:forced=0
DISPOSITION:hearing_impaired=0
DISPOSITION:visual_impaired=0
DISPOSITION:clean_effects=0
DISPOSITION:attached_pic=0
DISPOSITION:timed_thumbnails=0
[/STREAM]
[STREAM]
index=1
codec_name=h264
codec_long_name=H.264 / AVC / MPEG-4 AVC / MPEG-4 part 10
profile=Main
codec_type=video
codec_time_base=1/60
codec_tag_string=[0][0][0][0]
codec_tag=0x0000
width=1024
height=616
coded_width=1024
coded_height=624
has_b_frames=0
sample_aspect_ratio=1:1
display_aspect_ratio=128:77
pix_fmt=yuv420p
level=31
color_range=unknown
color_space=unknown
color_transfer=unknown
color_primaries=unknown
chroma_location=left
field_order=progressive
timecode=N/A
refs=1
is_avc=true
nal_length_size=4
id=N/A
r_frame_rate=10/1
avg_frame_rate=30/1
time_base=1/1000
start_pts=10
start_time=0.010000
duration_ts=N/A
duration=N/A
bit_rate=N/A
max_bit_rate=N/A
bits_per_raw_sample=8
nb_frames=N/A
nb_read_frames=N/A
nb_read_packets=N/A
DISPOSITION:default=0
DISPOSITION:dub=0
DISPOSITION:original=0
DISPOSITION:comment=0
DISPOSITION:lyrics=0
DISPOSITION:karaoke=0
DISPOSITION:forced=0
DISPOSITION:hearing_impaired=0
DISPOSITION:visual_impaired=0
DISPOSITION:clean_effects=0
DISPOSITION:attached_pic=0
DISPOSITION:timed_thumbnails=0
[/STREAM]
[FORMAT]
filename=rtmp://43.199.149.178/live/front_left
nb_streams=2
nb_programs=0
format_name=flv
format_long_name=FLV (Flash Video)
start_time=0.000000
duration=N/A
size=N/A
bit_rate=N/A
probe_score=100
TAG:title=/camera5/rtsp
TAG:comment=rtsp_image_transport
TAG:encoder=Lavf58.29.100
TAG:server=SRS/5.0.213(Bee)
TAG:server_version=5.0.213
[/FORMAT]
[AVIOContext @ 0x558ac0b10640] Statistics: 662676 bytes read, 0 seeks
---------------------[ ffprobe Log End ]----------------------
SUMMARY: Status OK. Check passed because ffprobe successfully connected to the stream and retrieved its information (Exit Code: 0).


------------------[ Checking Stream: front_right ]------------------
URL: rtmp://43.199.149.178/live/front_right
--------------------[ ffprobe Log Start ]---------------------
ffprobe version 4.2.7-0ubuntu0.1 Copyright (c) 2007-2022 the FFmpeg developers
  built with gcc 9 (Ubuntu 9.4.0-1ubuntu1~20.04.1)
  configuration: --prefix=/usr --extra-version=0ubuntu0.1 --toolchain=hardened --libdir=/usr/lib/x86_64-linux-gnu --incdir=/usr/include/x86_64-linux-gnu --arch=amd64 --enable-gpl --disable-stripping --enable-avresample --disable-filter=resample --enable-avisynth --enable-gnutls --enable-ladspa --enable-libaom --enable-libass --enable-libbluray --enable-libbs2b --enable-libcaca --enable-libcdio --enable-libcodec2 --enable-libflite --enable-libfontconfig --enable-libfreetype --enable-libfribidi --enable-libgme --enable-libgsm --enable-libjack --enable-libmp3lame --enable-libmysofa --enable-libopenjpeg --enable-libopenmpt --enable-libopus --enable-libpulse --enable-librsvg --enable-librubberband --enable-libshine --enable-libsnappy --enable-libsoxr --enable-libspeex --enable-libssh --enable-libtheora --enable-libtwolame --enable-libvidstab --enable-libvorbis --enable-libvpx --enable-libwavpack --enable-libwebp --enable-libx265 --enable-libxml2 --enable-libxvid --enable-libzmq --enable-libzvbi --enable-lv2 --enable-omx --enable-openal --enable-opencl --enable-opengl --enable-sdl2 --enable-libdc1394 --enable-libdrm --enable-libiec61883 --enable-nvenc --enable-chromaprint --enable-frei0r --enable-libx264 --enable-shared
  libavutil      56. 31.100 / 56. 31.100
  libavcodec     58. 54.100 / 58. 54.100
  libavformat    58. 29.100 / 58. 29.100
  libavdevice    58.  8.100 / 58.  8.100
  libavfilter     7. 57.100 /  7. 57.100
  libavresample   4.  0.  0 /  4.  0.  0
  libswscale      5.  5.100 /  5.  5.100
  libswresample   3.  5.100 /  3.  5.100
  libpostproc    55.  5.100 / 55.  5.100
[tcp @ 0x55cc74a7cc00] Starting connection attempt to 43.199.149.178 port 1935
[tcp @ 0x55cc74a7cc00] Successfully connected to 43.199.149.178 port 1935
[h264 @ 0x55cc74a80fc0] Reinit context to 1024x624, pix_fmt: yuv420p
[flv @ 0x55cc74a7b980] max_analyze_duration 5000000 reached at 5000000 microseconds st:1
Input #0, flv, from 'rtmp://43.199.149.178/live/front_right':
  Metadata:
    title           : /camera3/rtsp
    comment         : rtsp_image_transport
    encoder         : Lavf58.29.100
    server          : SRS/5.0.213(Bee)
    server_version  : 5.0.213
  Duration: N/A, start: 0.000000, bitrate: N/A
    Stream #0:0: Data: none
    Stream #0:1: Video: h264 (Main), 1 reference frame, yuv420p(progressive, left), 1024x616 (1024x624) [SAR 1:1 DAR 128:77], 30 fps, 10 tbr, 1k tbn, 60 tbc
Unsupported codec with id 0 for input stream 0
[STREAM]
index=0
codec_name=unknown
codec_long_name=unknown
profile=unknown
codec_type=data
codec_tag_string=[0][0][0][0]
codec_tag=0x0000
id=N/A
r_frame_rate=0/0
avg_frame_rate=0/0
time_base=1/1000
start_pts=0
start_time=0.000000
duration_ts=N/A
duration=N/A
bit_rate=N/A
max_bit_rate=N/A
bits_per_raw_sample=N/A
nb_frames=N/A
nb_read_frames=N/A
nb_read_packets=N/A
DISPOSITION:default=0
DISPOSITION:dub=0
DISPOSITION:original=0
DISPOSITION:comment=0
DISPOSITION:lyrics=0
DISPOSITION:karaoke=0
DISPOSITION:forced=0
DISPOSITION:hearing_impaired=0
DISPOSITION:visual_impaired=0
DISPOSITION:clean_effects=0
DISPOSITION:attached_pic=0
DISPOSITION:timed_thumbnails=0
[/STREAM]
[STREAM]
index=1
codec_name=h264
codec_long_name=H.264 / AVC / MPEG-4 AVC / MPEG-4 part 10
profile=Main
codec_type=video
codec_time_base=1/60
codec_tag_string=[0][0][0][0]
codec_tag=0x0000
width=1024
height=616
coded_width=1024
coded_height=624
has_b_frames=0
sample_aspect_ratio=1:1
display_aspect_ratio=128:77
pix_fmt=yuv420p
level=31
color_range=unknown
color_space=unknown
color_transfer=unknown
color_primaries=unknown
chroma_location=left
field_order=progressive
timecode=N/A
refs=1
is_avc=true
nal_length_size=4
id=N/A
r_frame_rate=10/1
avg_frame_rate=30/1
time_base=1/1000
start_pts=10
start_time=0.010000
duration_ts=N/A
duration=N/A
bit_rate=N/A
max_bit_rate=N/A
bits_per_raw_sample=8
nb_frames=N/A
nb_read_frames=N/A
nb_read_packets=N/A
DISPOSITION:default=0
DISPOSITION:dub=0
DISPOSITION:original=0
DISPOSITION:comment=0
DISPOSITION:lyrics=0
DISPOSITION:karaoke=0
DISPOSITION:forced=0
DISPOSITION:hearing_impaired=0
DISPOSITION:visual_impaired=0
DISPOSITION:clean_effects=0
DISPOSITION:attached_pic=0
DISPOSITION:timed_thumbnails=0
[/STREAM]
[FORMAT]
filename=rtmp://43.199.149.178/live/front_right
nb_streams=2
nb_programs=0
format_name=flv
format_long_name=FLV (Flash Video)
start_time=0.000000
duration=N/A
size=N/A
bit_rate=N/A
probe_score=100
TAG:title=/camera3/rtsp
TAG:comment=rtsp_image_transport
TAG:encoder=Lavf58.29.100
TAG:server=SRS/5.0.213(Bee)
TAG:server_version=5.0.213
[/FORMAT]
[AVIOContext @ 0x55cc74a7e640] Statistics: 665720 bytes read, 0 seeks
---------------------[ ffprobe Log End ]----------------------
SUMMARY: Status OK. Check passed because ffprobe successfully connected to the stream and retrieved its information (Exit Code: 0).

====================[ End of Check Cycle ]====================

==========================================================
                STREAM STATUS CHECK @ Friday, July 25, 2025 PM01:22:42 HKT
==========================================================

------------------[ Checking Stream: front_left ]------------------
URL: rtmp://43.199.149.178/live/front_left
--------------------[ ffprobe Log Start ]---------------------
ffprobe version 4.2.7-0ubuntu0.1 Copyright (c) 2007-2022 the FFmpeg developers
  built with gcc 9 (Ubuntu 9.4.0-1ubuntu1~20.04.1)
  configuration: --prefix=/usr --extra-version=0ubuntu0.1 --toolchain=hardened --libdir=/usr/lib/x86_64-linux-gnu --incdir=/usr/include/x86_64-linux-gnu --arch=amd64 --enable-gpl --disable-stripping --enable-avresample --disable-filter=resample --enable-avisynth --enable-gnutls --enable-ladspa --enable-libaom --enable-libass --enable-libbluray --enable-libbs2b --enable-libcaca --enable-libcdio --enable-libcodec2 --enable-libflite --enable-libfontconfig --enable-libfreetype --enable-libfribidi --enable-libgme --enable-libgsm --enable-libjack --enable-libmp3lame --enable-libmysofa --enable-libopenjpeg --enable-libopenmpt --enable-libopus --enable-libpulse --enable-librsvg --enable-librubberband --enable-libshine --enable-libsnappy --enable-libsoxr --enable-libspeex --enable-libssh --enable-libtheora --enable-libtwolame --enable-libvidstab --enable-libvorbis --enable-libvpx --enable-libwavpack --enable-libwebp --enable-libx265 --enable-libxml2 --enable-libxvid --enable-libzmq --enable-libzvbi --enable-lv2 --enable-omx --enable-openal --enable-opencl --enable-opengl --enable-sdl2 --enable-libdc1394 --enable-libdrm --enable-libiec61883 --enable-nvenc --enable-chromaprint --enable-frei0r --enable-libx264 --enable-shared
  libavutil      56. 31.100 / 56. 31.100
  libavcodec     58. 54.100 / 58. 54.100
  libavformat    58. 29.100 / 58. 29.100
  libavdevice    58.  8.100 / 58.  8.100
  libavfilter     7. 57.100 /  7. 57.100
  libavresample   4.  0.  0 /  4.  0.  0
  libswscale      5.  5.100 /  5.  5.100
  libswresample   3.  5.100 /  3.  5.100
  libpostproc    55.  5.100 / 55.  5.100
[tcp @ 0x559b2ae92c00] Starting connection attempt to 43.199.149.178 port 1935
[tcp @ 0x559b2ae92c00] Successfully connected to 43.199.149.178 port 1935
[h264 @ 0x559b2aea7240] Reinit context to 1024x624, pix_fmt: yuv420p
[flv @ 0x559b2ae91980] max_analyze_duration 5000000 reached at 5000000 microseconds st:1
Input #0, flv, from 'rtmp://43.199.149.178/live/front_left':
  Metadata:
    title           : /camera5/rtsp
    comment         : rtsp_image_transport
    encoder         : Lavf58.29.100
    server          : SRS/5.0.213(Bee)
    server_version  : 5.0.213
  Duration: N/A, start: 0.000000, bitrate: N/A
    Stream #0:0: Data: none
    Stream #0:1: Video: h264 (Main), 1 reference frame, yuv420p(progressive, left), 1024x616 (1024x624) [SAR 1:1 DAR 128:77], 30 fps, 10 tbr, 1k tbn, 60 tbc
Unsupported codec with id 0 for input stream 0
[STREAM]
index=0
codec_name=unknown
codec_long_name=unknown
profile=unknown
codec_type=data
codec_tag_string=[0][0][0][0]
codec_tag=0x0000
id=N/A
r_frame_rate=0/0
avg_frame_rate=0/0
time_base=1/1000
start_pts=0
start_time=0.000000
duration_ts=N/A
duration=N/A
bit_rate=N/A
max_bit_rate=N/A
bits_per_raw_sample=N/A
nb_frames=N/A
nb_read_frames=N/A
nb_read_packets=N/A
DISPOSITION:default=0
DISPOSITION:dub=0
DISPOSITION:original=0
DISPOSITION:comment=0
DISPOSITION:lyrics=0
DISPOSITION:karaoke=0
DISPOSITION:forced=0
DISPOSITION:hearing_impaired=0
DISPOSITION:visual_impaired=0
DISPOSITION:clean_effects=0
DISPOSITION:attached_pic=0
DISPOSITION:timed_thumbnails=0
[/STREAM]
[STREAM]
index=1
codec_name=h264
codec_long_name=H.264 / AVC / MPEG-4 AVC / MPEG-4 part 10
profile=Main
codec_type=video
codec_time_base=1/60
codec_tag_string=[0][0][0][0]
codec_tag=0x0000
width=1024
height=616
coded_width=1024
coded_height=624
has_b_frames=0
sample_aspect_ratio=1:1
display_aspect_ratio=128:77
pix_fmt=yuv420p
level=31
color_range=unknown
color_space=unknown
color_transfer=unknown
color_primaries=unknown
chroma_location=left
field_order=progressive
timecode=N/A
refs=1
is_avc=true
nal_length_size=4
id=N/A
r_frame_rate=10/1
avg_frame_rate=30/1
time_base=1/1000
start_pts=10
start_time=0.010000
duration_ts=N/A
duration=N/A
bit_rate=N/A
max_bit_rate=N/A
bits_per_raw_sample=8
nb_frames=N/A
nb_read_frames=N/A
nb_read_packets=N/A
DISPOSITION:default=0
DISPOSITION:dub=0
DISPOSITION:original=0
DISPOSITION:comment=0
DISPOSITION:lyrics=0
DISPOSITION:karaoke=0
DISPOSITION:forced=0
DISPOSITION:hearing_impaired=0
DISPOSITION:visual_impaired=0
DISPOSITION:clean_effects=0
DISPOSITION:attached_pic=0
DISPOSITION:timed_thumbnails=0
[/STREAM]
[FORMAT]
filename=rtmp://43.199.149.178/live/front_left
nb_streams=2
nb_programs=0
format_name=flv
format_long_name=FLV (Flash Video)
start_time=0.000000
duration=N/A
size=N/A
bit_rate=N/A
probe_score=100
TAG:title=/camera5/rtsp
TAG:comment=rtsp_image_transport
TAG:encoder=Lavf58.29.100
TAG:server=SRS/5.0.213(Bee)
TAG:server_version=5.0.213
[/FORMAT]
[AVIOContext @ 0x559b2ae94640] Statistics: 682991 bytes read, 0 seeks
---------------------[ ffprobe Log End ]----------------------
SUMMARY: Status OK. Check passed because ffprobe successfully connected to the stream and retrieved its information (Exit Code: 0).


------------------[ Checking Stream: front_right ]------------------
URL: rtmp://43.199.149.178/live/front_right
--------------------[ ffprobe Log Start ]---------------------
ffprobe version 4.2.7-0ubuntu0.1 Copyright (c) 2007-2022 the FFmpeg developers
  built with gcc 9 (Ubuntu 9.4.0-1ubuntu1~20.04.1)
  configuration: --prefix=/usr --extra-version=0ubuntu0.1 --toolchain=hardened --libdir=/usr/lib/x86_64-linux-gnu --incdir=/usr/include/x86_64-linux-gnu --arch=amd64 --enable-gpl --disable-stripping --enable-avresample --disable-filter=resample --enable-avisynth --enable-gnutls --enable-ladspa --enable-libaom --enable-libass --enable-libbluray --enable-libbs2b --enable-libcaca --enable-libcdio --enable-libcodec2 --enable-libflite --enable-libfontconfig --enable-libfreetype --enable-libfribidi --enable-libgme --enable-libgsm --enable-libjack --enable-libmp3lame --enable-libmysofa --enable-libopenjpeg --enable-libopenmpt --enable-libopus --enable-libpulse --enable-librsvg --enable-librubberband --enable-libshine --enable-libsnappy --enable-libsoxr --enable-libspeex --enable-libssh --enable-libtheora --enable-libtwolame --enable-libvidstab --enable-libvorbis --enable-libvpx --enable-libwavpack --enable-libwebp --enable-libx265 --enable-libxml2 --enable-libxvid --enable-libzmq --enable-libzvbi --enable-lv2 --enable-omx --enable-openal --enable-opencl --enable-opengl --enable-sdl2 --enable-libdc1394 --enable-libdrm --enable-libiec61883 --enable-nvenc --enable-chromaprint --enable-frei0r --enable-libx264 --enable-shared
  libavutil      56. 31.100 / 56. 31.100
  libavcodec     58. 54.100 / 58. 54.100
  libavformat    58. 29.100 / 58. 29.100
  libavdevice    58.  8.100 / 58.  8.100
  libavfilter     7. 57.100 /  7. 57.100
  libavresample   4.  0.  0 /  4.  0.  0
  libswscale      5.  5.100 /  5.  5.100
  libswresample   3.  5.100 /  3.  5.100
  libpostproc    55.  5.100 / 55.  5.100
[tcp @ 0x559023b8cc00] Starting connection attempt to 43.199.149.178 port 1935
[tcp @ 0x559023b8cc00] Successfully connected to 43.199.149.178 port 1935
[h264 @ 0x559023ba1240] Reinit context to 1024x624, pix_fmt: yuv420p
[flv @ 0x559023b8b980] max_analyze_duration 5000000 reached at 5000000 microseconds st:1
Input #0, flv, from 'rtmp://43.199.149.178/live/front_right':
  Metadata:
    title           : /camera3/rtsp
    comment         : rtsp_image_transport
    encoder         : Lavf58.29.100
    server          : SRS/5.0.213(Bee)
    server_version  : 5.0.213
  Duration: N/A, start: 0.000000, bitrate: N/A
    Stream #0:0: Data: none
    Stream #0:1: Video: h264 (Main), 1 reference frame, yuv420p(progressive, left), 1024x616 (1024x624) [SAR 1:1 DAR 128:77], 30 fps, 10 tbr, 1k tbn, 60 tbc
Unsupported codec with id 0 for input stream 0
[STREAM]
index=0
codec_name=unknown
codec_long_name=unknown
profile=unknown
codec_type=data
codec_tag_string=[0][0][0][0]
codec_tag=0x0000
id=N/A
r_frame_rate=0/0
avg_frame_rate=0/0
time_base=1/1000
start_pts=0
start_time=0.000000
duration_ts=N/A
duration=N/A
bit_rate=N/A
max_bit_rate=N/A
bits_per_raw_sample=N/A
nb_frames=N/A
nb_read_frames=N/A
nb_read_packets=N/A
DISPOSITION:default=0
DISPOSITION:dub=0
DISPOSITION:original=0
DISPOSITION:comment=0
DISPOSITION:lyrics=0
DISPOSITION:karaoke=0
DISPOSITION:forced=0
DISPOSITION:hearing_impaired=0
DISPOSITION:visual_impaired=0
DISPOSITION:clean_effects=0
DISPOSITION:attached_pic=0
DISPOSITION:timed_thumbnails=0
[/STREAM]
[STREAM]
index=1
codec_name=h264
codec_long_name=H.264 / AVC / MPEG-4 AVC / MPEG-4 part 10
profile=Main
codec_type=video
codec_time_base=1/60
codec_tag_string=[0][0][0][0]
codec_tag=0x0000
width=1024
height=616
coded_width=1024
coded_height=624
has_b_frames=0
sample_aspect_ratio=1:1
display_aspect_ratio=128:77
pix_fmt=yuv420p
level=31
color_range=unknown
color_space=unknown
color_transfer=unknown
color_primaries=unknown
chroma_location=left
field_order=progressive
timecode=N/A
refs=1
is_avc=true
nal_length_size=4
id=N/A
r_frame_rate=10/1
avg_frame_rate=30/1
time_base=1/1000
start_pts=10
start_time=0.010000
duration_ts=N/A
duration=N/A
bit_rate=N/A
max_bit_rate=N/A
bits_per_raw_sample=8
nb_frames=N/A
nb_read_frames=N/A
nb_read_packets=N/A
DISPOSITION:default=0
DISPOSITION:dub=0
DISPOSITION:original=0
DISPOSITION:comment=0
DISPOSITION:lyrics=0
DISPOSITION:karaoke=0
DISPOSITION:forced=0
DISPOSITION:hearing_impaired=0
DISPOSITION:visual_impaired=0
DISPOSITION:clean_effects=0
DISPOSITION:attached_pic=0
DISPOSITION:timed_thumbnails=0
[/STREAM]
[FORMAT]
filename=rtmp://43.199.149.178/live/front_right
nb_streams=2
nb_programs=0
format_name=flv
format_long_name=FLV (Flash Video)
start_time=0.000000
duration=N/A
size=N/A
bit_rate=N/A
probe_score=100
TAG:title=/camera3/rtsp
TAG:comment=rtsp_image_transport
TAG:encoder=Lavf58.29.100
TAG:server=SRS/5.0.213(Bee)
TAG:server_version=5.0.213
[/FORMAT]
[AVIOContext @ 0x559023b8e640] Statistics: 638152 bytes read, 0 seeks
---------------------[ ffprobe Log End ]----------------------
SUMMARY: Status OK. Check passed because ffprobe successfully connected to the stream and retrieved its information (Exit Code: 0).

====================[ End of Check Cycle ]====================

==========================================================
                STREAM STATUS CHECK @ Friday, July 25, 2025 PM01:24:12 HKT
==========================================================

------------------[ Checking Stream: front_left ]------------------
URL: rtmp://43.199.149.178/live/front_left
--------------------[ ffprobe Log Start ]---------------------
ffprobe version 4.2.7-0ubuntu0.1 Copyright (c) 2007-2022 the FFmpeg developers
  built with gcc 9 (Ubuntu 9.4.0-1ubuntu1~20.04.1)
  configuration: --prefix=/usr --extra-version=0ubuntu0.1 --toolchain=hardened --libdir=/usr/lib/x86_64-linux-gnu --incdir=/usr/include/x86_64-linux-gnu --arch=amd64 --enable-gpl --disable-stripping --enable-avresample --disable-filter=resample --enable-avisynth --enable-gnutls --enable-ladspa --enable-libaom --enable-libass --enable-libbluray --enable-libbs2b --enable-libcaca --enable-libcdio --enable-libcodec2 --enable-libflite --enable-libfontconfig --enable-libfreetype --enable-libfribidi --enable-libgme --enable-libgsm --enable-libjack --enable-libmp3lame --enable-libmysofa --enable-libopenjpeg --enable-libopenmpt --enable-libopus --enable-libpulse --enable-librsvg --enable-librubberband --enable-libshine --enable-libsnappy --enable-libsoxr --enable-libspeex --enable-libssh --enable-libtheora --enable-libtwolame --enable-libvidstab --enable-libvorbis --enable-libvpx --enable-libwavpack --enable-libwebp --enable-libx265 --enable-libxml2 --enable-libxvid --enable-libzmq --enable-libzvbi --enable-lv2 --enable-omx --enable-openal --enable-opencl --enable-opengl --enable-sdl2 --enable-libdc1394 --enable-libdrm --enable-libiec61883 --enable-nvenc --enable-chromaprint --enable-frei0r --enable-libx264 --enable-shared
  libavutil      56. 31.100 / 56. 31.100
  libavcodec     58. 54.100 / 58. 54.100
  libavformat    58. 29.100 / 58. 29.100
  libavdevice    58.  8.100 / 58.  8.100
  libavfilter     7. 57.100 /  7. 57.100
  libavresample   4.  0.  0 /  4.  0.  0
  libswscale      5.  5.100 /  5.  5.100
  libswresample   3.  5.100 /  3.  5.100
  libpostproc    55.  5.100 / 55.  5.100
[tcp @ 0x5628c486ec00] Starting connection attempt to 43.199.149.178 port 1935
[tcp @ 0x5628c486ec00] Successfully connected to 43.199.149.178 port 1935
[h264 @ 0x5628c4883240] Reinit context to 1024x624, pix_fmt: yuv420p
[flv @ 0x5628c486d980] max_analyze_duration 5000000 reached at 5000000 microseconds st:1
Input #0, flv, from 'rtmp://43.199.149.178/live/front_left':
  Metadata:
    title           : /camera5/rtsp
    comment         : rtsp_image_transport
    encoder         : Lavf58.29.100
    server          : SRS/5.0.213(Bee)
    server_version  : 5.0.213
  Duration: N/A, start: 0.000000, bitrate: N/A
    Stream #0:0: Data: none
    Stream #0:1: Video: h264 (Main), 1 reference frame, yuv420p(progressive, left), 1024x616 (1024x624) [SAR 1:1 DAR 128:77], 30 fps, 10 tbr, 1k tbn, 60 tbc
Unsupported codec with id 0 for input stream 0
[STREAM]
index=0
codec_name=unknown
codec_long_name=unknown
profile=unknown
codec_type=data
codec_tag_string=[0][0][0][0]
codec_tag=0x0000
id=N/A
r_frame_rate=0/0
avg_frame_rate=0/0
time_base=1/1000
start_pts=0
start_time=0.000000
duration_ts=N/A
duration=N/A
bit_rate=N/A
max_bit_rate=N/A
bits_per_raw_sample=N/A
nb_frames=N/A
nb_read_frames=N/A
nb_read_packets=N/A
DISPOSITION:default=0
DISPOSITION:dub=0
DISPOSITION:original=0
DISPOSITION:comment=0
DISPOSITION:lyrics=0
DISPOSITION:karaoke=0
DISPOSITION:forced=0
DISPOSITION:hearing_impaired=0
DISPOSITION:visual_impaired=0
DISPOSITION:clean_effects=0
DISPOSITION:attached_pic=0
DISPOSITION:timed_thumbnails=0
[/STREAM]
[STREAM]
index=1
codec_name=h264
codec_long_name=H.264 / AVC / MPEG-4 AVC / MPEG-4 part 10
profile=Main
codec_type=video
codec_time_base=1/60
codec_tag_string=[0][0][0][0]
codec_tag=0x0000
width=1024
height=616
coded_width=1024
coded_height=624
has_b_frames=0
sample_aspect_ratio=1:1
display_aspect_ratio=128:77
pix_fmt=yuv420p
level=31
color_range=unknown
color_space=unknown
color_transfer=unknown
color_primaries=unknown
chroma_location=left
field_order=progressive
timecode=N/A
refs=1
is_avc=true
nal_length_size=4
id=N/A
r_frame_rate=10/1
avg_frame_rate=30/1
time_base=1/1000
start_pts=10
start_time=0.010000
duration_ts=N/A
duration=N/A
bit_rate=N/A
max_bit_rate=N/A
bits_per_raw_sample=8
nb_frames=N/A
nb_read_frames=N/A
nb_read_packets=N/A
DISPOSITION:default=0
DISPOSITION:dub=0
DISPOSITION:original=0
DISPOSITION:comment=0
DISPOSITION:lyrics=0
DISPOSITION:karaoke=0
DISPOSITION:forced=0
DISPOSITION:hearing_impaired=0
DISPOSITION:visual_impaired=0
DISPOSITION:clean_effects=0
DISPOSITION:attached_pic=0
DISPOSITION:timed_thumbnails=0
[/STREAM]
[FORMAT]
filename=rtmp://43.199.149.178/live/front_left
nb_streams=2
nb_programs=0
format_name=flv
format_long_name=FLV (Flash Video)
start_time=0.000000
duration=N/A
size=N/A
bit_rate=N/A
probe_score=100
TAG:title=/camera5/rtsp
TAG:comment=rtsp_image_transport
TAG:encoder=Lavf58.29.100
TAG:server=SRS/5.0.213(Bee)
TAG:server_version=5.0.213
[/FORMAT]
[AVIOContext @ 0x5628c4870640] Statistics: 653216 bytes read, 0 seeks
---------------------[ ffprobe Log End ]----------------------
SUMMARY: Status OK. Check passed because ffprobe successfully connected to the stream and retrieved its information (Exit Code: 0).


------------------[ Checking Stream: front_right ]------------------
URL: rtmp://43.199.149.178/live/front_right
--------------------[ ffprobe Log Start ]---------------------
ffprobe version 4.2.7-0ubuntu0.1 Copyright (c) 2007-2022 the FFmpeg developers
  built with gcc 9 (Ubuntu 9.4.0-1ubuntu1~20.04.1)
  configuration: --prefix=/usr --extra-version=0ubuntu0.1 --toolchain=hardened --libdir=/usr/lib/x86_64-linux-gnu --incdir=/usr/include/x86_64-linux-gnu --arch=amd64 --enable-gpl --disable-stripping --enable-avresample --disable-filter=resample --enable-avisynth --enable-gnutls --enable-ladspa --enable-libaom --enable-libass --enable-libbluray --enable-libbs2b --enable-libcaca --enable-libcdio --enable-libcodec2 --enable-libflite --enable-libfontconfig --enable-libfreetype --enable-libfribidi --enable-libgme --enable-libgsm --enable-libjack --enable-libmp3lame --enable-libmysofa --enable-libopenjpeg --enable-libopenmpt --enable-libopus --enable-libpulse --enable-librsvg --enable-librubberband --enable-libshine --enable-libsnappy --enable-libsoxr --enable-libspeex --enable-libssh --enable-libtheora --enable-libtwolame --enable-libvidstab --enable-libvorbis --enable-libvpx --enable-libwavpack --enable-libwebp --enable-libx265 --enable-libxml2 --enable-libxvid --enable-libzmq --enable-libzvbi --enable-lv2 --enable-omx --enable-openal --enable-opencl --enable-opengl --enable-sdl2 --enable-libdc1394 --enable-libdrm --enable-libiec61883 --enable-nvenc --enable-chromaprint --enable-frei0r --enable-libx264 --enable-shared
  libavutil      56. 31.100 / 56. 31.100
  libavcodec     58. 54.100 / 58. 54.100
  libavformat    58. 29.100 / 58. 29.100
  libavdevice    58.  8.100 / 58.  8.100
  libavfilter     7. 57.100 /  7. 57.100
  libavresample   4.  0.  0 /  4.  0.  0
  libswscale      5.  5.100 /  5.  5.100
  libswresample   3.  5.100 /  3.  5.100
  libpostproc    55.  5.100 / 55.  5.100
[tcp @ 0x55f95f645c00] Starting connection attempt to 43.199.149.178 port 1935
[tcp @ 0x55f95f645c00] Successfully connected to 43.199.149.178 port 1935
[h264 @ 0x55f95f6484c0] Reinit context to 1024x624, pix_fmt: yuv420p
[h264 @ 0x55f95f6484c0] error while decoding MB 39 18, bytestream -24
[h264 @ 0x55f95f6484c0] concealing 1354 DC, 1354 AC, 1354 MV errors in I frame
[flv @ 0x55f95f644980] max_analyze_duration 5000000 reached at 5000000 microseconds st:1
Input #0, flv, from 'rtmp://43.199.149.178/live/front_right':
  Metadata:
    title           : /camera3/rtsp
    comment         : rtsp_image_transport
    encoder         : Lavf58.29.100
    server          : SRS/5.0.213(Bee)
    server_version  : 5.0.213
  Duration: N/A, start: 0.000000, bitrate: N/A
    Stream #0:0: Data: none
    Stream #0:1: Video: h264 (Main), 1 reference frame, yuv420p(progressive, left), 1024x616 (1024x624) [SAR 1:1 DAR 128:77], 30 fps, 10 tbr, 1k tbn, 60 tbc
Unsupported codec with id 0 for input stream 0
[STREAM]
index=0
codec_name=unknown
codec_long_name=unknown
profile=unknown
codec_type=data
codec_tag_string=[0][0][0][0]
codec_tag=0x0000
id=N/A
r_frame_rate=0/0
avg_frame_rate=0/0
time_base=1/1000
start_pts=0
start_time=0.000000
duration_ts=N/A
duration=N/A
bit_rate=N/A
max_bit_rate=N/A
bits_per_raw_sample=N/A
nb_frames=N/A
nb_read_frames=N/A
nb_read_packets=N/A
DISPOSITION:default=0
DISPOSITION:dub=0
DISPOSITION:original=0
DISPOSITION:comment=0
DISPOSITION:lyrics=0
DISPOSITION:karaoke=0
DISPOSITION:forced=0
DISPOSITION:hearing_impaired=0
DISPOSITION:visual_impaired=0
DISPOSITION:clean_effects=0
DISPOSITION:attached_pic=0
DISPOSITION:timed_thumbnails=0
[/STREAM]
[STREAM]
index=1
codec_name=h264
codec_long_name=H.264 / AVC / MPEG-4 AVC / MPEG-4 part 10
profile=Main
codec_type=video
codec_time_base=1/60
codec_tag_string=[0][0][0][0]
codec_tag=0x0000
width=1024
height=616
coded_width=1024
coded_height=624
has_b_frames=0
sample_aspect_ratio=1:1
display_aspect_ratio=128:77
pix_fmt=yuv420p
level=31
color_range=unknown
color_space=unknown
color_transfer=unknown
color_primaries=unknown
chroma_location=left
field_order=progressive
timecode=N/A
refs=1
is_avc=true
nal_length_size=4
id=N/A
r_frame_rate=10/1
avg_frame_rate=30/1
time_base=1/1000
start_pts=10
start_time=0.010000
duration_ts=N/A
duration=N/A
bit_rate=N/A
max_bit_rate=N/A
bits_per_raw_sample=8
nb_frames=N/A
nb_read_frames=N/A
nb_read_packets=N/A
DISPOSITION:default=0
DISPOSITION:dub=0
DISPOSITION:original=0
DISPOSITION:comment=0
DISPOSITION:lyrics=0
DISPOSITION:karaoke=0
DISPOSITION:forced=0
DISPOSITION:hearing_impaired=0
DISPOSITION:visual_impaired=0
DISPOSITION:clean_effects=0
DISPOSITION:attached_pic=0
DISPOSITION:timed_thumbnails=0
[/STREAM]
[FORMAT]
filename=rtmp://43.199.149.178/live/front_right
nb_streams=2
nb_programs=0
format_name=flv
format_long_name=FLV (Flash Video)
start_time=0.000000
duration=N/A
size=N/A
bit_rate=N/A
probe_score=100
TAG:title=/camera3/rtsp
TAG:comment=rtsp_image_transport
TAG:encoder=Lavf58.29.100
TAG:server=SRS/5.0.213(Bee)
TAG:server_version=5.0.213
[/FORMAT]
[AVIOContext @ 0x55f95f647640] Statistics: 628019 bytes read, 0 seeks
---------------------[ ffprobe Log End ]----------------------
SUMMARY: Status OK. Check passed because ffprobe successfully connected to the stream and retrieved its information (Exit Code: 0).

====================[ End of Check Cycle ]====================

==========================================================
                STREAM STATUS CHECK @ Friday, July 25, 2025 PM01:25:41 HKT
==========================================================

------------------[ Checking Stream: front_left ]------------------
URL: rtmp://43.199.149.178/live/front_left
--------------------[ ffprobe Log Start ]---------------------
ffprobe version 4.2.7-0ubuntu0.1 Copyright (c) 2007-2022 the FFmpeg developers
  built with gcc 9 (Ubuntu 9.4.0-1ubuntu1~20.04.1)
  configuration: --prefix=/usr --extra-version=0ubuntu0.1 --toolchain=hardened --libdir=/usr/lib/x86_64-linux-gnu --incdir=/usr/include/x86_64-linux-gnu --arch=amd64 --enable-gpl --disable-stripping --enable-avresample --disable-filter=resample --enable-avisynth --enable-gnutls --enable-ladspa --enable-libaom --enable-libass --enable-libbluray --enable-libbs2b --enable-libcaca --enable-libcdio --enable-libcodec2 --enable-libflite --enable-libfontconfig --enable-libfreetype --enable-libfribidi --enable-libgme --enable-libgsm --enable-libjack --enable-libmp3lame --enable-libmysofa --enable-libopenjpeg --enable-libopenmpt --enable-libopus --enable-libpulse --enable-librsvg --enable-librubberband --enable-libshine --enable-libsnappy --enable-libsoxr --enable-libspeex --enable-libssh --enable-libtheora --enable-libtwolame --enable-libvidstab --enable-libvorbis --enable-libvpx --enable-libwavpack --enable-libwebp --enable-libx265 --enable-libxml2 --enable-libxvid --enable-libzmq --enable-libzvbi --enable-lv2 --enable-omx --enable-openal --enable-opencl --enable-opengl --enable-sdl2 --enable-libdc1394 --enable-libdrm --enable-libiec61883 --enable-nvenc --enable-chromaprint --enable-frei0r --enable-libx264 --enable-shared
  libavutil      56. 31.100 / 56. 31.100
  libavcodec     58. 54.100 / 58. 54.100
  libavformat    58. 29.100 / 58. 29.100
  libavdevice    58.  8.100 / 58.  8.100
  libavfilter     7. 57.100 /  7. 57.100
  libavresample   4.  0.  0 /  4.  0.  0
  libswscale      5.  5.100 /  5.  5.100
  libswresample   3.  5.100 /  3.  5.100
  libpostproc    55.  5.100 / 55.  5.100
[tcp @ 0x563ec3055c00] Starting connection attempt to 43.199.149.178 port 1935
[tcp @ 0x563ec3055c00] Successfully connected to 43.199.149.178 port 1935
[h264 @ 0x563ec306a240] Reinit context to 1024x624, pix_fmt: yuv420p
[flv @ 0x563ec3054980] max_analyze_duration 5000000 reached at 5000000 microseconds st:1
Input #0, flv, from 'rtmp://43.199.149.178/live/front_left':
  Metadata:
    title           : /camera5/rtsp
    comment         : rtsp_image_transport
    encoder         : Lavf58.29.100
    server          : SRS/5.0.213(Bee)
    server_version  : 5.0.213
  Duration: N/A, start: 0.000000, bitrate: N/A
    Stream #0:0: Data: none
    Stream #0:1: Video: h264 (Main), 1 reference frame, yuv420p(progressive, left), 1024x616 (1024x624) [SAR 1:1 DAR 128:77], 30 fps, 10 tbr, 1k tbn, 60 tbc
Unsupported codec with id 0 for input stream 0
[STREAM]
index=0
codec_name=unknown
codec_long_name=unknown
profile=unknown
codec_type=data
codec_tag_string=[0][0][0][0]
codec_tag=0x0000
id=N/A
r_frame_rate=0/0
avg_frame_rate=0/0
time_base=1/1000
start_pts=0
start_time=0.000000
duration_ts=N/A
duration=N/A
bit_rate=N/A
max_bit_rate=N/A
bits_per_raw_sample=N/A
nb_frames=N/A
nb_read_frames=N/A
nb_read_packets=N/A
DISPOSITION:default=0
DISPOSITION:dub=0
DISPOSITION:original=0
DISPOSITION:comment=0
DISPOSITION:lyrics=0
DISPOSITION:karaoke=0
DISPOSITION:forced=0
DISPOSITION:hearing_impaired=0
DISPOSITION:visual_impaired=0
DISPOSITION:clean_effects=0
DISPOSITION:attached_pic=0
DISPOSITION:timed_thumbnails=0
[/STREAM]
[STREAM]
index=1
codec_name=h264
codec_long_name=H.264 / AVC / MPEG-4 AVC / MPEG-4 part 10
profile=Main
codec_type=video
codec_time_base=1/60
codec_tag_string=[0][0][0][0]
codec_tag=0x0000
width=1024
height=616
coded_width=1024
coded_height=624
has_b_frames=0
sample_aspect_ratio=1:1
display_aspect_ratio=128:77
pix_fmt=yuv420p
level=31
color_range=unknown
color_space=unknown
color_transfer=unknown
color_primaries=unknown
chroma_location=left
field_order=progressive
timecode=N/A
refs=1
is_avc=true
nal_length_size=4
id=N/A
r_frame_rate=10/1
avg_frame_rate=30/1
time_base=1/1000
start_pts=10
start_time=0.010000
duration_ts=N/A
duration=N/A
bit_rate=N/A
max_bit_rate=N/A
bits_per_raw_sample=8
nb_frames=N/A
nb_read_frames=N/A
nb_read_packets=N/A
DISPOSITION:default=0
DISPOSITION:dub=0
DISPOSITION:original=0
DISPOSITION:comment=0
DISPOSITION:lyrics=0
DISPOSITION:karaoke=0
DISPOSITION:forced=0
DISPOSITION:hearing_impaired=0
DISPOSITION:visual_impaired=0
DISPOSITION:clean_effects=0
DISPOSITION:attached_pic=0
DISPOSITION:timed_thumbnails=0
[/STREAM]
[FORMAT]
filename=rtmp://43.199.149.178/live/front_left
nb_streams=2
nb_programs=0
format_name=flv
format_long_name=FLV (Flash Video)
start_time=0.000000
duration=N/A
size=N/A
bit_rate=N/A
probe_score=100
TAG:title=/camera5/rtsp
TAG:comment=rtsp_image_transport
TAG:encoder=Lavf58.29.100
TAG:server=SRS/5.0.213(Bee)
TAG:server_version=5.0.213
[/FORMAT]
[AVIOContext @ 0x563ec3057640] Statistics: 673604 bytes read, 0 seeks
---------------------[ ffprobe Log End ]----------------------
SUMMARY: Status OK. Check passed because ffprobe successfully connected to the stream and retrieved its information (Exit Code: 0).


------------------[ Checking Stream: front_right ]------------------
URL: rtmp://43.199.149.178/live/front_right
--------------------[ ffprobe Log Start ]---------------------
ffprobe version 4.2.7-0ubuntu0.1 Copyright (c) 2007-2022 the FFmpeg developers
  built with gcc 9 (Ubuntu 9.4.0-1ubuntu1~20.04.1)
  configuration: --prefix=/usr --extra-version=0ubuntu0.1 --toolchain=hardened --libdir=/usr/lib/x86_64-linux-gnu --incdir=/usr/include/x86_64-linux-gnu --arch=amd64 --enable-gpl --disable-stripping --enable-avresample --disable-filter=resample --enable-avisynth --enable-gnutls --enable-ladspa --enable-libaom --enable-libass --enable-libbluray --enable-libbs2b --enable-libcaca --enable-libcdio --enable-libcodec2 --enable-libflite --enable-libfontconfig --enable-libfreetype --enable-libfribidi --enable-libgme --enable-libgsm --enable-libjack --enable-libmp3lame --enable-libmysofa --enable-libopenjpeg --enable-libopenmpt --enable-libopus --enable-libpulse --enable-librsvg --enable-librubberband --enable-libshine --enable-libsnappy --enable-libsoxr --enable-libspeex --enable-libssh --enable-libtheora --enable-libtwolame --enable-libvidstab --enable-libvorbis --enable-libvpx --enable-libwavpack --enable-libwebp --enable-libx265 --enable-libxml2 --enable-libxvid --enable-libzmq --enable-libzvbi --enable-lv2 --enable-omx --enable-openal --enable-opencl --enable-opengl --enable-sdl2 --enable-libdc1394 --enable-libdrm --enable-libiec61883 --enable-nvenc --enable-chromaprint --enable-frei0r --enable-libx264 --enable-shared
  libavutil      56. 31.100 / 56. 31.100
  libavcodec     58. 54.100 / 58. 54.100
  libavformat    58. 29.100 / 58. 29.100
  libavdevice    58.  8.100 / 58.  8.100
  libavfilter     7. 57.100 /  7. 57.100
  libavresample   4.  0.  0 /  4.  0.  0
  libswscale      5.  5.100 /  5.  5.100
  libswresample   3.  5.100 /  3.  5.100
  libpostproc    55.  5.100 / 55.  5.100
[tcp @ 0x55d50351dc00] Starting connection attempt to 43.199.149.178 port 1935
[tcp @ 0x55d50351dc00] Successfully connected to 43.199.149.178 port 1935
[h264 @ 0x55d503520a00] Reinit context to 1024x624, pix_fmt: yuv420p
[h264 @ 0x55d503520a00] error while decoding MB 33 17, bytestream -10
[h264 @ 0x55d503520a00] concealing 1424 DC, 1424 AC, 1424 MV errors in I frame
[flv @ 0x55d50351c980] max_analyze_duration 5000000 reached at 5000000 microseconds st:1
Input #0, flv, from 'rtmp://43.199.149.178/live/front_right':
  Metadata:
    title           : /camera3/rtsp
    comment         : rtsp_image_transport
    encoder         : Lavf58.29.100
    server          : SRS/5.0.213(Bee)
    server_version  : 5.0.213
  Duration: N/A, start: 0.000000, bitrate: N/A
    Stream #0:0: Data: none
    Stream #0:1: Video: h264 (Main), 1 reference frame, yuv420p(progressive, left), 1024x616 (1024x624) [SAR 1:1 DAR 128:77], 30 fps, 10 tbr, 1k tbn, 60 tbc
Unsupported codec with id 0 for input stream 0
[STREAM]
index=0
codec_name=unknown
codec_long_name=unknown
profile=unknown
codec_type=data
codec_tag_string=[0][0][0][0]
codec_tag=0x0000
id=N/A
r_frame_rate=0/0
avg_frame_rate=0/0
time_base=1/1000
start_pts=0
start_time=0.000000
duration_ts=N/A
duration=N/A
bit_rate=N/A
max_bit_rate=N/A
bits_per_raw_sample=N/A
nb_frames=N/A
nb_read_frames=N/A
nb_read_packets=N/A
DISPOSITION:default=0
DISPOSITION:dub=0
DISPOSITION:original=0
DISPOSITION:comment=0
DISPOSITION:lyrics=0
DISPOSITION:karaoke=0
DISPOSITION:forced=0
DISPOSITION:hearing_impaired=0
DISPOSITION:visual_impaired=0
DISPOSITION:clean_effects=0
DISPOSITION:attached_pic=0
DISPOSITION:timed_thumbnails=0
[/STREAM]
[STREAM]
index=1
codec_name=h264
codec_long_name=H.264 / AVC / MPEG-4 AVC / MPEG-4 part 10
profile=Main
codec_type=video
codec_time_base=1/60
codec_tag_string=[0][0][0][0]
codec_tag=0x0000
width=1024
height=616
coded_width=1024
coded_height=624
has_b_frames=0
sample_aspect_ratio=1:1
display_aspect_ratio=128:77
pix_fmt=yuv420p
level=31
color_range=unknown
color_space=unknown
color_transfer=unknown
color_primaries=unknown
chroma_location=left
field_order=progressive
timecode=N/A
refs=1
is_avc=true
nal_length_size=4
id=N/A
r_frame_rate=10/1
avg_frame_rate=30/1
time_base=1/1000
start_pts=10
start_time=0.010000
duration_ts=N/A
duration=N/A
bit_rate=N/A
max_bit_rate=N/A
bits_per_raw_sample=8
nb_frames=N/A
nb_read_frames=N/A
nb_read_packets=N/A
DISPOSITION:default=0
DISPOSITION:dub=0
DISPOSITION:original=0
DISPOSITION:comment=0
DISPOSITION:lyrics=0
DISPOSITION:karaoke=0
DISPOSITION:forced=0
DISPOSITION:hearing_impaired=0
DISPOSITION:visual_impaired=0
DISPOSITION:clean_effects=0
DISPOSITION:attached_pic=0
DISPOSITION:timed_thumbnails=0
[/STREAM]
[FORMAT]
filename=rtmp://43.199.149.178/live/front_right
nb_streams=2
nb_programs=0
format_name=flv
format_long_name=FLV (Flash Video)
start_time=0.000000
duration=N/A
size=N/A
bit_rate=N/A
probe_score=100
TAG:title=/camera3/rtsp
TAG:comment=rtsp_image_transport
TAG:encoder=Lavf58.29.100
TAG:server=SRS/5.0.213(Bee)
TAG:server_version=5.0.213
[/FORMAT]
[AVIOContext @ 0x55d50351f640] Statistics: 599996 bytes read, 0 seeks
---------------------[ ffprobe Log End ]----------------------
SUMMARY: Status OK. Check passed because ffprobe successfully connected to the stream and retrieved its information (Exit Code: 0).

====================[ End of Check Cycle ]====================

==========================================================
                STREAM STATUS CHECK @ Friday, July 25, 2025 PM01:27:12 HKT
==========================================================

------------------[ Checking Stream: front_left ]------------------
URL: rtmp://43.199.149.178/live/front_left
--------------------[ ffprobe Log Start ]---------------------
ffprobe version 4.2.7-0ubuntu0.1 Copyright (c) 2007-2022 the FFmpeg developers
  built with gcc 9 (Ubuntu 9.4.0-1ubuntu1~20.04.1)
  configuration: --prefix=/usr --extra-version=0ubuntu0.1 --toolchain=hardened --libdir=/usr/lib/x86_64-linux-gnu --incdir=/usr/include/x86_64-linux-gnu --arch=amd64 --enable-gpl --disable-stripping --enable-avresample --disable-filter=resample --enable-avisynth --enable-gnutls --enable-ladspa --enable-libaom --enable-libass --enable-libbluray --enable-libbs2b --enable-libcaca --enable-libcdio --enable-libcodec2 --enable-libflite --enable-libfontconfig --enable-libfreetype --enable-libfribidi --enable-libgme --enable-libgsm --enable-libjack --enable-libmp3lame --enable-libmysofa --enable-libopenjpeg --enable-libopenmpt --enable-libopus --enable-libpulse --enable-librsvg --enable-librubberband --enable-libshine --enable-libsnappy --enable-libsoxr --enable-libspeex --enable-libssh --enable-libtheora --enable-libtwolame --enable-libvidstab --enable-libvorbis --enable-libvpx --enable-libwavpack --enable-libwebp --enable-libx265 --enable-libxml2 --enable-libxvid --enable-libzmq --enable-libzvbi --enable-lv2 --enable-omx --enable-openal --enable-opencl --enable-opengl --enable-sdl2 --enable-libdc1394 --enable-libdrm --enable-libiec61883 --enable-nvenc --enable-chromaprint --enable-frei0r --enable-libx264 --enable-shared
  libavutil      56. 31.100 / 56. 31.100
  libavcodec     58. 54.100 / 58. 54.100
  libavformat    58. 29.100 / 58. 29.100
  libavdevice    58.  8.100 / 58.  8.100
  libavfilter     7. 57.100 /  7. 57.100
  libavresample   4.  0.  0 /  4.  0.  0
  libswscale      5.  5.100 /  5.  5.100
  libswresample   3.  5.100 /  3.  5.100
  libpostproc    55.  5.100 / 55.  5.100
[tcp @ 0x55cb5b688c00] Starting connection attempt to 43.199.149.178 port 1935
[tcp @ 0x55cb5b688c00] Successfully connected to 43.199.149.178 port 1935
[h264 @ 0x55cb5b69d240] Reinit context to 1024x624, pix_fmt: yuv420p
[flv @ 0x55cb5b687980] max_analyze_duration 5000000 reached at 5000000 microseconds st:1
Input #0, flv, from 'rtmp://43.199.149.178/live/front_left':
  Metadata:
    title           : /camera5/rtsp
    comment         : rtsp_image_transport
    encoder         : Lavf58.29.100
    server          : SRS/5.0.213(Bee)
    server_version  : 5.0.213
  Duration: N/A, start: 0.000000, bitrate: N/A
    Stream #0:0: Data: none
    Stream #0:1: Video: h264 (Main), 1 reference frame, yuv420p(progressive, left), 1024x616 (1024x624) [SAR 1:1 DAR 128:77], 30 fps, 10 tbr, 1k tbn, 60 tbc
Unsupported codec with id 0 for input stream 0
[STREAM]
index=0
codec_name=unknown
codec_long_name=unknown
profile=unknown
codec_type=data
codec_tag_string=[0][0][0][0]
codec_tag=0x0000
id=N/A
r_frame_rate=0/0
avg_frame_rate=0/0
time_base=1/1000
start_pts=0
start_time=0.000000
duration_ts=N/A
duration=N/A
bit_rate=N/A
max_bit_rate=N/A
bits_per_raw_sample=N/A
nb_frames=N/A
nb_read_frames=N/A
nb_read_packets=N/A
DISPOSITION:default=0
DISPOSITION:dub=0
DISPOSITION:original=0
DISPOSITION:comment=0
DISPOSITION:lyrics=0
DISPOSITION:karaoke=0
DISPOSITION:forced=0
DISPOSITION:hearing_impaired=0
DISPOSITION:visual_impaired=0
DISPOSITION:clean_effects=0
DISPOSITION:attached_pic=0
DISPOSITION:timed_thumbnails=0
[/STREAM]
[STREAM]
index=1
codec_name=h264
codec_long_name=H.264 / AVC / MPEG-4 AVC / MPEG-4 part 10
profile=Main
codec_type=video
codec_time_base=1/60
codec_tag_string=[0][0][0][0]
codec_tag=0x0000
width=1024
height=616
coded_width=1024
coded_height=624
has_b_frames=0
sample_aspect_ratio=1:1
display_aspect_ratio=128:77
pix_fmt=yuv420p
level=31
color_range=unknown
color_space=unknown
color_transfer=unknown
color_primaries=unknown
chroma_location=left
field_order=progressive
timecode=N/A
refs=1
is_avc=true
nal_length_size=4
id=N/A
r_frame_rate=10/1
avg_frame_rate=30/1
time_base=1/1000
start_pts=10
start_time=0.010000
duration_ts=N/A
duration=N/A
bit_rate=N/A
max_bit_rate=N/A
bits_per_raw_sample=8
nb_frames=N/A
nb_read_frames=N/A
nb_read_packets=N/A
DISPOSITION:default=0
DISPOSITION:dub=0
DISPOSITION:original=0
DISPOSITION:comment=0
DISPOSITION:lyrics=0
DISPOSITION:karaoke=0
DISPOSITION:forced=0
DISPOSITION:hearing_impaired=0
DISPOSITION:visual_impaired=0
DISPOSITION:clean_effects=0
DISPOSITION:attached_pic=0
DISPOSITION:timed_thumbnails=0
[/STREAM]
[FORMAT]
filename=rtmp://43.199.149.178/live/front_left
nb_streams=2
nb_programs=0
format_name=flv
format_long_name=FLV (Flash Video)
start_time=0.000000
duration=N/A
size=N/A
bit_rate=N/A
probe_score=100
TAG:title=/camera5/rtsp
TAG:comment=rtsp_image_transport
TAG:encoder=Lavf58.29.100
TAG:server=SRS/5.0.213(Bee)
TAG:server_version=5.0.213
[/FORMAT]
[AVIOContext @ 0x55cb5b68a640] Statistics: 675375 bytes read, 0 seeks
---------------------[ ffprobe Log End ]----------------------
SUMMARY: Status OK. Check passed because ffprobe successfully connected to the stream and retrieved its information (Exit Code: 0).


------------------[ Checking Stream: front_right ]------------------
URL: rtmp://43.199.149.178/live/front_right
--------------------[ ffprobe Log Start ]---------------------
ffprobe version 4.2.7-0ubuntu0.1 Copyright (c) 2007-2022 the FFmpeg developers
  built with gcc 9 (Ubuntu 9.4.0-1ubuntu1~20.04.1)
  configuration: --prefix=/usr --extra-version=0ubuntu0.1 --toolchain=hardened --libdir=/usr/lib/x86_64-linux-gnu --incdir=/usr/include/x86_64-linux-gnu --arch=amd64 --enable-gpl --disable-stripping --enable-avresample --disable-filter=resample --enable-avisynth --enable-gnutls --enable-ladspa --enable-libaom --enable-libass --enable-libbluray --enable-libbs2b --enable-libcaca --enable-libcdio --enable-libcodec2 --enable-libflite --enable-libfontconfig --enable-libfreetype --enable-libfribidi --enable-libgme --enable-libgsm --enable-libjack --enable-libmp3lame --enable-libmysofa --enable-libopenjpeg --enable-libopenmpt --enable-libopus --enable-libpulse --enable-librsvg --enable-librubberband --enable-libshine --enable-libsnappy --enable-libsoxr --enable-libspeex --enable-libssh --enable-libtheora --enable-libtwolame --enable-libvidstab --enable-libvorbis --enable-libvpx --enable-libwavpack --enable-libwebp --enable-libx265 --enable-libxml2 --enable-libxvid --enable-libzmq --enable-libzvbi --enable-lv2 --enable-omx --enable-openal --enable-opencl --enable-opengl --enable-sdl2 --enable-libdc1394 --enable-libdrm --enable-libiec61883 --enable-nvenc --enable-chromaprint --enable-frei0r --enable-libx264 --enable-shared
  libavutil      56. 31.100 / 56. 31.100
  libavcodec     58. 54.100 / 58. 54.100
  libavformat    58. 29.100 / 58. 29.100
  libavdevice    58.  8.100 / 58.  8.100
  libavfilter     7. 57.100 /  7. 57.100
  libavresample   4.  0.  0 /  4.  0.  0
  libswscale      5.  5.100 /  5.  5.100
  libswresample   3.  5.100 /  3.  5.100
  libpostproc    55.  5.100 / 55.  5.100
[tcp @ 0x5621bd10cc00] Starting connection attempt to 43.199.149.178 port 1935
[tcp @ 0x5621bd10cc00] Successfully connected to 43.199.149.178 port 1935
[h264 @ 0x5621bd121240] Reinit context to 1024x624, pix_fmt: yuv420p
[flv @ 0x5621bd10b980] max_analyze_duration 5000000 reached at 5000000 microseconds st:1
Input #0, flv, from 'rtmp://43.199.149.178/live/front_right':
  Metadata:
    title           : /camera3/rtsp
    comment         : rtsp_image_transport
    encoder         : Lavf58.29.100
    server          : SRS/5.0.213(Bee)
    server_version  : 5.0.213
  Duration: N/A, start: 0.000000, bitrate: N/A
    Stream #0:0: Data: none
    Stream #0:1: Video: h264 (Main), 1 reference frame, yuv420p(progressive, left), 1024x616 (1024x624) [SAR 1:1 DAR 128:77], 30 fps, 10 tbr, 1k tbn, 60 tbc
Unsupported codec with id 0 for input stream 0
[STREAM]
index=0
codec_name=unknown
codec_long_name=unknown
profile=unknown
codec_type=data
codec_tag_string=[0][0][0][0]
codec_tag=0x0000
id=N/A
r_frame_rate=0/0
avg_frame_rate=0/0
time_base=1/1000
start_pts=0
start_time=0.000000
duration_ts=N/A
duration=N/A
bit_rate=N/A
max_bit_rate=N/A
bits_per_raw_sample=N/A
nb_frames=N/A
nb_read_frames=N/A
nb_read_packets=N/A
DISPOSITION:default=0
DISPOSITION:dub=0
DISPOSITION:original=0
DISPOSITION:comment=0
DISPOSITION:lyrics=0
DISPOSITION:karaoke=0
DISPOSITION:forced=0
DISPOSITION:hearing_impaired=0
DISPOSITION:visual_impaired=0
DISPOSITION:clean_effects=0
DISPOSITION:attached_pic=0
DISPOSITION:timed_thumbnails=0
[/STREAM]
[STREAM]
index=1
codec_name=h264
codec_long_name=H.264 / AVC / MPEG-4 AVC / MPEG-4 part 10
profile=Main
codec_type=video
codec_time_base=1/60
codec_tag_string=[0][0][0][0]
codec_tag=0x0000
width=1024
height=616
coded_width=1024
coded_height=624
has_b_frames=0
sample_aspect_ratio=1:1
display_aspect_ratio=128:77
pix_fmt=yuv420p
level=31
color_range=unknown
color_space=unknown
color_transfer=unknown
color_primaries=unknown
chroma_location=left
field_order=progressive
timecode=N/A
refs=1
is_avc=true
nal_length_size=4
id=N/A
r_frame_rate=10/1
avg_frame_rate=30/1
time_base=1/1000
start_pts=10
start_time=0.010000
duration_ts=N/A
duration=N/A
bit_rate=N/A
max_bit_rate=N/A
bits_per_raw_sample=8
nb_frames=N/A
nb_read_frames=N/A
nb_read_packets=N/A
DISPOSITION:default=0
DISPOSITION:dub=0
DISPOSITION:original=0
DISPOSITION:comment=0
DISPOSITION:lyrics=0
DISPOSITION:karaoke=0
DISPOSITION:forced=0
DISPOSITION:hearing_impaired=0
DISPOSITION:visual_impaired=0
DISPOSITION:clean_effects=0
DISPOSITION:attached_pic=0
DISPOSITION:timed_thumbnails=0
[/STREAM]
[FORMAT]
filename=rtmp://43.199.149.178/live/front_right
nb_streams=2
nb_programs=0
format_name=flv
format_long_name=FLV (Flash Video)
start_time=0.000000
duration=N/A
size=N/A
bit_rate=N/A
probe_score=100
TAG:title=/camera3/rtsp
TAG:comment=rtsp_image_transport
TAG:encoder=Lavf58.29.100
TAG:server=SRS/5.0.213(Bee)
TAG:server_version=5.0.213
[/FORMAT]
[AVIOContext @ 0x5621bd10e640] Statistics: 606152 bytes read, 0 seeks
---------------------[ ffprobe Log End ]----------------------
SUMMARY: Status OK. Check passed because ffprobe successfully connected to the stream and retrieved its information (Exit Code: 0).

====================[ End of Check Cycle ]====================

==========================================================
                STREAM STATUS CHECK @ Friday, July 25, 2025 PM01:28:42 HKT
==========================================================

------------------[ Checking Stream: front_left ]------------------
URL: rtmp://43.199.149.178/live/front_left
--------------------[ ffprobe Log Start ]---------------------
ffprobe version 4.2.7-0ubuntu0.1 Copyright (c) 2007-2022 the FFmpeg developers
  built with gcc 9 (Ubuntu 9.4.0-1ubuntu1~20.04.1)
  configuration: --prefix=/usr --extra-version=0ubuntu0.1 --toolchain=hardened --libdir=/usr/lib/x86_64-linux-gnu --incdir=/usr/include/x86_64-linux-gnu --arch=amd64 --enable-gpl --disable-stripping --enable-avresample --disable-filter=resample --enable-avisynth --enable-gnutls --enable-ladspa --enable-libaom --enable-libass --enable-libbluray --enable-libbs2b --enable-libcaca --enable-libcdio --enable-libcodec2 --enable-libflite --enable-libfontconfig --enable-libfreetype --enable-libfribidi --enable-libgme --enable-libgsm --enable-libjack --enable-libmp3lame --enable-libmysofa --enable-libopenjpeg --enable-libopenmpt --enable-libopus --enable-libpulse --enable-librsvg --enable-librubberband --enable-libshine --enable-libsnappy --enable-libsoxr --enable-libspeex --enable-libssh --enable-libtheora --enable-libtwolame --enable-libvidstab --enable-libvorbis --enable-libvpx --enable-libwavpack --enable-libwebp --enable-libx265 --enable-libxml2 --enable-libxvid --enable-libzmq --enable-libzvbi --enable-lv2 --enable-omx --enable-openal --enable-opencl --enable-opengl --enable-sdl2 --enable-libdc1394 --enable-libdrm --enable-libiec61883 --enable-nvenc --enable-chromaprint --enable-frei0r --enable-libx264 --enable-shared
  libavutil      56. 31.100 / 56. 31.100
  libavcodec     58. 54.100 / 58. 54.100
  libavformat    58. 29.100 / 58. 29.100
  libavdevice    58.  8.100 / 58.  8.100
  libavfilter     7. 57.100 /  7. 57.100
  libavresample   4.  0.  0 /  4.  0.  0
  libswscale      5.  5.100 /  5.  5.100
  libswresample   3.  5.100 /  3.  5.100
  libpostproc    55.  5.100 / 55.  5.100
[tcp @ 0x556b1e747c00] Starting connection attempt to 43.199.149.178 port 1935
[tcp @ 0x556b1e747c00] Successfully connected to 43.199.149.178 port 1935
[h264 @ 0x556b1e75c240] Reinit context to 1024x624, pix_fmt: yuv420p
[flv @ 0x556b1e746980] max_analyze_duration 5000000 reached at 5000000 microseconds st:1
Input #0, flv, from 'rtmp://43.199.149.178/live/front_left':
  Metadata:
    title           : /camera5/rtsp
    comment         : rtsp_image_transport
    encoder         : Lavf58.29.100
    server          : SRS/5.0.213(Bee)
    server_version  : 5.0.213
  Duration: N/A, start: 0.000000, bitrate: N/A
    Stream #0:0: Data: none
    Stream #0:1: Video: h264 (Main), 1 reference frame, yuv420p(progressive, left), 1024x616 (1024x624) [SAR 1:1 DAR 128:77], 30 fps, 10 tbr, 1k tbn, 60 tbc
Unsupported codec with id 0 for input stream 0
[STREAM]
index=0
codec_name=unknown
codec_long_name=unknown
profile=unknown
codec_type=data
codec_tag_string=[0][0][0][0]
codec_tag=0x0000
id=N/A
r_frame_rate=0/0
avg_frame_rate=0/0
time_base=1/1000
start_pts=0
start_time=0.000000
duration_ts=N/A
duration=N/A
bit_rate=N/A
max_bit_rate=N/A
bits_per_raw_sample=N/A
nb_frames=N/A
nb_read_frames=N/A
nb_read_packets=N/A
DISPOSITION:default=0
DISPOSITION:dub=0
DISPOSITION:original=0
DISPOSITION:comment=0
DISPOSITION:lyrics=0
DISPOSITION:karaoke=0
DISPOSITION:forced=0
DISPOSITION:hearing_impaired=0
DISPOSITION:visual_impaired=0
DISPOSITION:clean_effects=0
DISPOSITION:attached_pic=0
DISPOSITION:timed_thumbnails=0
[/STREAM]
[STREAM]
index=1
codec_name=h264
codec_long_name=H.264 / AVC / MPEG-4 AVC / MPEG-4 part 10
profile=Main
codec_type=video
codec_time_base=1/60
codec_tag_string=[0][0][0][0]
codec_tag=0x0000
width=1024
height=616
coded_width=1024
coded_height=624
has_b_frames=0
sample_aspect_ratio=1:1
display_aspect_ratio=128:77
pix_fmt=yuv420p
level=31
color_range=unknown
color_space=unknown
color_transfer=unknown
color_primaries=unknown
chroma_location=left
field_order=progressive
timecode=N/A
refs=1
is_avc=true
nal_length_size=4
id=N/A
r_frame_rate=10/1
avg_frame_rate=30/1
time_base=1/1000
start_pts=10
start_time=0.010000
duration_ts=N/A
duration=N/A
bit_rate=N/A
max_bit_rate=N/A
bits_per_raw_sample=8
nb_frames=N/A
nb_read_frames=N/A
nb_read_packets=N/A
DISPOSITION:default=0
DISPOSITION:dub=0
DISPOSITION:original=0
DISPOSITION:comment=0
DISPOSITION:lyrics=0
DISPOSITION:karaoke=0
DISPOSITION:forced=0
DISPOSITION:hearing_impaired=0
DISPOSITION:visual_impaired=0
DISPOSITION:clean_effects=0
DISPOSITION:attached_pic=0
DISPOSITION:timed_thumbnails=0
[/STREAM]
[FORMAT]
filename=rtmp://43.199.149.178/live/front_left
nb_streams=2
nb_programs=0
format_name=flv
format_long_name=FLV (Flash Video)
start_time=0.000000
duration=N/A
size=N/A
bit_rate=N/A
probe_score=100
TAG:title=/camera5/rtsp
TAG:comment=rtsp_image_transport
TAG:encoder=Lavf58.29.100
TAG:server=SRS/5.0.213(Bee)
TAG:server_version=5.0.213
[/FORMAT]
[AVIOContext @ 0x556b1e749640] Statistics: 671332 bytes read, 0 seeks
---------------------[ ffprobe Log End ]----------------------
SUMMARY: Status OK. Check passed because ffprobe successfully connected to the stream and retrieved its information (Exit Code: 0).


------------------[ Checking Stream: front_right ]------------------
URL: rtmp://43.199.149.178/live/front_right
--------------------[ ffprobe Log Start ]---------------------
ffprobe version 4.2.7-0ubuntu0.1 Copyright (c) 2007-2022 the FFmpeg developers
  built with gcc 9 (Ubuntu 9.4.0-1ubuntu1~20.04.1)
  configuration: --prefix=/usr --extra-version=0ubuntu0.1 --toolchain=hardened --libdir=/usr/lib/x86_64-linux-gnu --incdir=/usr/include/x86_64-linux-gnu --arch=amd64 --enable-gpl --disable-stripping --enable-avresample --disable-filter=resample --enable-avisynth --enable-gnutls --enable-ladspa --enable-libaom --enable-libass --enable-libbluray --enable-libbs2b --enable-libcaca --enable-libcdio --enable-libcodec2 --enable-libflite --enable-libfontconfig --enable-libfreetype --enable-libfribidi --enable-libgme --enable-libgsm --enable-libjack --enable-libmp3lame --enable-libmysofa --enable-libopenjpeg --enable-libopenmpt --enable-libopus --enable-libpulse --enable-librsvg --enable-librubberband --enable-libshine --enable-libsnappy --enable-libsoxr --enable-libspeex --enable-libssh --enable-libtheora --enable-libtwolame --enable-libvidstab --enable-libvorbis --enable-libvpx --enable-libwavpack --enable-libwebp --enable-libx265 --enable-libxml2 --enable-libxvid --enable-libzmq --enable-libzvbi --enable-lv2 --enable-omx --enable-openal --enable-opencl --enable-opengl --enable-sdl2 --enable-libdc1394 --enable-libdrm --enable-libiec61883 --enable-nvenc --enable-chromaprint --enable-frei0r --enable-libx264 --enable-shared
  libavutil      56. 31.100 / 56. 31.100
  libavcodec     58. 54.100 / 58. 54.100
  libavformat    58. 29.100 / 58. 29.100
  libavdevice    58.  8.100 / 58.  8.100
  libavfilter     7. 57.100 /  7. 57.100
  libavresample   4.  0.  0 /  4.  0.  0
  libswscale      5.  5.100 /  5.  5.100
  libswresample   3.  5.100 /  3.  5.100
  libpostproc    55.  5.100 / 55.  5.100
[tcp @ 0x564335c92c00] Starting connection attempt to 43.199.149.178 port 1935
[tcp @ 0x564335c92c00] Successfully connected to 43.199.149.178 port 1935
[h264 @ 0x564335ca7240] Reinit context to 1024x624, pix_fmt: yuv420p
[flv @ 0x564335c91980] max_analyze_duration 5000000 reached at 5000000 microseconds st:1
Input #0, flv, from 'rtmp://43.199.149.178/live/front_right':
  Metadata:
    title           : /camera3/rtsp
    comment         : rtsp_image_transport
    encoder         : Lavf58.29.100
    server          : SRS/5.0.213(Bee)
    server_version  : 5.0.213
  Duration: N/A, start: 0.000000, bitrate: N/A
    Stream #0:0: Data: none
    Stream #0:1: Video: h264 (Main), 1 reference frame, yuv420p(progressive, left), 1024x616 (1024x624) [SAR 1:1 DAR 128:77], 30 fps, 10 tbr, 1k tbn, 60 tbc
Unsupported codec with id 0 for input stream 0
[STREAM]
index=0
codec_name=unknown
codec_long_name=unknown
profile=unknown
codec_type=data
codec_tag_string=[0][0][0][0]
codec_tag=0x0000
id=N/A
r_frame_rate=0/0
avg_frame_rate=0/0
time_base=1/1000
start_pts=0
start_time=0.000000
duration_ts=N/A
duration=N/A
bit_rate=N/A
max_bit_rate=N/A
bits_per_raw_sample=N/A
nb_frames=N/A
nb_read_frames=N/A
nb_read_packets=N/A
DISPOSITION:default=0
DISPOSITION:dub=0
DISPOSITION:original=0
DISPOSITION:comment=0
DISPOSITION:lyrics=0
DISPOSITION:karaoke=0
DISPOSITION:forced=0
DISPOSITION:hearing_impaired=0
DISPOSITION:visual_impaired=0
DISPOSITION:clean_effects=0
DISPOSITION:attached_pic=0
DISPOSITION:timed_thumbnails=0
[/STREAM]
[STREAM]
index=1
codec_name=h264
codec_long_name=H.264 / AVC / MPEG-4 AVC / MPEG-4 part 10
profile=Main
codec_type=video
codec_time_base=1/60
codec_tag_string=[0][0][0][0]
codec_tag=0x0000
width=1024
height=616
coded_width=1024
coded_height=624
has_b_frames=0
sample_aspect_ratio=1:1
display_aspect_ratio=128:77
pix_fmt=yuv420p
level=31
color_range=unknown
color_space=unknown
color_transfer=unknown
color_primaries=unknown
chroma_location=left
field_order=progressive
timecode=N/A
refs=1
is_avc=true
nal_length_size=4
id=N/A
r_frame_rate=10/1
avg_frame_rate=30/1
time_base=1/1000
start_pts=10
start_time=0.010000
duration_ts=N/A
duration=N/A
bit_rate=N/A
max_bit_rate=N/A
bits_per_raw_sample=8
nb_frames=N/A
nb_read_frames=N/A
nb_read_packets=N/A
DISPOSITION:default=0
DISPOSITION:dub=0
DISPOSITION:original=0
DISPOSITION:comment=0
DISPOSITION:lyrics=0
DISPOSITION:karaoke=0
DISPOSITION:forced=0
DISPOSITION:hearing_impaired=0
DISPOSITION:visual_impaired=0
DISPOSITION:clean_effects=0
DISPOSITION:attached_pic=0
DISPOSITION:timed_thumbnails=0
[/STREAM]
[FORMAT]
filename=rtmp://43.199.149.178/live/front_right
nb_streams=2
nb_programs=0
format_name=flv
format_long_name=FLV (Flash Video)
start_time=0.000000
duration=N/A
size=N/A
bit_rate=N/A
probe_score=100
TAG:title=/camera3/rtsp
TAG:comment=rtsp_image_transport
TAG:encoder=Lavf58.29.100
TAG:server=SRS/5.0.213(Bee)
TAG:server_version=5.0.213
[/FORMAT]
[AVIOContext @ 0x564335c94640] Statistics: 631801 bytes read, 0 seeks
---------------------[ ffprobe Log End ]----------------------
SUMMARY: Status OK. Check passed because ffprobe successfully connected to the stream and retrieved its information (Exit Code: 0).

====================[ End of Check Cycle ]====================

==========================================================
                STREAM STATUS CHECK @ Friday, July 25, 2025 PM01:30:12 HKT
==========================================================

------------------[ Checking Stream: front_left ]------------------
URL: rtmp://43.199.149.178/live/front_left
--------------------[ ffprobe Log Start ]---------------------
ffprobe version 4.2.7-0ubuntu0.1 Copyright (c) 2007-2022 the FFmpeg developers
  built with gcc 9 (Ubuntu 9.4.0-1ubuntu1~20.04.1)
  configuration: --prefix=/usr --extra-version=0ubuntu0.1 --toolchain=hardened --libdir=/usr/lib/x86_64-linux-gnu --incdir=/usr/include/x86_64-linux-gnu --arch=amd64 --enable-gpl --disable-stripping --enable-avresample --disable-filter=resample --enable-avisynth --enable-gnutls --enable-ladspa --enable-libaom --enable-libass --enable-libbluray --enable-libbs2b --enable-libcaca --enable-libcdio --enable-libcodec2 --enable-libflite --enable-libfontconfig --enable-libfreetype --enable-libfribidi --enable-libgme --enable-libgsm --enable-libjack --enable-libmp3lame --enable-libmysofa --enable-libopenjpeg --enable-libopenmpt --enable-libopus --enable-libpulse --enable-librsvg --enable-librubberband --enable-libshine --enable-libsnappy --enable-libsoxr --enable-libspeex --enable-libssh --enable-libtheora --enable-libtwolame --enable-libvidstab --enable-libvorbis --enable-libvpx --enable-libwavpack --enable-libwebp --enable-libx265 --enable-libxml2 --enable-libxvid --enable-libzmq --enable-libzvbi --enable-lv2 --enable-omx --enable-openal --enable-opencl --enable-opengl --enable-sdl2 --enable-libdc1394 --enable-libdrm --enable-libiec61883 --enable-nvenc --enable-chromaprint --enable-frei0r --enable-libx264 --enable-shared
  libavutil      56. 31.100 / 56. 31.100
  libavcodec     58. 54.100 / 58. 54.100
  libavformat    58. 29.100 / 58. 29.100
  libavdevice    58.  8.100 / 58.  8.100
  libavfilter     7. 57.100 /  7. 57.100
  libavresample   4.  0.  0 /  4.  0.  0
  libswscale      5.  5.100 /  5.  5.100
  libswresample   3.  5.100 /  3.  5.100
  libpostproc    55.  5.100 / 55.  5.100
[tcp @ 0x556abfe0fc00] Starting connection attempt to 43.199.149.178 port 1935
[tcp @ 0x556abfe0fc00] Successfully connected to 43.199.149.178 port 1935
[h264 @ 0x556abfe24240] Reinit context to 1024x624, pix_fmt: yuv420p
[flv @ 0x556abfe0e980] max_analyze_duration 5000000 reached at 5000000 microseconds st:1
Input #0, flv, from 'rtmp://43.199.149.178/live/front_left':
  Metadata:
    title           : /camera5/rtsp
    comment         : rtsp_image_transport
    encoder         : Lavf58.29.100
    server          : SRS/5.0.213(Bee)
    server_version  : 5.0.213
  Duration: N/A, start: 0.000000, bitrate: N/A
    Stream #0:0: Data: none
    Stream #0:1: Video: h264 (Main), 1 reference frame, yuv420p(progressive, left), 1024x616 (1024x624) [SAR 1:1 DAR 128:77], 30 fps, 10 tbr, 1k tbn, 60 tbc
Unsupported codec with id 0 for input stream 0
[STREAM]
index=0
codec_name=unknown
codec_long_name=unknown
profile=unknown
codec_type=data
codec_tag_string=[0][0][0][0]
codec_tag=0x0000
id=N/A
r_frame_rate=0/0
avg_frame_rate=0/0
time_base=1/1000
start_pts=0
start_time=0.000000
duration_ts=N/A
duration=N/A
bit_rate=N/A
max_bit_rate=N/A
bits_per_raw_sample=N/A
nb_frames=N/A
nb_read_frames=N/A
nb_read_packets=N/A
DISPOSITION:default=0
DISPOSITION:dub=0
DISPOSITION:original=0
DISPOSITION:comment=0
DISPOSITION:lyrics=0
DISPOSITION:karaoke=0
DISPOSITION:forced=0
DISPOSITION:hearing_impaired=0
DISPOSITION:visual_impaired=0
DISPOSITION:clean_effects=0
DISPOSITION:attached_pic=0
DISPOSITION:timed_thumbnails=0
[/STREAM]
[STREAM]
index=1
codec_name=h264
codec_long_name=H.264 / AVC / MPEG-4 AVC / MPEG-4 part 10
profile=Main
codec_type=video
codec_time_base=1/60
codec_tag_string=[0][0][0][0]
codec_tag=0x0000
width=1024
height=616
coded_width=1024
coded_height=624
has_b_frames=0
sample_aspect_ratio=1:1
display_aspect_ratio=128:77
pix_fmt=yuv420p
level=31
color_range=unknown
color_space=unknown
color_transfer=unknown
color_primaries=unknown
chroma_location=left
field_order=progressive
timecode=N/A
refs=1
is_avc=true
nal_length_size=4
id=N/A
r_frame_rate=10/1
avg_frame_rate=30/1
time_base=1/1000
start_pts=10
start_time=0.010000
duration_ts=N/A
duration=N/A
bit_rate=N/A
max_bit_rate=N/A
bits_per_raw_sample=8
nb_frames=N/A
nb_read_frames=N/A
nb_read_packets=N/A
DISPOSITION:default=0
DISPOSITION:dub=0
DISPOSITION:original=0
DISPOSITION:comment=0
DISPOSITION:lyrics=0
DISPOSITION:karaoke=0
DISPOSITION:forced=0
DISPOSITION:hearing_impaired=0
DISPOSITION:visual_impaired=0
DISPOSITION:clean_effects=0
DISPOSITION:attached_pic=0
DISPOSITION:timed_thumbnails=0
[/STREAM]
[FORMAT]
filename=rtmp://43.199.149.178/live/front_left
nb_streams=2
nb_programs=0
format_name=flv
format_long_name=FLV (Flash Video)
start_time=0.000000
duration=N/A
size=N/A
bit_rate=N/A
probe_score=100
TAG:title=/camera5/rtsp
TAG:comment=rtsp_image_transport
TAG:encoder=Lavf58.29.100
TAG:server=SRS/5.0.213(Bee)
TAG:server_version=5.0.213
[/FORMAT]
[AVIOContext @ 0x556abfe11640] Statistics: 668900 bytes read, 0 seeks
---------------------[ ffprobe Log End ]----------------------
SUMMARY: Status OK. Check passed because ffprobe successfully connected to the stream and retrieved its information (Exit Code: 0).


------------------[ Checking Stream: front_right ]------------------
URL: rtmp://43.199.149.178/live/front_right
--------------------[ ffprobe Log Start ]---------------------
ffprobe version 4.2.7-0ubuntu0.1 Copyright (c) 2007-2022 the FFmpeg developers
  built with gcc 9 (Ubuntu 9.4.0-1ubuntu1~20.04.1)
  configuration: --prefix=/usr --extra-version=0ubuntu0.1 --toolchain=hardened --libdir=/usr/lib/x86_64-linux-gnu --incdir=/usr/include/x86_64-linux-gnu --arch=amd64 --enable-gpl --disable-stripping --enable-avresample --disable-filter=resample --enable-avisynth --enable-gnutls --enable-ladspa --enable-libaom --enable-libass --enable-libbluray --enable-libbs2b --enable-libcaca --enable-libcdio --enable-libcodec2 --enable-libflite --enable-libfontconfig --enable-libfreetype --enable-libfribidi --enable-libgme --enable-libgsm --enable-libjack --enable-libmp3lame --enable-libmysofa --enable-libopenjpeg --enable-libopenmpt --enable-libopus --enable-libpulse --enable-librsvg --enable-librubberband --enable-libshine --enable-libsnappy --enable-libsoxr --enable-libspeex --enable-libssh --enable-libtheora --enable-libtwolame --enable-libvidstab --enable-libvorbis --enable-libvpx --enable-libwavpack --enable-libwebp --enable-libx265 --enable-libxml2 --enable-libxvid --enable-libzmq --enable-libzvbi --enable-lv2 --enable-omx --enable-openal --enable-opencl --enable-opengl --enable-sdl2 --enable-libdc1394 --enable-libdrm --enable-libiec61883 --enable-nvenc --enable-chromaprint --enable-frei0r --enable-libx264 --enable-shared
  libavutil      56. 31.100 / 56. 31.100
  libavcodec     58. 54.100 / 58. 54.100
  libavformat    58. 29.100 / 58. 29.100
  libavdevice    58.  8.100 / 58.  8.100
  libavfilter     7. 57.100 /  7. 57.100
  libavresample   4.  0.  0 /  4.  0.  0
  libswscale      5.  5.100 /  5.  5.100
  libswresample   3.  5.100 /  3.  5.100
  libpostproc    55.  5.100 / 55.  5.100
[tcp @ 0x55fac485bc00] Starting connection attempt to 43.199.149.178 port 1935
[tcp @ 0x55fac485bc00] Successfully connected to 43.199.149.178 port 1935
[h264 @ 0x55fac485ea00] Reinit context to 1024x624, pix_fmt: yuv420p
[h264 @ 0x55fac485ea00] error while decoding MB 39 28, bytestream -22
[h264 @ 0x55fac485ea00] concealing 714 DC, 714 AC, 714 MV errors in I frame
[flv @ 0x55fac485a980] max_analyze_duration 5000000 reached at 5000000 microseconds st:1
Input #0, flv, from 'rtmp://43.199.149.178/live/front_right':
  Metadata:
    title           : /camera3/rtsp
    comment         : rtsp_image_transport
    encoder         : Lavf58.29.100
    server          : SRS/5.0.213(Bee)
    server_version  : 5.0.213
  Duration: N/A, start: 0.000000, bitrate: N/A
    Stream #0:0: Data: none
    Stream #0:1: Video: h264 (Main), 1 reference frame, yuv420p(progressive, left), 1024x616 (1024x624) [SAR 1:1 DAR 128:77], 30 fps, 10 tbr, 1k tbn, 60 tbc
Unsupported codec with id 0 for input stream 0
[STREAM]
index=0
codec_name=unknown
codec_long_name=unknown
profile=unknown
codec_type=data
codec_tag_string=[0][0][0][0]
codec_tag=0x0000
id=N/A
r_frame_rate=0/0
avg_frame_rate=0/0
time_base=1/1000
start_pts=0
start_time=0.000000
duration_ts=N/A
duration=N/A
bit_rate=N/A
max_bit_rate=N/A
bits_per_raw_sample=N/A
nb_frames=N/A
nb_read_frames=N/A
nb_read_packets=N/A
DISPOSITION:default=0
DISPOSITION:dub=0
DISPOSITION:original=0
DISPOSITION:comment=0
DISPOSITION:lyrics=0
DISPOSITION:karaoke=0
DISPOSITION:forced=0
DISPOSITION:hearing_impaired=0
DISPOSITION:visual_impaired=0
DISPOSITION:clean_effects=0
DISPOSITION:attached_pic=0
DISPOSITION:timed_thumbnails=0
[/STREAM]
[STREAM]
index=1
codec_name=h264
codec_long_name=H.264 / AVC / MPEG-4 AVC / MPEG-4 part 10
profile=Main
codec_type=video
codec_time_base=1/60
codec_tag_string=[0][0][0][0]
codec_tag=0x0000
width=1024
height=616
coded_width=1024
coded_height=624
has_b_frames=0
sample_aspect_ratio=1:1
display_aspect_ratio=128:77
pix_fmt=yuv420p
level=31
color_range=unknown
color_space=unknown
color_transfer=unknown
color_primaries=unknown
chroma_location=left
field_order=progressive
timecode=N/A
refs=1
is_avc=true
nal_length_size=4
id=N/A
r_frame_rate=10/1
avg_frame_rate=30/1
time_base=1/1000
start_pts=10
start_time=0.010000
duration_ts=N/A
duration=N/A
bit_rate=N/A
max_bit_rate=N/A
bits_per_raw_sample=8
nb_frames=N/A
nb_read_frames=N/A
nb_read_packets=N/A
DISPOSITION:default=0
DISPOSITION:dub=0
DISPOSITION:original=0
DISPOSITION:comment=0
DISPOSITION:lyrics=0
DISPOSITION:karaoke=0
DISPOSITION:forced=0
DISPOSITION:hearing_impaired=0
DISPOSITION:visual_impaired=0
DISPOSITION:clean_effects=0
DISPOSITION:attached_pic=0
DISPOSITION:timed_thumbnails=0
[/STREAM]
[FORMAT]
filename=rtmp://43.199.149.178/live/front_right
nb_streams=2
nb_programs=0
format_name=flv
format_long_name=FLV (Flash Video)
start_time=0.000000
duration=N/A
size=N/A
bit_rate=N/A
probe_score=100
TAG:title=/camera3/rtsp
TAG:comment=rtsp_image_transport
TAG:encoder=Lavf58.29.100
TAG:server=SRS/5.0.213(Bee)
TAG:server_version=5.0.213
[/FORMAT]
[AVIOContext @ 0x55fac485d640] Statistics: 609849 bytes read, 0 seeks
---------------------[ ffprobe Log End ]----------------------
SUMMARY: Status OK. Check passed because ffprobe successfully connected to the stream and retrieved its information (Exit Code: 0).

====================[ End of Check Cycle ]====================

==========================================================
                STREAM STATUS CHECK @ Friday, July 25, 2025 PM01:31:42 HKT
==========================================================

------------------[ Checking Stream: front_left ]------------------
URL: rtmp://43.199.149.178/live/front_left
--------------------[ ffprobe Log Start ]---------------------
ffprobe version 4.2.7-0ubuntu0.1 Copyright (c) 2007-2022 the FFmpeg developers
  built with gcc 9 (Ubuntu 9.4.0-1ubuntu1~20.04.1)
  configuration: --prefix=/usr --extra-version=0ubuntu0.1 --toolchain=hardened --libdir=/usr/lib/x86_64-linux-gnu --incdir=/usr/include/x86_64-linux-gnu --arch=amd64 --enable-gpl --disable-stripping --enable-avresample --disable-filter=resample --enable-avisynth --enable-gnutls --enable-ladspa --enable-libaom --enable-libass --enable-libbluray --enable-libbs2b --enable-libcaca --enable-libcdio --enable-libcodec2 --enable-libflite --enable-libfontconfig --enable-libfreetype --enable-libfribidi --enable-libgme --enable-libgsm --enable-libjack --enable-libmp3lame --enable-libmysofa --enable-libopenjpeg --enable-libopenmpt --enable-libopus --enable-libpulse --enable-librsvg --enable-librubberband --enable-libshine --enable-libsnappy --enable-libsoxr --enable-libspeex --enable-libssh --enable-libtheora --enable-libtwolame --enable-libvidstab --enable-libvorbis --enable-libvpx --enable-libwavpack --enable-libwebp --enable-libx265 --enable-libxml2 --enable-libxvid --enable-libzmq --enable-libzvbi --enable-lv2 --enable-omx --enable-openal --enable-opencl --enable-opengl --enable-sdl2 --enable-libdc1394 --enable-libdrm --enable-libiec61883 --enable-nvenc --enable-chromaprint --enable-frei0r --enable-libx264 --enable-shared
  libavutil      56. 31.100 / 56. 31.100
  libavcodec     58. 54.100 / 58. 54.100
  libavformat    58. 29.100 / 58. 29.100
  libavdevice    58.  8.100 / 58.  8.100
  libavfilter     7. 57.100 /  7. 57.100
  libavresample   4.  0.  0 /  4.  0.  0
  libswscale      5.  5.100 /  5.  5.100
  libswresample   3.  5.100 /  3.  5.100
  libpostproc    55.  5.100 / 55.  5.100
[tcp @ 0x56471f88ac00] Starting connection attempt to 43.199.149.178 port 1935
[tcp @ 0x56471f88ac00] Successfully connected to 43.199.149.178 port 1935
[h264 @ 0x56471f89f240] Reinit context to 1024x624, pix_fmt: yuv420p
[flv @ 0x56471f889980] max_analyze_duration 5000000 reached at 5000000 microseconds st:1
Input #0, flv, from 'rtmp://43.199.149.178/live/front_left':
  Metadata:
    title           : /camera5/rtsp
    comment         : rtsp_image_transport
    encoder         : Lavf58.29.100
    server          : SRS/5.0.213(Bee)
    server_version  : 5.0.213
  Duration: N/A, start: 0.000000, bitrate: N/A
    Stream #0:0: Data: none
    Stream #0:1: Video: h264 (Main), 1 reference frame, yuv420p(progressive, left), 1024x616 (1024x624) [SAR 1:1 DAR 128:77], 30 fps, 10 tbr, 1k tbn, 60 tbc
Unsupported codec with id 0 for input stream 0
[STREAM]
index=0
codec_name=unknown
codec_long_name=unknown
profile=unknown
codec_type=data
codec_tag_string=[0][0][0][0]
codec_tag=0x0000
id=N/A
r_frame_rate=0/0
avg_frame_rate=0/0
time_base=1/1000
start_pts=0
start_time=0.000000
duration_ts=N/A
duration=N/A
bit_rate=N/A
max_bit_rate=N/A
bits_per_raw_sample=N/A
nb_frames=N/A
nb_read_frames=N/A
nb_read_packets=N/A
DISPOSITION:default=0
DISPOSITION:dub=0
DISPOSITION:original=0
DISPOSITION:comment=0
DISPOSITION:lyrics=0
DISPOSITION:karaoke=0
DISPOSITION:forced=0
DISPOSITION:hearing_impaired=0
DISPOSITION:visual_impaired=0
DISPOSITION:clean_effects=0
DISPOSITION:attached_pic=0
DISPOSITION:timed_thumbnails=0
[/STREAM]
[STREAM]
index=1
codec_name=h264
codec_long_name=H.264 / AVC / MPEG-4 AVC / MPEG-4 part 10
profile=Main
codec_type=video
codec_time_base=1/60
codec_tag_string=[0][0][0][0]
codec_tag=0x0000
width=1024
height=616
coded_width=1024
coded_height=624
has_b_frames=0
sample_aspect_ratio=1:1
display_aspect_ratio=128:77
pix_fmt=yuv420p
level=31
color_range=unknown
color_space=unknown
color_transfer=unknown
color_primaries=unknown
chroma_location=left
field_order=progressive
timecode=N/A
refs=1
is_avc=true
nal_length_size=4
id=N/A
r_frame_rate=10/1
avg_frame_rate=30/1
time_base=1/1000
start_pts=10
start_time=0.010000
duration_ts=N/A
duration=N/A
bit_rate=N/A
max_bit_rate=N/A
bits_per_raw_sample=8
nb_frames=N/A
nb_read_frames=N/A
nb_read_packets=N/A
DISPOSITION:default=0
DISPOSITION:dub=0
DISPOSITION:original=0
DISPOSITION:comment=0
DISPOSITION:lyrics=0
DISPOSITION:karaoke=0
DISPOSITION:forced=0
DISPOSITION:hearing_impaired=0
DISPOSITION:visual_impaired=0
DISPOSITION:clean_effects=0
DISPOSITION:attached_pic=0
DISPOSITION:timed_thumbnails=0
[/STREAM]
[FORMAT]
filename=rtmp://43.199.149.178/live/front_left
nb_streams=2
nb_programs=0
format_name=flv
format_long_name=FLV (Flash Video)
start_time=0.000000
duration=N/A
size=N/A
bit_rate=N/A
probe_score=100
TAG:title=/camera5/rtsp
TAG:comment=rtsp_image_transport
TAG:encoder=Lavf58.29.100
TAG:server=SRS/5.0.213(Bee)
TAG:server_version=5.0.213
[/FORMAT]
[AVIOContext @ 0x56471f88c640] Statistics: 674439 bytes read, 0 seeks
---------------------[ ffprobe Log End ]----------------------
SUMMARY: Status OK. Check passed because ffprobe successfully connected to the stream and retrieved its information (Exit Code: 0).


------------------[ Checking Stream: front_right ]------------------
URL: rtmp://43.199.149.178/live/front_right
--------------------[ ffprobe Log Start ]---------------------
ffprobe version 4.2.7-0ubuntu0.1 Copyright (c) 2007-2022 the FFmpeg developers
  built with gcc 9 (Ubuntu 9.4.0-1ubuntu1~20.04.1)
  configuration: --prefix=/usr --extra-version=0ubuntu0.1 --toolchain=hardened --libdir=/usr/lib/x86_64-linux-gnu --incdir=/usr/include/x86_64-linux-gnu --arch=amd64 --enable-gpl --disable-stripping --enable-avresample --disable-filter=resample --enable-avisynth --enable-gnutls --enable-ladspa --enable-libaom --enable-libass --enable-libbluray --enable-libbs2b --enable-libcaca --enable-libcdio --enable-libcodec2 --enable-libflite --enable-libfontconfig --enable-libfreetype --enable-libfribidi --enable-libgme --enable-libgsm --enable-libjack --enable-libmp3lame --enable-libmysofa --enable-libopenjpeg --enable-libopenmpt --enable-libopus --enable-libpulse --enable-librsvg --enable-librubberband --enable-libshine --enable-libsnappy --enable-libsoxr --enable-libspeex --enable-libssh --enable-libtheora --enable-libtwolame --enable-libvidstab --enable-libvorbis --enable-libvpx --enable-libwavpack --enable-libwebp --enable-libx265 --enable-libxml2 --enable-libxvid --enable-libzmq --enable-libzvbi --enable-lv2 --enable-omx --enable-openal --enable-opencl --enable-opengl --enable-sdl2 --enable-libdc1394 --enable-libdrm --enable-libiec61883 --enable-nvenc --enable-chromaprint --enable-frei0r --enable-libx264 --enable-shared
  libavutil      56. 31.100 / 56. 31.100
  libavcodec     58. 54.100 / 58. 54.100
  libavformat    58. 29.100 / 58. 29.100
  libavdevice    58.  8.100 / 58.  8.100
  libavfilter     7. 57.100 /  7. 57.100
  libavresample   4.  0.  0 /  4.  0.  0
  libswscale      5.  5.100 /  5.  5.100
  libswresample   3.  5.100 /  3.  5.100
  libpostproc    55.  5.100 / 55.  5.100
[tcp @ 0x5567285e9c00] Starting connection attempt to 43.199.149.178 port 1935
[tcp @ 0x5567285e9c00] Successfully connected to 43.199.149.178 port 1935
[h264 @ 0x5567285eca00] Reinit context to 1024x624, pix_fmt: yuv420p
[h264 @ 0x5567285eca00] error while decoding MB 22 18, bytestream -13
[h264 @ 0x5567285eca00] concealing 1371 DC, 1371 AC, 1371 MV errors in I frame
[flv @ 0x5567285e8980] max_analyze_duration 5000000 reached at 5000000 microseconds st:1
Input #0, flv, from 'rtmp://43.199.149.178/live/front_right':
  Metadata:
    title           : /camera3/rtsp
    comment         : rtsp_image_transport
    encoder         : Lavf58.29.100
    server          : SRS/5.0.213(Bee)
    server_version  : 5.0.213
  Duration: N/A, start: 0.000000, bitrate: N/A
    Stream #0:0: Data: none
    Stream #0:1: Video: h264 (Main), 1 reference frame, yuv420p(progressive, left), 1024x616 (1024x624) [SAR 1:1 DAR 128:77], 30 fps, 10 tbr, 1k tbn, 60 tbc
Unsupported codec with id 0 for input stream 0
[STREAM]
index=0
codec_name=unknown
codec_long_name=unknown
profile=unknown
codec_type=data
codec_tag_string=[0][0][0][0]
codec_tag=0x0000
id=N/A
r_frame_rate=0/0
avg_frame_rate=0/0
time_base=1/1000
start_pts=0
start_time=0.000000
duration_ts=N/A
duration=N/A
bit_rate=N/A
max_bit_rate=N/A
bits_per_raw_sample=N/A
nb_frames=N/A
nb_read_frames=N/A
nb_read_packets=N/A
DISPOSITION:default=0
DISPOSITION:dub=0
DISPOSITION:original=0
DISPOSITION:comment=0
DISPOSITION:lyrics=0
DISPOSITION:karaoke=0
DISPOSITION:forced=0
DISPOSITION:hearing_impaired=0
DISPOSITION:visual_impaired=0
DISPOSITION:clean_effects=0
DISPOSITION:attached_pic=0
DISPOSITION:timed_thumbnails=0
[/STREAM]
[STREAM]
index=1
codec_name=h264
codec_long_name=H.264 / AVC / MPEG-4 AVC / MPEG-4 part 10
profile=Main
codec_type=video
codec_time_base=1/60
codec_tag_string=[0][0][0][0]
codec_tag=0x0000
width=1024
height=616
coded_width=1024
coded_height=624
has_b_frames=0
sample_aspect_ratio=1:1
display_aspect_ratio=128:77
pix_fmt=yuv420p
level=31
color_range=unknown
color_space=unknown
color_transfer=unknown
color_primaries=unknown
chroma_location=left
field_order=progressive
timecode=N/A
refs=1
is_avc=true
nal_length_size=4
id=N/A
r_frame_rate=10/1
avg_frame_rate=30/1
time_base=1/1000
start_pts=10
start_time=0.010000
duration_ts=N/A
duration=N/A
bit_rate=N/A
max_bit_rate=N/A
bits_per_raw_sample=8
nb_frames=N/A
nb_read_frames=N/A
nb_read_packets=N/A
DISPOSITION:default=0
DISPOSITION:dub=0
DISPOSITION:original=0
DISPOSITION:comment=0
DISPOSITION:lyrics=0
DISPOSITION:karaoke=0
DISPOSITION:forced=0
DISPOSITION:hearing_impaired=0
DISPOSITION:visual_impaired=0
DISPOSITION:clean_effects=0
DISPOSITION:attached_pic=0
DISPOSITION:timed_thumbnails=0
[/STREAM]
[FORMAT]
filename=rtmp://43.199.149.178/live/front_right
nb_streams=2
nb_programs=0
format_name=flv
format_long_name=FLV (Flash Video)
start_time=0.000000
duration=N/A
size=N/A
bit_rate=N/A
probe_score=100
TAG:title=/camera3/rtsp
TAG:comment=rtsp_image_transport
TAG:encoder=Lavf58.29.100
TAG:server=SRS/5.0.213(Bee)
TAG:server_version=5.0.213
[/FORMAT]
[AVIOContext @ 0x5567285eb640] Statistics: 611630 bytes read, 0 seeks
---------------------[ ffprobe Log End ]----------------------
SUMMARY: Status OK. Check passed because ffprobe successfully connected to the stream and retrieved its information (Exit Code: 0).

====================[ End of Check Cycle ]====================

==========================================================
                STREAM STATUS CHECK @ Friday, July 25, 2025 PM01:33:13 HKT
==========================================================

------------------[ Checking Stream: front_left ]------------------
URL: rtmp://43.199.149.178/live/front_left
--------------------[ ffprobe Log Start ]---------------------
ffprobe version 4.2.7-0ubuntu0.1 Copyright (c) 2007-2022 the FFmpeg developers
  built with gcc 9 (Ubuntu 9.4.0-1ubuntu1~20.04.1)
  configuration: --prefix=/usr --extra-version=0ubuntu0.1 --toolchain=hardened --libdir=/usr/lib/x86_64-linux-gnu --incdir=/usr/include/x86_64-linux-gnu --arch=amd64 --enable-gpl --disable-stripping --enable-avresample --disable-filter=resample --enable-avisynth --enable-gnutls --enable-ladspa --enable-libaom --enable-libass --enable-libbluray --enable-libbs2b --enable-libcaca --enable-libcdio --enable-libcodec2 --enable-libflite --enable-libfontconfig --enable-libfreetype --enable-libfribidi --enable-libgme --enable-libgsm --enable-libjack --enable-libmp3lame --enable-libmysofa --enable-libopenjpeg --enable-libopenmpt --enable-libopus --enable-libpulse --enable-librsvg --enable-librubberband --enable-libshine --enable-libsnappy --enable-libsoxr --enable-libspeex --enable-libssh --enable-libtheora --enable-libtwolame --enable-libvidstab --enable-libvorbis --enable-libvpx --enable-libwavpack --enable-libwebp --enable-libx265 --enable-libxml2 --enable-libxvid --enable-libzmq --enable-libzvbi --enable-lv2 --enable-omx --enable-openal --enable-opencl --enable-opengl --enable-sdl2 --enable-libdc1394 --enable-libdrm --enable-libiec61883 --enable-nvenc --enable-chromaprint --enable-frei0r --enable-libx264 --enable-shared
  libavutil      56. 31.100 / 56. 31.100
  libavcodec     58. 54.100 / 58. 54.100
  libavformat    58. 29.100 / 58. 29.100
  libavdevice    58.  8.100 / 58.  8.100
  libavfilter     7. 57.100 /  7. 57.100
  libavresample   4.  0.  0 /  4.  0.  0
  libswscale      5.  5.100 /  5.  5.100
  libswresample   3.  5.100 /  3.  5.100
  libpostproc    55.  5.100 / 55.  5.100
[tcp @ 0x55a388741c00] Starting connection attempt to 43.199.149.178 port 1935
[tcp @ 0x55a388741c00] Successfully connected to 43.199.149.178 port 1935
[h264 @ 0x55a388756240] Reinit context to 1024x624, pix_fmt: yuv420p
[flv @ 0x55a388740980] max_analyze_duration 5000000 reached at 5000000 microseconds st:1
Input #0, flv, from 'rtmp://43.199.149.178/live/front_left':
  Metadata:
    title           : /camera5/rtsp
    comment         : rtsp_image_transport
    encoder         : Lavf58.29.100
    server          : SRS/5.0.213(Bee)
    server_version  : 5.0.213
  Duration: N/A, start: 0.000000, bitrate: N/A
    Stream #0:0: Data: none
    Stream #0:1: Video: h264 (Main), 1 reference frame, yuv420p(progressive, left), 1024x616 (1024x624) [SAR 1:1 DAR 128:77], 30 fps, 10 tbr, 1k tbn, 60 tbc
Unsupported codec with id 0 for input stream 0
[STREAM]
index=0
codec_name=unknown
codec_long_name=unknown
profile=unknown
codec_type=data
codec_tag_string=[0][0][0][0]
codec_tag=0x0000
id=N/A
r_frame_rate=0/0
avg_frame_rate=0/0
time_base=1/1000
start_pts=0
start_time=0.000000
duration_ts=N/A
duration=N/A
bit_rate=N/A
max_bit_rate=N/A
bits_per_raw_sample=N/A
nb_frames=N/A
nb_read_frames=N/A
nb_read_packets=N/A
DISPOSITION:default=0
DISPOSITION:dub=0
DISPOSITION:original=0
DISPOSITION:comment=0
DISPOSITION:lyrics=0
DISPOSITION:karaoke=0
DISPOSITION:forced=0
DISPOSITION:hearing_impaired=0
DISPOSITION:visual_impaired=0
DISPOSITION:clean_effects=0
DISPOSITION:attached_pic=0
DISPOSITION:timed_thumbnails=0
[/STREAM]
[STREAM]
index=1
codec_name=h264
codec_long_name=H.264 / AVC / MPEG-4 AVC / MPEG-4 part 10
profile=Main
codec_type=video
codec_time_base=1/60
codec_tag_string=[0][0][0][0]
codec_tag=0x0000
width=1024
height=616
coded_width=1024
coded_height=624
has_b_frames=0
sample_aspect_ratio=1:1
display_aspect_ratio=128:77
pix_fmt=yuv420p
level=31
color_range=unknown
color_space=unknown
color_transfer=unknown
color_primaries=unknown
chroma_location=left
field_order=progressive
timecode=N/A
refs=1
is_avc=true
nal_length_size=4
id=N/A
r_frame_rate=10/1
avg_frame_rate=30/1
time_base=1/1000
start_pts=10
start_time=0.010000
duration_ts=N/A
duration=N/A
bit_rate=N/A
max_bit_rate=N/A
bits_per_raw_sample=8
nb_frames=N/A
nb_read_frames=N/A
nb_read_packets=N/A
DISPOSITION:default=0
DISPOSITION:dub=0
DISPOSITION:original=0
DISPOSITION:comment=0
DISPOSITION:lyrics=0
DISPOSITION:karaoke=0
DISPOSITION:forced=0
DISPOSITION:hearing_impaired=0
DISPOSITION:visual_impaired=0
DISPOSITION:clean_effects=0
DISPOSITION:attached_pic=0
DISPOSITION:timed_thumbnails=0
[/STREAM]
[FORMAT]
filename=rtmp://43.199.149.178/live/front_left
nb_streams=2
nb_programs=0
format_name=flv
format_long_name=FLV (Flash Video)
start_time=0.000000
duration=N/A
size=N/A
bit_rate=N/A
probe_score=100
TAG:title=/camera5/rtsp
TAG:comment=rtsp_image_transport
TAG:encoder=Lavf58.29.100
TAG:server=SRS/5.0.213(Bee)
TAG:server_version=5.0.213
[/FORMAT]
[AVIOContext @ 0x55a388743640] Statistics: 707068 bytes read, 0 seeks
---------------------[ ffprobe Log End ]----------------------
SUMMARY: Status OK. Check passed because ffprobe successfully connected to the stream and retrieved its information (Exit Code: 0).


------------------[ Checking Stream: front_right ]------------------
URL: rtmp://43.199.149.178/live/front_right
--------------------[ ffprobe Log Start ]---------------------
ffprobe version 4.2.7-0ubuntu0.1 Copyright (c) 2007-2022 the FFmpeg developers
  built with gcc 9 (Ubuntu 9.4.0-1ubuntu1~20.04.1)
  configuration: --prefix=/usr --extra-version=0ubuntu0.1 --toolchain=hardened --libdir=/usr/lib/x86_64-linux-gnu --incdir=/usr/include/x86_64-linux-gnu --arch=amd64 --enable-gpl --disable-stripping --enable-avresample --disable-filter=resample --enable-avisynth --enable-gnutls --enable-ladspa --enable-libaom --enable-libass --enable-libbluray --enable-libbs2b --enable-libcaca --enable-libcdio --enable-libcodec2 --enable-libflite --enable-libfontconfig --enable-libfreetype --enable-libfribidi --enable-libgme --enable-libgsm --enable-libjack --enable-libmp3lame --enable-libmysofa --enable-libopenjpeg --enable-libopenmpt --enable-libopus --enable-libpulse --enable-librsvg --enable-librubberband --enable-libshine --enable-libsnappy --enable-libsoxr --enable-libspeex --enable-libssh --enable-libtheora --enable-libtwolame --enable-libvidstab --enable-libvorbis --enable-libvpx --enable-libwavpack --enable-libwebp --enable-libx265 --enable-libxml2 --enable-libxvid --enable-libzmq --enable-libzvbi --enable-lv2 --enable-omx --enable-openal --enable-opencl --enable-opengl --enable-sdl2 --enable-libdc1394 --enable-libdrm --enable-libiec61883 --enable-nvenc --enable-chromaprint --enable-frei0r --enable-libx264 --enable-shared
  libavutil      56. 31.100 / 56. 31.100
  libavcodec     58. 54.100 / 58. 54.100
  libavformat    58. 29.100 / 58. 29.100
  libavdevice    58.  8.100 / 58.  8.100
  libavfilter     7. 57.100 /  7. 57.100
  libavresample   4.  0.  0 /  4.  0.  0
  libswscale      5.  5.100 /  5.  5.100
  libswresample   3.  5.100 /  3.  5.100
  libpostproc    55.  5.100 / 55.  5.100
[tcp @ 0x557e3643cc00] Starting connection attempt to 43.199.149.178 port 1935
[tcp @ 0x557e3643cc00] Successfully connected to 43.199.149.178 port 1935
[h264 @ 0x557e36451240] Reinit context to 1024x624, pix_fmt: yuv420p
[flv @ 0x557e3643b980] max_analyze_duration 5000000 reached at 5000000 microseconds st:1
Input #0, flv, from 'rtmp://43.199.149.178/live/front_right':
  Metadata:
    title           : /camera3/rtsp
    comment         : rtsp_image_transport
    encoder         : Lavf58.29.100
    server          : SRS/5.0.213(Bee)
    server_version  : 5.0.213
  Duration: N/A, start: 0.000000, bitrate: N/A
    Stream #0:0: Data: none
    Stream #0:1: Video: h264 (Main), 1 reference frame, yuv420p(progressive, left), 1024x616 (1024x624) [SAR 1:1 DAR 128:77], 30 fps, 10 tbr, 1k tbn, 60 tbc
Unsupported codec with id 0 for input stream 0
[STREAM]
index=0
codec_name=unknown
codec_long_name=unknown
profile=unknown
codec_type=data
codec_tag_string=[0][0][0][0]
codec_tag=0x0000
id=N/A
r_frame_rate=0/0
avg_frame_rate=0/0
time_base=1/1000
start_pts=0
start_time=0.000000
duration_ts=N/A
duration=N/A
bit_rate=N/A
max_bit_rate=N/A
bits_per_raw_sample=N/A
nb_frames=N/A
nb_read_frames=N/A
nb_read_packets=N/A
DISPOSITION:default=0
DISPOSITION:dub=0
DISPOSITION:original=0
DISPOSITION:comment=0
DISPOSITION:lyrics=0
DISPOSITION:karaoke=0
DISPOSITION:forced=0
DISPOSITION:hearing_impaired=0
DISPOSITION:visual_impaired=0
DISPOSITION:clean_effects=0
DISPOSITION:attached_pic=0
DISPOSITION:timed_thumbnails=0
[/STREAM]
[STREAM]
index=1
codec_name=h264
codec_long_name=H.264 / AVC / MPEG-4 AVC / MPEG-4 part 10
profile=Main
codec_type=video
codec_time_base=1/60
codec_tag_string=[0][0][0][0]
codec_tag=0x0000
width=1024
height=616
coded_width=1024
coded_height=624
has_b_frames=0
sample_aspect_ratio=1:1
display_aspect_ratio=128:77
pix_fmt=yuv420p
level=31
color_range=unknown
color_space=unknown
color_transfer=unknown
color_primaries=unknown
chroma_location=left
field_order=progressive
timecode=N/A
refs=1
is_avc=true
nal_length_size=4
id=N/A
r_frame_rate=10/1
avg_frame_rate=30/1
time_base=1/1000
start_pts=10
start_time=0.010000
duration_ts=N/A
duration=N/A
bit_rate=N/A
max_bit_rate=N/A
bits_per_raw_sample=8
nb_frames=N/A
nb_read_frames=N/A
nb_read_packets=N/A
DISPOSITION:default=0
DISPOSITION:dub=0
DISPOSITION:original=0
DISPOSITION:comment=0
DISPOSITION:lyrics=0
DISPOSITION:karaoke=0
DISPOSITION:forced=0
DISPOSITION:hearing_impaired=0
DISPOSITION:visual_impaired=0
DISPOSITION:clean_effects=0
DISPOSITION:attached_pic=0
DISPOSITION:timed_thumbnails=0
[/STREAM]
[FORMAT]
filename=rtmp://43.199.149.178/live/front_right
nb_streams=2
nb_programs=0
format_name=flv
format_long_name=FLV (Flash Video)
start_time=0.000000
duration=N/A
size=N/A
bit_rate=N/A
probe_score=100
TAG:title=/camera3/rtsp
TAG:comment=rtsp_image_transport
TAG:encoder=Lavf58.29.100
TAG:server=SRS/5.0.213(Bee)
TAG:server_version=5.0.213
[/FORMAT]
[AVIOContext @ 0x557e3643e640] Statistics: 672845 bytes read, 0 seeks
---------------------[ ffprobe Log End ]----------------------
SUMMARY: Status OK. Check passed because ffprobe successfully connected to the stream and retrieved its information (Exit Code: 0).

====================[ End of Check Cycle ]====================

==========================================================
                STREAM STATUS CHECK @ Friday, July 25, 2025 PM01:34:42 HKT
==========================================================

------------------[ Checking Stream: front_left ]------------------
URL: rtmp://43.199.149.178/live/front_left
--------------------[ ffprobe Log Start ]---------------------
ffprobe version 4.2.7-0ubuntu0.1 Copyright (c) 2007-2022 the FFmpeg developers
  built with gcc 9 (Ubuntu 9.4.0-1ubuntu1~20.04.1)
  configuration: --prefix=/usr --extra-version=0ubuntu0.1 --toolchain=hardened --libdir=/usr/lib/x86_64-linux-gnu --incdir=/usr/include/x86_64-linux-gnu --arch=amd64 --enable-gpl --disable-stripping --enable-avresample --disable-filter=resample --enable-avisynth --enable-gnutls --enable-ladspa --enable-libaom --enable-libass --enable-libbluray --enable-libbs2b --enable-libcaca --enable-libcdio --enable-libcodec2 --enable-libflite --enable-libfontconfig --enable-libfreetype --enable-libfribidi --enable-libgme --enable-libgsm --enable-libjack --enable-libmp3lame --enable-libmysofa --enable-libopenjpeg --enable-libopenmpt --enable-libopus --enable-libpulse --enable-librsvg --enable-librubberband --enable-libshine --enable-libsnappy --enable-libsoxr --enable-libspeex --enable-libssh --enable-libtheora --enable-libtwolame --enable-libvidstab --enable-libvorbis --enable-libvpx --enable-libwavpack --enable-libwebp --enable-libx265 --enable-libxml2 --enable-libxvid --enable-libzmq --enable-libzvbi --enable-lv2 --enable-omx --enable-openal --enable-opencl --enable-opengl --enable-sdl2 --enable-libdc1394 --enable-libdrm --enable-libiec61883 --enable-nvenc --enable-chromaprint --enable-frei0r --enable-libx264 --enable-shared
  libavutil      56. 31.100 / 56. 31.100
  libavcodec     58. 54.100 / 58. 54.100
  libavformat    58. 29.100 / 58. 29.100
  libavdevice    58.  8.100 / 58.  8.100
  libavfilter     7. 57.100 /  7. 57.100
  libavresample   4.  0.  0 /  4.  0.  0
  libswscale      5.  5.100 /  5.  5.100
  libswresample   3.  5.100 /  3.  5.100
  libpostproc    55.  5.100 / 55.  5.100
[tcp @ 0x55cca0be9c00] Starting connection attempt to 43.199.149.178 port 1935
[tcp @ 0x55cca0be9c00] Successfully connected to 43.199.149.178 port 1935
[h264 @ 0x55cca0bfe240] Reinit context to 1024x624, pix_fmt: yuv420p
[flv @ 0x55cca0be8980] max_analyze_duration 5000000 reached at 5000000 microseconds st:1
Input #0, flv, from 'rtmp://43.199.149.178/live/front_left':
  Metadata:
    title           : /camera5/rtsp
    comment         : rtsp_image_transport
    encoder         : Lavf58.29.100
    server          : SRS/5.0.213(Bee)
    server_version  : 5.0.213
  Duration: N/A, start: 0.000000, bitrate: N/A
    Stream #0:0: Data: none
    Stream #0:1: Video: h264 (Main), 1 reference frame, yuv420p(progressive, left), 1024x616 (1024x624) [SAR 1:1 DAR 128:77], 30 fps, 10 tbr, 1k tbn, 60 tbc
Unsupported codec with id 0 for input stream 0
[STREAM]
index=0
codec_name=unknown
codec_long_name=unknown
profile=unknown
codec_type=data
codec_tag_string=[0][0][0][0]
codec_tag=0x0000
id=N/A
r_frame_rate=0/0
avg_frame_rate=0/0
time_base=1/1000
start_pts=0
start_time=0.000000
duration_ts=N/A
duration=N/A
bit_rate=N/A
max_bit_rate=N/A
bits_per_raw_sample=N/A
nb_frames=N/A
nb_read_frames=N/A
nb_read_packets=N/A
DISPOSITION:default=0
DISPOSITION:dub=0
DISPOSITION:original=0
DISPOSITION:comment=0
DISPOSITION:lyrics=0
DISPOSITION:karaoke=0
DISPOSITION:forced=0
DISPOSITION:hearing_impaired=0
DISPOSITION:visual_impaired=0
DISPOSITION:clean_effects=0
DISPOSITION:attached_pic=0
DISPOSITION:timed_thumbnails=0
[/STREAM]
[STREAM]
index=1
codec_name=h264
codec_long_name=H.264 / AVC / MPEG-4 AVC / MPEG-4 part 10
profile=Main
codec_type=video
codec_time_base=1/60
codec_tag_string=[0][0][0][0]
codec_tag=0x0000
width=1024
height=616
coded_width=1024
coded_height=624
has_b_frames=0
sample_aspect_ratio=1:1
display_aspect_ratio=128:77
pix_fmt=yuv420p
level=31
color_range=unknown
color_space=unknown
color_transfer=unknown
color_primaries=unknown
chroma_location=left
field_order=progressive
timecode=N/A
refs=1
is_avc=true
nal_length_size=4
id=N/A
r_frame_rate=10/1
avg_frame_rate=30/1
time_base=1/1000
start_pts=10
start_time=0.010000
duration_ts=N/A
duration=N/A
bit_rate=N/A
max_bit_rate=N/A
bits_per_raw_sample=8
nb_frames=N/A
nb_read_frames=N/A
nb_read_packets=N/A
DISPOSITION:default=0
DISPOSITION:dub=0
DISPOSITION:original=0
DISPOSITION:comment=0
DISPOSITION:lyrics=0
DISPOSITION:karaoke=0
DISPOSITION:forced=0
DISPOSITION:hearing_impaired=0
DISPOSITION:visual_impaired=0
DISPOSITION:clean_effects=0
DISPOSITION:attached_pic=0
DISPOSITION:timed_thumbnails=0
[/STREAM]
[FORMAT]
filename=rtmp://43.199.149.178/live/front_left
nb_streams=2
nb_programs=0
format_name=flv
format_long_name=FLV (Flash Video)
start_time=0.000000
duration=N/A
size=N/A
bit_rate=N/A
probe_score=100
TAG:title=/camera5/rtsp
TAG:comment=rtsp_image_transport
TAG:encoder=Lavf58.29.100
TAG:server=SRS/5.0.213(Bee)
TAG:server_version=5.0.213
[/FORMAT]
[AVIOContext @ 0x55cca0beb640] Statistics: 680890 bytes read, 0 seeks
---------------------[ ffprobe Log End ]----------------------
SUMMARY: Status OK. Check passed because ffprobe successfully connected to the stream and retrieved its information (Exit Code: 0).


------------------[ Checking Stream: front_right ]------------------
URL: rtmp://43.199.149.178/live/front_right
--------------------[ ffprobe Log Start ]---------------------
ffprobe version 4.2.7-0ubuntu0.1 Copyright (c) 2007-2022 the FFmpeg developers
  built with gcc 9 (Ubuntu 9.4.0-1ubuntu1~20.04.1)
  configuration: --prefix=/usr --extra-version=0ubuntu0.1 --toolchain=hardened --libdir=/usr/lib/x86_64-linux-gnu --incdir=/usr/include/x86_64-linux-gnu --arch=amd64 --enable-gpl --disable-stripping --enable-avresample --disable-filter=resample --enable-avisynth --enable-gnutls --enable-ladspa --enable-libaom --enable-libass --enable-libbluray --enable-libbs2b --enable-libcaca --enable-libcdio --enable-libcodec2 --enable-libflite --enable-libfontconfig --enable-libfreetype --enable-libfribidi --enable-libgme --enable-libgsm --enable-libjack --enable-libmp3lame --enable-libmysofa --enable-libopenjpeg --enable-libopenmpt --enable-libopus --enable-libpulse --enable-librsvg --enable-librubberband --enable-libshine --enable-libsnappy --enable-libsoxr --enable-libspeex --enable-libssh --enable-libtheora --enable-libtwolame --enable-libvidstab --enable-libvorbis --enable-libvpx --enable-libwavpack --enable-libwebp --enable-libx265 --enable-libxml2 --enable-libxvid --enable-libzmq --enable-libzvbi --enable-lv2 --enable-omx --enable-openal --enable-opencl --enable-opengl --enable-sdl2 --enable-libdc1394 --enable-libdrm --enable-libiec61883 --enable-nvenc --enable-chromaprint --enable-frei0r --enable-libx264 --enable-shared
  libavutil      56. 31.100 / 56. 31.100
  libavcodec     58. 54.100 / 58. 54.100
  libavformat    58. 29.100 / 58. 29.100
  libavdevice    58.  8.100 / 58.  8.100
  libavfilter     7. 57.100 /  7. 57.100
  libavresample   4.  0.  0 /  4.  0.  0
  libswscale      5.  5.100 /  5.  5.100
  libswresample   3.  5.100 /  3.  5.100
  libpostproc    55.  5.100 / 55.  5.100
[tcp @ 0x559a86634c00] Starting connection attempt to 43.199.149.178 port 1935
[tcp @ 0x559a86634c00] Successfully connected to 43.199.149.178 port 1935
[h264 @ 0x559a86649240] Reinit context to 1024x624, pix_fmt: yuv420p
[flv @ 0x559a86633980] max_analyze_duration 5000000 reached at 5000000 microseconds st:1
Input #0, flv, from 'rtmp://43.199.149.178/live/front_right':
  Metadata:
    title           : /camera3/rtsp
    comment         : rtsp_image_transport
    encoder         : Lavf58.29.100
    server          : SRS/5.0.213(Bee)
    server_version  : 5.0.213
  Duration: N/A, start: 0.000000, bitrate: N/A
    Stream #0:0: Data: none
    Stream #0:1: Video: h264 (Main), 1 reference frame, yuv420p(progressive, left), 1024x616 (1024x624) [SAR 1:1 DAR 128:77], 30 fps, 10 tbr, 1k tbn, 60 tbc
Unsupported codec with id 0 for input stream 0
[STREAM]
index=0
codec_name=unknown
codec_long_name=unknown
profile=unknown
codec_type=data
codec_tag_string=[0][0][0][0]
codec_tag=0x0000
id=N/A
r_frame_rate=0/0
avg_frame_rate=0/0
time_base=1/1000
start_pts=0
start_time=0.000000
duration_ts=N/A
duration=N/A
bit_rate=N/A
max_bit_rate=N/A
bits_per_raw_sample=N/A
nb_frames=N/A
nb_read_frames=N/A
nb_read_packets=N/A
DISPOSITION:default=0
DISPOSITION:dub=0
DISPOSITION:original=0
DISPOSITION:comment=0
DISPOSITION:lyrics=0
DISPOSITION:karaoke=0
DISPOSITION:forced=0
DISPOSITION:hearing_impaired=0
DISPOSITION:visual_impaired=0
DISPOSITION:clean_effects=0
DISPOSITION:attached_pic=0
DISPOSITION:timed_thumbnails=0
[/STREAM]
[STREAM]
index=1
codec_name=h264
codec_long_name=H.264 / AVC / MPEG-4 AVC / MPEG-4 part 10
profile=Main
codec_type=video
codec_time_base=1/60
codec_tag_string=[0][0][0][0]
codec_tag=0x0000
width=1024
height=616
coded_width=1024
coded_height=624
has_b_frames=0
sample_aspect_ratio=1:1
display_aspect_ratio=128:77
pix_fmt=yuv420p
level=31
color_range=unknown
color_space=unknown
color_transfer=unknown
color_primaries=unknown
chroma_location=left
field_order=progressive
timecode=N/A
refs=1
is_avc=true
nal_length_size=4
id=N/A
r_frame_rate=10/1
avg_frame_rate=30/1
time_base=1/1000
start_pts=10
start_time=0.010000
duration_ts=N/A
duration=N/A
bit_rate=N/A
max_bit_rate=N/A
bits_per_raw_sample=8
nb_frames=N/A
nb_read_frames=N/A
nb_read_packets=N/A
DISPOSITION:default=0
DISPOSITION:dub=0
DISPOSITION:original=0
DISPOSITION:comment=0
DISPOSITION:lyrics=0
DISPOSITION:karaoke=0
DISPOSITION:forced=0
DISPOSITION:hearing_impaired=0
DISPOSITION:visual_impaired=0
DISPOSITION:clean_effects=0
DISPOSITION:attached_pic=0
DISPOSITION:timed_thumbnails=0
[/STREAM]
[FORMAT]
filename=rtmp://43.199.149.178/live/front_right
nb_streams=2
nb_programs=0
format_name=flv
format_long_name=FLV (Flash Video)
start_time=0.000000
duration=N/A
size=N/A
bit_rate=N/A
probe_score=100
TAG:title=/camera3/rtsp
TAG:comment=rtsp_image_transport
TAG:encoder=Lavf58.29.100
TAG:server=SRS/5.0.213(Bee)
TAG:server_version=5.0.213
[/FORMAT]
[AVIOContext @ 0x559a86636640] Statistics: 571015 bytes read, 0 seeks
---------------------[ ffprobe Log End ]----------------------
SUMMARY: Status OK. Check passed because ffprobe successfully connected to the stream and retrieved its information (Exit Code: 0).

====================[ End of Check Cycle ]====================

==========================================================
                STREAM STATUS CHECK @ Friday, July 25, 2025 PM01:36:13 HKT
==========================================================

------------------[ Checking Stream: front_left ]------------------
URL: rtmp://43.199.149.178/live/front_left
--------------------[ ffprobe Log Start ]---------------------
ffprobe version 4.2.7-0ubuntu0.1 Copyright (c) 2007-2022 the FFmpeg developers
  built with gcc 9 (Ubuntu 9.4.0-1ubuntu1~20.04.1)
  configuration: --prefix=/usr --extra-version=0ubuntu0.1 --toolchain=hardened --libdir=/usr/lib/x86_64-linux-gnu --incdir=/usr/include/x86_64-linux-gnu --arch=amd64 --enable-gpl --disable-stripping --enable-avresample --disable-filter=resample --enable-avisynth --enable-gnutls --enable-ladspa --enable-libaom --enable-libass --enable-libbluray --enable-libbs2b --enable-libcaca --enable-libcdio --enable-libcodec2 --enable-libflite --enable-libfontconfig --enable-libfreetype --enable-libfribidi --enable-libgme --enable-libgsm --enable-libjack --enable-libmp3lame --enable-libmysofa --enable-libopenjpeg --enable-libopenmpt --enable-libopus --enable-libpulse --enable-librsvg --enable-librubberband --enable-libshine --enable-libsnappy --enable-libsoxr --enable-libspeex --enable-libssh --enable-libtheora --enable-libtwolame --enable-libvidstab --enable-libvorbis --enable-libvpx --enable-libwavpack --enable-libwebp --enable-libx265 --enable-libxml2 --enable-libxvid --enable-libzmq --enable-libzvbi --enable-lv2 --enable-omx --enable-openal --enable-opencl --enable-opengl --enable-sdl2 --enable-libdc1394 --enable-libdrm --enable-libiec61883 --enable-nvenc --enable-chromaprint --enable-frei0r --enable-libx264 --enable-shared
  libavutil      56. 31.100 / 56. 31.100
  libavcodec     58. 54.100 / 58. 54.100
  libavformat    58. 29.100 / 58. 29.100
  libavdevice    58.  8.100 / 58.  8.100
  libavfilter     7. 57.100 /  7. 57.100
  libavresample   4.  0.  0 /  4.  0.  0
  libswscale      5.  5.100 /  5.  5.100
  libswresample   3.  5.100 /  3.  5.100
  libpostproc    55.  5.100 / 55.  5.100
[tcp @ 0x5562f4b33c00] Starting connection attempt to 43.199.149.178 port 1935
[tcp @ 0x5562f4b33c00] Successfully connected to 43.199.149.178 port 1935
[h264 @ 0x5562f4b48240] Reinit context to 1024x624, pix_fmt: yuv420p
[flv @ 0x5562f4b32980] max_analyze_duration 5000000 reached at 5000000 microseconds st:1
Input #0, flv, from 'rtmp://43.199.149.178/live/front_left':
  Metadata:
    title           : /camera5/rtsp
    comment         : rtsp_image_transport
    encoder         : Lavf58.29.100
    server          : SRS/5.0.213(Bee)
    server_version  : 5.0.213
  Duration: N/A, start: 0.000000, bitrate: N/A
    Stream #0:0: Data: none
    Stream #0:1: Video: h264 (Main), 1 reference frame, yuv420p(progressive, left), 1024x616 (1024x624) [SAR 1:1 DAR 128:77], 30 fps, 10 tbr, 1k tbn, 60 tbc
Unsupported codec with id 0 for input stream 0
[STREAM]
index=0
codec_name=unknown
codec_long_name=unknown
profile=unknown
codec_type=data
codec_tag_string=[0][0][0][0]
codec_tag=0x0000
id=N/A
r_frame_rate=0/0
avg_frame_rate=0/0
time_base=1/1000
start_pts=0
start_time=0.000000
duration_ts=N/A
duration=N/A
bit_rate=N/A
max_bit_rate=N/A
bits_per_raw_sample=N/A
nb_frames=N/A
nb_read_frames=N/A
nb_read_packets=N/A
DISPOSITION:default=0
DISPOSITION:dub=0
DISPOSITION:original=0
DISPOSITION:comment=0
DISPOSITION:lyrics=0
DISPOSITION:karaoke=0
DISPOSITION:forced=0
DISPOSITION:hearing_impaired=0
DISPOSITION:visual_impaired=0
DISPOSITION:clean_effects=0
DISPOSITION:attached_pic=0
DISPOSITION:timed_thumbnails=0
[/STREAM]
[STREAM]
index=1
codec_name=h264
codec_long_name=H.264 / AVC / MPEG-4 AVC / MPEG-4 part 10
profile=Main
codec_type=video
codec_time_base=1/60
codec_tag_string=[0][0][0][0]
codec_tag=0x0000
width=1024
height=616
coded_width=1024
coded_height=624
has_b_frames=0
sample_aspect_ratio=1:1
display_aspect_ratio=128:77
pix_fmt=yuv420p
level=31
color_range=unknown
color_space=unknown
color_transfer=unknown
color_primaries=unknown
chroma_location=left
field_order=progressive
timecode=N/A
refs=1
is_avc=true
nal_length_size=4
id=N/A
r_frame_rate=10/1
avg_frame_rate=30/1
time_base=1/1000
start_pts=10
start_time=0.010000
duration_ts=N/A
duration=N/A
bit_rate=N/A
max_bit_rate=N/A
bits_per_raw_sample=8
nb_frames=N/A
nb_read_frames=N/A
nb_read_packets=N/A
DISPOSITION:default=0
DISPOSITION:dub=0
DISPOSITION:original=0
DISPOSITION:comment=0
DISPOSITION:lyrics=0
DISPOSITION:karaoke=0
DISPOSITION:forced=0
DISPOSITION:hearing_impaired=0
DISPOSITION:visual_impaired=0
DISPOSITION:clean_effects=0
DISPOSITION:attached_pic=0
DISPOSITION:timed_thumbnails=0
[/STREAM]
[FORMAT]
filename=rtmp://43.199.149.178/live/front_left
nb_streams=2
nb_programs=0
format_name=flv
format_long_name=FLV (Flash Video)
start_time=0.000000
duration=N/A
size=N/A
bit_rate=N/A
probe_score=100
TAG:title=/camera5/rtsp
TAG:comment=rtsp_image_transport
TAG:encoder=Lavf58.29.100
TAG:server=SRS/5.0.213(Bee)
TAG:server_version=5.0.213
[/FORMAT]
[AVIOContext @ 0x5562f4b35640] Statistics: 658226 bytes read, 0 seeks
---------------------[ ffprobe Log End ]----------------------
SUMMARY: Status OK. Check passed because ffprobe successfully connected to the stream and retrieved its information (Exit Code: 0).


------------------[ Checking Stream: front_right ]------------------
URL: rtmp://43.199.149.178/live/front_right
--------------------[ ffprobe Log Start ]---------------------
ffprobe version 4.2.7-0ubuntu0.1 Copyright (c) 2007-2022 the FFmpeg developers
  built with gcc 9 (Ubuntu 9.4.0-1ubuntu1~20.04.1)
  configuration: --prefix=/usr --extra-version=0ubuntu0.1 --toolchain=hardened --libdir=/usr/lib/x86_64-linux-gnu --incdir=/usr/include/x86_64-linux-gnu --arch=amd64 --enable-gpl --disable-stripping --enable-avresample --disable-filter=resample --enable-avisynth --enable-gnutls --enable-ladspa --enable-libaom --enable-libass --enable-libbluray --enable-libbs2b --enable-libcaca --enable-libcdio --enable-libcodec2 --enable-libflite --enable-libfontconfig --enable-libfreetype --enable-libfribidi --enable-libgme --enable-libgsm --enable-libjack --enable-libmp3lame --enable-libmysofa --enable-libopenjpeg --enable-libopenmpt --enable-libopus --enable-libpulse --enable-librsvg --enable-librubberband --enable-libshine --enable-libsnappy --enable-libsoxr --enable-libspeex --enable-libssh --enable-libtheora --enable-libtwolame --enable-libvidstab --enable-libvorbis --enable-libvpx --enable-libwavpack --enable-libwebp --enable-libx265 --enable-libxml2 --enable-libxvid --enable-libzmq --enable-libzvbi --enable-lv2 --enable-omx --enable-openal --enable-opencl --enable-opengl --enable-sdl2 --enable-libdc1394 --enable-libdrm --enable-libiec61883 --enable-nvenc --enable-chromaprint --enable-frei0r --enable-libx264 --enable-shared
  libavutil      56. 31.100 / 56. 31.100
  libavcodec     58. 54.100 / 58. 54.100
  libavformat    58. 29.100 / 58. 29.100
  libavdevice    58.  8.100 / 58.  8.100
  libavfilter     7. 57.100 /  7. 57.100
  libavresample   4.  0.  0 /  4.  0.  0
  libswscale      5.  5.100 /  5.  5.100
  libswresample   3.  5.100 /  3.  5.100
  libpostproc    55.  5.100 / 55.  5.100
[tcp @ 0x56199f051c00] Starting connection attempt to 43.199.149.178 port 1935
[tcp @ 0x56199f051c00] Successfully connected to 43.199.149.178 port 1935
[h264 @ 0x56199f054a00] Reinit context to 1024x624, pix_fmt: yuv420p
[h264 @ 0x56199f054a00] error while decoding MB 21 17, bytestream -43
[h264 @ 0x56199f054a00] concealing 1436 DC, 1436 AC, 1436 MV errors in I frame
[flv @ 0x56199f050980] max_analyze_duration 5000000 reached at 5000000 microseconds st:1
Input #0, flv, from 'rtmp://43.199.149.178/live/front_right':
  Metadata:
    title           : /camera3/rtsp
    comment         : rtsp_image_transport
    encoder         : Lavf58.29.100
    server          : SRS/5.0.213(Bee)
    server_version  : 5.0.213
  Duration: N/A, start: 0.000000, bitrate: N/A
    Stream #0:0: Data: none
    Stream #0:1: Video: h264 (Main), 1 reference frame, yuv420p(progressive, left), 1024x616 (1024x624) [SAR 1:1 DAR 128:77], 30 fps, 10 tbr, 1k tbn, 60 tbc
Unsupported codec with id 0 for input stream 0
[STREAM]
index=0
codec_name=unknown
codec_long_name=unknown
profile=unknown
codec_type=data
codec_tag_string=[0][0][0][0]
codec_tag=0x0000
id=N/A
r_frame_rate=0/0
avg_frame_rate=0/0
time_base=1/1000
start_pts=0
start_time=0.000000
duration_ts=N/A
duration=N/A
bit_rate=N/A
max_bit_rate=N/A
bits_per_raw_sample=N/A
nb_frames=N/A
nb_read_frames=N/A
nb_read_packets=N/A
DISPOSITION:default=0
DISPOSITION:dub=0
DISPOSITION:original=0
DISPOSITION:comment=0
DISPOSITION:lyrics=0
DISPOSITION:karaoke=0
DISPOSITION:forced=0
DISPOSITION:hearing_impaired=0
DISPOSITION:visual_impaired=0
DISPOSITION:clean_effects=0
DISPOSITION:attached_pic=0
DISPOSITION:timed_thumbnails=0
[/STREAM]
[STREAM]
index=1
codec_name=h264
codec_long_name=H.264 / AVC / MPEG-4 AVC / MPEG-4 part 10
profile=Main
codec_type=video
codec_time_base=1/60
codec_tag_string=[0][0][0][0]
codec_tag=0x0000
width=1024
height=616
coded_width=1024
coded_height=624
has_b_frames=0
sample_aspect_ratio=1:1
display_aspect_ratio=128:77
pix_fmt=yuv420p
level=31
color_range=unknown
color_space=unknown
color_transfer=unknown
color_primaries=unknown
chroma_location=left
field_order=progressive
timecode=N/A
refs=1
is_avc=true
nal_length_size=4
id=N/A
r_frame_rate=10/1
avg_frame_rate=30/1
time_base=1/1000
start_pts=10
start_time=0.010000
duration_ts=N/A
duration=N/A
bit_rate=N/A
max_bit_rate=N/A
bits_per_raw_sample=8
nb_frames=N/A
nb_read_frames=N/A
nb_read_packets=N/A
DISPOSITION:default=0
DISPOSITION:dub=0
DISPOSITION:original=0
DISPOSITION:comment=0
DISPOSITION:lyrics=0
DISPOSITION:karaoke=0
DISPOSITION:forced=0
DISPOSITION:hearing_impaired=0
DISPOSITION:visual_impaired=0
DISPOSITION:clean_effects=0
DISPOSITION:attached_pic=0
DISPOSITION:timed_thumbnails=0
[/STREAM]
[FORMAT]
filename=rtmp://43.199.149.178/live/front_right
nb_streams=2
nb_programs=0
format_name=flv
format_long_name=FLV (Flash Video)
start_time=0.000000
duration=N/A
size=N/A
bit_rate=N/A
probe_score=100
TAG:title=/camera3/rtsp
TAG:comment=rtsp_image_transport
TAG:encoder=Lavf58.29.100
TAG:server=SRS/5.0.213(Bee)
TAG:server_version=5.0.213
[/FORMAT]
[AVIOContext @ 0x56199f053640] Statistics: 621714 bytes read, 0 seeks
---------------------[ ffprobe Log End ]----------------------
SUMMARY: Status OK. Check passed because ffprobe successfully connected to the stream and retrieved its information (Exit Code: 0).

====================[ End of Check Cycle ]====================

==========================================================
                STREAM STATUS CHECK @ Friday, July 25, 2025 PM01:37:42 HKT
==========================================================

------------------[ Checking Stream: front_left ]------------------
URL: rtmp://43.199.149.178/live/front_left
--------------------[ ffprobe Log Start ]---------------------
ffprobe version 4.2.7-0ubuntu0.1 Copyright (c) 2007-2022 the FFmpeg developers
  built with gcc 9 (Ubuntu 9.4.0-1ubuntu1~20.04.1)
  configuration: --prefix=/usr --extra-version=0ubuntu0.1 --toolchain=hardened --libdir=/usr/lib/x86_64-linux-gnu --incdir=/usr/include/x86_64-linux-gnu --arch=amd64 --enable-gpl --disable-stripping --enable-avresample --disable-filter=resample --enable-avisynth --enable-gnutls --enable-ladspa --enable-libaom --enable-libass --enable-libbluray --enable-libbs2b --enable-libcaca --enable-libcdio --enable-libcodec2 --enable-libflite --enable-libfontconfig --enable-libfreetype --enable-libfribidi --enable-libgme --enable-libgsm --enable-libjack --enable-libmp3lame --enable-libmysofa --enable-libopenjpeg --enable-libopenmpt --enable-libopus --enable-libpulse --enable-librsvg --enable-librubberband --enable-libshine --enable-libsnappy --enable-libsoxr --enable-libspeex --enable-libssh --enable-libtheora --enable-libtwolame --enable-libvidstab --enable-libvorbis --enable-libvpx --enable-libwavpack --enable-libwebp --enable-libx265 --enable-libxml2 --enable-libxvid --enable-libzmq --enable-libzvbi --enable-lv2 --enable-omx --enable-openal --enable-opencl --enable-opengl --enable-sdl2 --enable-libdc1394 --enable-libdrm --enable-libiec61883 --enable-nvenc --enable-chromaprint --enable-frei0r --enable-libx264 --enable-shared
  libavutil      56. 31.100 / 56. 31.100
  libavcodec     58. 54.100 / 58. 54.100
  libavformat    58. 29.100 / 58. 29.100
  libavdevice    58.  8.100 / 58.  8.100
  libavfilter     7. 57.100 /  7. 57.100
  libavresample   4.  0.  0 /  4.  0.  0
  libswscale      5.  5.100 /  5.  5.100
  libswresample   3.  5.100 /  3.  5.100
  libpostproc    55.  5.100 / 55.  5.100
[tcp @ 0x55b16ab18c00] Starting connection attempt to 43.199.149.178 port 1935
[tcp @ 0x55b16ab18c00] Successfully connected to 43.199.149.178 port 1935
[h264 @ 0x55b16ab2d240] Reinit context to 1024x624, pix_fmt: yuv420p
[flv @ 0x55b16ab17980] max_analyze_duration 5000000 reached at 5000000 microseconds st:1
Input #0, flv, from 'rtmp://43.199.149.178/live/front_left':
  Metadata:
    title           : /camera5/rtsp
    comment         : rtsp_image_transport
    encoder         : Lavf58.29.100
    server          : SRS/5.0.213(Bee)
    server_version  : 5.0.213
  Duration: N/A, start: 0.000000, bitrate: N/A
    Stream #0:0: Data: none
    Stream #0:1: Video: h264 (Main), 1 reference frame, yuv420p(progressive, left), 1024x616 (1024x624) [SAR 1:1 DAR 128:77], 30 fps, 10 tbr, 1k tbn, 60 tbc
Unsupported codec with id 0 for input stream 0
[STREAM]
index=0
codec_name=unknown
codec_long_name=unknown
profile=unknown
codec_type=data
codec_tag_string=[0][0][0][0]
codec_tag=0x0000
id=N/A
r_frame_rate=0/0
avg_frame_rate=0/0
time_base=1/1000
start_pts=0
start_time=0.000000
duration_ts=N/A
duration=N/A
bit_rate=N/A
max_bit_rate=N/A
bits_per_raw_sample=N/A
nb_frames=N/A
nb_read_frames=N/A
nb_read_packets=N/A
DISPOSITION:default=0
DISPOSITION:dub=0
DISPOSITION:original=0
DISPOSITION:comment=0
DISPOSITION:lyrics=0
DISPOSITION:karaoke=0
DISPOSITION:forced=0
DISPOSITION:hearing_impaired=0
DISPOSITION:visual_impaired=0
DISPOSITION:clean_effects=0
DISPOSITION:attached_pic=0
DISPOSITION:timed_thumbnails=0
[/STREAM]
[STREAM]
index=1
codec_name=h264
codec_long_name=H.264 / AVC / MPEG-4 AVC / MPEG-4 part 10
profile=Main
codec_type=video
codec_time_base=1/60
codec_tag_string=[0][0][0][0]
codec_tag=0x0000
width=1024
height=616
coded_width=1024
coded_height=624
has_b_frames=0
sample_aspect_ratio=1:1
display_aspect_ratio=128:77
pix_fmt=yuv420p
level=31
color_range=unknown
color_space=unknown
color_transfer=unknown
color_primaries=unknown
chroma_location=left
field_order=progressive
timecode=N/A
refs=1
is_avc=true
nal_length_size=4
id=N/A
r_frame_rate=10/1
avg_frame_rate=30/1
time_base=1/1000
start_pts=10
start_time=0.010000
duration_ts=N/A
duration=N/A
bit_rate=N/A
max_bit_rate=N/A
bits_per_raw_sample=8
nb_frames=N/A
nb_read_frames=N/A
nb_read_packets=N/A
DISPOSITION:default=0
DISPOSITION:dub=0
DISPOSITION:original=0
DISPOSITION:comment=0
DISPOSITION:lyrics=0
DISPOSITION:karaoke=0
DISPOSITION:forced=0
DISPOSITION:hearing_impaired=0
DISPOSITION:visual_impaired=0
DISPOSITION:clean_effects=0
DISPOSITION:attached_pic=0
DISPOSITION:timed_thumbnails=0
[/STREAM]
[FORMAT]
filename=rtmp://43.199.149.178/live/front_left
nb_streams=2
nb_programs=0
format_name=flv
format_long_name=FLV (Flash Video)
start_time=0.000000
duration=N/A
size=N/A
bit_rate=N/A
probe_score=100
TAG:title=/camera5/rtsp
TAG:comment=rtsp_image_transport
TAG:encoder=Lavf58.29.100
TAG:server=SRS/5.0.213(Bee)
TAG:server_version=5.0.213
[/FORMAT]
[AVIOContext @ 0x55b16ab1a640] Statistics: 632299 bytes read, 0 seeks
---------------------[ ffprobe Log End ]----------------------
SUMMARY: Status OK. Check passed because ffprobe successfully connected to the stream and retrieved its information (Exit Code: 0).


------------------[ Checking Stream: front_right ]------------------
URL: rtmp://43.199.149.178/live/front_right
--------------------[ ffprobe Log Start ]---------------------
ffprobe version 4.2.7-0ubuntu0.1 Copyright (c) 2007-2022 the FFmpeg developers
  built with gcc 9 (Ubuntu 9.4.0-1ubuntu1~20.04.1)
  configuration: --prefix=/usr --extra-version=0ubuntu0.1 --toolchain=hardened --libdir=/usr/lib/x86_64-linux-gnu --incdir=/usr/include/x86_64-linux-gnu --arch=amd64 --enable-gpl --disable-stripping --enable-avresample --disable-filter=resample --enable-avisynth --enable-gnutls --enable-ladspa --enable-libaom --enable-libass --enable-libbluray --enable-libbs2b --enable-libcaca --enable-libcdio --enable-libcodec2 --enable-libflite --enable-libfontconfig --enable-libfreetype --enable-libfribidi --enable-libgme --enable-libgsm --enable-libjack --enable-libmp3lame --enable-libmysofa --enable-libopenjpeg --enable-libopenmpt --enable-libopus --enable-libpulse --enable-librsvg --enable-librubberband --enable-libshine --enable-libsnappy --enable-libsoxr --enable-libspeex --enable-libssh --enable-libtheora --enable-libtwolame --enable-libvidstab --enable-libvorbis --enable-libvpx --enable-libwavpack --enable-libwebp --enable-libx265 --enable-libxml2 --enable-libxvid --enable-libzmq --enable-libzvbi --enable-lv2 --enable-omx --enable-openal --enable-opencl --enable-opengl --enable-sdl2 --enable-libdc1394 --enable-libdrm --enable-libiec61883 --enable-nvenc --enable-chromaprint --enable-frei0r --enable-libx264 --enable-shared
  libavutil      56. 31.100 / 56. 31.100
  libavcodec     58. 54.100 / 58. 54.100
  libavformat    58. 29.100 / 58. 29.100
  libavdevice    58.  8.100 / 58.  8.100
  libavfilter     7. 57.100 /  7. 57.100
  libavresample   4.  0.  0 /  4.  0.  0
  libswscale      5.  5.100 /  5.  5.100
  libswresample   3.  5.100 /  3.  5.100
  libpostproc    55.  5.100 / 55.  5.100
[tcp @ 0x557b40aedc00] Starting connection attempt to 43.199.149.178 port 1935
[tcp @ 0x557b40aedc00] Successfully connected to 43.199.149.178 port 1935
[h264 @ 0x557b40b02240] Reinit context to 1024x624, pix_fmt: yuv420p
[flv @ 0x557b40aec980] max_analyze_duration 5000000 reached at 5000000 microseconds st:1
Input #0, flv, from 'rtmp://43.199.149.178/live/front_right':
  Metadata:
    title           : /camera3/rtsp
    comment         : rtsp_image_transport
    encoder         : Lavf58.29.100
    server          : SRS/5.0.213(Bee)
    server_version  : 5.0.213
  Duration: N/A, start: 0.000000, bitrate: N/A
    Stream #0:0: Data: none
    Stream #0:1: Video: h264 (Main), 1 reference frame, yuv420p(progressive, left), 1024x616 (1024x624) [SAR 1:1 DAR 128:77], 30 fps, 10 tbr, 1k tbn, 60 tbc
Unsupported codec with id 0 for input stream 0
[STREAM]
index=0
codec_name=unknown
codec_long_name=unknown
profile=unknown
codec_type=data
codec_tag_string=[0][0][0][0]
codec_tag=0x0000
id=N/A
r_frame_rate=0/0
avg_frame_rate=0/0
time_base=1/1000
start_pts=0
start_time=0.000000
duration_ts=N/A
duration=N/A
bit_rate=N/A
max_bit_rate=N/A
bits_per_raw_sample=N/A
nb_frames=N/A
nb_read_frames=N/A
nb_read_packets=N/A
DISPOSITION:default=0
DISPOSITION:dub=0
DISPOSITION:original=0
DISPOSITION:comment=0
DISPOSITION:lyrics=0
DISPOSITION:karaoke=0
DISPOSITION:forced=0
DISPOSITION:hearing_impaired=0
DISPOSITION:visual_impaired=0
DISPOSITION:clean_effects=0
DISPOSITION:attached_pic=0
DISPOSITION:timed_thumbnails=0
[/STREAM]
[STREAM]
index=1
codec_name=h264
codec_long_name=H.264 / AVC / MPEG-4 AVC / MPEG-4 part 10
profile=Main
codec_type=video
codec_time_base=1/60
codec_tag_string=[0][0][0][0]
codec_tag=0x0000
width=1024
height=616
coded_width=1024
coded_height=624
has_b_frames=0
sample_aspect_ratio=1:1
display_aspect_ratio=128:77
pix_fmt=yuv420p
level=31
color_range=unknown
color_space=unknown
color_transfer=unknown
color_primaries=unknown
chroma_location=left
field_order=progressive
timecode=N/A
refs=1
is_avc=true
nal_length_size=4
id=N/A
r_frame_rate=10/1
avg_frame_rate=30/1
time_base=1/1000
start_pts=10
start_time=0.010000
duration_ts=N/A
duration=N/A
bit_rate=N/A
max_bit_rate=N/A
bits_per_raw_sample=8
nb_frames=N/A
nb_read_frames=N/A
nb_read_packets=N/A
DISPOSITION:default=0
DISPOSITION:dub=0
DISPOSITION:original=0
DISPOSITION:comment=0
DISPOSITION:lyrics=0
DISPOSITION:karaoke=0
DISPOSITION:forced=0
DISPOSITION:hearing_impaired=0
DISPOSITION:visual_impaired=0
DISPOSITION:clean_effects=0
DISPOSITION:attached_pic=0
DISPOSITION:timed_thumbnails=0
[/STREAM]
[FORMAT]
filename=rtmp://43.199.149.178/live/front_right
nb_streams=2
nb_programs=0
format_name=flv
format_long_name=FLV (Flash Video)
start_time=0.000000
duration=N/A
size=N/A
bit_rate=N/A
probe_score=100
TAG:title=/camera3/rtsp
TAG:comment=rtsp_image_transport
TAG:encoder=Lavf58.29.100
TAG:server=SRS/5.0.213(Bee)
TAG:server_version=5.0.213
[/FORMAT]
[AVIOContext @ 0x557b40aef640] Statistics: 651728 bytes read, 0 seeks
---------------------[ ffprobe Log End ]----------------------
SUMMARY: Status OK. Check passed because ffprobe successfully connected to the stream and retrieved its information (Exit Code: 0).

====================[ End of Check Cycle ]====================

==========================================================
                STREAM STATUS CHECK @ Friday, July 25, 2025 PM01:39:13 HKT
==========================================================

------------------[ Checking Stream: front_left ]------------------
URL: rtmp://43.199.149.178/live/front_left
--------------------[ ffprobe Log Start ]---------------------
ffprobe version 4.2.7-0ubuntu0.1 Copyright (c) 2007-2022 the FFmpeg developers
  built with gcc 9 (Ubuntu 9.4.0-1ubuntu1~20.04.1)
  configuration: --prefix=/usr --extra-version=0ubuntu0.1 --toolchain=hardened --libdir=/usr/lib/x86_64-linux-gnu --incdir=/usr/include/x86_64-linux-gnu --arch=amd64 --enable-gpl --disable-stripping --enable-avresample --disable-filter=resample --enable-avisynth --enable-gnutls --enable-ladspa --enable-libaom --enable-libass --enable-libbluray --enable-libbs2b --enable-libcaca --enable-libcdio --enable-libcodec2 --enable-libflite --enable-libfontconfig --enable-libfreetype --enable-libfribidi --enable-libgme --enable-libgsm --enable-libjack --enable-libmp3lame --enable-libmysofa --enable-libopenjpeg --enable-libopenmpt --enable-libopus --enable-libpulse --enable-librsvg --enable-librubberband --enable-libshine --enable-libsnappy --enable-libsoxr --enable-libspeex --enable-libssh --enable-libtheora --enable-libtwolame --enable-libvidstab --enable-libvorbis --enable-libvpx --enable-libwavpack --enable-libwebp --enable-libx265 --enable-libxml2 --enable-libxvid --enable-libzmq --enable-libzvbi --enable-lv2 --enable-omx --enable-openal --enable-opencl --enable-opengl --enable-sdl2 --enable-libdc1394 --enable-libdrm --enable-libiec61883 --enable-nvenc --enable-chromaprint --enable-frei0r --enable-libx264 --enable-shared
  libavutil      56. 31.100 / 56. 31.100
  libavcodec     58. 54.100 / 58. 54.100
  libavformat    58. 29.100 / 58. 29.100
  libavdevice    58.  8.100 / 58.  8.100
  libavfilter     7. 57.100 /  7. 57.100
  libavresample   4.  0.  0 /  4.  0.  0
  libswscale      5.  5.100 /  5.  5.100
  libswresample   3.  5.100 /  3.  5.100
  libpostproc    55.  5.100 / 55.  5.100
[tcp @ 0x55c252f33c00] Starting connection attempt to 43.199.149.178 port 1935
[tcp @ 0x55c252f33c00] Successfully connected to 43.199.149.178 port 1935
[h264 @ 0x55c252f48240] Reinit context to 1024x624, pix_fmt: yuv420p
[flv @ 0x55c252f32980] max_analyze_duration 5000000 reached at 5000000 microseconds st:1
Input #0, flv, from 'rtmp://43.199.149.178/live/front_left':
  Metadata:
    title           : /camera5/rtsp
    comment         : rtsp_image_transport
    encoder         : Lavf58.29.100
    server          : SRS/5.0.213(Bee)
    server_version  : 5.0.213
  Duration: N/A, start: 0.000000, bitrate: N/A
    Stream #0:0: Data: none
    Stream #0:1: Video: h264 (Main), 1 reference frame, yuv420p(progressive, left), 1024x616 (1024x624) [SAR 1:1 DAR 128:77], 30 fps, 10 tbr, 1k tbn, 60 tbc
Unsupported codec with id 0 for input stream 0
[STREAM]
index=0
codec_name=unknown
codec_long_name=unknown
profile=unknown
codec_type=data
codec_tag_string=[0][0][0][0]
codec_tag=0x0000
id=N/A
r_frame_rate=0/0
avg_frame_rate=0/0
time_base=1/1000
start_pts=0
start_time=0.000000
duration_ts=N/A
duration=N/A
bit_rate=N/A
max_bit_rate=N/A
bits_per_raw_sample=N/A
nb_frames=N/A
nb_read_frames=N/A
nb_read_packets=N/A
DISPOSITION:default=0
DISPOSITION:dub=0
DISPOSITION:original=0
DISPOSITION:comment=0
DISPOSITION:lyrics=0
DISPOSITION:karaoke=0
DISPOSITION:forced=0
DISPOSITION:hearing_impaired=0
DISPOSITION:visual_impaired=0
DISPOSITION:clean_effects=0
DISPOSITION:attached_pic=0
DISPOSITION:timed_thumbnails=0
[/STREAM]
[STREAM]
index=1
codec_name=h264
codec_long_name=H.264 / AVC / MPEG-4 AVC / MPEG-4 part 10
profile=Main
codec_type=video
codec_time_base=1/60
codec_tag_string=[0][0][0][0]
codec_tag=0x0000
width=1024
height=616
coded_width=1024
coded_height=624
has_b_frames=0
sample_aspect_ratio=1:1
display_aspect_ratio=128:77
pix_fmt=yuv420p
level=31
color_range=unknown
color_space=unknown
color_transfer=unknown
color_primaries=unknown
chroma_location=left
field_order=progressive
timecode=N/A
refs=1
is_avc=true
nal_length_size=4
id=N/A
r_frame_rate=10/1
avg_frame_rate=30/1
time_base=1/1000
start_pts=10
start_time=0.010000
duration_ts=N/A
duration=N/A
bit_rate=N/A
max_bit_rate=N/A
bits_per_raw_sample=8
nb_frames=N/A
nb_read_frames=N/A
nb_read_packets=N/A
DISPOSITION:default=0
DISPOSITION:dub=0
DISPOSITION:original=0
DISPOSITION:comment=0
DISPOSITION:lyrics=0
DISPOSITION:karaoke=0
DISPOSITION:forced=0
DISPOSITION:hearing_impaired=0
DISPOSITION:visual_impaired=0
DISPOSITION:clean_effects=0
DISPOSITION:attached_pic=0
DISPOSITION:timed_thumbnails=0
[/STREAM]
[FORMAT]
filename=rtmp://43.199.149.178/live/front_left
nb_streams=2
nb_programs=0
format_name=flv
format_long_name=FLV (Flash Video)
start_time=0.000000
duration=N/A
size=N/A
bit_rate=N/A
probe_score=100
TAG:title=/camera5/rtsp
TAG:comment=rtsp_image_transport
TAG:encoder=Lavf58.29.100
TAG:server=SRS/5.0.213(Bee)
TAG:server_version=5.0.213
[/FORMAT]
[AVIOContext @ 0x55c252f35640] Statistics: 671720 bytes read, 0 seeks
---------------------[ ffprobe Log End ]----------------------
SUMMARY: Status OK. Check passed because ffprobe successfully connected to the stream and retrieved its information (Exit Code: 0).


------------------[ Checking Stream: front_right ]------------------
URL: rtmp://43.199.149.178/live/front_right
--------------------[ ffprobe Log Start ]---------------------
ffprobe version 4.2.7-0ubuntu0.1 Copyright (c) 2007-2022 the FFmpeg developers
  built with gcc 9 (Ubuntu 9.4.0-1ubuntu1~20.04.1)
  configuration: --prefix=/usr --extra-version=0ubuntu0.1 --toolchain=hardened --libdir=/usr/lib/x86_64-linux-gnu --incdir=/usr/include/x86_64-linux-gnu --arch=amd64 --enable-gpl --disable-stripping --enable-avresample --disable-filter=resample --enable-avisynth --enable-gnutls --enable-ladspa --enable-libaom --enable-libass --enable-libbluray --enable-libbs2b --enable-libcaca --enable-libcdio --enable-libcodec2 --enable-libflite --enable-libfontconfig --enable-libfreetype --enable-libfribidi --enable-libgme --enable-libgsm --enable-libjack --enable-libmp3lame --enable-libmysofa --enable-libopenjpeg --enable-libopenmpt --enable-libopus --enable-libpulse --enable-librsvg --enable-librubberband --enable-libshine --enable-libsnappy --enable-libsoxr --enable-libspeex --enable-libssh --enable-libtheora --enable-libtwolame --enable-libvidstab --enable-libvorbis --enable-libvpx --enable-libwavpack --enable-libwebp --enable-libx265 --enable-libxml2 --enable-libxvid --enable-libzmq --enable-libzvbi --enable-lv2 --enable-omx --enable-openal --enable-opencl --enable-opengl --enable-sdl2 --enable-libdc1394 --enable-libdrm --enable-libiec61883 --enable-nvenc --enable-chromaprint --enable-frei0r --enable-libx264 --enable-shared
  libavutil      56. 31.100 / 56. 31.100
  libavcodec     58. 54.100 / 58. 54.100
  libavformat    58. 29.100 / 58. 29.100
  libavdevice    58.  8.100 / 58.  8.100
  libavfilter     7. 57.100 /  7. 57.100
  libavresample   4.  0.  0 /  4.  0.  0
  libswscale      5.  5.100 /  5.  5.100
  libswresample   3.  5.100 /  3.  5.100
  libpostproc    55.  5.100 / 55.  5.100
[tcp @ 0x562bfd005c00] Starting connection attempt to 43.199.149.178 port 1935
[tcp @ 0x562bfd005c00] Successfully connected to 43.199.149.178 port 1935
[h264 @ 0x562bfd01a240] Reinit context to 1024x624, pix_fmt: yuv420p
[flv @ 0x562bfd004980] max_analyze_duration 5000000 reached at 5000000 microseconds st:1
Input #0, flv, from 'rtmp://43.199.149.178/live/front_right':
  Metadata:
    title           : /camera3/rtsp
    comment         : rtsp_image_transport
    encoder         : Lavf58.29.100
    server          : SRS/5.0.213(Bee)
    server_version  : 5.0.213
  Duration: N/A, start: 0.000000, bitrate: N/A
    Stream #0:0: Data: none
    Stream #0:1: Video: h264 (Main), 1 reference frame, yuv420p(progressive, left), 1024x616 (1024x624) [SAR 1:1 DAR 128:77], 30 fps, 10 tbr, 1k tbn, 60 tbc
Unsupported codec with id 0 for input stream 0
[STREAM]
index=0
codec_name=unknown
codec_long_name=unknown
profile=unknown
codec_type=data
codec_tag_string=[0][0][0][0]
codec_tag=0x0000
id=N/A
r_frame_rate=0/0
avg_frame_rate=0/0
time_base=1/1000
start_pts=0
start_time=0.000000
duration_ts=N/A
duration=N/A
bit_rate=N/A
max_bit_rate=N/A
bits_per_raw_sample=N/A
nb_frames=N/A
nb_read_frames=N/A
nb_read_packets=N/A
DISPOSITION:default=0
DISPOSITION:dub=0
DISPOSITION:original=0
DISPOSITION:comment=0
DISPOSITION:lyrics=0
DISPOSITION:karaoke=0
DISPOSITION:forced=0
DISPOSITION:hearing_impaired=0
DISPOSITION:visual_impaired=0
DISPOSITION:clean_effects=0
DISPOSITION:attached_pic=0
DISPOSITION:timed_thumbnails=0
[/STREAM]
[STREAM]
index=1
codec_name=h264
codec_long_name=H.264 / AVC / MPEG-4 AVC / MPEG-4 part 10
profile=Main
codec_type=video
codec_time_base=1/60
codec_tag_string=[0][0][0][0]
codec_tag=0x0000
width=1024
height=616
coded_width=1024
coded_height=624
has_b_frames=0
sample_aspect_ratio=1:1
display_aspect_ratio=128:77
pix_fmt=yuv420p
level=31
color_range=unknown
color_space=unknown
color_transfer=unknown
color_primaries=unknown
chroma_location=left
field_order=progressive
timecode=N/A
refs=1
is_avc=true
nal_length_size=4
id=N/A
r_frame_rate=10/1
avg_frame_rate=30/1
time_base=1/1000
start_pts=10
start_time=0.010000
duration_ts=N/A
duration=N/A
bit_rate=N/A
max_bit_rate=N/A
bits_per_raw_sample=8
nb_frames=N/A
nb_read_frames=N/A
nb_read_packets=N/A
DISPOSITION:default=0
DISPOSITION:dub=0
DISPOSITION:original=0
DISPOSITION:comment=0
DISPOSITION:lyrics=0
DISPOSITION:karaoke=0
DISPOSITION:forced=0
DISPOSITION:hearing_impaired=0
DISPOSITION:visual_impaired=0
DISPOSITION:clean_effects=0
DISPOSITION:attached_pic=0
DISPOSITION:timed_thumbnails=0
[/STREAM]
[FORMAT]
filename=rtmp://43.199.149.178/live/front_right
nb_streams=2
nb_programs=0
format_name=flv
format_long_name=FLV (Flash Video)
start_time=0.000000
duration=N/A
size=N/A
bit_rate=N/A
probe_score=100
TAG:title=/camera3/rtsp
TAG:comment=rtsp_image_transport
TAG:encoder=Lavf58.29.100
TAG:server=SRS/5.0.213(Bee)
TAG:server_version=5.0.213
[/FORMAT]
[AVIOContext @ 0x562bfd007640] Statistics: 675061 bytes read, 0 seeks
---------------------[ ffprobe Log End ]----------------------
SUMMARY: Status OK. Check passed because ffprobe successfully connected to the stream and retrieved its information (Exit Code: 0).

====================[ End of Check Cycle ]====================

==========================================================
                STREAM STATUS CHECK @ Friday, July 25, 2025 PM01:40:43 HKT
==========================================================

------------------[ Checking Stream: front_left ]------------------
URL: rtmp://43.199.149.178/live/front_left
--------------------[ ffprobe Log Start ]---------------------
ffprobe version 4.2.7-0ubuntu0.1 Copyright (c) 2007-2022 the FFmpeg developers
  built with gcc 9 (Ubuntu 9.4.0-1ubuntu1~20.04.1)
  configuration: --prefix=/usr --extra-version=0ubuntu0.1 --toolchain=hardened --libdir=/usr/lib/x86_64-linux-gnu --incdir=/usr/include/x86_64-linux-gnu --arch=amd64 --enable-gpl --disable-stripping --enable-avresample --disable-filter=resample --enable-avisynth --enable-gnutls --enable-ladspa --enable-libaom --enable-libass --enable-libbluray --enable-libbs2b --enable-libcaca --enable-libcdio --enable-libcodec2 --enable-libflite --enable-libfontconfig --enable-libfreetype --enable-libfribidi --enable-libgme --enable-libgsm --enable-libjack --enable-libmp3lame --enable-libmysofa --enable-libopenjpeg --enable-libopenmpt --enable-libopus --enable-libpulse --enable-librsvg --enable-librubberband --enable-libshine --enable-libsnappy --enable-libsoxr --enable-libspeex --enable-libssh --enable-libtheora --enable-libtwolame --enable-libvidstab --enable-libvorbis --enable-libvpx --enable-libwavpack --enable-libwebp --enable-libx265 --enable-libxml2 --enable-libxvid --enable-libzmq --enable-libzvbi --enable-lv2 --enable-omx --enable-openal --enable-opencl --enable-opengl --enable-sdl2 --enable-libdc1394 --enable-libdrm --enable-libiec61883 --enable-nvenc --enable-chromaprint --enable-frei0r --enable-libx264 --enable-shared
  libavutil      56. 31.100 / 56. 31.100
  libavcodec     58. 54.100 / 58. 54.100
  libavformat    58. 29.100 / 58. 29.100
  libavdevice    58.  8.100 / 58.  8.100
  libavfilter     7. 57.100 /  7. 57.100
  libavresample   4.  0.  0 /  4.  0.  0
  libswscale      5.  5.100 /  5.  5.100
  libswresample   3.  5.100 /  3.  5.100
  libpostproc    55.  5.100 / 55.  5.100
[tcp @ 0x5611fff22c00] Starting connection attempt to 43.199.149.178 port 1935
[tcp @ 0x5611fff22c00] Successfully connected to 43.199.149.178 port 1935
[h264 @ 0x5611fff25a00] Reinit context to 1024x624, pix_fmt: yuv420p
[h264 @ 0x5611fff25a00] error while decoding MB 55 26, bytestream -8
[h264 @ 0x5611fff25a00] concealing 826 DC, 826 AC, 826 MV errors in I frame
[flv @ 0x5611fff21980] max_analyze_duration 5000000 reached at 5000000 microseconds st:1
Input #0, flv, from 'rtmp://43.199.149.178/live/front_left':
  Metadata:
    title           : /camera5/rtsp
    comment         : rtsp_image_transport
    encoder         : Lavf58.29.100
    server          : SRS/5.0.213(Bee)
    server_version  : 5.0.213
  Duration: N/A, start: 0.000000, bitrate: N/A
    Stream #0:0: Data: none
    Stream #0:1: Video: h264 (Main), 1 reference frame, yuv420p(progressive, left), 1024x616 (1024x624) [SAR 1:1 DAR 128:77], 30 fps, 10 tbr, 1k tbn, 60 tbc
Unsupported codec with id 0 for input stream 0
[STREAM]
index=0
codec_name=unknown
codec_long_name=unknown
profile=unknown
codec_type=data
codec_tag_string=[0][0][0][0]
codec_tag=0x0000
id=N/A
r_frame_rate=0/0
avg_frame_rate=0/0
time_base=1/1000
start_pts=0
start_time=0.000000
duration_ts=N/A
duration=N/A
bit_rate=N/A
max_bit_rate=N/A
bits_per_raw_sample=N/A
nb_frames=N/A
nb_read_frames=N/A
nb_read_packets=N/A
DISPOSITION:default=0
DISPOSITION:dub=0
DISPOSITION:original=0
DISPOSITION:comment=0
DISPOSITION:lyrics=0
DISPOSITION:karaoke=0
DISPOSITION:forced=0
DISPOSITION:hearing_impaired=0
DISPOSITION:visual_impaired=0
DISPOSITION:clean_effects=0
DISPOSITION:attached_pic=0
DISPOSITION:timed_thumbnails=0
[/STREAM]
[STREAM]
index=1
codec_name=h264
codec_long_name=H.264 / AVC / MPEG-4 AVC / MPEG-4 part 10
profile=Main
codec_type=video
codec_time_base=1/60
codec_tag_string=[0][0][0][0]
codec_tag=0x0000
width=1024
height=616
coded_width=1024
coded_height=624
has_b_frames=0
sample_aspect_ratio=1:1
display_aspect_ratio=128:77
pix_fmt=yuv420p
level=31
color_range=unknown
color_space=unknown
color_transfer=unknown
color_primaries=unknown
chroma_location=left
field_order=progressive
timecode=N/A
refs=1
is_avc=true
nal_length_size=4
id=N/A
r_frame_rate=10/1
avg_frame_rate=30/1
time_base=1/1000
start_pts=10
start_time=0.010000
duration_ts=N/A
duration=N/A
bit_rate=N/A
max_bit_rate=N/A
bits_per_raw_sample=8
nb_frames=N/A
nb_read_frames=N/A
nb_read_packets=N/A
DISPOSITION:default=0
DISPOSITION:dub=0
DISPOSITION:original=0
DISPOSITION:comment=0
DISPOSITION:lyrics=0
DISPOSITION:karaoke=0
DISPOSITION:forced=0
DISPOSITION:hearing_impaired=0
DISPOSITION:visual_impaired=0
DISPOSITION:clean_effects=0
DISPOSITION:attached_pic=0
DISPOSITION:timed_thumbnails=0
[/STREAM]
[FORMAT]
filename=rtmp://43.199.149.178/live/front_left
nb_streams=2
nb_programs=0
format_name=flv
format_long_name=FLV (Flash Video)
start_time=0.000000
duration=N/A
size=N/A
bit_rate=N/A
probe_score=100
TAG:title=/camera5/rtsp
TAG:comment=rtsp_image_transport
TAG:encoder=Lavf58.29.100
TAG:server=SRS/5.0.213(Bee)
TAG:server_version=5.0.213
[/FORMAT]
[AVIOContext @ 0x5611fff24640] Statistics: 655987 bytes read, 0 seeks
---------------------[ ffprobe Log End ]----------------------
SUMMARY: Status OK. Check passed because ffprobe successfully connected to the stream and retrieved its information (Exit Code: 0).


------------------[ Checking Stream: front_right ]------------------
URL: rtmp://43.199.149.178/live/front_right
--------------------[ ffprobe Log Start ]---------------------
ffprobe version 4.2.7-0ubuntu0.1 Copyright (c) 2007-2022 the FFmpeg developers
  built with gcc 9 (Ubuntu 9.4.0-1ubuntu1~20.04.1)
  configuration: --prefix=/usr --extra-version=0ubuntu0.1 --toolchain=hardened --libdir=/usr/lib/x86_64-linux-gnu --incdir=/usr/include/x86_64-linux-gnu --arch=amd64 --enable-gpl --disable-stripping --enable-avresample --disable-filter=resample --enable-avisynth --enable-gnutls --enable-ladspa --enable-libaom --enable-libass --enable-libbluray --enable-libbs2b --enable-libcaca --enable-libcdio --enable-libcodec2 --enable-libflite --enable-libfontconfig --enable-libfreetype --enable-libfribidi --enable-libgme --enable-libgsm --enable-libjack --enable-libmp3lame --enable-libmysofa --enable-libopenjpeg --enable-libopenmpt --enable-libopus --enable-libpulse --enable-librsvg --enable-librubberband --enable-libshine --enable-libsnappy --enable-libsoxr --enable-libspeex --enable-libssh --enable-libtheora --enable-libtwolame --enable-libvidstab --enable-libvorbis --enable-libvpx --enable-libwavpack --enable-libwebp --enable-libx265 --enable-libxml2 --enable-libxvid --enable-libzmq --enable-libzvbi --enable-lv2 --enable-omx --enable-openal --enable-opencl --enable-opengl --enable-sdl2 --enable-libdc1394 --enable-libdrm --enable-libiec61883 --enable-nvenc --enable-chromaprint --enable-frei0r --enable-libx264 --enable-shared
  libavutil      56. 31.100 / 56. 31.100
  libavcodec     58. 54.100 / 58. 54.100
  libavformat    58. 29.100 / 58. 29.100
  libavdevice    58.  8.100 / 58.  8.100
  libavfilter     7. 57.100 /  7. 57.100
  libavresample   4.  0.  0 /  4.  0.  0
  libswscale      5.  5.100 /  5.  5.100
  libswresample   3.  5.100 /  3.  5.100
  libpostproc    55.  5.100 / 55.  5.100
[tcp @ 0x55e231419c00] Starting connection attempt to 43.199.149.178 port 1935
[tcp @ 0x55e231419c00] Successfully connected to 43.199.149.178 port 1935
[h264 @ 0x55e23142e240] Reinit context to 1024x624, pix_fmt: yuv420p
[flv @ 0x55e231418980] max_analyze_duration 5000000 reached at 5000000 microseconds st:1
Input #0, flv, from 'rtmp://43.199.149.178/live/front_right':
  Metadata:
    title           : /camera3/rtsp
    comment         : rtsp_image_transport
    encoder         : Lavf58.29.100
    server          : SRS/5.0.213(Bee)
    server_version  : 5.0.213
  Duration: N/A, start: 0.000000, bitrate: N/A
    Stream #0:0: Data: none
    Stream #0:1: Video: h264 (Main), 1 reference frame, yuv420p(progressive, left), 1024x616 (1024x624) [SAR 1:1 DAR 128:77], 30 fps, 10 tbr, 1k tbn, 60 tbc
Unsupported codec with id 0 for input stream 0
[STREAM]
index=0
codec_name=unknown
codec_long_name=unknown
profile=unknown
codec_type=data
codec_tag_string=[0][0][0][0]
codec_tag=0x0000
id=N/A
r_frame_rate=0/0
avg_frame_rate=0/0
time_base=1/1000
start_pts=0
start_time=0.000000
duration_ts=N/A
duration=N/A
bit_rate=N/A
max_bit_rate=N/A
bits_per_raw_sample=N/A
nb_frames=N/A
nb_read_frames=N/A
nb_read_packets=N/A
DISPOSITION:default=0
DISPOSITION:dub=0
DISPOSITION:original=0
DISPOSITION:comment=0
DISPOSITION:lyrics=0
DISPOSITION:karaoke=0
DISPOSITION:forced=0
DISPOSITION:hearing_impaired=0
DISPOSITION:visual_impaired=0
DISPOSITION:clean_effects=0
DISPOSITION:attached_pic=0
DISPOSITION:timed_thumbnails=0
[/STREAM]
[STREAM]
index=1
codec_name=h264
codec_long_name=H.264 / AVC / MPEG-4 AVC / MPEG-4 part 10
profile=Main
codec_type=video
codec_time_base=1/60
codec_tag_string=[0][0][0][0]
codec_tag=0x0000
width=1024
height=616
coded_width=1024
coded_height=624
has_b_frames=0
sample_aspect_ratio=1:1
display_aspect_ratio=128:77
pix_fmt=yuv420p
level=31
color_range=unknown
color_space=unknown
color_transfer=unknown
color_primaries=unknown
chroma_location=left
field_order=progressive
timecode=N/A
refs=1
is_avc=true
nal_length_size=4
id=N/A
r_frame_rate=10/1
avg_frame_rate=30/1
time_base=1/1000
start_pts=10
start_time=0.010000
duration_ts=N/A
duration=N/A
bit_rate=N/A
max_bit_rate=N/A
bits_per_raw_sample=8
nb_frames=N/A
nb_read_frames=N/A
nb_read_packets=N/A
DISPOSITION:default=0
DISPOSITION:dub=0
DISPOSITION:original=0
DISPOSITION:comment=0
DISPOSITION:lyrics=0
DISPOSITION:karaoke=0
DISPOSITION:forced=0
DISPOSITION:hearing_impaired=0
DISPOSITION:visual_impaired=0
DISPOSITION:clean_effects=0
DISPOSITION:attached_pic=0
DISPOSITION:timed_thumbnails=0
[/STREAM]
[FORMAT]
filename=rtmp://43.199.149.178/live/front_right
nb_streams=2
nb_programs=0
format_name=flv
format_long_name=FLV (Flash Video)
start_time=0.000000
duration=N/A
size=N/A
bit_rate=N/A
probe_score=100
TAG:title=/camera3/rtsp
TAG:comment=rtsp_image_transport
TAG:encoder=Lavf58.29.100
TAG:server=SRS/5.0.213(Bee)
TAG:server_version=5.0.213
[/FORMAT]
[AVIOContext @ 0x55e23141b640] Statistics: 638596 bytes read, 0 seeks
---------------------[ ffprobe Log End ]----------------------
SUMMARY: Status OK. Check passed because ffprobe successfully connected to the stream and retrieved its information (Exit Code: 0).

====================[ End of Check Cycle ]====================

==========================================================
                STREAM STATUS CHECK @ Friday, July 25, 2025 PM01:42:12 HKT
==========================================================

------------------[ Checking Stream: front_left ]------------------
URL: rtmp://43.199.149.178/live/front_left
--------------------[ ffprobe Log Start ]---------------------
ffprobe version 4.2.7-0ubuntu0.1 Copyright (c) 2007-2022 the FFmpeg developers
  built with gcc 9 (Ubuntu 9.4.0-1ubuntu1~20.04.1)
  configuration: --prefix=/usr --extra-version=0ubuntu0.1 --toolchain=hardened --libdir=/usr/lib/x86_64-linux-gnu --incdir=/usr/include/x86_64-linux-gnu --arch=amd64 --enable-gpl --disable-stripping --enable-avresample --disable-filter=resample --enable-avisynth --enable-gnutls --enable-ladspa --enable-libaom --enable-libass --enable-libbluray --enable-libbs2b --enable-libcaca --enable-libcdio --enable-libcodec2 --enable-libflite --enable-libfontconfig --enable-libfreetype --enable-libfribidi --enable-libgme --enable-libgsm --enable-libjack --enable-libmp3lame --enable-libmysofa --enable-libopenjpeg --enable-libopenmpt --enable-libopus --enable-libpulse --enable-librsvg --enable-librubberband --enable-libshine --enable-libsnappy --enable-libsoxr --enable-libspeex --enable-libssh --enable-libtheora --enable-libtwolame --enable-libvidstab --enable-libvorbis --enable-libvpx --enable-libwavpack --enable-libwebp --enable-libx265 --enable-libxml2 --enable-libxvid --enable-libzmq --enable-libzvbi --enable-lv2 --enable-omx --enable-openal --enable-opencl --enable-opengl --enable-sdl2 --enable-libdc1394 --enable-libdrm --enable-libiec61883 --enable-nvenc --enable-chromaprint --enable-frei0r --enable-libx264 --enable-shared
  libavutil      56. 31.100 / 56. 31.100
  libavcodec     58. 54.100 / 58. 54.100
  libavformat    58. 29.100 / 58. 29.100
  libavdevice    58.  8.100 / 58.  8.100
  libavfilter     7. 57.100 /  7. 57.100
  libavresample   4.  0.  0 /  4.  0.  0
  libswscale      5.  5.100 /  5.  5.100
  libswresample   3.  5.100 /  3.  5.100
  libpostproc    55.  5.100 / 55.  5.100
[tcp @ 0x55cdd1597c00] Starting connection attempt to 43.199.149.178 port 1935
[tcp @ 0x55cdd1597c00] Successfully connected to 43.199.149.178 port 1935
[h264 @ 0x55cdd15ac240] Reinit context to 1024x624, pix_fmt: yuv420p
[flv @ 0x55cdd1596980] max_analyze_duration 5000000 reached at 5000000 microseconds st:1
Input #0, flv, from 'rtmp://43.199.149.178/live/front_left':
  Metadata:
    title           : /camera5/rtsp
    comment         : rtsp_image_transport
    encoder         : Lavf58.29.100
    server          : SRS/5.0.213(Bee)
    server_version  : 5.0.213
  Duration: N/A, start: 0.000000, bitrate: N/A
    Stream #0:0: Data: none
    Stream #0:1: Video: h264 (Main), 1 reference frame, yuv420p(progressive, left), 1024x616 (1024x624) [SAR 1:1 DAR 128:77], 30 fps, 10 tbr, 1k tbn, 60 tbc
Unsupported codec with id 0 for input stream 0
[STREAM]
index=0
codec_name=unknown
codec_long_name=unknown
profile=unknown
codec_type=data
codec_tag_string=[0][0][0][0]
codec_tag=0x0000
id=N/A
r_frame_rate=0/0
avg_frame_rate=0/0
time_base=1/1000
start_pts=0
start_time=0.000000
duration_ts=N/A
duration=N/A
bit_rate=N/A
max_bit_rate=N/A
bits_per_raw_sample=N/A
nb_frames=N/A
nb_read_frames=N/A
nb_read_packets=N/A
DISPOSITION:default=0
DISPOSITION:dub=0
DISPOSITION:original=0
DISPOSITION:comment=0
DISPOSITION:lyrics=0
DISPOSITION:karaoke=0
DISPOSITION:forced=0
DISPOSITION:hearing_impaired=0
DISPOSITION:visual_impaired=0
DISPOSITION:clean_effects=0
DISPOSITION:attached_pic=0
DISPOSITION:timed_thumbnails=0
[/STREAM]
[STREAM]
index=1
codec_name=h264
codec_long_name=H.264 / AVC / MPEG-4 AVC / MPEG-4 part 10
profile=Main
codec_type=video
codec_time_base=1/60
codec_tag_string=[0][0][0][0]
codec_tag=0x0000
width=1024
height=616
coded_width=1024
coded_height=624
has_b_frames=0
sample_aspect_ratio=1:1
display_aspect_ratio=128:77
pix_fmt=yuv420p
level=31
color_range=unknown
color_space=unknown
color_transfer=unknown
color_primaries=unknown
chroma_location=left
field_order=progressive
timecode=N/A
refs=1
is_avc=true
nal_length_size=4
id=N/A
r_frame_rate=10/1
avg_frame_rate=30/1
time_base=1/1000
start_pts=10
start_time=0.010000
duration_ts=N/A
duration=N/A
bit_rate=N/A
max_bit_rate=N/A
bits_per_raw_sample=8
nb_frames=N/A
nb_read_frames=N/A
nb_read_packets=N/A
DISPOSITION:default=0
DISPOSITION:dub=0
DISPOSITION:original=0
DISPOSITION:comment=0
DISPOSITION:lyrics=0
DISPOSITION:karaoke=0
DISPOSITION:forced=0
DISPOSITION:hearing_impaired=0
DISPOSITION:visual_impaired=0
DISPOSITION:clean_effects=0
DISPOSITION:attached_pic=0
DISPOSITION:timed_thumbnails=0
[/STREAM]
[FORMAT]
filename=rtmp://43.199.149.178/live/front_left
nb_streams=2
nb_programs=0
format_name=flv
format_long_name=FLV (Flash Video)
start_time=0.000000
duration=N/A
size=N/A
bit_rate=N/A
probe_score=100
TAG:title=/camera5/rtsp
TAG:comment=rtsp_image_transport
TAG:encoder=Lavf58.29.100
TAG:server=SRS/5.0.213(Bee)
TAG:server_version=5.0.213
[/FORMAT]
[AVIOContext @ 0x55cdd1599640] Statistics: 671616 bytes read, 0 seeks
---------------------[ ffprobe Log End ]----------------------
SUMMARY: Status OK. Check passed because ffprobe successfully connected to the stream and retrieved its information (Exit Code: 0).


------------------[ Checking Stream: front_right ]------------------
URL: rtmp://43.199.149.178/live/front_right
--------------------[ ffprobe Log Start ]---------------------
ffprobe version 4.2.7-0ubuntu0.1 Copyright (c) 2007-2022 the FFmpeg developers
  built with gcc 9 (Ubuntu 9.4.0-1ubuntu1~20.04.1)
  configuration: --prefix=/usr --extra-version=0ubuntu0.1 --toolchain=hardened --libdir=/usr/lib/x86_64-linux-gnu --incdir=/usr/include/x86_64-linux-gnu --arch=amd64 --enable-gpl --disable-stripping --enable-avresample --disable-filter=resample --enable-avisynth --enable-gnutls --enable-ladspa --enable-libaom --enable-libass --enable-libbluray --enable-libbs2b --enable-libcaca --enable-libcdio --enable-libcodec2 --enable-libflite --enable-libfontconfig --enable-libfreetype --enable-libfribidi --enable-libgme --enable-libgsm --enable-libjack --enable-libmp3lame --enable-libmysofa --enable-libopenjpeg --enable-libopenmpt --enable-libopus --enable-libpulse --enable-librsvg --enable-librubberband --enable-libshine --enable-libsnappy --enable-libsoxr --enable-libspeex --enable-libssh --enable-libtheora --enable-libtwolame --enable-libvidstab --enable-libvorbis --enable-libvpx --enable-libwavpack --enable-libwebp --enable-libx265 --enable-libxml2 --enable-libxvid --enable-libzmq --enable-libzvbi --enable-lv2 --enable-omx --enable-openal --enable-opencl --enable-opengl --enable-sdl2 --enable-libdc1394 --enable-libdrm --enable-libiec61883 --enable-nvenc --enable-chromaprint --enable-frei0r --enable-libx264 --enable-shared
  libavutil      56. 31.100 / 56. 31.100
  libavcodec     58. 54.100 / 58. 54.100
  libavformat    58. 29.100 / 58. 29.100
  libavdevice    58.  8.100 / 58.  8.100
  libavfilter     7. 57.100 /  7. 57.100
  libavresample   4.  0.  0 /  4.  0.  0
  libswscale      5.  5.100 /  5.  5.100
  libswresample   3.  5.100 /  3.  5.100
  libpostproc    55.  5.100 / 55.  5.100
[tcp @ 0x55a7813a2c00] Starting connection attempt to 43.199.149.178 port 1935
[tcp @ 0x55a7813a2c00] Successfully connected to 43.199.149.178 port 1935
[h264 @ 0x55a7813b7240] Reinit context to 1024x624, pix_fmt: yuv420p
[flv @ 0x55a7813a1980] max_analyze_duration 5000000 reached at 5000000 microseconds st:1
Input #0, flv, from 'rtmp://43.199.149.178/live/front_right':
  Metadata:
    title           : /camera3/rtsp
    comment         : rtsp_image_transport
    encoder         : Lavf58.29.100
    server          : SRS/5.0.213(Bee)
    server_version  : 5.0.213
  Duration: N/A, start: 0.000000, bitrate: N/A
    Stream #0:0: Data: none
    Stream #0:1: Video: h264 (Main), 1 reference frame, yuv420p(progressive, left), 1024x616 (1024x624) [SAR 1:1 DAR 128:77], 30 fps, 10 tbr, 1k tbn, 60 tbc
Unsupported codec with id 0 for input stream 0
[STREAM]
index=0
codec_name=unknown
codec_long_name=unknown
profile=unknown
codec_type=data
codec_tag_string=[0][0][0][0]
codec_tag=0x0000
id=N/A
r_frame_rate=0/0
avg_frame_rate=0/0
time_base=1/1000
start_pts=0
start_time=0.000000
duration_ts=N/A
duration=N/A
bit_rate=N/A
max_bit_rate=N/A
bits_per_raw_sample=N/A
nb_frames=N/A
nb_read_frames=N/A
nb_read_packets=N/A
DISPOSITION:default=0
DISPOSITION:dub=0
DISPOSITION:original=0
DISPOSITION:comment=0
DISPOSITION:lyrics=0
DISPOSITION:karaoke=0
DISPOSITION:forced=0
DISPOSITION:hearing_impaired=0
DISPOSITION:visual_impaired=0
DISPOSITION:clean_effects=0
DISPOSITION:attached_pic=0
DISPOSITION:timed_thumbnails=0
[/STREAM]
[STREAM]
index=1
codec_name=h264
codec_long_name=H.264 / AVC / MPEG-4 AVC / MPEG-4 part 10
profile=Main
codec_type=video
codec_time_base=1/60
codec_tag_string=[0][0][0][0]
codec_tag=0x0000
width=1024
height=616
coded_width=1024
coded_height=624
has_b_frames=0
sample_aspect_ratio=1:1
display_aspect_ratio=128:77
pix_fmt=yuv420p
level=31
color_range=unknown
color_space=unknown
color_transfer=unknown
color_primaries=unknown
chroma_location=left
field_order=progressive
timecode=N/A
refs=1
is_avc=true
nal_length_size=4
id=N/A
r_frame_rate=10/1
avg_frame_rate=30/1
time_base=1/1000
start_pts=10
start_time=0.010000
duration_ts=N/A
duration=N/A
bit_rate=N/A
max_bit_rate=N/A
bits_per_raw_sample=8
nb_frames=N/A
nb_read_frames=N/A
nb_read_packets=N/A
DISPOSITION:default=0
DISPOSITION:dub=0
DISPOSITION:original=0
DISPOSITION:comment=0
DISPOSITION:lyrics=0
DISPOSITION:karaoke=0
DISPOSITION:forced=0
DISPOSITION:hearing_impaired=0
DISPOSITION:visual_impaired=0
DISPOSITION:clean_effects=0
DISPOSITION:attached_pic=0
DISPOSITION:timed_thumbnails=0
[/STREAM]
[FORMAT]
filename=rtmp://43.199.149.178/live/front_right
nb_streams=2
nb_programs=0
format_name=flv
format_long_name=FLV (Flash Video)
start_time=0.000000
duration=N/A
size=N/A
bit_rate=N/A
probe_score=100
TAG:title=/camera3/rtsp
TAG:comment=rtsp_image_transport
TAG:encoder=Lavf58.29.100
TAG:server=SRS/5.0.213(Bee)
TAG:server_version=5.0.213
[/FORMAT]
[AVIOContext @ 0x55a7813a4640] Statistics: 630063 bytes read, 0 seeks
---------------------[ ffprobe Log End ]----------------------
SUMMARY: Status OK. Check passed because ffprobe successfully connected to the stream and retrieved its information (Exit Code: 0).

====================[ End of Check Cycle ]====================

==========================================================
                STREAM STATUS CHECK @ Friday, July 25, 2025 PM01:43:42 HKT
==========================================================

------------------[ Checking Stream: front_left ]------------------
URL: rtmp://43.199.149.178/live/front_left
--------------------[ ffprobe Log Start ]---------------------
ffprobe version 4.2.7-0ubuntu0.1 Copyright (c) 2007-2022 the FFmpeg developers
  built with gcc 9 (Ubuntu 9.4.0-1ubuntu1~20.04.1)
  configuration: --prefix=/usr --extra-version=0ubuntu0.1 --toolchain=hardened --libdir=/usr/lib/x86_64-linux-gnu --incdir=/usr/include/x86_64-linux-gnu --arch=amd64 --enable-gpl --disable-stripping --enable-avresample --disable-filter=resample --enable-avisynth --enable-gnutls --enable-ladspa --enable-libaom --enable-libass --enable-libbluray --enable-libbs2b --enable-libcaca --enable-libcdio --enable-libcodec2 --enable-libflite --enable-libfontconfig --enable-libfreetype --enable-libfribidi --enable-libgme --enable-libgsm --enable-libjack --enable-libmp3lame --enable-libmysofa --enable-libopenjpeg --enable-libopenmpt --enable-libopus --enable-libpulse --enable-librsvg --enable-librubberband --enable-libshine --enable-libsnappy --enable-libsoxr --enable-libspeex --enable-libssh --enable-libtheora --enable-libtwolame --enable-libvidstab --enable-libvorbis --enable-libvpx --enable-libwavpack --enable-libwebp --enable-libx265 --enable-libxml2 --enable-libxvid --enable-libzmq --enable-libzvbi --enable-lv2 --enable-omx --enable-openal --enable-opencl --enable-opengl --enable-sdl2 --enable-libdc1394 --enable-libdrm --enable-libiec61883 --enable-nvenc --enable-chromaprint --enable-frei0r --enable-libx264 --enable-shared
  libavutil      56. 31.100 / 56. 31.100
  libavcodec     58. 54.100 / 58. 54.100
  libavformat    58. 29.100 / 58. 29.100
  libavdevice    58.  8.100 / 58.  8.100
  libavfilter     7. 57.100 /  7. 57.100
  libavresample   4.  0.  0 /  4.  0.  0
  libswscale      5.  5.100 /  5.  5.100
  libswresample   3.  5.100 /  3.  5.100
  libpostproc    55.  5.100 / 55.  5.100
[tcp @ 0x55f012d31c00] Starting connection attempt to 43.199.149.178 port 1935
[tcp @ 0x55f012d31c00] Successfully connected to 43.199.149.178 port 1935
[h264 @ 0x55f012d46240] Reinit context to 1024x624, pix_fmt: yuv420p
[flv @ 0x55f012d30980] max_analyze_duration 5000000 reached at 5000000 microseconds st:1
Input #0, flv, from 'rtmp://43.199.149.178/live/front_left':
  Metadata:
    title           : /camera5/rtsp
    comment         : rtsp_image_transport
    encoder         : Lavf58.29.100
    server          : SRS/5.0.213(Bee)
    server_version  : 5.0.213
  Duration: N/A, start: 0.000000, bitrate: N/A
    Stream #0:0: Data: none
    Stream #0:1: Video: h264 (Main), 1 reference frame, yuv420p(progressive, left), 1024x616 (1024x624) [SAR 1:1 DAR 128:77], 30 fps, 10 tbr, 1k tbn, 60 tbc
Unsupported codec with id 0 for input stream 0
[STREAM]
index=0
codec_name=unknown
codec_long_name=unknown
profile=unknown
codec_type=data
codec_tag_string=[0][0][0][0]
codec_tag=0x0000
id=N/A
r_frame_rate=0/0
avg_frame_rate=0/0
time_base=1/1000
start_pts=0
start_time=0.000000
duration_ts=N/A
duration=N/A
bit_rate=N/A
max_bit_rate=N/A
bits_per_raw_sample=N/A
nb_frames=N/A
nb_read_frames=N/A
nb_read_packets=N/A
DISPOSITION:default=0
DISPOSITION:dub=0
DISPOSITION:original=0
DISPOSITION:comment=0
DISPOSITION:lyrics=0
DISPOSITION:karaoke=0
DISPOSITION:forced=0
DISPOSITION:hearing_impaired=0
DISPOSITION:visual_impaired=0
DISPOSITION:clean_effects=0
DISPOSITION:attached_pic=0
DISPOSITION:timed_thumbnails=0
[/STREAM]
[STREAM]
index=1
codec_name=h264
codec_long_name=H.264 / AVC / MPEG-4 AVC / MPEG-4 part 10
profile=Main
codec_type=video
codec_time_base=1/60
codec_tag_string=[0][0][0][0]
codec_tag=0x0000
width=1024
height=616
coded_width=1024
coded_height=624
has_b_frames=0
sample_aspect_ratio=1:1
display_aspect_ratio=128:77
pix_fmt=yuv420p
level=31
color_range=unknown
color_space=unknown
color_transfer=unknown
color_primaries=unknown
chroma_location=left
field_order=progressive
timecode=N/A
refs=1
is_avc=true
nal_length_size=4
id=N/A
r_frame_rate=10/1
avg_frame_rate=30/1
time_base=1/1000
start_pts=10
start_time=0.010000
duration_ts=N/A
duration=N/A
bit_rate=N/A
max_bit_rate=N/A
bits_per_raw_sample=8
nb_frames=N/A
nb_read_frames=N/A
nb_read_packets=N/A
DISPOSITION:default=0
DISPOSITION:dub=0
DISPOSITION:original=0
DISPOSITION:comment=0
DISPOSITION:lyrics=0
DISPOSITION:karaoke=0
DISPOSITION:forced=0
DISPOSITION:hearing_impaired=0
DISPOSITION:visual_impaired=0
DISPOSITION:clean_effects=0
DISPOSITION:attached_pic=0
DISPOSITION:timed_thumbnails=0
[/STREAM]
[FORMAT]
filename=rtmp://43.199.149.178/live/front_left
nb_streams=2
nb_programs=0
format_name=flv
format_long_name=FLV (Flash Video)
start_time=0.000000
duration=N/A
size=N/A
bit_rate=N/A
probe_score=100
TAG:title=/camera5/rtsp
TAG:comment=rtsp_image_transport
TAG:encoder=Lavf58.29.100
TAG:server=SRS/5.0.213(Bee)
TAG:server_version=5.0.213
[/FORMAT]
[AVIOContext @ 0x55f012d33640] Statistics: 647755 bytes read, 0 seeks
---------------------[ ffprobe Log End ]----------------------
SUMMARY: Status OK. Check passed because ffprobe successfully connected to the stream and retrieved its information (Exit Code: 0).


------------------[ Checking Stream: front_right ]------------------
URL: rtmp://43.199.149.178/live/front_right
--------------------[ ffprobe Log Start ]---------------------
ffprobe version 4.2.7-0ubuntu0.1 Copyright (c) 2007-2022 the FFmpeg developers
  built with gcc 9 (Ubuntu 9.4.0-1ubuntu1~20.04.1)
  configuration: --prefix=/usr --extra-version=0ubuntu0.1 --toolchain=hardened --libdir=/usr/lib/x86_64-linux-gnu --incdir=/usr/include/x86_64-linux-gnu --arch=amd64 --enable-gpl --disable-stripping --enable-avresample --disable-filter=resample --enable-avisynth --enable-gnutls --enable-ladspa --enable-libaom --enable-libass --enable-libbluray --enable-libbs2b --enable-libcaca --enable-libcdio --enable-libcodec2 --enable-libflite --enable-libfontconfig --enable-libfreetype --enable-libfribidi --enable-libgme --enable-libgsm --enable-libjack --enable-libmp3lame --enable-libmysofa --enable-libopenjpeg --enable-libopenmpt --enable-libopus --enable-libpulse --enable-librsvg --enable-librubberband --enable-libshine --enable-libsnappy --enable-libsoxr --enable-libspeex --enable-libssh --enable-libtheora --enable-libtwolame --enable-libvidstab --enable-libvorbis --enable-libvpx --enable-libwavpack --enable-libwebp --enable-libx265 --enable-libxml2 --enable-libxvid --enable-libzmq --enable-libzvbi --enable-lv2 --enable-omx --enable-openal --enable-opencl --enable-opengl --enable-sdl2 --enable-libdc1394 --enable-libdrm --enable-libiec61883 --enable-nvenc --enable-chromaprint --enable-frei0r --enable-libx264 --enable-shared
  libavutil      56. 31.100 / 56. 31.100
  libavcodec     58. 54.100 / 58. 54.100
  libavformat    58. 29.100 / 58. 29.100
  libavdevice    58.  8.100 / 58.  8.100
  libavfilter     7. 57.100 /  7. 57.100
  libavresample   4.  0.  0 /  4.  0.  0
  libswscale      5.  5.100 /  5.  5.100
  libswresample   3.  5.100 /  3.  5.100
  libpostproc    55.  5.100 / 55.  5.100
[tcp @ 0x558358bf4c00] Starting connection attempt to 43.199.149.178 port 1935
[tcp @ 0x558358bf4c00] Successfully connected to 43.199.149.178 port 1935
[h264 @ 0x558358bf7a00] Reinit context to 1024x624, pix_fmt: yuv420p
[h264 @ 0x558358bf7a00] error while decoding MB 44 20, bytestream -13
[h264 @ 0x558358bf7a00] concealing 1221 DC, 1221 AC, 1221 MV errors in I frame
[flv @ 0x558358bf3980] max_analyze_duration 5000000 reached at 5000000 microseconds st:1
Input #0, flv, from 'rtmp://43.199.149.178/live/front_right':
  Metadata:
    title           : /camera3/rtsp
    comment         : rtsp_image_transport
    encoder         : Lavf58.29.100
    server          : SRS/5.0.213(Bee)
    server_version  : 5.0.213
  Duration: N/A, start: 0.000000, bitrate: N/A
    Stream #0:0: Data: none
    Stream #0:1: Video: h264 (Main), 1 reference frame, yuv420p(progressive, left), 1024x616 (1024x624) [SAR 1:1 DAR 128:77], 30 fps, 10 tbr, 1k tbn, 60 tbc
Unsupported codec with id 0 for input stream 0
[STREAM]
index=0
codec_name=unknown
codec_long_name=unknown
profile=unknown
codec_type=data
codec_tag_string=[0][0][0][0]
codec_tag=0x0000
id=N/A
r_frame_rate=0/0
avg_frame_rate=0/0
time_base=1/1000
start_pts=0
start_time=0.000000
duration_ts=N/A
duration=N/A
bit_rate=N/A
max_bit_rate=N/A
bits_per_raw_sample=N/A
nb_frames=N/A
nb_read_frames=N/A
nb_read_packets=N/A
DISPOSITION:default=0
DISPOSITION:dub=0
DISPOSITION:original=0
DISPOSITION:comment=0
DISPOSITION:lyrics=0
DISPOSITION:karaoke=0
DISPOSITION:forced=0
DISPOSITION:hearing_impaired=0
DISPOSITION:visual_impaired=0
DISPOSITION:clean_effects=0
DISPOSITION:attached_pic=0
DISPOSITION:timed_thumbnails=0
[/STREAM]
[STREAM]
index=1
codec_name=h264
codec_long_name=H.264 / AVC / MPEG-4 AVC / MPEG-4 part 10
profile=Main
codec_type=video
codec_time_base=1/60
codec_tag_string=[0][0][0][0]
codec_tag=0x0000
width=1024
height=616
coded_width=1024
coded_height=624
has_b_frames=0
sample_aspect_ratio=1:1
display_aspect_ratio=128:77
pix_fmt=yuv420p
level=31
color_range=unknown
color_space=unknown
color_transfer=unknown
color_primaries=unknown
chroma_location=left
field_order=progressive
timecode=N/A
refs=1
is_avc=true
nal_length_size=4
id=N/A
r_frame_rate=10/1
avg_frame_rate=30/1
time_base=1/1000
start_pts=10
start_time=0.010000
duration_ts=N/A
duration=N/A
bit_rate=N/A
max_bit_rate=N/A
bits_per_raw_sample=8
nb_frames=N/A
nb_read_frames=N/A
nb_read_packets=N/A
DISPOSITION:default=0
DISPOSITION:dub=0
DISPOSITION:original=0
DISPOSITION:comment=0
DISPOSITION:lyrics=0
DISPOSITION:karaoke=0
DISPOSITION:forced=0
DISPOSITION:hearing_impaired=0
DISPOSITION:visual_impaired=0
DISPOSITION:clean_effects=0
DISPOSITION:attached_pic=0
DISPOSITION:timed_thumbnails=0
[/STREAM]
[FORMAT]
filename=rtmp://43.199.149.178/live/front_right
nb_streams=2
nb_programs=0
format_name=flv
format_long_name=FLV (Flash Video)
start_time=0.000000
duration=N/A
size=N/A
bit_rate=N/A
probe_score=100
TAG:title=/camera3/rtsp
TAG:comment=rtsp_image_transport
TAG:encoder=Lavf58.29.100
TAG:server=SRS/5.0.213(Bee)
TAG:server_version=5.0.213
[/FORMAT]
[AVIOContext @ 0x558358bf6640] Statistics: 640428 bytes read, 0 seeks
---------------------[ ffprobe Log End ]----------------------
SUMMARY: Status OK. Check passed because ffprobe successfully connected to the stream and retrieved its information (Exit Code: 0).

====================[ End of Check Cycle ]====================

==========================================================
                STREAM STATUS CHECK @ Friday, July 25, 2025 PM01:45:13 HKT
==========================================================

------------------[ Checking Stream: front_left ]------------------
URL: rtmp://43.199.149.178/live/front_left
--------------------[ ffprobe Log Start ]---------------------
ffprobe version 4.2.7-0ubuntu0.1 Copyright (c) 2007-2022 the FFmpeg developers
  built with gcc 9 (Ubuntu 9.4.0-1ubuntu1~20.04.1)
  configuration: --prefix=/usr --extra-version=0ubuntu0.1 --toolchain=hardened --libdir=/usr/lib/x86_64-linux-gnu --incdir=/usr/include/x86_64-linux-gnu --arch=amd64 --enable-gpl --disable-stripping --enable-avresample --disable-filter=resample --enable-avisynth --enable-gnutls --enable-ladspa --enable-libaom --enable-libass --enable-libbluray --enable-libbs2b --enable-libcaca --enable-libcdio --enable-libcodec2 --enable-libflite --enable-libfontconfig --enable-libfreetype --enable-libfribidi --enable-libgme --enable-libgsm --enable-libjack --enable-libmp3lame --enable-libmysofa --enable-libopenjpeg --enable-libopenmpt --enable-libopus --enable-libpulse --enable-librsvg --enable-librubberband --enable-libshine --enable-libsnappy --enable-libsoxr --enable-libspeex --enable-libssh --enable-libtheora --enable-libtwolame --enable-libvidstab --enable-libvorbis --enable-libvpx --enable-libwavpack --enable-libwebp --enable-libx265 --enable-libxml2 --enable-libxvid --enable-libzmq --enable-libzvbi --enable-lv2 --enable-omx --enable-openal --enable-opencl --enable-opengl --enable-sdl2 --enable-libdc1394 --enable-libdrm --enable-libiec61883 --enable-nvenc --enable-chromaprint --enable-frei0r --enable-libx264 --enable-shared
  libavutil      56. 31.100 / 56. 31.100
  libavcodec     58. 54.100 / 58. 54.100
  libavformat    58. 29.100 / 58. 29.100
  libavdevice    58.  8.100 / 58.  8.100
  libavfilter     7. 57.100 /  7. 57.100
  libavresample   4.  0.  0 /  4.  0.  0
  libswscale      5.  5.100 /  5.  5.100
  libswresample   3.  5.100 /  3.  5.100
  libpostproc    55.  5.100 / 55.  5.100
[tcp @ 0x55cc2c8a0c00] Starting connection attempt to 43.199.149.178 port 1935
[tcp @ 0x55cc2c8a0c00] Connection attempt to 43.199.149.178 port 1935 failed: Connection timed out
[tcp @ 0x55cc2c8a0c00] Connection to tcp://43.199.149.178:1935 failed: Connection timed out
[rtmp @ 0x55cc2c8a0400] Cannot open connection tcp://43.199.149.178:1935
rtmp://43.199.149.178/live/front_left: Connection timed out
---------------------[ ffprobe Log End ]----------------------
SUMMARY: Status FAILED. Check failed because ffprobe could not connect to the stream or read its data (Exit Code: 1).


------------------[ Checking Stream: front_right ]------------------
URL: rtmp://43.199.149.178/live/front_right
--------------------[ ffprobe Log Start ]---------------------
ffprobe version 4.2.7-0ubuntu0.1 Copyright (c) 2007-2022 the FFmpeg developers
  built with gcc 9 (Ubuntu 9.4.0-1ubuntu1~20.04.1)
  configuration: --prefix=/usr --extra-version=0ubuntu0.1 --toolchain=hardened --libdir=/usr/lib/x86_64-linux-gnu --incdir=/usr/include/x86_64-linux-gnu --arch=amd64 --enable-gpl --disable-stripping --enable-avresample --disable-filter=resample --enable-avisynth --enable-gnutls --enable-ladspa --enable-libaom --enable-libass --enable-libbluray --enable-libbs2b --enable-libcaca --enable-libcdio --enable-libcodec2 --enable-libflite --enable-libfontconfig --enable-libfreetype --enable-libfribidi --enable-libgme --enable-libgsm --enable-libjack --enable-libmp3lame --enable-libmysofa --enable-libopenjpeg --enable-libopenmpt --enable-libopus --enable-libpulse --enable-librsvg --enable-librubberband --enable-libshine --enable-libsnappy --enable-libsoxr --enable-libspeex --enable-libssh --enable-libtheora --enable-libtwolame --enable-libvidstab --enable-libvorbis --enable-libvpx --enable-libwavpack --enable-libwebp --enable-libx265 --enable-libxml2 --enable-libxvid --enable-libzmq --enable-libzvbi --enable-lv2 --enable-omx --enable-openal --enable-opencl --enable-opengl --enable-sdl2 --enable-libdc1394 --enable-libdrm --enable-libiec61883 --enable-nvenc --enable-chromaprint --enable-frei0r --enable-libx264 --enable-shared
  libavutil      56. 31.100 / 56. 31.100
  libavcodec     58. 54.100 / 58. 54.100
  libavformat    58. 29.100 / 58. 29.100
  libavdevice    58.  8.100 / 58.  8.100
  libavfilter     7. 57.100 /  7. 57.100
  libavresample   4.  0.  0 /  4.  0.  0
  libswscale      5.  5.100 /  5.  5.100
  libswresample   3.  5.100 /  3.  5.100
  libpostproc    55.  5.100 / 55.  5.100
[tcp @ 0x55d6fdfdec00] Starting connection attempt to 43.199.149.178 port 1935
[tcp @ 0x55d6fdfdec00] Connection attempt to 43.199.149.178 port 1935 failed: Connection timed out
[tcp @ 0x55d6fdfdec00] Connection to tcp://43.199.149.178:1935 failed: Connection timed out
[rtmp @ 0x55d6fdfde400] Cannot open connection tcp://43.199.149.178:1935
rtmp://43.199.149.178/live/front_right: Connection timed out
---------------------[ ffprobe Log End ]----------------------
SUMMARY: Status FAILED. Check failed because ffprobe could not connect to the stream or read its data (Exit Code: 1).

====================[ End of Check Cycle ]====================

==========================================================
                STREAM STATUS CHECK @ Friday, July 25, 2025 PM01:46:23 HKT
==========================================================

------------------[ Checking Stream: front_left ]------------------
URL: rtmp://43.199.149.178/live/front_left
--------------------[ ffprobe Log Start ]---------------------
ffprobe version 4.2.7-0ubuntu0.1 Copyright (c) 2007-2022 the FFmpeg developers
  built with gcc 9 (Ubuntu 9.4.0-1ubuntu1~20.04.1)
  configuration: --prefix=/usr --extra-version=0ubuntu0.1 --toolchain=hardened --libdir=/usr/lib/x86_64-linux-gnu --incdir=/usr/include/x86_64-linux-gnu --arch=amd64 --enable-gpl --disable-stripping --enable-avresample --disable-filter=resample --enable-avisynth --enable-gnutls --enable-ladspa --enable-libaom --enable-libass --enable-libbluray --enable-libbs2b --enable-libcaca --enable-libcdio --enable-libcodec2 --enable-libflite --enable-libfontconfig --enable-libfreetype --enable-libfribidi --enable-libgme --enable-libgsm --enable-libjack --enable-libmp3lame --enable-libmysofa --enable-libopenjpeg --enable-libopenmpt --enable-libopus --enable-libpulse --enable-librsvg --enable-librubberband --enable-libshine --enable-libsnappy --enable-libsoxr --enable-libspeex --enable-libssh --enable-libtheora --enable-libtwolame --enable-libvidstab --enable-libvorbis --enable-libvpx --enable-libwavpack --enable-libwebp --enable-libx265 --enable-libxml2 --enable-libxvid --enable-libzmq --enable-libzvbi --enable-lv2 --enable-omx --enable-openal --enable-opencl --enable-opengl --enable-sdl2 --enable-libdc1394 --enable-libdrm --enable-libiec61883 --enable-nvenc --enable-chromaprint --enable-frei0r --enable-libx264 --enable-shared
  libavutil      56. 31.100 / 56. 31.100
  libavcodec     58. 54.100 / 58. 54.100
  libavformat    58. 29.100 / 58. 29.100
  libavdevice    58.  8.100 / 58.  8.100
  libavfilter     7. 57.100 /  7. 57.100
  libavresample   4.  0.  0 /  4.  0.  0
  libswscale      5.  5.100 /  5.  5.100
  libswresample   3.  5.100 /  3.  5.100
  libpostproc    55.  5.100 / 55.  5.100
[tcp @ 0x564eb8bd1c00] Starting connection attempt to 43.199.149.178 port 1935
[tcp @ 0x564eb8bd1c00] Connection attempt to 43.199.149.178 port 1935 failed: Connection timed out
[tcp @ 0x564eb8bd1c00] Connection to tcp://43.199.149.178:1935 failed: Connection timed out
[rtmp @ 0x564eb8bd1400] Cannot open connection tcp://43.199.149.178:1935
rtmp://43.199.149.178/live/front_left: Connection timed out
---------------------[ ffprobe Log End ]----------------------
SUMMARY: Status FAILED. Check failed because ffprobe could not connect to the stream or read its data (Exit Code: 1).


------------------[ Checking Stream: front_right ]------------------
URL: rtmp://43.199.149.178/live/front_right
--------------------[ ffprobe Log Start ]---------------------
ffprobe version 4.2.7-0ubuntu0.1 Copyright (c) 2007-2022 the FFmpeg developers
  built with gcc 9 (Ubuntu 9.4.0-1ubuntu1~20.04.1)
  configuration: --prefix=/usr --extra-version=0ubuntu0.1 --toolchain=hardened --libdir=/usr/lib/x86_64-linux-gnu --incdir=/usr/include/x86_64-linux-gnu --arch=amd64 --enable-gpl --disable-stripping --enable-avresample --disable-filter=resample --enable-avisynth --enable-gnutls --enable-ladspa --enable-libaom --enable-libass --enable-libbluray --enable-libbs2b --enable-libcaca --enable-libcdio --enable-libcodec2 --enable-libflite --enable-libfontconfig --enable-libfreetype --enable-libfribidi --enable-libgme --enable-libgsm --enable-libjack --enable-libmp3lame --enable-libmysofa --enable-libopenjpeg --enable-libopenmpt --enable-libopus --enable-libpulse --enable-librsvg --enable-librubberband --enable-libshine --enable-libsnappy --enable-libsoxr --enable-libspeex --enable-libssh --enable-libtheora --enable-libtwolame --enable-libvidstab --enable-libvorbis --enable-libvpx --enable-libwavpack --enable-libwebp --enable-libx265 --enable-libxml2 --enable-libxvid --enable-libzmq --enable-libzvbi --enable-lv2 --enable-omx --enable-openal --enable-opencl --enable-opengl --enable-sdl2 --enable-libdc1394 --enable-libdrm --enable-libiec61883 --enable-nvenc --enable-chromaprint --enable-frei0r --enable-libx264 --enable-shared
  libavutil      56. 31.100 / 56. 31.100
  libavcodec     58. 54.100 / 58. 54.100
  libavformat    58. 29.100 / 58. 29.100
  libavdevice    58.  8.100 / 58.  8.100
  libavfilter     7. 57.100 /  7. 57.100
  libavresample   4.  0.  0 /  4.  0.  0
  libswscale      5.  5.100 /  5.  5.100
  libswresample   3.  5.100 /  3.  5.100
  libpostproc    55.  5.100 / 55.  5.100
[tcp @ 0x55ea02b03c00] Starting connection attempt to 43.199.149.178 port 1935
[tcp @ 0x55ea02b03c00] Connection attempt to 43.199.149.178 port 1935 failed: Connection timed out
[tcp @ 0x55ea02b03c00] Connection to tcp://43.199.149.178:1935 failed: Connection timed out
[rtmp @ 0x55ea02b03400] Cannot open connection tcp://43.199.149.178:1935
rtmp://43.199.149.178/live/front_right: Connection timed out
---------------------[ ffprobe Log End ]----------------------
SUMMARY: Status FAILED. Check failed because ffprobe could not connect to the stream or read its data (Exit Code: 1).

====================[ End of Check Cycle ]====================

==========================================================
                STREAM STATUS CHECK @ Friday, July 25, 2025 PM01:47:34 HKT
==========================================================

------------------[ Checking Stream: front_left ]------------------
URL: rtmp://43.199.149.178/live/front_left
--------------------[ ffprobe Log Start ]---------------------
ffprobe version 4.2.7-0ubuntu0.1 Copyright (c) 2007-2022 the FFmpeg developers
  built with gcc 9 (Ubuntu 9.4.0-1ubuntu1~20.04.1)
  configuration: --prefix=/usr --extra-version=0ubuntu0.1 --toolchain=hardened --libdir=/usr/lib/x86_64-linux-gnu --incdir=/usr/include/x86_64-linux-gnu --arch=amd64 --enable-gpl --disable-stripping --enable-avresample --disable-filter=resample --enable-avisynth --enable-gnutls --enable-ladspa --enable-libaom --enable-libass --enable-libbluray --enable-libbs2b --enable-libcaca --enable-libcdio --enable-libcodec2 --enable-libflite --enable-libfontconfig --enable-libfreetype --enable-libfribidi --enable-libgme --enable-libgsm --enable-libjack --enable-libmp3lame --enable-libmysofa --enable-libopenjpeg --enable-libopenmpt --enable-libopus --enable-libpulse --enable-librsvg --enable-librubberband --enable-libshine --enable-libsnappy --enable-libsoxr --enable-libspeex --enable-libssh --enable-libtheora --enable-libtwolame --enable-libvidstab --enable-libvorbis --enable-libvpx --enable-libwavpack --enable-libwebp --enable-libx265 --enable-libxml2 --enable-libxvid --enable-libzmq --enable-libzvbi --enable-lv2 --enable-omx --enable-openal --enable-opencl --enable-opengl --enable-sdl2 --enable-libdc1394 --enable-libdrm --enable-libiec61883 --enable-nvenc --enable-chromaprint --enable-frei0r --enable-libx264 --enable-shared
  libavutil      56. 31.100 / 56. 31.100
  libavcodec     58. 54.100 / 58. 54.100
  libavformat    58. 29.100 / 58. 29.100
  libavdevice    58.  8.100 / 58.  8.100
  libavfilter     7. 57.100 /  7. 57.100
  libavresample   4.  0.  0 /  4.  0.  0
  libswscale      5.  5.100 /  5.  5.100
  libswresample   3.  5.100 /  3.  5.100
  libpostproc    55.  5.100 / 55.  5.100
[tcp @ 0x55684727cc00] Starting connection attempt to 43.199.149.178 port 1935
[tcp @ 0x55684727cc00] Successfully connected to 43.199.149.178 port 1935
[h264 @ 0x556847291240] Reinit context to 1024x624, pix_fmt: yuv420p
[flv @ 0x55684727b980] max_analyze_duration 5000000 reached at 5000000 microseconds st:1
Input #0, flv, from 'rtmp://43.199.149.178/live/front_left':
  Metadata:
    title           : /camera5/rtsp
    comment         : rtsp_image_transport
    encoder         : Lavf58.29.100
    server          : SRS/5.0.213(Bee)
    server_version  : 5.0.213
  Duration: N/A, start: 0.000000, bitrate: N/A
    Stream #0:0: Data: none
    Stream #0:1: Video: h264 (Main), 1 reference frame, yuv420p(progressive, left), 1024x616 (1024x624) [SAR 1:1 DAR 128:77], 30 fps, 10 tbr, 1k tbn, 60 tbc
Unsupported codec with id 0 for input stream 0
[STREAM]
index=0
codec_name=unknown
codec_long_name=unknown
profile=unknown
codec_type=data
codec_tag_string=[0][0][0][0]
codec_tag=0x0000
id=N/A
r_frame_rate=0/0
avg_frame_rate=0/0
time_base=1/1000
start_pts=0
start_time=0.000000
duration_ts=N/A
duration=N/A
bit_rate=N/A
max_bit_rate=N/A
bits_per_raw_sample=N/A
nb_frames=N/A
nb_read_frames=N/A
nb_read_packets=N/A
DISPOSITION:default=0
DISPOSITION:dub=0
DISPOSITION:original=0
DISPOSITION:comment=0
DISPOSITION:lyrics=0
DISPOSITION:karaoke=0
DISPOSITION:forced=0
DISPOSITION:hearing_impaired=0
DISPOSITION:visual_impaired=0
DISPOSITION:clean_effects=0
DISPOSITION:attached_pic=0
DISPOSITION:timed_thumbnails=0
[/STREAM]
[STREAM]
index=1
codec_name=h264
codec_long_name=H.264 / AVC / MPEG-4 AVC / MPEG-4 part 10
profile=Main
codec_type=video
codec_time_base=1/60
codec_tag_string=[0][0][0][0]
codec_tag=0x0000
width=1024
height=616
coded_width=1024
coded_height=624
has_b_frames=0
sample_aspect_ratio=1:1
display_aspect_ratio=128:77
pix_fmt=yuv420p
level=31
color_range=unknown
color_space=unknown
color_transfer=unknown
color_primaries=unknown
chroma_location=left
field_order=progressive
timecode=N/A
refs=1
is_avc=true
nal_length_size=4
id=N/A
r_frame_rate=10/1
avg_frame_rate=30/1
time_base=1/1000
start_pts=10
start_time=0.010000
duration_ts=N/A
duration=N/A
bit_rate=N/A
max_bit_rate=N/A
bits_per_raw_sample=8
nb_frames=N/A
nb_read_frames=N/A
nb_read_packets=N/A
DISPOSITION:default=0
DISPOSITION:dub=0
DISPOSITION:original=0
DISPOSITION:comment=0
DISPOSITION:lyrics=0
DISPOSITION:karaoke=0
DISPOSITION:forced=0
DISPOSITION:hearing_impaired=0
DISPOSITION:visual_impaired=0
DISPOSITION:clean_effects=0
DISPOSITION:attached_pic=0
DISPOSITION:timed_thumbnails=0
[/STREAM]
[FORMAT]
filename=rtmp://43.199.149.178/live/front_left
nb_streams=2
nb_programs=0
format_name=flv
format_long_name=FLV (Flash Video)
start_time=0.000000
duration=N/A
size=N/A
bit_rate=N/A
probe_score=100
TAG:title=/camera5/rtsp
TAG:comment=rtsp_image_transport
TAG:encoder=Lavf58.29.100
TAG:server=SRS/5.0.213(Bee)
TAG:server_version=5.0.213
[/FORMAT]
[AVIOContext @ 0x55684727e640] Statistics: 681490 bytes read, 0 seeks
---------------------[ ffprobe Log End ]----------------------
SUMMARY: Status OK. Check passed because ffprobe successfully connected to the stream and retrieved its information (Exit Code: 0).


------------------[ Checking Stream: front_right ]------------------
URL: rtmp://43.199.149.178/live/front_right
--------------------[ ffprobe Log Start ]---------------------
ffprobe version 4.2.7-0ubuntu0.1 Copyright (c) 2007-2022 the FFmpeg developers
  built with gcc 9 (Ubuntu 9.4.0-1ubuntu1~20.04.1)
  configuration: --prefix=/usr --extra-version=0ubuntu0.1 --toolchain=hardened --libdir=/usr/lib/x86_64-linux-gnu --incdir=/usr/include/x86_64-linux-gnu --arch=amd64 --enable-gpl --disable-stripping --enable-avresample --disable-filter=resample --enable-avisynth --enable-gnutls --enable-ladspa --enable-libaom --enable-libass --enable-libbluray --enable-libbs2b --enable-libcaca --enable-libcdio --enable-libcodec2 --enable-libflite --enable-libfontconfig --enable-libfreetype --enable-libfribidi --enable-libgme --enable-libgsm --enable-libjack --enable-libmp3lame --enable-libmysofa --enable-libopenjpeg --enable-libopenmpt --enable-libopus --enable-libpulse --enable-librsvg --enable-librubberband --enable-libshine --enable-libsnappy --enable-libsoxr --enable-libspeex --enable-libssh --enable-libtheora --enable-libtwolame --enable-libvidstab --enable-libvorbis --enable-libvpx --enable-libwavpack --enable-libwebp --enable-libx265 --enable-libxml2 --enable-libxvid --enable-libzmq --enable-libzvbi --enable-lv2 --enable-omx --enable-openal --enable-opencl --enable-opengl --enable-sdl2 --enable-libdc1394 --enable-libdrm --enable-libiec61883 --enable-nvenc --enable-chromaprint --enable-frei0r --enable-libx264 --enable-shared
  libavutil      56. 31.100 / 56. 31.100
  libavcodec     58. 54.100 / 58. 54.100
  libavformat    58. 29.100 / 58. 29.100
  libavdevice    58.  8.100 / 58.  8.100
  libavfilter     7. 57.100 /  7. 57.100
  libavresample   4.  0.  0 /  4.  0.  0
  libswscale      5.  5.100 /  5.  5.100
  libswresample   3.  5.100 /  3.  5.100
  libpostproc    55.  5.100 / 55.  5.100
[tcp @ 0x55aba3e6dc00] Starting connection attempt to 43.199.149.178 port 1935
[tcp @ 0x55aba3e6dc00] Successfully connected to 43.199.149.178 port 1935
[h264 @ 0x55aba3e82240] Reinit context to 1024x624, pix_fmt: yuv420p
[flv @ 0x55aba3e6c980] max_analyze_duration 5000000 reached at 5000000 microseconds st:1
Input #0, flv, from 'rtmp://43.199.149.178/live/front_right':
  Metadata:
    title           : /camera3/rtsp
    comment         : rtsp_image_transport
    encoder         : Lavf58.29.100
    server          : SRS/5.0.213(Bee)
    server_version  : 5.0.213
  Duration: N/A, start: 0.000000, bitrate: N/A
    Stream #0:0: Data: none
    Stream #0:1: Video: h264 (Main), 1 reference frame, yuv420p(progressive, left), 1024x616 (1024x624) [SAR 1:1 DAR 128:77], 30 fps, 10 tbr, 1k tbn, 60 tbc
Unsupported codec with id 0 for input stream 0
[STREAM]
index=0
codec_name=unknown
codec_long_name=unknown
profile=unknown
codec_type=data
codec_tag_string=[0][0][0][0]
codec_tag=0x0000
id=N/A
r_frame_rate=0/0
avg_frame_rate=0/0
time_base=1/1000
start_pts=0
start_time=0.000000
duration_ts=N/A
duration=N/A
bit_rate=N/A
max_bit_rate=N/A
bits_per_raw_sample=N/A
nb_frames=N/A
nb_read_frames=N/A
nb_read_packets=N/A
DISPOSITION:default=0
DISPOSITION:dub=0
DISPOSITION:original=0
DISPOSITION:comment=0
DISPOSITION:lyrics=0
DISPOSITION:karaoke=0
DISPOSITION:forced=0
DISPOSITION:hearing_impaired=0
DISPOSITION:visual_impaired=0
DISPOSITION:clean_effects=0
DISPOSITION:attached_pic=0
DISPOSITION:timed_thumbnails=0
[/STREAM]
[STREAM]
index=1
codec_name=h264
codec_long_name=H.264 / AVC / MPEG-4 AVC / MPEG-4 part 10
profile=Main
codec_type=video
codec_time_base=1/60
codec_tag_string=[0][0][0][0]
codec_tag=0x0000
width=1024
height=616
coded_width=1024
coded_height=624
has_b_frames=0
sample_aspect_ratio=1:1
display_aspect_ratio=128:77
pix_fmt=yuv420p
level=31
color_range=unknown
color_space=unknown
color_transfer=unknown
color_primaries=unknown
chroma_location=left
field_order=progressive
timecode=N/A
refs=1
is_avc=true
nal_length_size=4
id=N/A
r_frame_rate=10/1
avg_frame_rate=30/1
time_base=1/1000
start_pts=10
start_time=0.010000
duration_ts=N/A
duration=N/A
bit_rate=N/A
max_bit_rate=N/A
bits_per_raw_sample=8
nb_frames=N/A
nb_read_frames=N/A
nb_read_packets=N/A
DISPOSITION:default=0
DISPOSITION:dub=0
DISPOSITION:original=0
DISPOSITION:comment=0
DISPOSITION:lyrics=0
DISPOSITION:karaoke=0
DISPOSITION:forced=0
DISPOSITION:hearing_impaired=0
DISPOSITION:visual_impaired=0
DISPOSITION:clean_effects=0
DISPOSITION:attached_pic=0
DISPOSITION:timed_thumbnails=0
[/STREAM]
[FORMAT]
filename=rtmp://43.199.149.178/live/front_right
nb_streams=2
nb_programs=0
format_name=flv
format_long_name=FLV (Flash Video)
start_time=0.000000
duration=N/A
size=N/A
bit_rate=N/A
probe_score=100
TAG:title=/camera3/rtsp
TAG:comment=rtsp_image_transport
TAG:encoder=Lavf58.29.100
TAG:server=SRS/5.0.213(Bee)
TAG:server_version=5.0.213
[/FORMAT]
[AVIOContext @ 0x55aba3e6f640] Statistics: 673628 bytes read, 0 seeks
---------------------[ ffprobe Log End ]----------------------
SUMMARY: Status OK. Check passed because ffprobe successfully connected to the stream and retrieved its information (Exit Code: 0).

====================[ End of Check Cycle ]====================

==========================================================
                STREAM STATUS CHECK @ Friday, July 25, 2025 PM01:49:04 HKT
==========================================================

------------------[ Checking Stream: front_left ]------------------
URL: rtmp://43.199.149.178/live/front_left
--------------------[ ffprobe Log Start ]---------------------
ffprobe version 4.2.7-0ubuntu0.1 Copyright (c) 2007-2022 the FFmpeg developers
  built with gcc 9 (Ubuntu 9.4.0-1ubuntu1~20.04.1)
  configuration: --prefix=/usr --extra-version=0ubuntu0.1 --toolchain=hardened --libdir=/usr/lib/x86_64-linux-gnu --incdir=/usr/include/x86_64-linux-gnu --arch=amd64 --enable-gpl --disable-stripping --enable-avresample --disable-filter=resample --enable-avisynth --enable-gnutls --enable-ladspa --enable-libaom --enable-libass --enable-libbluray --enable-libbs2b --enable-libcaca --enable-libcdio --enable-libcodec2 --enable-libflite --enable-libfontconfig --enable-libfreetype --enable-libfribidi --enable-libgme --enable-libgsm --enable-libjack --enable-libmp3lame --enable-libmysofa --enable-libopenjpeg --enable-libopenmpt --enable-libopus --enable-libpulse --enable-librsvg --enable-librubberband --enable-libshine --enable-libsnappy --enable-libsoxr --enable-libspeex --enable-libssh --enable-libtheora --enable-libtwolame --enable-libvidstab --enable-libvorbis --enable-libvpx --enable-libwavpack --enable-libwebp --enable-libx265 --enable-libxml2 --enable-libxvid --enable-libzmq --enable-libzvbi --enable-lv2 --enable-omx --enable-openal --enable-opencl --enable-opengl --enable-sdl2 --enable-libdc1394 --enable-libdrm --enable-libiec61883 --enable-nvenc --enable-chromaprint --enable-frei0r --enable-libx264 --enable-shared
  libavutil      56. 31.100 / 56. 31.100
  libavcodec     58. 54.100 / 58. 54.100
  libavformat    58. 29.100 / 58. 29.100
  libavdevice    58.  8.100 / 58.  8.100
  libavfilter     7. 57.100 /  7. 57.100
  libavresample   4.  0.  0 /  4.  0.  0
  libswscale      5.  5.100 /  5.  5.100
  libswresample   3.  5.100 /  3.  5.100
  libpostproc    55.  5.100 / 55.  5.100
[tcp @ 0x558c0c75ec00] Starting connection attempt to 43.199.149.178 port 1935
[tcp @ 0x558c0c75ec00] Successfully connected to 43.199.149.178 port 1935
[h264 @ 0x558c0c7614c0] Reinit context to 1024x624, pix_fmt: yuv420p
[flv @ 0x558c0c75d980] max_analyze_duration 5000000 reached at 5000000 microseconds st:1
Input #0, flv, from 'rtmp://43.199.149.178/live/front_left':
  Metadata:
    title           : /camera5/rtsp
    comment         : rtsp_image_transport
    encoder         : Lavf58.29.100
    server          : SRS/5.0.213(Bee)
    server_version  : 5.0.213
  Duration: N/A, start: 0.000000, bitrate: N/A
    Stream #0:0: Data: none
    Stream #0:1: Video: h264 (Main), 1 reference frame, yuv420p(progressive, left), 1024x616 (1024x624) [SAR 1:1 DAR 128:77], 30 fps, 10 tbr, 1k tbn, 60 tbc
Unsupported codec with id 0 for input stream 0
[STREAM]
index=0
codec_name=unknown
codec_long_name=unknown
profile=unknown
codec_type=data
codec_tag_string=[0][0][0][0]
codec_tag=0x0000
id=N/A
r_frame_rate=0/0
avg_frame_rate=0/0
time_base=1/1000
start_pts=0
start_time=0.000000
duration_ts=N/A
duration=N/A
bit_rate=N/A
max_bit_rate=N/A
bits_per_raw_sample=N/A
nb_frames=N/A
nb_read_frames=N/A
nb_read_packets=N/A
DISPOSITION:default=0
DISPOSITION:dub=0
DISPOSITION:original=0
DISPOSITION:comment=0
DISPOSITION:lyrics=0
DISPOSITION:karaoke=0
DISPOSITION:forced=0
DISPOSITION:hearing_impaired=0
DISPOSITION:visual_impaired=0
DISPOSITION:clean_effects=0
DISPOSITION:attached_pic=0
DISPOSITION:timed_thumbnails=0
[/STREAM]
[STREAM]
index=1
codec_name=h264
codec_long_name=H.264 / AVC / MPEG-4 AVC / MPEG-4 part 10
profile=Main
codec_type=video
codec_time_base=1/60
codec_tag_string=[0][0][0][0]
codec_tag=0x0000
width=1024
height=616
coded_width=1024
coded_height=624
has_b_frames=0
sample_aspect_ratio=1:1
display_aspect_ratio=128:77
pix_fmt=yuv420p
level=31
color_range=unknown
color_space=unknown
color_transfer=unknown
color_primaries=unknown
chroma_location=left
field_order=progressive
timecode=N/A
refs=1
is_avc=true
nal_length_size=4
id=N/A
r_frame_rate=10/1
avg_frame_rate=30/1
time_base=1/1000
start_pts=10
start_time=0.010000
duration_ts=N/A
duration=N/A
bit_rate=N/A
max_bit_rate=N/A
bits_per_raw_sample=8
nb_frames=N/A
nb_read_frames=N/A
nb_read_packets=N/A
DISPOSITION:default=0
DISPOSITION:dub=0
DISPOSITION:original=0
DISPOSITION:comment=0
DISPOSITION:lyrics=0
DISPOSITION:karaoke=0
DISPOSITION:forced=0
DISPOSITION:hearing_impaired=0
DISPOSITION:visual_impaired=0
DISPOSITION:clean_effects=0
DISPOSITION:attached_pic=0
DISPOSITION:timed_thumbnails=0
[/STREAM]
[FORMAT]
filename=rtmp://43.199.149.178/live/front_left
nb_streams=2
nb_programs=0
format_name=flv
format_long_name=FLV (Flash Video)
start_time=0.000000
duration=N/A
size=N/A
bit_rate=N/A
probe_score=100
TAG:title=/camera5/rtsp
TAG:comment=rtsp_image_transport
TAG:encoder=Lavf58.29.100
TAG:server=SRS/5.0.213(Bee)
TAG:server_version=5.0.213
[/FORMAT]
[AVIOContext @ 0x558c0c760640] Statistics: 657786 bytes read, 0 seeks
---------------------[ ffprobe Log End ]----------------------
SUMMARY: Status OK. Check passed because ffprobe successfully connected to the stream and retrieved its information (Exit Code: 0).


------------------[ Checking Stream: front_right ]------------------
URL: rtmp://43.199.149.178/live/front_right
--------------------[ ffprobe Log Start ]---------------------
ffprobe version 4.2.7-0ubuntu0.1 Copyright (c) 2007-2022 the FFmpeg developers
  built with gcc 9 (Ubuntu 9.4.0-1ubuntu1~20.04.1)
  configuration: --prefix=/usr --extra-version=0ubuntu0.1 --toolchain=hardened --libdir=/usr/lib/x86_64-linux-gnu --incdir=/usr/include/x86_64-linux-gnu --arch=amd64 --enable-gpl --disable-stripping --enable-avresample --disable-filter=resample --enable-avisynth --enable-gnutls --enable-ladspa --enable-libaom --enable-libass --enable-libbluray --enable-libbs2b --enable-libcaca --enable-libcdio --enable-libcodec2 --enable-libflite --enable-libfontconfig --enable-libfreetype --enable-libfribidi --enable-libgme --enable-libgsm --enable-libjack --enable-libmp3lame --enable-libmysofa --enable-libopenjpeg --enable-libopenmpt --enable-libopus --enable-libpulse --enable-librsvg --enable-librubberband --enable-libshine --enable-libsnappy --enable-libsoxr --enable-libspeex --enable-libssh --enable-libtheora --enable-libtwolame --enable-libvidstab --enable-libvorbis --enable-libvpx --enable-libwavpack --enable-libwebp --enable-libx265 --enable-libxml2 --enable-libxvid --enable-libzmq --enable-libzvbi --enable-lv2 --enable-omx --enable-openal --enable-opencl --enable-opengl --enable-sdl2 --enable-libdc1394 --enable-libdrm --enable-libiec61883 --enable-nvenc --enable-chromaprint --enable-frei0r --enable-libx264 --enable-shared
  libavutil      56. 31.100 / 56. 31.100
  libavcodec     58. 54.100 / 58. 54.100
  libavformat    58. 29.100 / 58. 29.100
  libavdevice    58.  8.100 / 58.  8.100
  libavfilter     7. 57.100 /  7. 57.100
  libavresample   4.  0.  0 /  4.  0.  0
  libswscale      5.  5.100 /  5.  5.100
  libswresample   3.  5.100 /  3.  5.100
  libpostproc    55.  5.100 / 55.  5.100
[tcp @ 0x556b82c89c00] Starting connection attempt to 43.199.149.178 port 1935
[tcp @ 0x556b82c89c00] Successfully connected to 43.199.149.178 port 1935
[h264 @ 0x556b82c8ca00] Reinit context to 1024x624, pix_fmt: yuv420p
[h264 @ 0x556b82c8ca00] error while decoding MB 43 21, bytestream -21
[h264 @ 0x556b82c8ca00] concealing 1158 DC, 1158 AC, 1158 MV errors in I frame
[flv @ 0x556b82c88980] max_analyze_duration 5000000 reached at 5000000 microseconds st:1
Input #0, flv, from 'rtmp://43.199.149.178/live/front_right':
  Metadata:
    title           : /camera3/rtsp
    comment         : rtsp_image_transport
    encoder         : Lavf58.29.100
    server          : SRS/5.0.213(Bee)
    server_version  : 5.0.213
  Duration: N/A, start: 0.000000, bitrate: N/A
    Stream #0:0: Data: none
    Stream #0:1: Video: h264 (Main), 1 reference frame, yuv420p(progressive, left), 1024x616 (1024x624) [SAR 1:1 DAR 128:77], 30 fps, 10 tbr, 1k tbn, 60 tbc
Unsupported codec with id 0 for input stream 0
[STREAM]
index=0
codec_name=unknown
codec_long_name=unknown
profile=unknown
codec_type=data
codec_tag_string=[0][0][0][0]
codec_tag=0x0000
id=N/A
r_frame_rate=0/0
avg_frame_rate=0/0
time_base=1/1000
start_pts=0
start_time=0.000000
duration_ts=N/A
duration=N/A
bit_rate=N/A
max_bit_rate=N/A
bits_per_raw_sample=N/A
nb_frames=N/A
nb_read_frames=N/A
nb_read_packets=N/A
DISPOSITION:default=0
DISPOSITION:dub=0
DISPOSITION:original=0
DISPOSITION:comment=0
DISPOSITION:lyrics=0
DISPOSITION:karaoke=0
DISPOSITION:forced=0
DISPOSITION:hearing_impaired=0
DISPOSITION:visual_impaired=0
DISPOSITION:clean_effects=0
DISPOSITION:attached_pic=0
DISPOSITION:timed_thumbnails=0
[/STREAM]
[STREAM]
index=1
codec_name=h264
codec_long_name=H.264 / AVC / MPEG-4 AVC / MPEG-4 part 10
profile=Main
codec_type=video
codec_time_base=1/60
codec_tag_string=[0][0][0][0]
codec_tag=0x0000
width=1024
height=616
coded_width=1024
coded_height=624
has_b_frames=0
sample_aspect_ratio=1:1
display_aspect_ratio=128:77
pix_fmt=yuv420p
level=31
color_range=unknown
color_space=unknown
color_transfer=unknown
color_primaries=unknown
chroma_location=left
field_order=progressive
timecode=N/A
refs=1
is_avc=true
nal_length_size=4
id=N/A
r_frame_rate=10/1
avg_frame_rate=30/1
time_base=1/1000
start_pts=10
start_time=0.010000
duration_ts=N/A
duration=N/A
bit_rate=N/A
max_bit_rate=N/A
bits_per_raw_sample=8
nb_frames=N/A
nb_read_frames=N/A
nb_read_packets=N/A
DISPOSITION:default=0
DISPOSITION:dub=0
DISPOSITION:original=0
DISPOSITION:comment=0
DISPOSITION:lyrics=0
DISPOSITION:karaoke=0
DISPOSITION:forced=0
DISPOSITION:hearing_impaired=0
DISPOSITION:visual_impaired=0
DISPOSITION:clean_effects=0
DISPOSITION:attached_pic=0
DISPOSITION:timed_thumbnails=0
[/STREAM]
[FORMAT]
filename=rtmp://43.199.149.178/live/front_right
nb_streams=2
nb_programs=0
format_name=flv
format_long_name=FLV (Flash Video)
start_time=0.000000
duration=N/A
size=N/A
bit_rate=N/A
probe_score=100
TAG:title=/camera3/rtsp
TAG:comment=rtsp_image_transport
TAG:encoder=Lavf58.29.100
TAG:server=SRS/5.0.213(Bee)
TAG:server_version=5.0.213
[/FORMAT]
[AVIOContext @ 0x556b82c8b640] Statistics: 662025 bytes read, 0 seeks
---------------------[ ffprobe Log End ]----------------------
SUMMARY: Status OK. Check passed because ffprobe successfully connected to the stream and retrieved its information (Exit Code: 0).

====================[ End of Check Cycle ]====================

==========================================================
                STREAM STATUS CHECK @ Friday, July 25, 2025 PM01:50:34 HKT
==========================================================

------------------[ Checking Stream: front_left ]------------------
URL: rtmp://43.199.149.178/live/front_left
--------------------[ ffprobe Log Start ]---------------------
ffprobe version 4.2.7-0ubuntu0.1 Copyright (c) 2007-2022 the FFmpeg developers
  built with gcc 9 (Ubuntu 9.4.0-1ubuntu1~20.04.1)
  configuration: --prefix=/usr --extra-version=0ubuntu0.1 --toolchain=hardened --libdir=/usr/lib/x86_64-linux-gnu --incdir=/usr/include/x86_64-linux-gnu --arch=amd64 --enable-gpl --disable-stripping --enable-avresample --disable-filter=resample --enable-avisynth --enable-gnutls --enable-ladspa --enable-libaom --enable-libass --enable-libbluray --enable-libbs2b --enable-libcaca --enable-libcdio --enable-libcodec2 --enable-libflite --enable-libfontconfig --enable-libfreetype --enable-libfribidi --enable-libgme --enable-libgsm --enable-libjack --enable-libmp3lame --enable-libmysofa --enable-libopenjpeg --enable-libopenmpt --enable-libopus --enable-libpulse --enable-librsvg --enable-librubberband --enable-libshine --enable-libsnappy --enable-libsoxr --enable-libspeex --enable-libssh --enable-libtheora --enable-libtwolame --enable-libvidstab --enable-libvorbis --enable-libvpx --enable-libwavpack --enable-libwebp --enable-libx265 --enable-libxml2 --enable-libxvid --enable-libzmq --enable-libzvbi --enable-lv2 --enable-omx --enable-openal --enable-opencl --enable-opengl --enable-sdl2 --enable-libdc1394 --enable-libdrm --enable-libiec61883 --enable-nvenc --enable-chromaprint --enable-frei0r --enable-libx264 --enable-shared
  libavutil      56. 31.100 / 56. 31.100
  libavcodec     58. 54.100 / 58. 54.100
  libavformat    58. 29.100 / 58. 29.100
  libavdevice    58.  8.100 / 58.  8.100
  libavfilter     7. 57.100 /  7. 57.100
  libavresample   4.  0.  0 /  4.  0.  0
  libswscale      5.  5.100 /  5.  5.100
  libswresample   3.  5.100 /  3.  5.100
  libpostproc    55.  5.100 / 55.  5.100
[tcp @ 0x5642b0a92c00] Starting connection attempt to 43.199.149.178 port 1935
[tcp @ 0x5642b0a92c00] Successfully connected to 43.199.149.178 port 1935
[h264 @ 0x5642b0a95400] Reinit context to 1024x624, pix_fmt: yuv420p
[flv @ 0x5642b0a91980] max_analyze_duration 5000000 reached at 5000000 microseconds st:1
Input #0, flv, from 'rtmp://43.199.149.178/live/front_left':
  Metadata:
    title           : /camera5/rtsp
    comment         : rtsp_image_transport
    encoder         : Lavf58.29.100
    server          : SRS/5.0.213(Bee)
    server_version  : 5.0.213
  Duration: N/A, start: 0.000000, bitrate: N/A
    Stream #0:0: Data: none
    Stream #0:1: Video: h264 (Main), 1 reference frame, yuv420p(progressive, left), 1024x616 (1024x624) [SAR 1:1 DAR 128:77], 30 fps, 10 tbr, 1k tbn, 60 tbc
Unsupported codec with id 0 for input stream 0
[STREAM]
index=0
codec_name=unknown
codec_long_name=unknown
profile=unknown
codec_type=data
codec_tag_string=[0][0][0][0]
codec_tag=0x0000
id=N/A
r_frame_rate=0/0
avg_frame_rate=0/0
time_base=1/1000
start_pts=0
start_time=0.000000
duration_ts=N/A
duration=N/A
bit_rate=N/A
max_bit_rate=N/A
bits_per_raw_sample=N/A
nb_frames=N/A
nb_read_frames=N/A
nb_read_packets=N/A
DISPOSITION:default=0
DISPOSITION:dub=0
DISPOSITION:original=0
DISPOSITION:comment=0
DISPOSITION:lyrics=0
DISPOSITION:karaoke=0
DISPOSITION:forced=0
DISPOSITION:hearing_impaired=0
DISPOSITION:visual_impaired=0
DISPOSITION:clean_effects=0
DISPOSITION:attached_pic=0
DISPOSITION:timed_thumbnails=0
[/STREAM]
[STREAM]
index=1
codec_name=h264
codec_long_name=H.264 / AVC / MPEG-4 AVC / MPEG-4 part 10
profile=Main
codec_type=video
codec_time_base=1/60
codec_tag_string=[0][0][0][0]
codec_tag=0x0000
width=1024
height=616
coded_width=1024
coded_height=624
has_b_frames=0
sample_aspect_ratio=1:1
display_aspect_ratio=128:77
pix_fmt=yuv420p
level=31
color_range=unknown
color_space=unknown
color_transfer=unknown
color_primaries=unknown
chroma_location=left
field_order=progressive
timecode=N/A
refs=1
is_avc=true
nal_length_size=4
id=N/A
r_frame_rate=10/1
avg_frame_rate=30/1
time_base=1/1000
start_pts=10
start_time=0.010000
duration_ts=N/A
duration=N/A
bit_rate=N/A
max_bit_rate=N/A
bits_per_raw_sample=8
nb_frames=N/A
nb_read_frames=N/A
nb_read_packets=N/A
DISPOSITION:default=0
DISPOSITION:dub=0
DISPOSITION:original=0
DISPOSITION:comment=0
DISPOSITION:lyrics=0
DISPOSITION:karaoke=0
DISPOSITION:forced=0
DISPOSITION:hearing_impaired=0
DISPOSITION:visual_impaired=0
DISPOSITION:clean_effects=0
DISPOSITION:attached_pic=0
DISPOSITION:timed_thumbnails=0
[/STREAM]
[FORMAT]
filename=rtmp://43.199.149.178/live/front_left
nb_streams=2
nb_programs=0
format_name=flv
format_long_name=FLV (Flash Video)
start_time=0.000000
duration=N/A
size=N/A
bit_rate=N/A
probe_score=100
TAG:title=/camera5/rtsp
TAG:comment=rtsp_image_transport
TAG:encoder=Lavf58.29.100
TAG:server=SRS/5.0.213(Bee)
TAG:server_version=5.0.213
[/FORMAT]
[AVIOContext @ 0x5642b0a94640] Statistics: 657727 bytes read, 0 seeks
---------------------[ ffprobe Log End ]----------------------
SUMMARY: Status OK. Check passed because ffprobe successfully connected to the stream and retrieved its information (Exit Code: 0).


------------------[ Checking Stream: front_right ]------------------
URL: rtmp://43.199.149.178/live/front_right
--------------------[ ffprobe Log Start ]---------------------
ffprobe version 4.2.7-0ubuntu0.1 Copyright (c) 2007-2022 the FFmpeg developers
  built with gcc 9 (Ubuntu 9.4.0-1ubuntu1~20.04.1)
  configuration: --prefix=/usr --extra-version=0ubuntu0.1 --toolchain=hardened --libdir=/usr/lib/x86_64-linux-gnu --incdir=/usr/include/x86_64-linux-gnu --arch=amd64 --enable-gpl --disable-stripping --enable-avresample --disable-filter=resample --enable-avisynth --enable-gnutls --enable-ladspa --enable-libaom --enable-libass --enable-libbluray --enable-libbs2b --enable-libcaca --enable-libcdio --enable-libcodec2 --enable-libflite --enable-libfontconfig --enable-libfreetype --enable-libfribidi --enable-libgme --enable-libgsm --enable-libjack --enable-libmp3lame --enable-libmysofa --enable-libopenjpeg --enable-libopenmpt --enable-libopus --enable-libpulse --enable-librsvg --enable-librubberband --enable-libshine --enable-libsnappy --enable-libsoxr --enable-libspeex --enable-libssh --enable-libtheora --enable-libtwolame --enable-libvidstab --enable-libvorbis --enable-libvpx --enable-libwavpack --enable-libwebp --enable-libx265 --enable-libxml2 --enable-libxvid --enable-libzmq --enable-libzvbi --enable-lv2 --enable-omx --enable-openal --enable-opencl --enable-opengl --enable-sdl2 --enable-libdc1394 --enable-libdrm --enable-libiec61883 --enable-nvenc --enable-chromaprint --enable-frei0r --enable-libx264 --enable-shared
  libavutil      56. 31.100 / 56. 31.100
  libavcodec     58. 54.100 / 58. 54.100
  libavformat    58. 29.100 / 58. 29.100
  libavdevice    58.  8.100 / 58.  8.100
  libavfilter     7. 57.100 /  7. 57.100
  libavresample   4.  0.  0 /  4.  0.  0
  libswscale      5.  5.100 /  5.  5.100
  libswresample   3.  5.100 /  3.  5.100
  libpostproc    55.  5.100 / 55.  5.100
[tcp @ 0x561f1495fc00] Starting connection attempt to 43.199.149.178 port 1935
[tcp @ 0x561f1495fc00] Successfully connected to 43.199.149.178 port 1935
[h264 @ 0x561f149624c0] Reinit context to 1024x624, pix_fmt: yuv420p
[h264 @ 0x561f149624c0] error while decoding MB 63 23, bytestream -6
[h264 @ 0x561f149624c0] concealing 1010 DC, 1010 AC, 1010 MV errors in I frame
[flv @ 0x561f1495e980] max_analyze_duration 5000000 reached at 5000000 microseconds st:1
Input #0, flv, from 'rtmp://43.199.149.178/live/front_right':
  Metadata:
    title           : /camera3/rtsp
    comment         : rtsp_image_transport
    encoder         : Lavf58.29.100
    server          : SRS/5.0.213(Bee)
    server_version  : 5.0.213
  Duration: N/A, start: 0.000000, bitrate: N/A
    Stream #0:0: Data: none
    Stream #0:1: Video: h264 (Main), 1 reference frame, yuv420p(progressive, left), 1024x616 (1024x624) [SAR 1:1 DAR 128:77], 30 fps, 10 tbr, 1k tbn, 60 tbc
Unsupported codec with id 0 for input stream 0
[STREAM]
index=0
codec_name=unknown
codec_long_name=unknown
profile=unknown
codec_type=data
codec_tag_string=[0][0][0][0]
codec_tag=0x0000
id=N/A
r_frame_rate=0/0
avg_frame_rate=0/0
time_base=1/1000
start_pts=0
start_time=0.000000
duration_ts=N/A
duration=N/A
bit_rate=N/A
max_bit_rate=N/A
bits_per_raw_sample=N/A
nb_frames=N/A
nb_read_frames=N/A
nb_read_packets=N/A
DISPOSITION:default=0
DISPOSITION:dub=0
DISPOSITION:original=0
DISPOSITION:comment=0
DISPOSITION:lyrics=0
DISPOSITION:karaoke=0
DISPOSITION:forced=0
DISPOSITION:hearing_impaired=0
DISPOSITION:visual_impaired=0
DISPOSITION:clean_effects=0
DISPOSITION:attached_pic=0
DISPOSITION:timed_thumbnails=0
[/STREAM]
[STREAM]
index=1
codec_name=h264
codec_long_name=H.264 / AVC / MPEG-4 AVC / MPEG-4 part 10
profile=Main
codec_type=video
codec_time_base=1/60
codec_tag_string=[0][0][0][0]
codec_tag=0x0000
width=1024
height=616
coded_width=1024
coded_height=624
has_b_frames=0
sample_aspect_ratio=1:1
display_aspect_ratio=128:77
pix_fmt=yuv420p
level=31
color_range=unknown
color_space=unknown
color_transfer=unknown
color_primaries=unknown
chroma_location=left
field_order=progressive
timecode=N/A
refs=1
is_avc=true
nal_length_size=4
id=N/A
r_frame_rate=10/1
avg_frame_rate=30/1
time_base=1/1000
start_pts=10
start_time=0.010000
duration_ts=N/A
duration=N/A
bit_rate=N/A
max_bit_rate=N/A
bits_per_raw_sample=8
nb_frames=N/A
nb_read_frames=N/A
nb_read_packets=N/A
DISPOSITION:default=0
DISPOSITION:dub=0
DISPOSITION:original=0
DISPOSITION:comment=0
DISPOSITION:lyrics=0
DISPOSITION:karaoke=0
DISPOSITION:forced=0
DISPOSITION:hearing_impaired=0
DISPOSITION:visual_impaired=0
DISPOSITION:clean_effects=0
DISPOSITION:attached_pic=0
DISPOSITION:timed_thumbnails=0
[/STREAM]
[FORMAT]
filename=rtmp://43.199.149.178/live/front_right
nb_streams=2
nb_programs=0
format_name=flv
format_long_name=FLV (Flash Video)
start_time=0.000000
duration=N/A
size=N/A
bit_rate=N/A
probe_score=100
TAG:title=/camera3/rtsp
TAG:comment=rtsp_image_transport
TAG:encoder=Lavf58.29.100
TAG:server=SRS/5.0.213(Bee)
TAG:server_version=5.0.213
[/FORMAT]
[AVIOContext @ 0x561f14961640] Statistics: 633759 bytes read, 0 seeks
---------------------[ ffprobe Log End ]----------------------
SUMMARY: Status OK. Check passed because ffprobe successfully connected to the stream and retrieved its information (Exit Code: 0).

====================[ End of Check Cycle ]====================

==========================================================
                STREAM STATUS CHECK @ Friday, July 25, 2025 PM01:52:04 HKT
==========================================================

------------------[ Checking Stream: front_left ]------------------
URL: rtmp://43.199.149.178/live/front_left
--------------------[ ffprobe Log Start ]---------------------
ffprobe version 4.2.7-0ubuntu0.1 Copyright (c) 2007-2022 the FFmpeg developers
  built with gcc 9 (Ubuntu 9.4.0-1ubuntu1~20.04.1)
  configuration: --prefix=/usr --extra-version=0ubuntu0.1 --toolchain=hardened --libdir=/usr/lib/x86_64-linux-gnu --incdir=/usr/include/x86_64-linux-gnu --arch=amd64 --enable-gpl --disable-stripping --enable-avresample --disable-filter=resample --enable-avisynth --enable-gnutls --enable-ladspa --enable-libaom --enable-libass --enable-libbluray --enable-libbs2b --enable-libcaca --enable-libcdio --enable-libcodec2 --enable-libflite --enable-libfontconfig --enable-libfreetype --enable-libfribidi --enable-libgme --enable-libgsm --enable-libjack --enable-libmp3lame --enable-libmysofa --enable-libopenjpeg --enable-libopenmpt --enable-libopus --enable-libpulse --enable-librsvg --enable-librubberband --enable-libshine --enable-libsnappy --enable-libsoxr --enable-libspeex --enable-libssh --enable-libtheora --enable-libtwolame --enable-libvidstab --enable-libvorbis --enable-libvpx --enable-libwavpack --enable-libwebp --enable-libx265 --enable-libxml2 --enable-libxvid --enable-libzmq --enable-libzvbi --enable-lv2 --enable-omx --enable-openal --enable-opencl --enable-opengl --enable-sdl2 --enable-libdc1394 --enable-libdrm --enable-libiec61883 --enable-nvenc --enable-chromaprint --enable-frei0r --enable-libx264 --enable-shared
  libavutil      56. 31.100 / 56. 31.100
  libavcodec     58. 54.100 / 58. 54.100
  libavformat    58. 29.100 / 58. 29.100
  libavdevice    58.  8.100 / 58.  8.100
  libavfilter     7. 57.100 /  7. 57.100
  libavresample   4.  0.  0 /  4.  0.  0
  libswscale      5.  5.100 /  5.  5.100
  libswresample   3.  5.100 /  3.  5.100
  libpostproc    55.  5.100 / 55.  5.100
[tcp @ 0x5609b08a3c00] Starting connection attempt to 43.199.149.178 port 1935
[tcp @ 0x5609b08a3c00] Successfully connected to 43.199.149.178 port 1935
[h264 @ 0x5609b08a6400] Reinit context to 1024x624, pix_fmt: yuv420p
[flv @ 0x5609b08a2980] max_analyze_duration 5000000 reached at 5000000 microseconds st:1
Input #0, flv, from 'rtmp://43.199.149.178/live/front_left':
  Metadata:
    title           : /camera5/rtsp
    comment         : rtsp_image_transport
    encoder         : Lavf58.29.100
    server          : SRS/5.0.213(Bee)
    server_version  : 5.0.213
  Duration: N/A, start: 0.000000, bitrate: N/A
    Stream #0:0: Data: none
    Stream #0:1: Video: h264 (Main), 1 reference frame, yuv420p(progressive, left), 1024x616 (1024x624) [SAR 1:1 DAR 128:77], 30 fps, 10 tbr, 1k tbn, 60 tbc
Unsupported codec with id 0 for input stream 0
[STREAM]
index=0
codec_name=unknown
codec_long_name=unknown
profile=unknown
codec_type=data
codec_tag_string=[0][0][0][0]
codec_tag=0x0000
id=N/A
r_frame_rate=0/0
avg_frame_rate=0/0
time_base=1/1000
start_pts=0
start_time=0.000000
duration_ts=N/A
duration=N/A
bit_rate=N/A
max_bit_rate=N/A
bits_per_raw_sample=N/A
nb_frames=N/A
nb_read_frames=N/A
nb_read_packets=N/A
DISPOSITION:default=0
DISPOSITION:dub=0
DISPOSITION:original=0
DISPOSITION:comment=0
DISPOSITION:lyrics=0
DISPOSITION:karaoke=0
DISPOSITION:forced=0
DISPOSITION:hearing_impaired=0
DISPOSITION:visual_impaired=0
DISPOSITION:clean_effects=0
DISPOSITION:attached_pic=0
DISPOSITION:timed_thumbnails=0
[/STREAM]
[STREAM]
index=1
codec_name=h264
codec_long_name=H.264 / AVC / MPEG-4 AVC / MPEG-4 part 10
profile=Main
codec_type=video
codec_time_base=1/60
codec_tag_string=[0][0][0][0]
codec_tag=0x0000
width=1024
height=616
coded_width=1024
coded_height=624
has_b_frames=0
sample_aspect_ratio=1:1
display_aspect_ratio=128:77
pix_fmt=yuv420p
level=31
color_range=unknown
color_space=unknown
color_transfer=unknown
color_primaries=unknown
chroma_location=left
field_order=progressive
timecode=N/A
refs=1
is_avc=true
nal_length_size=4
id=N/A
r_frame_rate=10/1
avg_frame_rate=30/1
time_base=1/1000
start_pts=10
start_time=0.010000
duration_ts=N/A
duration=N/A
bit_rate=N/A
max_bit_rate=N/A
bits_per_raw_sample=8
nb_frames=N/A
nb_read_frames=N/A
nb_read_packets=N/A
DISPOSITION:default=0
DISPOSITION:dub=0
DISPOSITION:original=0
DISPOSITION:comment=0
DISPOSITION:lyrics=0
DISPOSITION:karaoke=0
DISPOSITION:forced=0
DISPOSITION:hearing_impaired=0
DISPOSITION:visual_impaired=0
DISPOSITION:clean_effects=0
DISPOSITION:attached_pic=0
DISPOSITION:timed_thumbnails=0
[/STREAM]
[FORMAT]
filename=rtmp://43.199.149.178/live/front_left
nb_streams=2
nb_programs=0
format_name=flv
format_long_name=FLV (Flash Video)
start_time=0.000000
duration=N/A
size=N/A
bit_rate=N/A
probe_score=100
TAG:title=/camera5/rtsp
TAG:comment=rtsp_image_transport
TAG:encoder=Lavf58.29.100
TAG:server=SRS/5.0.213(Bee)
TAG:server_version=5.0.213
[/FORMAT]
[AVIOContext @ 0x5609b08a5640] Statistics: 677106 bytes read, 0 seeks
---------------------[ ffprobe Log End ]----------------------
SUMMARY: Status OK. Check passed because ffprobe successfully connected to the stream and retrieved its information (Exit Code: 0).


------------------[ Checking Stream: front_right ]------------------
URL: rtmp://43.199.149.178/live/front_right
--------------------[ ffprobe Log Start ]---------------------
ffprobe version 4.2.7-0ubuntu0.1 Copyright (c) 2007-2022 the FFmpeg developers
  built with gcc 9 (Ubuntu 9.4.0-1ubuntu1~20.04.1)
  configuration: --prefix=/usr --extra-version=0ubuntu0.1 --toolchain=hardened --libdir=/usr/lib/x86_64-linux-gnu --incdir=/usr/include/x86_64-linux-gnu --arch=amd64 --enable-gpl --disable-stripping --enable-avresample --disable-filter=resample --enable-avisynth --enable-gnutls --enable-ladspa --enable-libaom --enable-libass --enable-libbluray --enable-libbs2b --enable-libcaca --enable-libcdio --enable-libcodec2 --enable-libflite --enable-libfontconfig --enable-libfreetype --enable-libfribidi --enable-libgme --enable-libgsm --enable-libjack --enable-libmp3lame --enable-libmysofa --enable-libopenjpeg --enable-libopenmpt --enable-libopus --enable-libpulse --enable-librsvg --enable-librubberband --enable-libshine --enable-libsnappy --enable-libsoxr --enable-libspeex --enable-libssh --enable-libtheora --enable-libtwolame --enable-libvidstab --enable-libvorbis --enable-libvpx --enable-libwavpack --enable-libwebp --enable-libx265 --enable-libxml2 --enable-libxvid --enable-libzmq --enable-libzvbi --enable-lv2 --enable-omx --enable-openal --enable-opencl --enable-opengl --enable-sdl2 --enable-libdc1394 --enable-libdrm --enable-libiec61883 --enable-nvenc --enable-chromaprint --enable-frei0r --enable-libx264 --enable-shared
  libavutil      56. 31.100 / 56. 31.100
  libavcodec     58. 54.100 / 58. 54.100
  libavformat    58. 29.100 / 58. 29.100
  libavdevice    58.  8.100 / 58.  8.100
  libavfilter     7. 57.100 /  7. 57.100
  libavresample   4.  0.  0 /  4.  0.  0
  libswscale      5.  5.100 /  5.  5.100
  libswresample   3.  5.100 /  3.  5.100
  libpostproc    55.  5.100 / 55.  5.100
[tcp @ 0x55b1d357ac00] Starting connection attempt to 43.199.149.178 port 1935
[tcp @ 0x55b1d357ac00] Successfully connected to 43.199.149.178 port 1935
[h264 @ 0x55b1d358f240] Reinit context to 1024x624, pix_fmt: yuv420p
[flv @ 0x55b1d3579980] max_analyze_duration 5000000 reached at 5000000 microseconds st:1
Input #0, flv, from 'rtmp://43.199.149.178/live/front_right':
  Metadata:
    title           : /camera3/rtsp
    comment         : rtsp_image_transport
    encoder         : Lavf58.29.100
    server          : SRS/5.0.213(Bee)
    server_version  : 5.0.213
  Duration: N/A, start: 0.000000, bitrate: N/A
    Stream #0:0: Data: none
    Stream #0:1: Video: h264 (Main), 1 reference frame, yuv420p(progressive, left), 1024x616 (1024x624) [SAR 1:1 DAR 128:77], 30 fps, 10 tbr, 1k tbn, 60 tbc
Unsupported codec with id 0 for input stream 0
[STREAM]
index=0
codec_name=unknown
codec_long_name=unknown
profile=unknown
codec_type=data
codec_tag_string=[0][0][0][0]
codec_tag=0x0000
id=N/A
r_frame_rate=0/0
avg_frame_rate=0/0
time_base=1/1000
start_pts=0
start_time=0.000000
duration_ts=N/A
duration=N/A
bit_rate=N/A
max_bit_rate=N/A
bits_per_raw_sample=N/A
nb_frames=N/A
nb_read_frames=N/A
nb_read_packets=N/A
DISPOSITION:default=0
DISPOSITION:dub=0
DISPOSITION:original=0
DISPOSITION:comment=0
DISPOSITION:lyrics=0
DISPOSITION:karaoke=0
DISPOSITION:forced=0
DISPOSITION:hearing_impaired=0
DISPOSITION:visual_impaired=0
DISPOSITION:clean_effects=0
DISPOSITION:attached_pic=0
DISPOSITION:timed_thumbnails=0
[/STREAM]
[STREAM]
index=1
codec_name=h264
codec_long_name=H.264 / AVC / MPEG-4 AVC / MPEG-4 part 10
profile=Main
codec_type=video
codec_time_base=1/60
codec_tag_string=[0][0][0][0]
codec_tag=0x0000
width=1024
height=616
coded_width=1024
coded_height=624
has_b_frames=0
sample_aspect_ratio=1:1
display_aspect_ratio=128:77
pix_fmt=yuv420p
level=31
color_range=unknown
color_space=unknown
color_transfer=unknown
color_primaries=unknown
chroma_location=left
field_order=progressive
timecode=N/A
refs=1
is_avc=true
nal_length_size=4
id=N/A
r_frame_rate=10/1
avg_frame_rate=30/1
time_base=1/1000
start_pts=10
start_time=0.010000
duration_ts=N/A
duration=N/A
bit_rate=N/A
max_bit_rate=N/A
bits_per_raw_sample=8
nb_frames=N/A
nb_read_frames=N/A
nb_read_packets=N/A
DISPOSITION:default=0
DISPOSITION:dub=0
DISPOSITION:original=0
DISPOSITION:comment=0
DISPOSITION:lyrics=0
DISPOSITION:karaoke=0
DISPOSITION:forced=0
DISPOSITION:hearing_impaired=0
DISPOSITION:visual_impaired=0
DISPOSITION:clean_effects=0
DISPOSITION:attached_pic=0
DISPOSITION:timed_thumbnails=0
[/STREAM]
[FORMAT]
filename=rtmp://43.199.149.178/live/front_right
nb_streams=2
nb_programs=0
format_name=flv
format_long_name=FLV (Flash Video)
start_time=0.000000
duration=N/A
size=N/A
bit_rate=N/A
probe_score=100
TAG:title=/camera3/rtsp
TAG:comment=rtsp_image_transport
TAG:encoder=Lavf58.29.100
TAG:server=SRS/5.0.213(Bee)
TAG:server_version=5.0.213
[/FORMAT]
[AVIOContext @ 0x55b1d357c640] Statistics: 692286 bytes read, 0 seeks
---------------------[ ffprobe Log End ]----------------------
SUMMARY: Status OK. Check passed because ffprobe successfully connected to the stream and retrieved its information (Exit Code: 0).

====================[ End of Check Cycle ]====================

==========================================================
                STREAM STATUS CHECK @ Friday, July 25, 2025 PM01:53:34 HKT
==========================================================

------------------[ Checking Stream: front_left ]------------------
URL: rtmp://43.199.149.178/live/front_left
--------------------[ ffprobe Log Start ]---------------------
ffprobe version 4.2.7-0ubuntu0.1 Copyright (c) 2007-2022 the FFmpeg developers
  built with gcc 9 (Ubuntu 9.4.0-1ubuntu1~20.04.1)
  configuration: --prefix=/usr --extra-version=0ubuntu0.1 --toolchain=hardened --libdir=/usr/lib/x86_64-linux-gnu --incdir=/usr/include/x86_64-linux-gnu --arch=amd64 --enable-gpl --disable-stripping --enable-avresample --disable-filter=resample --enable-avisynth --enable-gnutls --enable-ladspa --enable-libaom --enable-libass --enable-libbluray --enable-libbs2b --enable-libcaca --enable-libcdio --enable-libcodec2 --enable-libflite --enable-libfontconfig --enable-libfreetype --enable-libfribidi --enable-libgme --enable-libgsm --enable-libjack --enable-libmp3lame --enable-libmysofa --enable-libopenjpeg --enable-libopenmpt --enable-libopus --enable-libpulse --enable-librsvg --enable-librubberband --enable-libshine --enable-libsnappy --enable-libsoxr --enable-libspeex --enable-libssh --enable-libtheora --enable-libtwolame --enable-libvidstab --enable-libvorbis --enable-libvpx --enable-libwavpack --enable-libwebp --enable-libx265 --enable-libxml2 --enable-libxvid --enable-libzmq --enable-libzvbi --enable-lv2 --enable-omx --enable-openal --enable-opencl --enable-opengl --enable-sdl2 --enable-libdc1394 --enable-libdrm --enable-libiec61883 --enable-nvenc --enable-chromaprint --enable-frei0r --enable-libx264 --enable-shared
  libavutil      56. 31.100 / 56. 31.100
  libavcodec     58. 54.100 / 58. 54.100
  libavformat    58. 29.100 / 58. 29.100
  libavdevice    58.  8.100 / 58.  8.100
  libavfilter     7. 57.100 /  7. 57.100
  libavresample   4.  0.  0 /  4.  0.  0
  libswscale      5.  5.100 /  5.  5.100
  libswresample   3.  5.100 /  3.  5.100
  libpostproc    55.  5.100 / 55.  5.100
[tcp @ 0x555885a06c00] Starting connection attempt to 43.199.149.178 port 1935
[tcp @ 0x555885a06c00] Successfully connected to 43.199.149.178 port 1935
[h264 @ 0x555885a1b240] Reinit context to 1024x624, pix_fmt: yuv420p
[flv @ 0x555885a05980] max_analyze_duration 5000000 reached at 5000000 microseconds st:1
Input #0, flv, from 'rtmp://43.199.149.178/live/front_left':
  Metadata:
    title           : /camera5/rtsp
    comment         : rtsp_image_transport
    encoder         : Lavf58.29.100
    server          : SRS/5.0.213(Bee)
    server_version  : 5.0.213
  Duration: N/A, start: 0.000000, bitrate: N/A
    Stream #0:0: Data: none
    Stream #0:1: Video: h264 (Main), 1 reference frame, yuv420p(progressive, left), 1024x616 (1024x624) [SAR 1:1 DAR 128:77], 30 fps, 10 tbr, 1k tbn, 60 tbc
Unsupported codec with id 0 for input stream 0
[STREAM]
index=0
codec_name=unknown
codec_long_name=unknown
profile=unknown
codec_type=data
codec_tag_string=[0][0][0][0]
codec_tag=0x0000
id=N/A
r_frame_rate=0/0
avg_frame_rate=0/0
time_base=1/1000
start_pts=0
start_time=0.000000
duration_ts=N/A
duration=N/A
bit_rate=N/A
max_bit_rate=N/A
bits_per_raw_sample=N/A
nb_frames=N/A
nb_read_frames=N/A
nb_read_packets=N/A
DISPOSITION:default=0
DISPOSITION:dub=0
DISPOSITION:original=0
DISPOSITION:comment=0
DISPOSITION:lyrics=0
DISPOSITION:karaoke=0
DISPOSITION:forced=0
DISPOSITION:hearing_impaired=0
DISPOSITION:visual_impaired=0
DISPOSITION:clean_effects=0
DISPOSITION:attached_pic=0
DISPOSITION:timed_thumbnails=0
[/STREAM]
[STREAM]
index=1
codec_name=h264
codec_long_name=H.264 / AVC / MPEG-4 AVC / MPEG-4 part 10
profile=Main
codec_type=video
codec_time_base=1/60
codec_tag_string=[0][0][0][0]
codec_tag=0x0000
width=1024
height=616
coded_width=1024
coded_height=624
has_b_frames=0
sample_aspect_ratio=1:1
display_aspect_ratio=128:77
pix_fmt=yuv420p
level=31
color_range=unknown
color_space=unknown
color_transfer=unknown
color_primaries=unknown
chroma_location=left
field_order=progressive
timecode=N/A
refs=1
is_avc=true
nal_length_size=4
id=N/A
r_frame_rate=10/1
avg_frame_rate=30/1
time_base=1/1000
start_pts=10
start_time=0.010000
duration_ts=N/A
duration=N/A
bit_rate=N/A
max_bit_rate=N/A
bits_per_raw_sample=8
nb_frames=N/A
nb_read_frames=N/A
nb_read_packets=N/A
DISPOSITION:default=0
DISPOSITION:dub=0
DISPOSITION:original=0
DISPOSITION:comment=0
DISPOSITION:lyrics=0
DISPOSITION:karaoke=0
DISPOSITION:forced=0
DISPOSITION:hearing_impaired=0
DISPOSITION:visual_impaired=0
DISPOSITION:clean_effects=0
DISPOSITION:attached_pic=0
DISPOSITION:timed_thumbnails=0
[/STREAM]
[FORMAT]
filename=rtmp://43.199.149.178/live/front_left
nb_streams=2
nb_programs=0
format_name=flv
format_long_name=FLV (Flash Video)
start_time=0.000000
duration=N/A
size=N/A
bit_rate=N/A
probe_score=100
TAG:title=/camera5/rtsp
TAG:comment=rtsp_image_transport
TAG:encoder=Lavf58.29.100
TAG:server=SRS/5.0.213(Bee)
TAG:server_version=5.0.213
[/FORMAT]
[AVIOContext @ 0x555885a08640] Statistics: 666216 bytes read, 0 seeks
---------------------[ ffprobe Log End ]----------------------
SUMMARY: Status OK. Check passed because ffprobe successfully connected to the stream and retrieved its information (Exit Code: 0).


------------------[ Checking Stream: front_right ]------------------
URL: rtmp://43.199.149.178/live/front_right
--------------------[ ffprobe Log Start ]---------------------
ffprobe version 4.2.7-0ubuntu0.1 Copyright (c) 2007-2022 the FFmpeg developers
  built with gcc 9 (Ubuntu 9.4.0-1ubuntu1~20.04.1)
  configuration: --prefix=/usr --extra-version=0ubuntu0.1 --toolchain=hardened --libdir=/usr/lib/x86_64-linux-gnu --incdir=/usr/include/x86_64-linux-gnu --arch=amd64 --enable-gpl --disable-stripping --enable-avresample --disable-filter=resample --enable-avisynth --enable-gnutls --enable-ladspa --enable-libaom --enable-libass --enable-libbluray --enable-libbs2b --enable-libcaca --enable-libcdio --enable-libcodec2 --enable-libflite --enable-libfontconfig --enable-libfreetype --enable-libfribidi --enable-libgme --enable-libgsm --enable-libjack --enable-libmp3lame --enable-libmysofa --enable-libopenjpeg --enable-libopenmpt --enable-libopus --enable-libpulse --enable-librsvg --enable-librubberband --enable-libshine --enable-libsnappy --enable-libsoxr --enable-libspeex --enable-libssh --enable-libtheora --enable-libtwolame --enable-libvidstab --enable-libvorbis --enable-libvpx --enable-libwavpack --enable-libwebp --enable-libx265 --enable-libxml2 --enable-libxvid --enable-libzmq --enable-libzvbi --enable-lv2 --enable-omx --enable-openal --enable-opencl --enable-opengl --enable-sdl2 --enable-libdc1394 --enable-libdrm --enable-libiec61883 --enable-nvenc --enable-chromaprint --enable-frei0r --enable-libx264 --enable-shared
  libavutil      56. 31.100 / 56. 31.100
  libavcodec     58. 54.100 / 58. 54.100
  libavformat    58. 29.100 / 58. 29.100
  libavdevice    58.  8.100 / 58.  8.100
  libavfilter     7. 57.100 /  7. 57.100
  libavresample   4.  0.  0 /  4.  0.  0
  libswscale      5.  5.100 /  5.  5.100
  libswresample   3.  5.100 /  3.  5.100
  libpostproc    55.  5.100 / 55.  5.100
[tcp @ 0x55a5ab6cfc00] Starting connection attempt to 43.199.149.178 port 1935
[tcp @ 0x55a5ab6cfc00] Successfully connected to 43.199.149.178 port 1935
[h264 @ 0x55a5ab6e4240] Reinit context to 1024x624, pix_fmt: yuv420p
[flv @ 0x55a5ab6ce980] max_analyze_duration 5000000 reached at 5000000 microseconds st:1
Input #0, flv, from 'rtmp://43.199.149.178/live/front_right':
  Metadata:
    title           : /camera3/rtsp
    comment         : rtsp_image_transport
    encoder         : Lavf58.29.100
    server          : SRS/5.0.213(Bee)
    server_version  : 5.0.213
  Duration: N/A, start: 0.000000, bitrate: N/A
    Stream #0:0: Data: none
    Stream #0:1: Video: h264 (Main), 1 reference frame, yuv420p(progressive, left), 1024x616 (1024x624) [SAR 1:1 DAR 128:77], 30 fps, 10 tbr, 1k tbn, 60 tbc
Unsupported codec with id 0 for input stream 0
[STREAM]
index=0
codec_name=unknown
codec_long_name=unknown
profile=unknown
codec_type=data
codec_tag_string=[0][0][0][0]
codec_tag=0x0000
id=N/A
r_frame_rate=0/0
avg_frame_rate=0/0
time_base=1/1000
start_pts=0
start_time=0.000000
duration_ts=N/A
duration=N/A
bit_rate=N/A
max_bit_rate=N/A
bits_per_raw_sample=N/A
nb_frames=N/A
nb_read_frames=N/A
nb_read_packets=N/A
DISPOSITION:default=0
DISPOSITION:dub=0
DISPOSITION:original=0
DISPOSITION:comment=0
DISPOSITION:lyrics=0
DISPOSITION:karaoke=0
DISPOSITION:forced=0
DISPOSITION:hearing_impaired=0
DISPOSITION:visual_impaired=0
DISPOSITION:clean_effects=0
DISPOSITION:attached_pic=0
DISPOSITION:timed_thumbnails=0
[/STREAM]
[STREAM]
index=1
codec_name=h264
codec_long_name=H.264 / AVC / MPEG-4 AVC / MPEG-4 part 10
profile=Main
codec_type=video
codec_time_base=1/60
codec_tag_string=[0][0][0][0]
codec_tag=0x0000
width=1024
height=616
coded_width=1024
coded_height=624
has_b_frames=0
sample_aspect_ratio=1:1
display_aspect_ratio=128:77
pix_fmt=yuv420p
level=31
color_range=unknown
color_space=unknown
color_transfer=unknown
color_primaries=unknown
chroma_location=left
field_order=progressive
timecode=N/A
refs=1
is_avc=true
nal_length_size=4
id=N/A
r_frame_rate=10/1
avg_frame_rate=30/1
time_base=1/1000
start_pts=10
start_time=0.010000
duration_ts=N/A
duration=N/A
bit_rate=N/A
max_bit_rate=N/A
bits_per_raw_sample=8
nb_frames=N/A
nb_read_frames=N/A
nb_read_packets=N/A
DISPOSITION:default=0
DISPOSITION:dub=0
DISPOSITION:original=0
DISPOSITION:comment=0
DISPOSITION:lyrics=0
DISPOSITION:karaoke=0
DISPOSITION:forced=0
DISPOSITION:hearing_impaired=0
DISPOSITION:visual_impaired=0
DISPOSITION:clean_effects=0
DISPOSITION:attached_pic=0
DISPOSITION:timed_thumbnails=0
[/STREAM]
[FORMAT]
filename=rtmp://43.199.149.178/live/front_right
nb_streams=2
nb_programs=0
format_name=flv
format_long_name=FLV (Flash Video)
start_time=0.000000
duration=N/A
size=N/A
bit_rate=N/A
probe_score=100
TAG:title=/camera3/rtsp
TAG:comment=rtsp_image_transport
TAG:encoder=Lavf58.29.100
TAG:server=SRS/5.0.213(Bee)
TAG:server_version=5.0.213
[/FORMAT]
[AVIOContext @ 0x55a5ab6d1640] Statistics: 643879 bytes read, 0 seeks
---------------------[ ffprobe Log End ]----------------------
SUMMARY: Status OK. Check passed because ffprobe successfully connected to the stream and retrieved its information (Exit Code: 0).

====================[ End of Check Cycle ]====================

==========================================================
                STREAM STATUS CHECK @ Friday, July 25, 2025 PM01:55:04 HKT
==========================================================

------------------[ Checking Stream: front_left ]------------------
URL: rtmp://43.199.149.178/live/front_left
--------------------[ ffprobe Log Start ]---------------------
ffprobe version 4.2.7-0ubuntu0.1 Copyright (c) 2007-2022 the FFmpeg developers
  built with gcc 9 (Ubuntu 9.4.0-1ubuntu1~20.04.1)
  configuration: --prefix=/usr --extra-version=0ubuntu0.1 --toolchain=hardened --libdir=/usr/lib/x86_64-linux-gnu --incdir=/usr/include/x86_64-linux-gnu --arch=amd64 --enable-gpl --disable-stripping --enable-avresample --disable-filter=resample --enable-avisynth --enable-gnutls --enable-ladspa --enable-libaom --enable-libass --enable-libbluray --enable-libbs2b --enable-libcaca --enable-libcdio --enable-libcodec2 --enable-libflite --enable-libfontconfig --enable-libfreetype --enable-libfribidi --enable-libgme --enable-libgsm --enable-libjack --enable-libmp3lame --enable-libmysofa --enable-libopenjpeg --enable-libopenmpt --enable-libopus --enable-libpulse --enable-librsvg --enable-librubberband --enable-libshine --enable-libsnappy --enable-libsoxr --enable-libspeex --enable-libssh --enable-libtheora --enable-libtwolame --enable-libvidstab --enable-libvorbis --enable-libvpx --enable-libwavpack --enable-libwebp --enable-libx265 --enable-libxml2 --enable-libxvid --enable-libzmq --enable-libzvbi --enable-lv2 --enable-omx --enable-openal --enable-opencl --enable-opengl --enable-sdl2 --enable-libdc1394 --enable-libdrm --enable-libiec61883 --enable-nvenc --enable-chromaprint --enable-frei0r --enable-libx264 --enable-shared
  libavutil      56. 31.100 / 56. 31.100
  libavcodec     58. 54.100 / 58. 54.100
  libavformat    58. 29.100 / 58. 29.100
  libavdevice    58.  8.100 / 58.  8.100
  libavfilter     7. 57.100 /  7. 57.100
  libavresample   4.  0.  0 /  4.  0.  0
  libswscale      5.  5.100 /  5.  5.100
  libswresample   3.  5.100 /  3.  5.100
  libpostproc    55.  5.100 / 55.  5.100
[tcp @ 0x56324a406c00] Starting connection attempt to 43.199.149.178 port 1935
[tcp @ 0x56324a406c00] Successfully connected to 43.199.149.178 port 1935
[h264 @ 0x56324a41b240] Reinit context to 1024x624, pix_fmt: yuv420p
[flv @ 0x56324a405980] max_analyze_duration 5000000 reached at 5000000 microseconds st:1
Input #0, flv, from 'rtmp://43.199.149.178/live/front_left':
  Metadata:
    title           : /camera5/rtsp
    comment         : rtsp_image_transport
    encoder         : Lavf58.29.100
    server          : SRS/5.0.213(Bee)
    server_version  : 5.0.213
  Duration: N/A, start: 0.000000, bitrate: N/A
    Stream #0:0: Data: none
    Stream #0:1: Video: h264 (Main), 1 reference frame, yuv420p(progressive, left), 1024x616 (1024x624) [SAR 1:1 DAR 128:77], 30 fps, 10 tbr, 1k tbn, 60 tbc
Unsupported codec with id 0 for input stream 0
[STREAM]
index=0
codec_name=unknown
codec_long_name=unknown
profile=unknown
codec_type=data
codec_tag_string=[0][0][0][0]
codec_tag=0x0000
id=N/A
r_frame_rate=0/0
avg_frame_rate=0/0
time_base=1/1000
start_pts=0
start_time=0.000000
duration_ts=N/A
duration=N/A
bit_rate=N/A
max_bit_rate=N/A
bits_per_raw_sample=N/A
nb_frames=N/A
nb_read_frames=N/A
nb_read_packets=N/A
DISPOSITION:default=0
DISPOSITION:dub=0
DISPOSITION:original=0
DISPOSITION:comment=0
DISPOSITION:lyrics=0
DISPOSITION:karaoke=0
DISPOSITION:forced=0
DISPOSITION:hearing_impaired=0
DISPOSITION:visual_impaired=0
DISPOSITION:clean_effects=0
DISPOSITION:attached_pic=0
DISPOSITION:timed_thumbnails=0
[/STREAM]
[STREAM]
index=1
codec_name=h264
codec_long_name=H.264 / AVC / MPEG-4 AVC / MPEG-4 part 10
profile=Main
codec_type=video
codec_time_base=1/60
codec_tag_string=[0][0][0][0]
codec_tag=0x0000
width=1024
height=616
coded_width=1024
coded_height=624
has_b_frames=0
sample_aspect_ratio=1:1
display_aspect_ratio=128:77
pix_fmt=yuv420p
level=31
color_range=unknown
color_space=unknown
color_transfer=unknown
color_primaries=unknown
chroma_location=left
field_order=progressive
timecode=N/A
refs=1
is_avc=true
nal_length_size=4
id=N/A
r_frame_rate=10/1
avg_frame_rate=30/1
time_base=1/1000
start_pts=10
start_time=0.010000
duration_ts=N/A
duration=N/A
bit_rate=N/A
max_bit_rate=N/A
bits_per_raw_sample=8
nb_frames=N/A
nb_read_frames=N/A
nb_read_packets=N/A
DISPOSITION:default=0
DISPOSITION:dub=0
DISPOSITION:original=0
DISPOSITION:comment=0
DISPOSITION:lyrics=0
DISPOSITION:karaoke=0
DISPOSITION:forced=0
DISPOSITION:hearing_impaired=0
DISPOSITION:visual_impaired=0
DISPOSITION:clean_effects=0
DISPOSITION:attached_pic=0
DISPOSITION:timed_thumbnails=0
[/STREAM]
[FORMAT]
filename=rtmp://43.199.149.178/live/front_left
nb_streams=2
nb_programs=0
format_name=flv
format_long_name=FLV (Flash Video)
start_time=0.000000
duration=N/A
size=N/A
bit_rate=N/A
probe_score=100
TAG:title=/camera5/rtsp
TAG:comment=rtsp_image_transport
TAG:encoder=Lavf58.29.100
TAG:server=SRS/5.0.213(Bee)
TAG:server_version=5.0.213
[/FORMAT]
[AVIOContext @ 0x56324a408640] Statistics: 650833 bytes read, 0 seeks
---------------------[ ffprobe Log End ]----------------------
SUMMARY: Status OK. Check passed because ffprobe successfully connected to the stream and retrieved its information (Exit Code: 0).


------------------[ Checking Stream: front_right ]------------------
URL: rtmp://43.199.149.178/live/front_right
--------------------[ ffprobe Log Start ]---------------------
ffprobe version 4.2.7-0ubuntu0.1 Copyright (c) 2007-2022 the FFmpeg developers
  built with gcc 9 (Ubuntu 9.4.0-1ubuntu1~20.04.1)
  configuration: --prefix=/usr --extra-version=0ubuntu0.1 --toolchain=hardened --libdir=/usr/lib/x86_64-linux-gnu --incdir=/usr/include/x86_64-linux-gnu --arch=amd64 --enable-gpl --disable-stripping --enable-avresample --disable-filter=resample --enable-avisynth --enable-gnutls --enable-ladspa --enable-libaom --enable-libass --enable-libbluray --enable-libbs2b --enable-libcaca --enable-libcdio --enable-libcodec2 --enable-libflite --enable-libfontconfig --enable-libfreetype --enable-libfribidi --enable-libgme --enable-libgsm --enable-libjack --enable-libmp3lame --enable-libmysofa --enable-libopenjpeg --enable-libopenmpt --enable-libopus --enable-libpulse --enable-librsvg --enable-librubberband --enable-libshine --enable-libsnappy --enable-libsoxr --enable-libspeex --enable-libssh --enable-libtheora --enable-libtwolame --enable-libvidstab --enable-libvorbis --enable-libvpx --enable-libwavpack --enable-libwebp --enable-libx265 --enable-libxml2 --enable-libxvid --enable-libzmq --enable-libzvbi --enable-lv2 --enable-omx --enable-openal --enable-opencl --enable-opengl --enable-sdl2 --enable-libdc1394 --enable-libdrm --enable-libiec61883 --enable-nvenc --enable-chromaprint --enable-frei0r --enable-libx264 --enable-shared
  libavutil      56. 31.100 / 56. 31.100
  libavcodec     58. 54.100 / 58. 54.100
  libavformat    58. 29.100 / 58. 29.100
  libavdevice    58.  8.100 / 58.  8.100
  libavfilter     7. 57.100 /  7. 57.100
  libavresample   4.  0.  0 /  4.  0.  0
  libswscale      5.  5.100 /  5.  5.100
  libswresample   3.  5.100 /  3.  5.100
  libpostproc    55.  5.100 / 55.  5.100
[tcp @ 0x55ee03b6cc00] Starting connection attempt to 43.199.149.178 port 1935
[tcp @ 0x55ee03b6cc00] Successfully connected to 43.199.149.178 port 1935
[h264 @ 0x55ee03b81240] Reinit context to 1024x624, pix_fmt: yuv420p
[flv @ 0x55ee03b6b980] max_analyze_duration 5000000 reached at 5000000 microseconds st:1
Input #0, flv, from 'rtmp://43.199.149.178/live/front_right':
  Metadata:
    title           : /camera3/rtsp
    comment         : rtsp_image_transport
    encoder         : Lavf58.29.100
    server          : SRS/5.0.213(Bee)
    server_version  : 5.0.213
  Duration: N/A, start: 0.000000, bitrate: N/A
    Stream #0:0: Data: none
    Stream #0:1: Video: h264 (Main), 1 reference frame, yuv420p(progressive, left), 1024x616 (1024x624) [SAR 1:1 DAR 128:77], 30 fps, 10 tbr, 1k tbn, 60 tbc
Unsupported codec with id 0 for input stream 0
[STREAM]
index=0
codec_name=unknown
codec_long_name=unknown
profile=unknown
codec_type=data
codec_tag_string=[0][0][0][0]
codec_tag=0x0000
id=N/A
r_frame_rate=0/0
avg_frame_rate=0/0
time_base=1/1000
start_pts=0
start_time=0.000000
duration_ts=N/A
duration=N/A
bit_rate=N/A
max_bit_rate=N/A
bits_per_raw_sample=N/A
nb_frames=N/A
nb_read_frames=N/A
nb_read_packets=N/A
DISPOSITION:default=0
DISPOSITION:dub=0
DISPOSITION:original=0
DISPOSITION:comment=0
DISPOSITION:lyrics=0
DISPOSITION:karaoke=0
DISPOSITION:forced=0
DISPOSITION:hearing_impaired=0
DISPOSITION:visual_impaired=0
DISPOSITION:clean_effects=0
DISPOSITION:attached_pic=0
DISPOSITION:timed_thumbnails=0
[/STREAM]
[STREAM]
index=1
codec_name=h264
codec_long_name=H.264 / AVC / MPEG-4 AVC / MPEG-4 part 10
profile=Main
codec_type=video
codec_time_base=1/60
codec_tag_string=[0][0][0][0]
codec_tag=0x0000
width=1024
height=616
coded_width=1024
coded_height=624
has_b_frames=0
sample_aspect_ratio=1:1
display_aspect_ratio=128:77
pix_fmt=yuv420p
level=31
color_range=unknown
color_space=unknown
color_transfer=unknown
color_primaries=unknown
chroma_location=left
field_order=progressive
timecode=N/A
refs=1
is_avc=true
nal_length_size=4
id=N/A
r_frame_rate=10/1
avg_frame_rate=30/1
time_base=1/1000
start_pts=10
start_time=0.010000
duration_ts=N/A
duration=N/A
bit_rate=N/A
max_bit_rate=N/A
bits_per_raw_sample=8
nb_frames=N/A
nb_read_frames=N/A
nb_read_packets=N/A
DISPOSITION:default=0
DISPOSITION:dub=0
DISPOSITION:original=0
DISPOSITION:comment=0
DISPOSITION:lyrics=0
DISPOSITION:karaoke=0
DISPOSITION:forced=0
DISPOSITION:hearing_impaired=0
DISPOSITION:visual_impaired=0
DISPOSITION:clean_effects=0
DISPOSITION:attached_pic=0
DISPOSITION:timed_thumbnails=0
[/STREAM]
[FORMAT]
filename=rtmp://43.199.149.178/live/front_right
nb_streams=2
nb_programs=0
format_name=flv
format_long_name=FLV (Flash Video)
start_time=0.000000
duration=N/A
size=N/A
bit_rate=N/A
probe_score=100
TAG:title=/camera3/rtsp
TAG:comment=rtsp_image_transport
TAG:encoder=Lavf58.29.100
TAG:server=SRS/5.0.213(Bee)
TAG:server_version=5.0.213
[/FORMAT]
[AVIOContext @ 0x55ee03b6e640] Statistics: 645819 bytes read, 0 seeks
---------------------[ ffprobe Log End ]----------------------
SUMMARY: Status OK. Check passed because ffprobe successfully connected to the stream and retrieved its information (Exit Code: 0).

====================[ End of Check Cycle ]====================

==========================================================
                STREAM STATUS CHECK @ Friday, July 25, 2025 PM01:56:34 HKT
==========================================================

------------------[ Checking Stream: front_left ]------------------
URL: rtmp://43.199.149.178/live/front_left
--------------------[ ffprobe Log Start ]---------------------
ffprobe version 4.2.7-0ubuntu0.1 Copyright (c) 2007-2022 the FFmpeg developers
  built with gcc 9 (Ubuntu 9.4.0-1ubuntu1~20.04.1)
  configuration: --prefix=/usr --extra-version=0ubuntu0.1 --toolchain=hardened --libdir=/usr/lib/x86_64-linux-gnu --incdir=/usr/include/x86_64-linux-gnu --arch=amd64 --enable-gpl --disable-stripping --enable-avresample --disable-filter=resample --enable-avisynth --enable-gnutls --enable-ladspa --enable-libaom --enable-libass --enable-libbluray --enable-libbs2b --enable-libcaca --enable-libcdio --enable-libcodec2 --enable-libflite --enable-libfontconfig --enable-libfreetype --enable-libfribidi --enable-libgme --enable-libgsm --enable-libjack --enable-libmp3lame --enable-libmysofa --enable-libopenjpeg --enable-libopenmpt --enable-libopus --enable-libpulse --enable-librsvg --enable-librubberband --enable-libshine --enable-libsnappy --enable-libsoxr --enable-libspeex --enable-libssh --enable-libtheora --enable-libtwolame --enable-libvidstab --enable-libvorbis --enable-libvpx --enable-libwavpack --enable-libwebp --enable-libx265 --enable-libxml2 --enable-libxvid --enable-libzmq --enable-libzvbi --enable-lv2 --enable-omx --enable-openal --enable-opencl --enable-opengl --enable-sdl2 --enable-libdc1394 --enable-libdrm --enable-libiec61883 --enable-nvenc --enable-chromaprint --enable-frei0r --enable-libx264 --enable-shared
  libavutil      56. 31.100 / 56. 31.100
  libavcodec     58. 54.100 / 58. 54.100
  libavformat    58. 29.100 / 58. 29.100
  libavdevice    58.  8.100 / 58.  8.100
  libavfilter     7. 57.100 /  7. 57.100
  libavresample   4.  0.  0 /  4.  0.  0
  libswscale      5.  5.100 /  5.  5.100
  libswresample   3.  5.100 /  3.  5.100
  libpostproc    55.  5.100 / 55.  5.100
[tcp @ 0x55bda1b8bc00] Starting connection attempt to 43.199.149.178 port 1935
[tcp @ 0x55bda1b8bc00] Successfully connected to 43.199.149.178 port 1935
[h264 @ 0x55bda1b8ea00] Reinit context to 1024x624, pix_fmt: yuv420p
[h264 @ 0x55bda1b8ea00] error while decoding MB 18 35, bytestream -16
[h264 @ 0x55bda1b8ea00] concealing 287 DC, 287 AC, 287 MV errors in I frame
[flv @ 0x55bda1b8a980] max_analyze_duration 5000000 reached at 5000000 microseconds st:1
Input #0, flv, from 'rtmp://43.199.149.178/live/front_left':
  Metadata:
    title           : /camera5/rtsp
    comment         : rtsp_image_transport
    encoder         : Lavf58.29.100
    server          : SRS/5.0.213(Bee)
    server_version  : 5.0.213
  Duration: N/A, start: 0.000000, bitrate: N/A
    Stream #0:0: Data: none
    Stream #0:1: Video: h264 (Main), 1 reference frame, yuv420p(progressive, left), 1024x616 (1024x624) [SAR 1:1 DAR 128:77], 30 fps, 10 tbr, 1k tbn, 60 tbc
Unsupported codec with id 0 for input stream 0
[STREAM]
index=0
codec_name=unknown
codec_long_name=unknown
profile=unknown
codec_type=data
codec_tag_string=[0][0][0][0]
codec_tag=0x0000
id=N/A
r_frame_rate=0/0
avg_frame_rate=0/0
time_base=1/1000
start_pts=0
start_time=0.000000
duration_ts=N/A
duration=N/A
bit_rate=N/A
max_bit_rate=N/A
bits_per_raw_sample=N/A
nb_frames=N/A
nb_read_frames=N/A
nb_read_packets=N/A
DISPOSITION:default=0
DISPOSITION:dub=0
DISPOSITION:original=0
DISPOSITION:comment=0
DISPOSITION:lyrics=0
DISPOSITION:karaoke=0
DISPOSITION:forced=0
DISPOSITION:hearing_impaired=0
DISPOSITION:visual_impaired=0
DISPOSITION:clean_effects=0
DISPOSITION:attached_pic=0
DISPOSITION:timed_thumbnails=0
[/STREAM]
[STREAM]
index=1
codec_name=h264
codec_long_name=H.264 / AVC / MPEG-4 AVC / MPEG-4 part 10
profile=Main
codec_type=video
codec_time_base=1/60
codec_tag_string=[0][0][0][0]
codec_tag=0x0000
width=1024
height=616
coded_width=1024
coded_height=624
has_b_frames=0
sample_aspect_ratio=1:1
display_aspect_ratio=128:77
pix_fmt=yuv420p
level=31
color_range=unknown
color_space=unknown
color_transfer=unknown
color_primaries=unknown
chroma_location=left
field_order=progressive
timecode=N/A
refs=1
is_avc=true
nal_length_size=4
id=N/A
r_frame_rate=10/1
avg_frame_rate=30/1
time_base=1/1000
start_pts=10
start_time=0.010000
duration_ts=N/A
duration=N/A
bit_rate=N/A
max_bit_rate=N/A
bits_per_raw_sample=8
nb_frames=N/A
nb_read_frames=N/A
nb_read_packets=N/A
DISPOSITION:default=0
DISPOSITION:dub=0
DISPOSITION:original=0
DISPOSITION:comment=0
DISPOSITION:lyrics=0
DISPOSITION:karaoke=0
DISPOSITION:forced=0
DISPOSITION:hearing_impaired=0
DISPOSITION:visual_impaired=0
DISPOSITION:clean_effects=0
DISPOSITION:attached_pic=0
DISPOSITION:timed_thumbnails=0
[/STREAM]
[FORMAT]
filename=rtmp://43.199.149.178/live/front_left
nb_streams=2
nb_programs=0
format_name=flv
format_long_name=FLV (Flash Video)
start_time=0.000000
duration=N/A
size=N/A
bit_rate=N/A
probe_score=100
TAG:title=/camera5/rtsp
TAG:comment=rtsp_image_transport
TAG:encoder=Lavf58.29.100
TAG:server=SRS/5.0.213(Bee)
TAG:server_version=5.0.213
[/FORMAT]
[AVIOContext @ 0x55bda1b8d640] Statistics: 649660 bytes read, 0 seeks
---------------------[ ffprobe Log End ]----------------------
SUMMARY: Status OK. Check passed because ffprobe successfully connected to the stream and retrieved its information (Exit Code: 0).


------------------[ Checking Stream: front_right ]------------------
URL: rtmp://43.199.149.178/live/front_right
--------------------[ ffprobe Log Start ]---------------------
ffprobe version 4.2.7-0ubuntu0.1 Copyright (c) 2007-2022 the FFmpeg developers
  built with gcc 9 (Ubuntu 9.4.0-1ubuntu1~20.04.1)
  configuration: --prefix=/usr --extra-version=0ubuntu0.1 --toolchain=hardened --libdir=/usr/lib/x86_64-linux-gnu --incdir=/usr/include/x86_64-linux-gnu --arch=amd64 --enable-gpl --disable-stripping --enable-avresample --disable-filter=resample --enable-avisynth --enable-gnutls --enable-ladspa --enable-libaom --enable-libass --enable-libbluray --enable-libbs2b --enable-libcaca --enable-libcdio --enable-libcodec2 --enable-libflite --enable-libfontconfig --enable-libfreetype --enable-libfribidi --enable-libgme --enable-libgsm --enable-libjack --enable-libmp3lame --enable-libmysofa --enable-libopenjpeg --enable-libopenmpt --enable-libopus --enable-libpulse --enable-librsvg --enable-librubberband --enable-libshine --enable-libsnappy --enable-libsoxr --enable-libspeex --enable-libssh --enable-libtheora --enable-libtwolame --enable-libvidstab --enable-libvorbis --enable-libvpx --enable-libwavpack --enable-libwebp --enable-libx265 --enable-libxml2 --enable-libxvid --enable-libzmq --enable-libzvbi --enable-lv2 --enable-omx --enable-openal --enable-opencl --enable-opengl --enable-sdl2 --enable-libdc1394 --enable-libdrm --enable-libiec61883 --enable-nvenc --enable-chromaprint --enable-frei0r --enable-libx264 --enable-shared
  libavutil      56. 31.100 / 56. 31.100
  libavcodec     58. 54.100 / 58. 54.100
  libavformat    58. 29.100 / 58. 29.100
  libavdevice    58.  8.100 / 58.  8.100
  libavfilter     7. 57.100 /  7. 57.100
  libavresample   4.  0.  0 /  4.  0.  0
  libswscale      5.  5.100 /  5.  5.100
  libswresample   3.  5.100 /  3.  5.100
  libpostproc    55.  5.100 / 55.  5.100
[tcp @ 0x5598470ebc00] Starting connection attempt to 43.199.149.178 port 1935
[tcp @ 0x5598470ebc00] Successfully connected to 43.199.149.178 port 1935
[h264 @ 0x559847100240] Reinit context to 1024x624, pix_fmt: yuv420p
[flv @ 0x5598470ea980] max_analyze_duration 5000000 reached at 5000000 microseconds st:1
Input #0, flv, from 'rtmp://43.199.149.178/live/front_right':
  Metadata:
    title           : /camera3/rtsp
    comment         : rtsp_image_transport
    encoder         : Lavf58.29.100
    server          : SRS/5.0.213(Bee)
    server_version  : 5.0.213
  Duration: N/A, start: 0.000000, bitrate: N/A
    Stream #0:0: Data: none
    Stream #0:1: Video: h264 (Main), 1 reference frame, yuv420p(progressive, left), 1024x616 (1024x624) [SAR 1:1 DAR 128:77], 30 fps, 10 tbr, 1k tbn, 60 tbc
Unsupported codec with id 0 for input stream 0
[STREAM]
index=0
codec_name=unknown
codec_long_name=unknown
profile=unknown
codec_type=data
codec_tag_string=[0][0][0][0]
codec_tag=0x0000
id=N/A
r_frame_rate=0/0
avg_frame_rate=0/0
time_base=1/1000
start_pts=0
start_time=0.000000
duration_ts=N/A
duration=N/A
bit_rate=N/A
max_bit_rate=N/A
bits_per_raw_sample=N/A
nb_frames=N/A
nb_read_frames=N/A
nb_read_packets=N/A
DISPOSITION:default=0
DISPOSITION:dub=0
DISPOSITION:original=0
DISPOSITION:comment=0
DISPOSITION:lyrics=0
DISPOSITION:karaoke=0
DISPOSITION:forced=0
DISPOSITION:hearing_impaired=0
DISPOSITION:visual_impaired=0
DISPOSITION:clean_effects=0
DISPOSITION:attached_pic=0
DISPOSITION:timed_thumbnails=0
[/STREAM]
[STREAM]
index=1
codec_name=h264
codec_long_name=H.264 / AVC / MPEG-4 AVC / MPEG-4 part 10
profile=Main
codec_type=video
codec_time_base=1/60
codec_tag_string=[0][0][0][0]
codec_tag=0x0000
width=1024
height=616
coded_width=1024
coded_height=624
has_b_frames=0
sample_aspect_ratio=1:1
display_aspect_ratio=128:77
pix_fmt=yuv420p
level=31
color_range=unknown
color_space=unknown
color_transfer=unknown
color_primaries=unknown
chroma_location=left
field_order=progressive
timecode=N/A
refs=1
is_avc=true
nal_length_size=4
id=N/A
r_frame_rate=10/1
avg_frame_rate=30/1
time_base=1/1000
start_pts=10
start_time=0.010000
duration_ts=N/A
duration=N/A
bit_rate=N/A
max_bit_rate=N/A
bits_per_raw_sample=8
nb_frames=N/A
nb_read_frames=N/A
nb_read_packets=N/A
DISPOSITION:default=0
DISPOSITION:dub=0
DISPOSITION:original=0
DISPOSITION:comment=0
DISPOSITION:lyrics=0
DISPOSITION:karaoke=0
DISPOSITION:forced=0
DISPOSITION:hearing_impaired=0
DISPOSITION:visual_impaired=0
DISPOSITION:clean_effects=0
DISPOSITION:attached_pic=0
DISPOSITION:timed_thumbnails=0
[/STREAM]
[FORMAT]
filename=rtmp://43.199.149.178/live/front_right
nb_streams=2
nb_programs=0
format_name=flv
format_long_name=FLV (Flash Video)
start_time=0.000000
duration=N/A
size=N/A
bit_rate=N/A
probe_score=100
TAG:title=/camera3/rtsp
TAG:comment=rtsp_image_transport
TAG:encoder=Lavf58.29.100
TAG:server=SRS/5.0.213(Bee)
TAG:server_version=5.0.213
[/FORMAT]
[AVIOContext @ 0x5598470ed640] Statistics: 695752 bytes read, 0 seeks
---------------------[ ffprobe Log End ]----------------------
SUMMARY: Status OK. Check passed because ffprobe successfully connected to the stream and retrieved its information (Exit Code: 0).

====================[ End of Check Cycle ]====================

==========================================================
                STREAM STATUS CHECK @ Wednesday, July 30, 2025 AM10:31:27 HKT
==========================================================

------------------[ Checking Stream: front_left ]------------------
URL: rtmp://43.199.149.178/live/front_left
--------------------[ ffprobe Log Start ]---------------------
ffprobe version 4.2.7-0ubuntu0.1 Copyright (c) 2007-2022 the FFmpeg developers
  built with gcc 9 (Ubuntu 9.4.0-1ubuntu1~20.04.1)
  configuration: --prefix=/usr --extra-version=0ubuntu0.1 --toolchain=hardened --libdir=/usr/lib/x86_64-linux-gnu --incdir=/usr/include/x86_64-linux-gnu --arch=amd64 --enable-gpl --disable-stripping --enable-avresample --disable-filter=resample --enable-avisynth --enable-gnutls --enable-ladspa --enable-libaom --enable-libass --enable-libbluray --enable-libbs2b --enable-libcaca --enable-libcdio --enable-libcodec2 --enable-libflite --enable-libfontconfig --enable-libfreetype --enable-libfribidi --enable-libgme --enable-libgsm --enable-libjack --enable-libmp3lame --enable-libmysofa --enable-libopenjpeg --enable-libopenmpt --enable-libopus --enable-libpulse --enable-librsvg --enable-librubberband --enable-libshine --enable-libsnappy --enable-libsoxr --enable-libspeex --enable-libssh --enable-libtheora --enable-libtwolame --enable-libvidstab --enable-libvorbis --enable-libvpx --enable-libwavpack --enable-libwebp --enable-libx265 --enable-libxml2 --enable-libxvid --enable-libzmq --enable-libzvbi --enable-lv2 --enable-omx --enable-openal --enable-opencl --enable-opengl --enable-sdl2 --enable-libdc1394 --enable-libdrm --enable-libiec61883 --enable-nvenc --enable-chromaprint --enable-frei0r --enable-libx264 --enable-shared
  libavutil      56. 31.100 / 56. 31.100
  libavcodec     58. 54.100 / 58. 54.100
  libavformat    58. 29.100 / 58. 29.100
  libavdevice    58.  8.100 / 58.  8.100
  libavfilter     7. 57.100 /  7. 57.100
  libavresample   4.  0.  0 /  4.  0.  0
  libswscale      5.  5.100 /  5.  5.100
  libswresample   3.  5.100 /  3.  5.100
  libpostproc    55.  5.100 / 55.  5.100
[tcp @ 0x55c08d07ec00] Starting connection attempt to 43.199.149.178 port 1935
[tcp @ 0x55c08d07ec00] Successfully connected to 43.199.149.178 port 1935
[h264 @ 0x55c08d082fc0] Reinit context to 1024x608, pix_fmt: yuv420p
[flv @ 0x55c08d07d980] max_analyze_duration 5000000 reached at 5000000 microseconds st:1
Input #0, flv, from 'rtmp://43.199.149.178/live/front_left':
  Metadata:
    title           : /camera5/rtsp
    comment         : rtsp_image_transport
    encoder         : Lavf58.29.100
    server          : SRS/5.0.213(Bee)
    server_version  : 5.0.213
  Duration: N/A, start: 0.000000, bitrate: N/A
    Stream #0:0: Data: none
    Stream #0:1: Video: h264 (Main), 1 reference frame, yuv420p(progressive, left), 1024x608 [SAR 1:1 DAR 32:19], 30 fps, 10 tbr, 1k tbn, 60 tbc
Unsupported codec with id 0 for input stream 0
[STREAM]
index=0
codec_name=unknown
codec_long_name=unknown
profile=unknown
codec_type=data
codec_tag_string=[0][0][0][0]
codec_tag=0x0000
id=N/A
r_frame_rate=0/0
avg_frame_rate=0/0
time_base=1/1000
start_pts=0
start_time=0.000000
duration_ts=N/A
duration=N/A
bit_rate=N/A
max_bit_rate=N/A
bits_per_raw_sample=N/A
nb_frames=N/A
nb_read_frames=N/A
nb_read_packets=N/A
DISPOSITION:default=0
DISPOSITION:dub=0
DISPOSITION:original=0
DISPOSITION:comment=0
DISPOSITION:lyrics=0
DISPOSITION:karaoke=0
DISPOSITION:forced=0
DISPOSITION:hearing_impaired=0
DISPOSITION:visual_impaired=0
DISPOSITION:clean_effects=0
DISPOSITION:attached_pic=0
DISPOSITION:timed_thumbnails=0
[/STREAM]
[STREAM]
index=1
codec_name=h264
codec_long_name=H.264 / AVC / MPEG-4 AVC / MPEG-4 part 10
profile=Main
codec_type=video
codec_time_base=1/60
codec_tag_string=[0][0][0][0]
codec_tag=0x0000
width=1024
height=608
coded_width=1024
coded_height=608
has_b_frames=0
sample_aspect_ratio=1:1
display_aspect_ratio=32:19
pix_fmt=yuv420p
level=31
color_range=unknown
color_space=unknown
color_transfer=unknown
color_primaries=unknown
chroma_location=left
field_order=progressive
timecode=N/A
refs=1
is_avc=true
nal_length_size=4
id=N/A
r_frame_rate=10/1
avg_frame_rate=30/1
time_base=1/1000
start_pts=10
start_time=0.010000
duration_ts=N/A
duration=N/A
bit_rate=N/A
max_bit_rate=N/A
bits_per_raw_sample=8
nb_frames=N/A
nb_read_frames=N/A
nb_read_packets=N/A
DISPOSITION:default=0
DISPOSITION:dub=0
DISPOSITION:original=0
DISPOSITION:comment=0
DISPOSITION:lyrics=0
DISPOSITION:karaoke=0
DISPOSITION:forced=0
DISPOSITION:hearing_impaired=0
DISPOSITION:visual_impaired=0
DISPOSITION:clean_effects=0
DISPOSITION:attached_pic=0
DISPOSITION:timed_thumbnails=0
[/STREAM]
[FORMAT]
filename=rtmp://43.199.149.178/live/front_left
nb_streams=2
nb_programs=0
format_name=flv
format_long_name=FLV (Flash Video)
start_time=0.000000
duration=N/A
size=N/A
bit_rate=N/A
probe_score=100
TAG:title=/camera5/rtsp
TAG:comment=rtsp_image_transport
TAG:encoder=Lavf58.29.100
TAG:server=SRS/5.0.213(Bee)
TAG:server_version=5.0.213
[/FORMAT]
[AVIOContext @ 0x55c08d080640] Statistics: 664631 bytes read, 0 seeks
---------------------[ ffprobe Log End ]----------------------
SUMMARY: Status OK. Check passed because ffprobe successfully connected to the stream and retrieved its information (Exit Code: 0).


------------------[ Checking Stream: front_right ]------------------
URL: rtmp://43.199.149.178/live/front_right
--------------------[ ffprobe Log Start ]---------------------
ffprobe version 4.2.7-0ubuntu0.1 Copyright (c) 2007-2022 the FFmpeg developers
  built with gcc 9 (Ubuntu 9.4.0-1ubuntu1~20.04.1)
  configuration: --prefix=/usr --extra-version=0ubuntu0.1 --toolchain=hardened --libdir=/usr/lib/x86_64-linux-gnu --incdir=/usr/include/x86_64-linux-gnu --arch=amd64 --enable-gpl --disable-stripping --enable-avresample --disable-filter=resample --enable-avisynth --enable-gnutls --enable-ladspa --enable-libaom --enable-libass --enable-libbluray --enable-libbs2b --enable-libcaca --enable-libcdio --enable-libcodec2 --enable-libflite --enable-libfontconfig --enable-libfreetype --enable-libfribidi --enable-libgme --enable-libgsm --enable-libjack --enable-libmp3lame --enable-libmysofa --enable-libopenjpeg --enable-libopenmpt --enable-libopus --enable-libpulse --enable-librsvg --enable-librubberband --enable-libshine --enable-libsnappy --enable-libsoxr --enable-libspeex --enable-libssh --enable-libtheora --enable-libtwolame --enable-libvidstab --enable-libvorbis --enable-libvpx --enable-libwavpack --enable-libwebp --enable-libx265 --enable-libxml2 --enable-libxvid --enable-libzmq --enable-libzvbi --enable-lv2 --enable-omx --enable-openal --enable-opencl --enable-opengl --enable-sdl2 --enable-libdc1394 --enable-libdrm --enable-libiec61883 --enable-nvenc --enable-chromaprint --enable-frei0r --enable-libx264 --enable-shared
  libavutil      56. 31.100 / 56. 31.100
  libavcodec     58. 54.100 / 58. 54.100
  libavformat    58. 29.100 / 58. 29.100
  libavdevice    58.  8.100 / 58.  8.100
  libavfilter     7. 57.100 /  7. 57.100
  libavresample   4.  0.  0 /  4.  0.  0
  libswscale      5.  5.100 /  5.  5.100
  libswresample   3.  5.100 /  3.  5.100
  libpostproc    55.  5.100 / 55.  5.100
[tcp @ 0x55744e30ec00] Starting connection attempt to 43.199.149.178 port 1935
[tcp @ 0x55744e30ec00] Successfully connected to 43.199.149.178 port 1935
[h264 @ 0x55744e312fc0] Reinit context to 1024x608, pix_fmt: yuv420p
[flv @ 0x55744e30d980] max_analyze_duration 5000000 reached at 5000000 microseconds st:1
Input #0, flv, from 'rtmp://43.199.149.178/live/front_right':
  Metadata:
    title           : /camera3/rtsp
    comment         : rtsp_image_transport
    encoder         : Lavf58.29.100
    server          : SRS/5.0.213(Bee)
    server_version  : 5.0.213
  Duration: N/A, start: 0.000000, bitrate: N/A
    Stream #0:0: Data: none
    Stream #0:1: Video: h264 (Main), 1 reference frame, yuv420p(progressive, left), 1024x608 [SAR 1:1 DAR 32:19], 30 fps, 10 tbr, 1k tbn, 60 tbc
Unsupported codec with id 0 for input stream 0
[STREAM]
index=0
codec_name=unknown
codec_long_name=unknown
profile=unknown
codec_type=data
codec_tag_string=[0][0][0][0]
codec_tag=0x0000
id=N/A
r_frame_rate=0/0
avg_frame_rate=0/0
time_base=1/1000
start_pts=0
start_time=0.000000
duration_ts=N/A
duration=N/A
bit_rate=N/A
max_bit_rate=N/A
bits_per_raw_sample=N/A
nb_frames=N/A
nb_read_frames=N/A
nb_read_packets=N/A
DISPOSITION:default=0
DISPOSITION:dub=0
DISPOSITION:original=0
DISPOSITION:comment=0
DISPOSITION:lyrics=0
DISPOSITION:karaoke=0
DISPOSITION:forced=0
DISPOSITION:hearing_impaired=0
DISPOSITION:visual_impaired=0
DISPOSITION:clean_effects=0
DISPOSITION:attached_pic=0
DISPOSITION:timed_thumbnails=0
[/STREAM]
[STREAM]
index=1
codec_name=h264
codec_long_name=H.264 / AVC / MPEG-4 AVC / MPEG-4 part 10
profile=Main
codec_type=video
codec_time_base=1/60
codec_tag_string=[0][0][0][0]
codec_tag=0x0000
width=1024
height=608
coded_width=1024
coded_height=608
has_b_frames=0
sample_aspect_ratio=1:1
display_aspect_ratio=32:19
pix_fmt=yuv420p
level=31
color_range=unknown
color_space=unknown
color_transfer=unknown
color_primaries=unknown
chroma_location=left
field_order=progressive
timecode=N/A
refs=1
is_avc=true
nal_length_size=4
id=N/A
r_frame_rate=10/1
avg_frame_rate=30/1
time_base=1/1000
start_pts=10
start_time=0.010000
duration_ts=N/A
duration=N/A
bit_rate=N/A
max_bit_rate=N/A
bits_per_raw_sample=8
nb_frames=N/A
nb_read_frames=N/A
nb_read_packets=N/A
DISPOSITION:default=0
DISPOSITION:dub=0
DISPOSITION:original=0
DISPOSITION:comment=0
DISPOSITION:lyrics=0
DISPOSITION:karaoke=0
DISPOSITION:forced=0
DISPOSITION:hearing_impaired=0
DISPOSITION:visual_impaired=0
DISPOSITION:clean_effects=0
DISPOSITION:attached_pic=0
DISPOSITION:timed_thumbnails=0
[/STREAM]
[FORMAT]
filename=rtmp://43.199.149.178/live/front_right
nb_streams=2
nb_programs=0
format_name=flv
format_long_name=FLV (Flash Video)
start_time=0.000000
duration=N/A
size=N/A
bit_rate=N/A
probe_score=100
TAG:title=/camera3/rtsp
TAG:comment=rtsp_image_transport
TAG:encoder=Lavf58.29.100
TAG:server=SRS/5.0.213(Bee)
TAG:server_version=5.0.213
[/FORMAT]
[AVIOContext @ 0x55744e310640] Statistics: 637469 bytes read, 0 seeks
---------------------[ ffprobe Log End ]----------------------
SUMMARY: Status OK. Check passed because ffprobe successfully connected to the stream and retrieved its information (Exit Code: 0).

====================[ End of Check Cycle ]====================

==========================================================
                STREAM STATUS CHECK @ Wednesday, July 30, 2025 AM10:32:58 HKT
==========================================================

------------------[ Checking Stream: front_left ]------------------
URL: rtmp://43.199.149.178/live/front_left
--------------------[ ffprobe Log Start ]---------------------
ffprobe version 4.2.7-0ubuntu0.1 Copyright (c) 2007-2022 the FFmpeg developers
  built with gcc 9 (Ubuntu 9.4.0-1ubuntu1~20.04.1)
  configuration: --prefix=/usr --extra-version=0ubuntu0.1 --toolchain=hardened --libdir=/usr/lib/x86_64-linux-gnu --incdir=/usr/include/x86_64-linux-gnu --arch=amd64 --enable-gpl --disable-stripping --enable-avresample --disable-filter=resample --enable-avisynth --enable-gnutls --enable-ladspa --enable-libaom --enable-libass --enable-libbluray --enable-libbs2b --enable-libcaca --enable-libcdio --enable-libcodec2 --enable-libflite --enable-libfontconfig --enable-libfreetype --enable-libfribidi --enable-libgme --enable-libgsm --enable-libjack --enable-libmp3lame --enable-libmysofa --enable-libopenjpeg --enable-libopenmpt --enable-libopus --enable-libpulse --enable-librsvg --enable-librubberband --enable-libshine --enable-libsnappy --enable-libsoxr --enable-libspeex --enable-libssh --enable-libtheora --enable-libtwolame --enable-libvidstab --enable-libvorbis --enable-libvpx --enable-libwavpack --enable-libwebp --enable-libx265 --enable-libxml2 --enable-libxvid --enable-libzmq --enable-libzvbi --enable-lv2 --enable-omx --enable-openal --enable-opencl --enable-opengl --enable-sdl2 --enable-libdc1394 --enable-libdrm --enable-libiec61883 --enable-nvenc --enable-chromaprint --enable-frei0r --enable-libx264 --enable-shared
  libavutil      56. 31.100 / 56. 31.100
  libavcodec     58. 54.100 / 58. 54.100
  libavformat    58. 29.100 / 58. 29.100
  libavdevice    58.  8.100 / 58.  8.100
  libavfilter     7. 57.100 /  7. 57.100
  libavresample   4.  0.  0 /  4.  0.  0
  libswscale      5.  5.100 /  5.  5.100
  libswresample   3.  5.100 /  3.  5.100
  libpostproc    55.  5.100 / 55.  5.100
[tcp @ 0x558629583c00] Starting connection attempt to 43.199.149.178 port 1935
[tcp @ 0x558629583c00] Successfully connected to 43.199.149.178 port 1935
[h264 @ 0x558629587fc0] Reinit context to 1024x608, pix_fmt: yuv420p
[flv @ 0x558629582980] max_analyze_duration 5000000 reached at 5000000 microseconds st:1
Input #0, flv, from 'rtmp://43.199.149.178/live/front_left':
  Metadata:
    title           : /camera5/rtsp
    comment         : rtsp_image_transport
    encoder         : Lavf58.29.100
    server          : SRS/5.0.213(Bee)
    server_version  : 5.0.213
  Duration: N/A, start: 0.000000, bitrate: N/A
    Stream #0:0: Data: none
    Stream #0:1: Video: h264 (Main), 1 reference frame, yuv420p(progressive, left), 1024x608 [SAR 1:1 DAR 32:19], 30 fps, 10 tbr, 1k tbn, 60 tbc
Unsupported codec with id 0 for input stream 0
[STREAM]
index=0
codec_name=unknown
codec_long_name=unknown
profile=unknown
codec_type=data
codec_tag_string=[0][0][0][0]
codec_tag=0x0000
id=N/A
r_frame_rate=0/0
avg_frame_rate=0/0
time_base=1/1000
start_pts=0
start_time=0.000000
duration_ts=N/A
duration=N/A
bit_rate=N/A
max_bit_rate=N/A
bits_per_raw_sample=N/A
nb_frames=N/A
nb_read_frames=N/A
nb_read_packets=N/A
DISPOSITION:default=0
DISPOSITION:dub=0
DISPOSITION:original=0
DISPOSITION:comment=0
DISPOSITION:lyrics=0
DISPOSITION:karaoke=0
DISPOSITION:forced=0
DISPOSITION:hearing_impaired=0
DISPOSITION:visual_impaired=0
DISPOSITION:clean_effects=0
DISPOSITION:attached_pic=0
DISPOSITION:timed_thumbnails=0
[/STREAM]
[STREAM]
index=1
codec_name=h264
codec_long_name=H.264 / AVC / MPEG-4 AVC / MPEG-4 part 10
profile=Main
codec_type=video
codec_time_base=1/60
codec_tag_string=[0][0][0][0]
codec_tag=0x0000
width=1024
height=608
coded_width=1024
coded_height=608
has_b_frames=0
sample_aspect_ratio=1:1
display_aspect_ratio=32:19
pix_fmt=yuv420p
level=31
color_range=unknown
color_space=unknown
color_transfer=unknown
color_primaries=unknown
chroma_location=left
field_order=progressive
timecode=N/A
refs=1
is_avc=true
nal_length_size=4
id=N/A
r_frame_rate=10/1
avg_frame_rate=30/1
time_base=1/1000
start_pts=10
start_time=0.010000
duration_ts=N/A
duration=N/A
bit_rate=N/A
max_bit_rate=N/A
bits_per_raw_sample=8
nb_frames=N/A
nb_read_frames=N/A
nb_read_packets=N/A
DISPOSITION:default=0
DISPOSITION:dub=0
DISPOSITION:original=0
DISPOSITION:comment=0
DISPOSITION:lyrics=0
DISPOSITION:karaoke=0
DISPOSITION:forced=0
DISPOSITION:hearing_impaired=0
DISPOSITION:visual_impaired=0
DISPOSITION:clean_effects=0
DISPOSITION:attached_pic=0
DISPOSITION:timed_thumbnails=0
[/STREAM]
[FORMAT]
filename=rtmp://43.199.149.178/live/front_left
nb_streams=2
nb_programs=0
format_name=flv
format_long_name=FLV (Flash Video)
start_time=0.000000
duration=N/A
size=N/A
bit_rate=N/A
probe_score=100
TAG:title=/camera5/rtsp
TAG:comment=rtsp_image_transport
TAG:encoder=Lavf58.29.100
TAG:server=SRS/5.0.213(Bee)
TAG:server_version=5.0.213
[/FORMAT]
[AVIOContext @ 0x558629585640] Statistics: 610510 bytes read, 0 seeks
---------------------[ ffprobe Log End ]----------------------
SUMMARY: Status OK. Check passed because ffprobe successfully connected to the stream and retrieved its information (Exit Code: 0).


------------------[ Checking Stream: front_right ]------------------
URL: rtmp://43.199.149.178/live/front_right
--------------------[ ffprobe Log Start ]---------------------
ffprobe version 4.2.7-0ubuntu0.1 Copyright (c) 2007-2022 the FFmpeg developers
  built with gcc 9 (Ubuntu 9.4.0-1ubuntu1~20.04.1)
  configuration: --prefix=/usr --extra-version=0ubuntu0.1 --toolchain=hardened --libdir=/usr/lib/x86_64-linux-gnu --incdir=/usr/include/x86_64-linux-gnu --arch=amd64 --enable-gpl --disable-stripping --enable-avresample --disable-filter=resample --enable-avisynth --enable-gnutls --enable-ladspa --enable-libaom --enable-libass --enable-libbluray --enable-libbs2b --enable-libcaca --enable-libcdio --enable-libcodec2 --enable-libflite --enable-libfontconfig --enable-libfreetype --enable-libfribidi --enable-libgme --enable-libgsm --enable-libjack --enable-libmp3lame --enable-libmysofa --enable-libopenjpeg --enable-libopenmpt --enable-libopus --enable-libpulse --enable-librsvg --enable-librubberband --enable-libshine --enable-libsnappy --enable-libsoxr --enable-libspeex --enable-libssh --enable-libtheora --enable-libtwolame --enable-libvidstab --enable-libvorbis --enable-libvpx --enable-libwavpack --enable-libwebp --enable-libx265 --enable-libxml2 --enable-libxvid --enable-libzmq --enable-libzvbi --enable-lv2 --enable-omx --enable-openal --enable-opencl --enable-opengl --enable-sdl2 --enable-libdc1394 --enable-libdrm --enable-libiec61883 --enable-nvenc --enable-chromaprint --enable-frei0r --enable-libx264 --enable-shared
  libavutil      56. 31.100 / 56. 31.100
  libavcodec     58. 54.100 / 58. 54.100
  libavformat    58. 29.100 / 58. 29.100
  libavdevice    58.  8.100 / 58.  8.100
  libavfilter     7. 57.100 /  7. 57.100
  libavresample   4.  0.  0 /  4.  0.  0
  libswscale      5.  5.100 /  5.  5.100
  libswresample   3.  5.100 /  3.  5.100
  libpostproc    55.  5.100 / 55.  5.100
[tcp @ 0x562f3da92c00] Starting connection attempt to 43.199.149.178 port 1935
[tcp @ 0x562f3da92c00] Successfully connected to 43.199.149.178 port 1935
[h264 @ 0x562f3da96fc0] Reinit context to 1024x608, pix_fmt: yuv420p
[flv @ 0x562f3da91980] max_analyze_duration 5000000 reached at 5000000 microseconds st:1
Input #0, flv, from 'rtmp://43.199.149.178/live/front_right':
  Metadata:
    title           : /camera3/rtsp
    comment         : rtsp_image_transport
    encoder         : Lavf58.29.100
    server          : SRS/5.0.213(Bee)
    server_version  : 5.0.213
  Duration: N/A, start: 0.000000, bitrate: N/A
    Stream #0:0: Data: none
    Stream #0:1: Video: h264 (Main), 1 reference frame, yuv420p(progressive, left), 1024x608 [SAR 1:1 DAR 32:19], 30 fps, 10 tbr, 1k tbn, 60 tbc
Unsupported codec with id 0 for input stream 0
[STREAM]
index=0
codec_name=unknown
codec_long_name=unknown
profile=unknown
codec_type=data
codec_tag_string=[0][0][0][0]
codec_tag=0x0000
id=N/A
r_frame_rate=0/0
avg_frame_rate=0/0
time_base=1/1000
start_pts=0
start_time=0.000000
duration_ts=N/A
duration=N/A
bit_rate=N/A
max_bit_rate=N/A
bits_per_raw_sample=N/A
nb_frames=N/A
nb_read_frames=N/A
nb_read_packets=N/A
DISPOSITION:default=0
DISPOSITION:dub=0
DISPOSITION:original=0
DISPOSITION:comment=0
DISPOSITION:lyrics=0
DISPOSITION:karaoke=0
DISPOSITION:forced=0
DISPOSITION:hearing_impaired=0
DISPOSITION:visual_impaired=0
DISPOSITION:clean_effects=0
DISPOSITION:attached_pic=0
DISPOSITION:timed_thumbnails=0
[/STREAM]
[STREAM]
index=1
codec_name=h264
codec_long_name=H.264 / AVC / MPEG-4 AVC / MPEG-4 part 10
profile=Main
codec_type=video
codec_time_base=1/60
codec_tag_string=[0][0][0][0]
codec_tag=0x0000
width=1024
height=608
coded_width=1024
coded_height=608
has_b_frames=0
sample_aspect_ratio=1:1
display_aspect_ratio=32:19
pix_fmt=yuv420p
level=31
color_range=unknown
color_space=unknown
color_transfer=unknown
color_primaries=unknown
chroma_location=left
field_order=progressive
timecode=N/A
refs=1
is_avc=true
nal_length_size=4
id=N/A
r_frame_rate=10/1
avg_frame_rate=30/1
time_base=1/1000
start_pts=10
start_time=0.010000
duration_ts=N/A
duration=N/A
bit_rate=N/A
max_bit_rate=N/A
bits_per_raw_sample=8
nb_frames=N/A
nb_read_frames=N/A
nb_read_packets=N/A
DISPOSITION:default=0
DISPOSITION:dub=0
DISPOSITION:original=0
DISPOSITION:comment=0
DISPOSITION:lyrics=0
DISPOSITION:karaoke=0
DISPOSITION:forced=0
DISPOSITION:hearing_impaired=0
DISPOSITION:visual_impaired=0
DISPOSITION:clean_effects=0
DISPOSITION:attached_pic=0
DISPOSITION:timed_thumbnails=0
[/STREAM]
[FORMAT]
filename=rtmp://43.199.149.178/live/front_right
nb_streams=2
nb_programs=0
format_name=flv
format_long_name=FLV (Flash Video)
start_time=0.000000
duration=N/A
size=N/A
bit_rate=N/A
probe_score=100
TAG:title=/camera3/rtsp
TAG:comment=rtsp_image_transport
TAG:encoder=Lavf58.29.100
TAG:server=SRS/5.0.213(Bee)
TAG:server_version=5.0.213
[/FORMAT]
[AVIOContext @ 0x562f3da94640] Statistics: 617984 bytes read, 0 seeks
---------------------[ ffprobe Log End ]----------------------
SUMMARY: Status OK. Check passed because ffprobe successfully connected to the stream and retrieved its information (Exit Code: 0).

====================[ End of Check Cycle ]====================

==========================================================
                STREAM STATUS CHECK @ Wednesday, July 30, 2025 AM10:34:28 HKT
==========================================================

------------------[ Checking Stream: front_left ]------------------
URL: rtmp://43.199.149.178/live/front_left
--------------------[ ffprobe Log Start ]---------------------
ffprobe version 4.2.7-0ubuntu0.1 Copyright (c) 2007-2022 the FFmpeg developers
  built with gcc 9 (Ubuntu 9.4.0-1ubuntu1~20.04.1)
  configuration: --prefix=/usr --extra-version=0ubuntu0.1 --toolchain=hardened --libdir=/usr/lib/x86_64-linux-gnu --incdir=/usr/include/x86_64-linux-gnu --arch=amd64 --enable-gpl --disable-stripping --enable-avresample --disable-filter=resample --enable-avisynth --enable-gnutls --enable-ladspa --enable-libaom --enable-libass --enable-libbluray --enable-libbs2b --enable-libcaca --enable-libcdio --enable-libcodec2 --enable-libflite --enable-libfontconfig --enable-libfreetype --enable-libfribidi --enable-libgme --enable-libgsm --enable-libjack --enable-libmp3lame --enable-libmysofa --enable-libopenjpeg --enable-libopenmpt --enable-libopus --enable-libpulse --enable-librsvg --enable-librubberband --enable-libshine --enable-libsnappy --enable-libsoxr --enable-libspeex --enable-libssh --enable-libtheora --enable-libtwolame --enable-libvidstab --enable-libvorbis --enable-libvpx --enable-libwavpack --enable-libwebp --enable-libx265 --enable-libxml2 --enable-libxvid --enable-libzmq --enable-libzvbi --enable-lv2 --enable-omx --enable-openal --enable-opencl --enable-opengl --enable-sdl2 --enable-libdc1394 --enable-libdrm --enable-libiec61883 --enable-nvenc --enable-chromaprint --enable-frei0r --enable-libx264 --enable-shared
  libavutil      56. 31.100 / 56. 31.100
  libavcodec     58. 54.100 / 58. 54.100
  libavformat    58. 29.100 / 58. 29.100
  libavdevice    58.  8.100 / 58.  8.100
  libavfilter     7. 57.100 /  7. 57.100
  libavresample   4.  0.  0 /  4.  0.  0
  libswscale      5.  5.100 /  5.  5.100
  libswresample   3.  5.100 /  3.  5.100
  libpostproc    55.  5.100 / 55.  5.100
[tcp @ 0x55e1c2461c00] Starting connection attempt to 43.199.149.178 port 1935
[tcp @ 0x55e1c2461c00] Successfully connected to 43.199.149.178 port 1935
[h264 @ 0x55e1c2465fc0] Reinit context to 1024x608, pix_fmt: yuv420p
[flv @ 0x55e1c2460980] max_analyze_duration 5000000 reached at 9233333 microseconds st:1
Input #0, flv, from 'rtmp://43.199.149.178/live/front_left':
  Metadata:
    server          : SRS/5.0.213(Bee)
    title           : /camera5/rtsp
    comment         : rtsp_image_transport
    encoder         : Lavf58.29.100
    server_version  : 5.0.213
  Duration: N/A, start: 0.000000, bitrate: N/A
    Stream #0:0: Data: none
    Stream #0:1: Video: h264 (Main), 1 reference frame, yuv420p(progressive, left), 1024x608 [SAR 1:1 DAR 32:19], 30 fps, 20 tbr, 1k tbn, 60 tbc
Unsupported codec with id 0 for input stream 0
[STREAM]
index=0
codec_name=unknown
codec_long_name=unknown
profile=unknown
codec_type=data
codec_tag_string=[0][0][0][0]
codec_tag=0x0000
id=N/A
r_frame_rate=0/0
avg_frame_rate=0/0
time_base=1/1000
start_pts=0
start_time=0.000000
duration_ts=N/A
duration=N/A
bit_rate=N/A
max_bit_rate=N/A
bits_per_raw_sample=N/A
nb_frames=N/A
nb_read_frames=N/A
nb_read_packets=N/A
DISPOSITION:default=0
DISPOSITION:dub=0
DISPOSITION:original=0
DISPOSITION:comment=0
DISPOSITION:lyrics=0
DISPOSITION:karaoke=0
DISPOSITION:forced=0
DISPOSITION:hearing_impaired=0
DISPOSITION:visual_impaired=0
DISPOSITION:clean_effects=0
DISPOSITION:attached_pic=0
DISPOSITION:timed_thumbnails=0
[/STREAM]
[STREAM]
index=1
codec_name=h264
codec_long_name=H.264 / AVC / MPEG-4 AVC / MPEG-4 part 10
profile=Main
codec_type=video
codec_time_base=1/60
codec_tag_string=[0][0][0][0]
codec_tag=0x0000
width=1024
height=608
coded_width=1024
coded_height=608
has_b_frames=0
sample_aspect_ratio=1:1
display_aspect_ratio=32:19
pix_fmt=yuv420p
level=31
color_range=unknown
color_space=unknown
color_transfer=unknown
color_primaries=unknown
chroma_location=left
field_order=progressive
timecode=N/A
refs=1
is_avc=true
nal_length_size=4
id=N/A
r_frame_rate=20/1
avg_frame_rate=30/1
time_base=1/1000
start_pts=10
start_time=0.010000
duration_ts=N/A
duration=N/A
bit_rate=N/A
max_bit_rate=N/A
bits_per_raw_sample=8
nb_frames=N/A
nb_read_frames=N/A
nb_read_packets=N/A
DISPOSITION:default=0
DISPOSITION:dub=0
DISPOSITION:original=0
DISPOSITION:comment=0
DISPOSITION:lyrics=0
DISPOSITION:karaoke=0
DISPOSITION:forced=0
DISPOSITION:hearing_impaired=0
DISPOSITION:visual_impaired=0
DISPOSITION:clean_effects=0
DISPOSITION:attached_pic=0
DISPOSITION:timed_thumbnails=0
[/STREAM]
[FORMAT]
filename=rtmp://43.199.149.178/live/front_left
nb_streams=2
nb_programs=0
format_name=flv
format_long_name=FLV (Flash Video)
start_time=0.000000
duration=N/A
size=N/A
bit_rate=N/A
probe_score=100
TAG:server=SRS/5.0.213(Bee)
TAG:title=/camera5/rtsp
TAG:comment=rtsp_image_transport
TAG:encoder=Lavf58.29.100
TAG:server_version=5.0.213
[/FORMAT]
[AVIOContext @ 0x55e1c2463640] Statistics: 1086536 bytes read, 0 seeks
---------------------[ ffprobe Log End ]----------------------
SUMMARY: Status OK. Check passed because ffprobe successfully connected to the stream and retrieved its information (Exit Code: 0).


------------------[ Checking Stream: front_right ]------------------
URL: rtmp://43.199.149.178/live/front_right
--------------------[ ffprobe Log Start ]---------------------
ffprobe version 4.2.7-0ubuntu0.1 Copyright (c) 2007-2022 the FFmpeg developers
  built with gcc 9 (Ubuntu 9.4.0-1ubuntu1~20.04.1)
  configuration: --prefix=/usr --extra-version=0ubuntu0.1 --toolchain=hardened --libdir=/usr/lib/x86_64-linux-gnu --incdir=/usr/include/x86_64-linux-gnu --arch=amd64 --enable-gpl --disable-stripping --enable-avresample --disable-filter=resample --enable-avisynth --enable-gnutls --enable-ladspa --enable-libaom --enable-libass --enable-libbluray --enable-libbs2b --enable-libcaca --enable-libcdio --enable-libcodec2 --enable-libflite --enable-libfontconfig --enable-libfreetype --enable-libfribidi --enable-libgme --enable-libgsm --enable-libjack --enable-libmp3lame --enable-libmysofa --enable-libopenjpeg --enable-libopenmpt --enable-libopus --enable-libpulse --enable-librsvg --enable-librubberband --enable-libshine --enable-libsnappy --enable-libsoxr --enable-libspeex --enable-libssh --enable-libtheora --enable-libtwolame --enable-libvidstab --enable-libvorbis --enable-libvpx --enable-libwavpack --enable-libwebp --enable-libx265 --enable-libxml2 --enable-libxvid --enable-libzmq --enable-libzvbi --enable-lv2 --enable-omx --enable-openal --enable-opencl --enable-opengl --enable-sdl2 --enable-libdc1394 --enable-libdrm --enable-libiec61883 --enable-nvenc --enable-chromaprint --enable-frei0r --enable-libx264 --enable-shared
  libavutil      56. 31.100 / 56. 31.100
  libavcodec     58. 54.100 / 58. 54.100
  libavformat    58. 29.100 / 58. 29.100
  libavdevice    58.  8.100 / 58.  8.100
  libavfilter     7. 57.100 /  7. 57.100
  libavresample   4.  0.  0 /  4.  0.  0
  libswscale      5.  5.100 /  5.  5.100
  libswresample   3.  5.100 /  3.  5.100
  libpostproc    55.  5.100 / 55.  5.100
[tcp @ 0x5618b80acc00] Starting connection attempt to 43.199.149.178 port 1935
[tcp @ 0x5618b80acc00] Successfully connected to 43.199.149.178 port 1935
[h264 @ 0x5618b80b0fc0] Reinit context to 1024x608, pix_fmt: yuv420p
==========================================================
                STREAM STATUS CHECK @ Thursday, August 07, 2025 PM05:07:29 HKT
==========================================================

------------------[ Checking Stream: front_left ]------------------
URL: rtmp://43.199.149.178/live/front_left
--------------------[ ffprobe Log Start ]---------------------
ffprobe version 4.2.7-0ubuntu0.1 Copyright (c) 2007-2022 the FFmpeg developers
  built with gcc 9 (Ubuntu 9.4.0-1ubuntu1~20.04.1)
  configuration: --prefix=/usr --extra-version=0ubuntu0.1 --toolchain=hardened --libdir=/usr/lib/x86_64-linux-gnu --incdir=/usr/include/x86_64-linux-gnu --arch=amd64 --enable-gpl --disable-stripping --enable-avresample --disable-filter=resample --enable-avisynth --enable-gnutls --enable-ladspa --enable-libaom --enable-libass --enable-libbluray --enable-libbs2b --enable-libcaca --enable-libcdio --enable-libcodec2 --enable-libflite --enable-libfontconfig --enable-libfreetype --enable-libfribidi --enable-libgme --enable-libgsm --enable-libjack --enable-libmp3lame --enable-libmysofa --enable-libopenjpeg --enable-libopenmpt --enable-libopus --enable-libpulse --enable-librsvg --enable-librubberband --enable-libshine --enable-libsnappy --enable-libsoxr --enable-libspeex --enable-libssh --enable-libtheora --enable-libtwolame --enable-libvidstab --enable-libvorbis --enable-libvpx --enable-libwavpack --enable-libwebp --enable-libx265 --enable-libxml2 --enable-libxvid --enable-libzmq --enable-libzvbi --enable-lv2 --enable-omx --enable-openal --enable-opencl --enable-opengl --enable-sdl2 --enable-libdc1394 --enable-libdrm --enable-libiec61883 --enable-nvenc --enable-chromaprint --enable-frei0r --enable-libx264 --enable-shared
  libavutil      56. 31.100 / 56. 31.100
  libavcodec     58. 54.100 / 58. 54.100
  libavformat    58. 29.100 / 58. 29.100
  libavdevice    58.  8.100 / 58.  8.100
  libavfilter     7. 57.100 /  7. 57.100
  libavresample   4.  0.  0 /  4.  0.  0
  libswscale      5.  5.100 /  5.  5.100
  libswresample   3.  5.100 /  3.  5.100
  libpostproc    55.  5.100 / 55.  5.100
[tcp @ 0x558968516c00] Starting connection attempt to 43.199.149.178 port 1935
[tcp @ 0x558968516c00] Successfully connected to 43.199.149.178 port 1935
[h264 @ 0x55896852b240] Reinit context to 1024x608, pix_fmt: yuv420p
==========================================================
                STREAM STATUS CHECK @ Thursday, August 07, 2025 PM05:18:51 HKT
==========================================================

------------------[ Checking Stream: front_left ]------------------
URL: rtmp://43.199.149.178/live/front_left
--------------------[ ffprobe Log Start ]---------------------
ffprobe version 4.2.7-0ubuntu0.1 Copyright (c) 2007-2022 the FFmpeg developers
  built with gcc 9 (Ubuntu 9.4.0-1ubuntu1~20.04.1)
  configuration: --prefix=/usr --extra-version=0ubuntu0.1 --toolchain=hardened --libdir=/usr/lib/x86_64-linux-gnu --incdir=/usr/include/x86_64-linux-gnu --arch=amd64 --enable-gpl --disable-stripping --enable-avresample --disable-filter=resample --enable-avisynth --enable-gnutls --enable-ladspa --enable-libaom --enable-libass --enable-libbluray --enable-libbs2b --enable-libcaca --enable-libcdio --enable-libcodec2 --enable-libflite --enable-libfontconfig --enable-libfreetype --enable-libfribidi --enable-libgme --enable-libgsm --enable-libjack --enable-libmp3lame --enable-libmysofa --enable-libopenjpeg --enable-libopenmpt --enable-libopus --enable-libpulse --enable-librsvg --enable-librubberband --enable-libshine --enable-libsnappy --enable-libsoxr --enable-libspeex --enable-libssh --enable-libtheora --enable-libtwolame --enable-libvidstab --enable-libvorbis --enable-libvpx --enable-libwavpack --enable-libwebp --enable-libx265 --enable-libxml2 --enable-libxvid --enable-libzmq --enable-libzvbi --enable-lv2 --enable-omx --enable-openal --enable-opencl --enable-opengl --enable-sdl2 --enable-libdc1394 --enable-libdrm --enable-libiec61883 --enable-nvenc --enable-chromaprint --enable-frei0r --enable-libx264 --enable-shared
  libavutil      56. 31.100 / 56. 31.100
  libavcodec     58. 54.100 / 58. 54.100
  libavformat    58. 29.100 / 58. 29.100
  libavdevice    58.  8.100 / 58.  8.100
  libavfilter     7. 57.100 /  7. 57.100
  libavresample   4.  0.  0 /  4.  0.  0
  libswscale      5.  5.100 /  5.  5.100
  libswresample   3.  5.100 /  3.  5.100
  libpostproc    55.  5.100 / 55.  5.100
[tcp @ 0x5592eb1b0c00] Starting connection attempt to 43.199.149.178 port 1935
[tcp @ 0x5592eb1b0c00] Successfully connected to 43.199.149.178 port 1935
[h264 @ 0x5592eb1c5240] Reinit context to 1024x608, pix_fmt: yuv420p
[flv @ 0x5592eb1af980] max_analyze_duration 5000000 reached at 5000000 microseconds st:1
Input #0, flv, from 'rtmp://43.199.149.178/live/front_left':
  Metadata:
    title           : /camera5/rtsp
    comment         : rtsp_image_transport
    encoder         : Lavf58.29.100
    server          : SRS/5.0.213(Bee)
    server_version  : 5.0.213
  Duration: N/A, start: 0.000000, bitrate: N/A
    Stream #0:0: Data: none
    Stream #0:1: Video: h264 (Main), 1 reference frame, yuv420p(progressive, left), 1024x608 [SAR 1:1 DAR 32:19], 30 fps, 10 tbr, 1k tbn, 60 tbc
Unsupported codec with id 0 for input stream 0
[STREAM]
index=0
codec_name=unknown
codec_long_name=unknown
profile=unknown
codec_type=data
codec_tag_string=[0][0][0][0]
codec_tag=0x0000
id=N/A
r_frame_rate=0/0
avg_frame_rate=0/0
time_base=1/1000
start_pts=0
start_time=0.000000
duration_ts=N/A
duration=N/A
bit_rate=N/A
max_bit_rate=N/A
bits_per_raw_sample=N/A
nb_frames=N/A
nb_read_frames=N/A
nb_read_packets=N/A
DISPOSITION:default=0
DISPOSITION:dub=0
DISPOSITION:original=0
DISPOSITION:comment=0
DISPOSITION:lyrics=0
DISPOSITION:karaoke=0
DISPOSITION:forced=0
DISPOSITION:hearing_impaired=0
DISPOSITION:visual_impaired=0
DISPOSITION:clean_effects=0
DISPOSITION:attached_pic=0
DISPOSITION:timed_thumbnails=0
[/STREAM]
[STREAM]
index=1
codec_name=h264
codec_long_name=H.264 / AVC / MPEG-4 AVC / MPEG-4 part 10
profile=Main
codec_type=video
codec_time_base=1/60
codec_tag_string=[0][0][0][0]
codec_tag=0x0000
width=1024
height=608
coded_width=1024
coded_height=608
has_b_frames=0
sample_aspect_ratio=1:1
display_aspect_ratio=32:19
pix_fmt=yuv420p
level=31
color_range=unknown
color_space=unknown
color_transfer=unknown
color_primaries=unknown
chroma_location=left
field_order=progressive
timecode=N/A
refs=1
is_avc=true
nal_length_size=4
id=N/A
r_frame_rate=10/1
avg_frame_rate=30/1
time_base=1/1000
start_pts=10
start_time=0.010000
duration_ts=N/A
duration=N/A
bit_rate=N/A
max_bit_rate=N/A
bits_per_raw_sample=8
nb_frames=N/A
nb_read_frames=N/A
nb_read_packets=N/A
DISPOSITION:default=0
DISPOSITION:dub=0
DISPOSITION:original=0
DISPOSITION:comment=0
DISPOSITION:lyrics=0
DISPOSITION:karaoke=0
DISPOSITION:forced=0
DISPOSITION:hearing_impaired=0
DISPOSITION:visual_impaired=0
DISPOSITION:clean_effects=0
DISPOSITION:attached_pic=0
DISPOSITION:timed_thumbnails=0
[/STREAM]
[FORMAT]
filename=rtmp://43.199.149.178/live/front_left
nb_streams=2
nb_programs=0
format_name=flv
format_long_name=FLV (Flash Video)
start_time=0.000000
duration=N/A
size=N/A
bit_rate=N/A
probe_score=100
TAG:title=/camera5/rtsp
TAG:comment=rtsp_image_transport
TAG:encoder=Lavf58.29.100
TAG:server=SRS/5.0.213(Bee)
TAG:server_version=5.0.213
[/FORMAT]
[AVIOContext @ 0x5592eb1b2640] Statistics: 670936 bytes read, 0 seeks
---------------------[ ffprobe Log End ]----------------------
SUMMARY: Status OK. Check passed because ffprobe successfully connected to the stream and retrieved its information (Exit Code: 0).


------------------[ Checking Stream: front_right ]------------------
URL: rtmp://43.199.149.178/live/front_right
--------------------[ ffprobe Log Start ]---------------------
ffprobe version 4.2.7-0ubuntu0.1 Copyright (c) 2007-2022 the FFmpeg developers
  built with gcc 9 (Ubuntu 9.4.0-1ubuntu1~20.04.1)
  configuration: --prefix=/usr --extra-version=0ubuntu0.1 --toolchain=hardened --libdir=/usr/lib/x86_64-linux-gnu --incdir=/usr/include/x86_64-linux-gnu --arch=amd64 --enable-gpl --disable-stripping --enable-avresample --disable-filter=resample --enable-avisynth --enable-gnutls --enable-ladspa --enable-libaom --enable-libass --enable-libbluray --enable-libbs2b --enable-libcaca --enable-libcdio --enable-libcodec2 --enable-libflite --enable-libfontconfig --enable-libfreetype --enable-libfribidi --enable-libgme --enable-libgsm --enable-libjack --enable-libmp3lame --enable-libmysofa --enable-libopenjpeg --enable-libopenmpt --enable-libopus --enable-libpulse --enable-librsvg --enable-librubberband --enable-libshine --enable-libsnappy --enable-libsoxr --enable-libspeex --enable-libssh --enable-libtheora --enable-libtwolame --enable-libvidstab --enable-libvorbis --enable-libvpx --enable-libwavpack --enable-libwebp --enable-libx265 --enable-libxml2 --enable-libxvid --enable-libzmq --enable-libzvbi --enable-lv2 --enable-omx --enable-openal --enable-opencl --enable-opengl --enable-sdl2 --enable-libdc1394 --enable-libdrm --enable-libiec61883 --enable-nvenc --enable-chromaprint --enable-frei0r --enable-libx264 --enable-shared
  libavutil      56. 31.100 / 56. 31.100
  libavcodec     58. 54.100 / 58. 54.100
  libavformat    58. 29.100 / 58. 29.100
  libavdevice    58.  8.100 / 58.  8.100
  libavfilter     7. 57.100 /  7. 57.100
  libavresample   4.  0.  0 /  4.  0.  0
  libswscale      5.  5.100 /  5.  5.100
  libswresample   3.  5.100 /  3.  5.100
  libpostproc    55.  5.100 / 55.  5.100
[tcp @ 0x55bb2670ac00] Starting connection attempt to 43.199.149.178 port 1935
[tcp @ 0x55bb2670ac00] Successfully connected to 43.199.149.178 port 1935
[h264 @ 0x55bb2670d880] Reinit context to 1024x608, pix_fmt: yuv420p
[flv @ 0x55bb26709980] max_analyze_duration 5000000 reached at 5000000 microseconds st:1
Input #0, flv, from 'rtmp://43.199.149.178/live/front_right':
  Metadata:
    title           : /camera3/rtsp
    comment         : rtsp_image_transport
    encoder         : Lavf58.29.100
    server          : SRS/5.0.213(Bee)
    server_version  : 5.0.213
  Duration: N/A, start: 0.000000, bitrate: N/A
    Stream #0:0: Data: none
    Stream #0:1: Video: h264 (Main), 1 reference frame, yuv420p(progressive, left), 1024x608 [SAR 1:1 DAR 32:19], 30 fps, 10 tbr, 1k tbn, 60 tbc
Unsupported codec with id 0 for input stream 0
[STREAM]
index=0
codec_name=unknown
codec_long_name=unknown
profile=unknown
codec_type=data
codec_tag_string=[0][0][0][0]
codec_tag=0x0000
id=N/A
r_frame_rate=0/0
avg_frame_rate=0/0
time_base=1/1000
start_pts=0
start_time=0.000000
duration_ts=N/A
duration=N/A
bit_rate=N/A
max_bit_rate=N/A
bits_per_raw_sample=N/A
nb_frames=N/A
nb_read_frames=N/A
nb_read_packets=N/A
DISPOSITION:default=0
DISPOSITION:dub=0
DISPOSITION:original=0
DISPOSITION:comment=0
DISPOSITION:lyrics=0
DISPOSITION:karaoke=0
DISPOSITION:forced=0
DISPOSITION:hearing_impaired=0
DISPOSITION:visual_impaired=0
DISPOSITION:clean_effects=0
DISPOSITION:attached_pic=0
DISPOSITION:timed_thumbnails=0
[/STREAM]
[STREAM]
index=1
codec_name=h264
codec_long_name=H.264 / AVC / MPEG-4 AVC / MPEG-4 part 10
profile=Main
codec_type=video
codec_time_base=1/60
codec_tag_string=[0][0][0][0]
codec_tag=0x0000
width=1024
height=608
coded_width=1024
coded_height=608
has_b_frames=0
sample_aspect_ratio=1:1
display_aspect_ratio=32:19
pix_fmt=yuv420p
level=31
color_range=unknown
color_space=unknown
color_transfer=unknown
color_primaries=unknown
chroma_location=left
field_order=progressive
timecode=N/A
refs=1
is_avc=true
nal_length_size=4
id=N/A
r_frame_rate=10/1
avg_frame_rate=30/1
time_base=1/1000
start_pts=10
start_time=0.010000
duration_ts=N/A
duration=N/A
bit_rate=N/A
max_bit_rate=N/A
bits_per_raw_sample=8
nb_frames=N/A
nb_read_frames=N/A
nb_read_packets=N/A
DISPOSITION:default=0
DISPOSITION:dub=0
DISPOSITION:original=0
DISPOSITION:comment=0
DISPOSITION:lyrics=0
DISPOSITION:karaoke=0
DISPOSITION:forced=0
DISPOSITION:hearing_impaired=0
DISPOSITION:visual_impaired=0
DISPOSITION:clean_effects=0
DISPOSITION:attached_pic=0
DISPOSITION:timed_thumbnails=0
[/STREAM]
[FORMAT]
filename=rtmp://43.199.149.178/live/front_right
nb_streams=2
nb_programs=0
format_name=flv
format_long_name=FLV (Flash Video)
start_time=0.000000
duration=N/A
size=N/A
bit_rate=N/A
probe_score=100
TAG:title=/camera3/rtsp
TAG:comment=rtsp_image_transport
TAG:encoder=Lavf58.29.100
TAG:server=SRS/5.0.213(Bee)
TAG:server_version=5.0.213
[/FORMAT]
[AVIOContext @ 0x55bb2670c640] Statistics: 686506 bytes read, 0 seeks
---------------------[ ffprobe Log End ]----------------------
SUMMARY: Status OK. Check passed because ffprobe successfully connected to the stream and retrieved its information (Exit Code: 0).

====================[ End of Check Cycle ]====================

==========================================================
                STREAM STATUS CHECK @ Thursday, August 07, 2025 PM05:20:22 HKT
==========================================================

------------------[ Checking Stream: front_left ]------------------
URL: rtmp://43.199.149.178/live/front_left
--------------------[ ffprobe Log Start ]---------------------
ffprobe version 4.2.7-0ubuntu0.1 Copyright (c) 2007-2022 the FFmpeg developers
  built with gcc 9 (Ubuntu 9.4.0-1ubuntu1~20.04.1)
  configuration: --prefix=/usr --extra-version=0ubuntu0.1 --toolchain=hardened --libdir=/usr/lib/x86_64-linux-gnu --incdir=/usr/include/x86_64-linux-gnu --arch=amd64 --enable-gpl --disable-stripping --enable-avresample --disable-filter=resample --enable-avisynth --enable-gnutls --enable-ladspa --enable-libaom --enable-libass --enable-libbluray --enable-libbs2b --enable-libcaca --enable-libcdio --enable-libcodec2 --enable-libflite --enable-libfontconfig --enable-libfreetype --enable-libfribidi --enable-libgme --enable-libgsm --enable-libjack --enable-libmp3lame --enable-libmysofa --enable-libopenjpeg --enable-libopenmpt --enable-libopus --enable-libpulse --enable-librsvg --enable-librubberband --enable-libshine --enable-libsnappy --enable-libsoxr --enable-libspeex --enable-libssh --enable-libtheora --enable-libtwolame --enable-libvidstab --enable-libvorbis --enable-libvpx --enable-libwavpack --enable-libwebp --enable-libx265 --enable-libxml2 --enable-libxvid --enable-libzmq --enable-libzvbi --enable-lv2 --enable-omx --enable-openal --enable-opencl --enable-opengl --enable-sdl2 --enable-libdc1394 --enable-libdrm --enable-libiec61883 --enable-nvenc --enable-chromaprint --enable-frei0r --enable-libx264 --enable-shared
  libavutil      56. 31.100 / 56. 31.100
  libavcodec     58. 54.100 / 58. 54.100
  libavformat    58. 29.100 / 58. 29.100
  libavdevice    58.  8.100 / 58.  8.100
  libavfilter     7. 57.100 /  7. 57.100
  libavresample   4.  0.  0 /  4.  0.  0
  libswscale      5.  5.100 /  5.  5.100
  libswresample   3.  5.100 /  3.  5.100
  libpostproc    55.  5.100 / 55.  5.100
[tcp @ 0x56525c954c00] Starting connection attempt to 43.199.149.178 port 1935
[tcp @ 0x56525c954c00] Successfully connected to 43.199.149.178 port 1935
[h264 @ 0x56525c957e40] Reinit context to 1024x608, pix_fmt: yuv420p
[flv @ 0x56525c953980] max_analyze_duration 5000000 reached at 5000000 microseconds st:1
Input #0, flv, from 'rtmp://43.199.149.178/live/front_left':
  Metadata:
    title           : /camera5/rtsp
    comment         : rtsp_image_transport
    encoder         : Lavf58.29.100
    server          : SRS/5.0.213(Bee)
    server_version  : 5.0.213
  Duration: N/A, start: 0.000000, bitrate: N/A
    Stream #0:0: Data: none
    Stream #0:1: Video: h264 (Main), 1 reference frame, yuv420p(progressive, left), 1024x608 [SAR 1:1 DAR 32:19], 30 fps, 10 tbr, 1k tbn, 60 tbc
Unsupported codec with id 0 for input stream 0
[STREAM]
index=0
codec_name=unknown
codec_long_name=unknown
profile=unknown
codec_type=data
codec_tag_string=[0][0][0][0]
codec_tag=0x0000
id=N/A
r_frame_rate=0/0
avg_frame_rate=0/0
time_base=1/1000
start_pts=0
start_time=0.000000
duration_ts=N/A
duration=N/A
bit_rate=N/A
max_bit_rate=N/A
bits_per_raw_sample=N/A
nb_frames=N/A
nb_read_frames=N/A
nb_read_packets=N/A
DISPOSITION:default=0
DISPOSITION:dub=0
DISPOSITION:original=0
DISPOSITION:comment=0
DISPOSITION:lyrics=0
DISPOSITION:karaoke=0
DISPOSITION:forced=0
DISPOSITION:hearing_impaired=0
DISPOSITION:visual_impaired=0
DISPOSITION:clean_effects=0
DISPOSITION:attached_pic=0
DISPOSITION:timed_thumbnails=0
[/STREAM]
[STREAM]
index=1
codec_name=h264
codec_long_name=H.264 / AVC / MPEG-4 AVC / MPEG-4 part 10
profile=Main
codec_type=video
codec_time_base=1/60
codec_tag_string=[0][0][0][0]
codec_tag=0x0000
width=1024
height=608
coded_width=1024
coded_height=608
has_b_frames=0
sample_aspect_ratio=1:1
display_aspect_ratio=32:19
pix_fmt=yuv420p
level=31
color_range=unknown
color_space=unknown
color_transfer=unknown
color_primaries=unknown
chroma_location=left
field_order=progressive
timecode=N/A
refs=1
is_avc=true
nal_length_size=4
id=N/A
r_frame_rate=10/1
avg_frame_rate=30/1
time_base=1/1000
start_pts=10
start_time=0.010000
duration_ts=N/A
duration=N/A
bit_rate=N/A
max_bit_rate=N/A
bits_per_raw_sample=8
nb_frames=N/A
nb_read_frames=N/A
nb_read_packets=N/A
DISPOSITION:default=0
DISPOSITION:dub=0
DISPOSITION:original=0
DISPOSITION:comment=0
DISPOSITION:lyrics=0
DISPOSITION:karaoke=0
DISPOSITION:forced=0
DISPOSITION:hearing_impaired=0
DISPOSITION:visual_impaired=0
DISPOSITION:clean_effects=0
DISPOSITION:attached_pic=0
DISPOSITION:timed_thumbnails=0
[/STREAM]
[FORMAT]
filename=rtmp://43.199.149.178/live/front_left
nb_streams=2
nb_programs=0
format_name=flv
format_long_name=FLV (Flash Video)
start_time=0.000000
duration=N/A
size=N/A
bit_rate=N/A
probe_score=100
TAG:title=/camera5/rtsp
TAG:comment=rtsp_image_transport
TAG:encoder=Lavf58.29.100
TAG:server=SRS/5.0.213(Bee)
TAG:server_version=5.0.213
[/FORMAT]
[AVIOContext @ 0x56525c956640] Statistics: 662510 bytes read, 0 seeks
---------------------[ ffprobe Log End ]----------------------
SUMMARY: Status OK. Check passed because ffprobe successfully connected to the stream and retrieved its information (Exit Code: 0).


------------------[ Checking Stream: front_right ]------------------
URL: rtmp://43.199.149.178/live/front_right
--------------------[ ffprobe Log Start ]---------------------
ffprobe version 4.2.7-0ubuntu0.1 Copyright (c) 2007-2022 the FFmpeg developers
  built with gcc 9 (Ubuntu 9.4.0-1ubuntu1~20.04.1)
  configuration: --prefix=/usr --extra-version=0ubuntu0.1 --toolchain=hardened --libdir=/usr/lib/x86_64-linux-gnu --incdir=/usr/include/x86_64-linux-gnu --arch=amd64 --enable-gpl --disable-stripping --enable-avresample --disable-filter=resample --enable-avisynth --enable-gnutls --enable-ladspa --enable-libaom --enable-libass --enable-libbluray --enable-libbs2b --enable-libcaca --enable-libcdio --enable-libcodec2 --enable-libflite --enable-libfontconfig --enable-libfreetype --enable-libfribidi --enable-libgme --enable-libgsm --enable-libjack --enable-libmp3lame --enable-libmysofa --enable-libopenjpeg --enable-libopenmpt --enable-libopus --enable-libpulse --enable-librsvg --enable-librubberband --enable-libshine --enable-libsnappy --enable-libsoxr --enable-libspeex --enable-libssh --enable-libtheora --enable-libtwolame --enable-libvidstab --enable-libvorbis --enable-libvpx --enable-libwavpack --enable-libwebp --enable-libx265 --enable-libxml2 --enable-libxvid --enable-libzmq --enable-libzvbi --enable-lv2 --enable-omx --enable-openal --enable-opencl --enable-opengl --enable-sdl2 --enable-libdc1394 --enable-libdrm --enable-libiec61883 --enable-nvenc --enable-chromaprint --enable-frei0r --enable-libx264 --enable-shared
  libavutil      56. 31.100 / 56. 31.100
  libavcodec     58. 54.100 / 58. 54.100
  libavformat    58. 29.100 / 58. 29.100
  libavdevice    58.  8.100 / 58.  8.100
  libavfilter     7. 57.100 /  7. 57.100
  libavresample   4.  0.  0 /  4.  0.  0
  libswscale      5.  5.100 /  5.  5.100
  libswresample   3.  5.100 /  3.  5.100
  libpostproc    55.  5.100 / 55.  5.100
[tcp @ 0x561474aafc00] Starting connection attempt to 43.199.149.178 port 1935
[tcp @ 0x561474aafc00] Successfully connected to 43.199.149.178 port 1935
[h264 @ 0x561474ac4240] Reinit context to 1024x608, pix_fmt: yuv420p
[flv @ 0x561474aae980] max_analyze_duration 5000000 reached at 5000000 microseconds st:1
Input #0, flv, from 'rtmp://43.199.149.178/live/front_right':
  Metadata:
    title           : /camera3/rtsp
    comment         : rtsp_image_transport
    encoder         : Lavf58.29.100
    server          : SRS/5.0.213(Bee)
    server_version  : 5.0.213
  Duration: N/A, start: 0.000000, bitrate: N/A
    Stream #0:0: Data: none
    Stream #0:1: Video: h264 (Main), 1 reference frame, yuv420p(progressive, left), 1024x608 [SAR 1:1 DAR 32:19], 30 fps, 10 tbr, 1k tbn, 60 tbc
Unsupported codec with id 0 for input stream 0
[STREAM]
index=0
codec_name=unknown
codec_long_name=unknown
profile=unknown
codec_type=data
codec_tag_string=[0][0][0][0]
codec_tag=0x0000
id=N/A
r_frame_rate=0/0
avg_frame_rate=0/0
time_base=1/1000
start_pts=0
start_time=0.000000
duration_ts=N/A
duration=N/A
bit_rate=N/A
max_bit_rate=N/A
bits_per_raw_sample=N/A
nb_frames=N/A
nb_read_frames=N/A
nb_read_packets=N/A
DISPOSITION:default=0
DISPOSITION:dub=0
DISPOSITION:original=0
DISPOSITION:comment=0
DISPOSITION:lyrics=0
DISPOSITION:karaoke=0
DISPOSITION:forced=0
DISPOSITION:hearing_impaired=0
DISPOSITION:visual_impaired=0
DISPOSITION:clean_effects=0
DISPOSITION:attached_pic=0
DISPOSITION:timed_thumbnails=0
[/STREAM]
[STREAM]
index=1
codec_name=h264
codec_long_name=H.264 / AVC / MPEG-4 AVC / MPEG-4 part 10
profile=Main
codec_type=video
codec_time_base=1/60
codec_tag_string=[0][0][0][0]
codec_tag=0x0000
width=1024
height=608
coded_width=1024
coded_height=608
has_b_frames=0
sample_aspect_ratio=1:1
display_aspect_ratio=32:19
pix_fmt=yuv420p
level=31
color_range=unknown
color_space=unknown
color_transfer=unknown
color_primaries=unknown
chroma_location=left
field_order=progressive
timecode=N/A
refs=1
is_avc=true
nal_length_size=4
id=N/A
r_frame_rate=10/1
avg_frame_rate=30/1
time_base=1/1000
start_pts=10
start_time=0.010000
duration_ts=N/A
duration=N/A
bit_rate=N/A
max_bit_rate=N/A
bits_per_raw_sample=8
nb_frames=N/A
nb_read_frames=N/A
nb_read_packets=N/A
DISPOSITION:default=0
DISPOSITION:dub=0
DISPOSITION:original=0
DISPOSITION:comment=0
DISPOSITION:lyrics=0
DISPOSITION:karaoke=0
DISPOSITION:forced=0
DISPOSITION:hearing_impaired=0
DISPOSITION:visual_impaired=0
DISPOSITION:clean_effects=0
DISPOSITION:attached_pic=0
DISPOSITION:timed_thumbnails=0
[/STREAM]
[FORMAT]
filename=rtmp://43.199.149.178/live/front_right
nb_streams=2
nb_programs=0
format_name=flv
format_long_name=FLV (Flash Video)
start_time=0.000000
duration=N/A
size=N/A
bit_rate=N/A
probe_score=100
TAG:title=/camera3/rtsp
TAG:comment=rtsp_image_transport
TAG:encoder=Lavf58.29.100
TAG:server=SRS/5.0.213(Bee)
TAG:server_version=5.0.213
[/FORMAT]
[AVIOContext @ 0x561474ab1640] Statistics: 676146 bytes read, 0 seeks
---------------------[ ffprobe Log End ]----------------------
SUMMARY: Status OK. Check passed because ffprobe successfully connected to the stream and retrieved its information (Exit Code: 0).

====================[ End of Check Cycle ]====================

==========================================================
                STREAM STATUS CHECK @ Thursday, August 07, 2025 PM05:21:52 HKT
==========================================================

------------------[ Checking Stream: front_left ]------------------
URL: rtmp://43.199.149.178/live/front_left
--------------------[ ffprobe Log Start ]---------------------
ffprobe version 4.2.7-0ubuntu0.1 Copyright (c) 2007-2022 the FFmpeg developers
  built with gcc 9 (Ubuntu 9.4.0-1ubuntu1~20.04.1)
  configuration: --prefix=/usr --extra-version=0ubuntu0.1 --toolchain=hardened --libdir=/usr/lib/x86_64-linux-gnu --incdir=/usr/include/x86_64-linux-gnu --arch=amd64 --enable-gpl --disable-stripping --enable-avresample --disable-filter=resample --enable-avisynth --enable-gnutls --enable-ladspa --enable-libaom --enable-libass --enable-libbluray --enable-libbs2b --enable-libcaca --enable-libcdio --enable-libcodec2 --enable-libflite --enable-libfontconfig --enable-libfreetype --enable-libfribidi --enable-libgme --enable-libgsm --enable-libjack --enable-libmp3lame --enable-libmysofa --enable-libopenjpeg --enable-libopenmpt --enable-libopus --enable-libpulse --enable-librsvg --enable-librubberband --enable-libshine --enable-libsnappy --enable-libsoxr --enable-libspeex --enable-libssh --enable-libtheora --enable-libtwolame --enable-libvidstab --enable-libvorbis --enable-libvpx --enable-libwavpack --enable-libwebp --enable-libx265 --enable-libxml2 --enable-libxvid --enable-libzmq --enable-libzvbi --enable-lv2 --enable-omx --enable-openal --enable-opencl --enable-opengl --enable-sdl2 --enable-libdc1394 --enable-libdrm --enable-libiec61883 --enable-nvenc --enable-chromaprint --enable-frei0r --enable-libx264 --enable-shared
  libavutil      56. 31.100 / 56. 31.100
  libavcodec     58. 54.100 / 58. 54.100
  libavformat    58. 29.100 / 58. 29.100
  libavdevice    58.  8.100 / 58.  8.100
  libavfilter     7. 57.100 /  7. 57.100
  libavresample   4.  0.  0 /  4.  0.  0
  libswscale      5.  5.100 /  5.  5.100
  libswresample   3.  5.100 /  3.  5.100
  libpostproc    55.  5.100 / 55.  5.100
[tcp @ 0x556bfd882c00] Starting connection attempt to 43.199.149.178 port 1935
[tcp @ 0x556bfd882c00] Successfully connected to 43.199.149.178 port 1935
[h264 @ 0x556bfd886fc0] Reinit context to 1024x608, pix_fmt: yuv420p
[flv @ 0x556bfd881980] max_analyze_duration 5000000 reached at 5000000 microseconds st:1
Input #0, flv, from 'rtmp://43.199.149.178/live/front_left':
  Metadata:
    title           : /camera5/rtsp
    comment         : rtsp_image_transport
    encoder         : Lavf58.29.100
    server          : SRS/5.0.213(Bee)
    server_version  : 5.0.213
  Duration: N/A, start: 0.000000, bitrate: N/A
    Stream #0:0: Data: none
    Stream #0:1: Video: h264 (Main), 1 reference frame, yuv420p(progressive, left), 1024x608 [SAR 1:1 DAR 32:19], 30 fps, 10 tbr, 1k tbn, 60 tbc
Unsupported codec with id 0 for input stream 0
[STREAM]
index=0
codec_name=unknown
codec_long_name=unknown
profile=unknown
codec_type=data
codec_tag_string=[0][0][0][0]
codec_tag=0x0000
id=N/A
r_frame_rate=0/0
avg_frame_rate=0/0
time_base=1/1000
start_pts=0
start_time=0.000000
duration_ts=N/A
duration=N/A
bit_rate=N/A
max_bit_rate=N/A
bits_per_raw_sample=N/A
nb_frames=N/A
nb_read_frames=N/A
nb_read_packets=N/A
DISPOSITION:default=0
DISPOSITION:dub=0
DISPOSITION:original=0
DISPOSITION:comment=0
DISPOSITION:lyrics=0
DISPOSITION:karaoke=0
DISPOSITION:forced=0
DISPOSITION:hearing_impaired=0
DISPOSITION:visual_impaired=0
DISPOSITION:clean_effects=0
DISPOSITION:attached_pic=0
DISPOSITION:timed_thumbnails=0
[/STREAM]
[STREAM]
index=1
codec_name=h264
codec_long_name=H.264 / AVC / MPEG-4 AVC / MPEG-4 part 10
profile=Main
codec_type=video
codec_time_base=1/60
codec_tag_string=[0][0][0][0]
codec_tag=0x0000
width=1024
height=608
coded_width=1024
coded_height=608
has_b_frames=0
sample_aspect_ratio=1:1
display_aspect_ratio=32:19
pix_fmt=yuv420p
level=31
color_range=unknown
color_space=unknown
color_transfer=unknown
color_primaries=unknown
chroma_location=left
field_order=progressive
timecode=N/A
refs=1
is_avc=true
nal_length_size=4
id=N/A
r_frame_rate=10/1
avg_frame_rate=30/1
time_base=1/1000
start_pts=10
start_time=0.010000
duration_ts=N/A
duration=N/A
bit_rate=N/A
max_bit_rate=N/A
bits_per_raw_sample=8
nb_frames=N/A
nb_read_frames=N/A
nb_read_packets=N/A
DISPOSITION:default=0
DISPOSITION:dub=0
DISPOSITION:original=0
DISPOSITION:comment=0
DISPOSITION:lyrics=0
DISPOSITION:karaoke=0
DISPOSITION:forced=0
DISPOSITION:hearing_impaired=0
DISPOSITION:visual_impaired=0
DISPOSITION:clean_effects=0
DISPOSITION:attached_pic=0
DISPOSITION:timed_thumbnails=0
[/STREAM]
[FORMAT]
filename=rtmp://43.199.149.178/live/front_left
nb_streams=2
nb_programs=0
format_name=flv
format_long_name=FLV (Flash Video)
start_time=0.000000
duration=N/A
size=N/A
bit_rate=N/A
probe_score=100
TAG:title=/camera5/rtsp
TAG:comment=rtsp_image_transport
TAG:encoder=Lavf58.29.100
TAG:server=SRS/5.0.213(Bee)
TAG:server_version=5.0.213
[/FORMAT]
[AVIOContext @ 0x556bfd884640] Statistics: 665559 bytes read, 0 seeks
---------------------[ ffprobe Log End ]----------------------
SUMMARY: Status OK. Check passed because ffprobe successfully connected to the stream and retrieved its information (Exit Code: 0).


------------------[ Checking Stream: front_right ]------------------
URL: rtmp://43.199.149.178/live/front_right
--------------------[ ffprobe Log Start ]---------------------
ffprobe version 4.2.7-0ubuntu0.1 Copyright (c) 2007-2022 the FFmpeg developers
  built with gcc 9 (Ubuntu 9.4.0-1ubuntu1~20.04.1)
  configuration: --prefix=/usr --extra-version=0ubuntu0.1 --toolchain=hardened --libdir=/usr/lib/x86_64-linux-gnu --incdir=/usr/include/x86_64-linux-gnu --arch=amd64 --enable-gpl --disable-stripping --enable-avresample --disable-filter=resample --enable-avisynth --enable-gnutls --enable-ladspa --enable-libaom --enable-libass --enable-libbluray --enable-libbs2b --enable-libcaca --enable-libcdio --enable-libcodec2 --enable-libflite --enable-libfontconfig --enable-libfreetype --enable-libfribidi --enable-libgme --enable-libgsm --enable-libjack --enable-libmp3lame --enable-libmysofa --enable-libopenjpeg --enable-libopenmpt --enable-libopus --enable-libpulse --enable-librsvg --enable-librubberband --enable-libshine --enable-libsnappy --enable-libsoxr --enable-libspeex --enable-libssh --enable-libtheora --enable-libtwolame --enable-libvidstab --enable-libvorbis --enable-libvpx --enable-libwavpack --enable-libwebp --enable-libx265 --enable-libxml2 --enable-libxvid --enable-libzmq --enable-libzvbi --enable-lv2 --enable-omx --enable-openal --enable-opencl --enable-opengl --enable-sdl2 --enable-libdc1394 --enable-libdrm --enable-libiec61883 --enable-nvenc --enable-chromaprint --enable-frei0r --enable-libx264 --enable-shared
  libavutil      56. 31.100 / 56. 31.100
  libavcodec     58. 54.100 / 58. 54.100
  libavformat    58. 29.100 / 58. 29.100
  libavdevice    58.  8.100 / 58.  8.100
  libavfilter     7. 57.100 /  7. 57.100
  libavresample   4.  0.  0 /  4.  0.  0
  libswscale      5.  5.100 /  5.  5.100
  libswresample   3.  5.100 /  3.  5.100
  libpostproc    55.  5.100 / 55.  5.100
[tcp @ 0x556301fbfc00] Starting connection attempt to 43.199.149.178 port 1935
[tcp @ 0x556301fbfc00] Successfully connected to 43.199.149.178 port 1935
[h264 @ 0x556301fd4240] Reinit context to 1024x608, pix_fmt: yuv420p
[flv @ 0x556301fbe980] max_analyze_duration 5000000 reached at 5000000 microseconds st:1
Input #0, flv, from 'rtmp://43.199.149.178/live/front_right':
  Metadata:
    title           : /camera3/rtsp
    comment         : rtsp_image_transport
    encoder         : Lavf58.29.100
    server          : SRS/5.0.213(Bee)
    server_version  : 5.0.213
  Duration: N/A, start: 0.000000, bitrate: N/A
    Stream #0:0: Data: none
    Stream #0:1: Video: h264 (Main), 1 reference frame, yuv420p(progressive, left), 1024x608 [SAR 1:1 DAR 32:19], 30 fps, 10 tbr, 1k tbn, 60 tbc
Unsupported codec with id 0 for input stream 0
[STREAM]
index=0
codec_name=unknown
codec_long_name=unknown
profile=unknown
codec_type=data
codec_tag_string=[0][0][0][0]
codec_tag=0x0000
id=N/A
r_frame_rate=0/0
avg_frame_rate=0/0
time_base=1/1000
start_pts=0
start_time=0.000000
duration_ts=N/A
duration=N/A
bit_rate=N/A
max_bit_rate=N/A
bits_per_raw_sample=N/A
nb_frames=N/A
nb_read_frames=N/A
nb_read_packets=N/A
DISPOSITION:default=0
DISPOSITION:dub=0
DISPOSITION:original=0
DISPOSITION:comment=0
DISPOSITION:lyrics=0
DISPOSITION:karaoke=0
DISPOSITION:forced=0
DISPOSITION:hearing_impaired=0
DISPOSITION:visual_impaired=0
DISPOSITION:clean_effects=0
DISPOSITION:attached_pic=0
DISPOSITION:timed_thumbnails=0
[/STREAM]
[STREAM]
index=1
codec_name=h264
codec_long_name=H.264 / AVC / MPEG-4 AVC / MPEG-4 part 10
profile=Main
codec_type=video
codec_time_base=1/60
codec_tag_string=[0][0][0][0]
codec_tag=0x0000
width=1024
height=608
coded_width=1024
coded_height=608
has_b_frames=0
sample_aspect_ratio=1:1
display_aspect_ratio=32:19
pix_fmt=yuv420p
level=31
color_range=unknown
color_space=unknown
color_transfer=unknown
color_primaries=unknown
chroma_location=left
field_order=progressive
timecode=N/A
refs=1
is_avc=true
nal_length_size=4
id=N/A
r_frame_rate=10/1
avg_frame_rate=30/1
time_base=1/1000
start_pts=10
start_time=0.010000
duration_ts=N/A
duration=N/A
bit_rate=N/A
max_bit_rate=N/A
bits_per_raw_sample=8
nb_frames=N/A
nb_read_frames=N/A
nb_read_packets=N/A
DISPOSITION:default=0
DISPOSITION:dub=0
DISPOSITION:original=0
DISPOSITION:comment=0
DISPOSITION:lyrics=0
DISPOSITION:karaoke=0
DISPOSITION:forced=0
DISPOSITION:hearing_impaired=0
DISPOSITION:visual_impaired=0
DISPOSITION:clean_effects=0
DISPOSITION:attached_pic=0
DISPOSITION:timed_thumbnails=0
[/STREAM]
[FORMAT]
filename=rtmp://43.199.149.178/live/front_right
nb_streams=2
nb_programs=0
format_name=flv
format_long_name=FLV (Flash Video)
start_time=0.000000
duration=N/A
size=N/A
bit_rate=N/A
probe_score=100
TAG:title=/camera3/rtsp
TAG:comment=rtsp_image_transport
TAG:encoder=Lavf58.29.100
TAG:server=SRS/5.0.213(Bee)
TAG:server_version=5.0.213
[/FORMAT]
[AVIOContext @ 0x556301fc1640] Statistics: 680950 bytes read, 0 seeks
---------------------[ ffprobe Log End ]----------------------
SUMMARY: Status OK. Check passed because ffprobe successfully connected to the stream and retrieved its information (Exit Code: 0).

====================[ End of Check Cycle ]====================

==========================================================
                STREAM STATUS CHECK @ Thursday, August 07, 2025 PM05:23:22 HKT
==========================================================

------------------[ Checking Stream: front_left ]------------------
URL: rtmp://43.199.149.178/live/front_left
--------------------[ ffprobe Log Start ]---------------------
ffprobe version 4.2.7-0ubuntu0.1 Copyright (c) 2007-2022 the FFmpeg developers
  built with gcc 9 (Ubuntu 9.4.0-1ubuntu1~20.04.1)
  configuration: --prefix=/usr --extra-version=0ubuntu0.1 --toolchain=hardened --libdir=/usr/lib/x86_64-linux-gnu --incdir=/usr/include/x86_64-linux-gnu --arch=amd64 --enable-gpl --disable-stripping --enable-avresample --disable-filter=resample --enable-avisynth --enable-gnutls --enable-ladspa --enable-libaom --enable-libass --enable-libbluray --enable-libbs2b --enable-libcaca --enable-libcdio --enable-libcodec2 --enable-libflite --enable-libfontconfig --enable-libfreetype --enable-libfribidi --enable-libgme --enable-libgsm --enable-libjack --enable-libmp3lame --enable-libmysofa --enable-libopenjpeg --enable-libopenmpt --enable-libopus --enable-libpulse --enable-librsvg --enable-librubberband --enable-libshine --enable-libsnappy --enable-libsoxr --enable-libspeex --enable-libssh --enable-libtheora --enable-libtwolame --enable-libvidstab --enable-libvorbis --enable-libvpx --enable-libwavpack --enable-libwebp --enable-libx265 --enable-libxml2 --enable-libxvid --enable-libzmq --enable-libzvbi --enable-lv2 --enable-omx --enable-openal --enable-opencl --enable-opengl --enable-sdl2 --enable-libdc1394 --enable-libdrm --enable-libiec61883 --enable-nvenc --enable-chromaprint --enable-frei0r --enable-libx264 --enable-shared
  libavutil      56. 31.100 / 56. 31.100
  libavcodec     58. 54.100 / 58. 54.100
  libavformat    58. 29.100 / 58. 29.100
  libavdevice    58.  8.100 / 58.  8.100
  libavfilter     7. 57.100 /  7. 57.100
  libavresample   4.  0.  0 /  4.  0.  0
  libswscale      5.  5.100 /  5.  5.100
  libswresample   3.  5.100 /  3.  5.100
  libpostproc    55.  5.100 / 55.  5.100
[tcp @ 0x562e24569c00] Starting connection attempt to 43.199.149.178 port 1935
[tcp @ 0x562e24569c00] Successfully connected to 43.199.149.178 port 1935
[h264 @ 0x562e2457e240] Reinit context to 1024x608, pix_fmt: yuv420p
