==========================================================
                STREAM STATUS CHECK @ Tuesday, July 22, 2025 AM10:59:55 HKT
==========================================================

------------------[ Checking Stream: front_left ]------------------
URL: rtmp://43.199.149.178/live/front_left
--------------------[ ffprobe Log Start ]---------------------
ffprobe version 4.2.7-0ubuntu0.1 Copyright (c) 2007-2022 the FFmpeg developers
  built with gcc 9 (Ubuntu 9.4.0-1ubuntu1~20.04.1)
  configuration: --prefix=/usr --extra-version=0ubuntu0.1 --toolchain=hardened --libdir=/usr/lib/x86_64-linux-gnu --incdir=/usr/include/x86_64-linux-gnu --arch=amd64 --enable-gpl --disable-stripping --enable-avresample --disable-filter=resample --enable-avisynth --enable-gnutls --enable-ladspa --enable-libaom --enable-libass --enable-libbluray --enable-libbs2b --enable-libcaca --enable-libcdio --enable-libcodec2 --enable-libflite --enable-libfontconfig --enable-libfreetype --enable-libfribidi --enable-libgme --enable-libgsm --enable-libjack --enable-libmp3lame --enable-libmysofa --enable-libopenjpeg --enable-libopenmpt --enable-libopus --enable-libpulse --enable-librsvg --enable-librubberband --enable-libshine --enable-libsnappy --enable-libsoxr --enable-libspeex --enable-libssh --enable-libtheora --enable-libtwolame --enable-libvidstab --enable-libvorbis --enable-libvpx --enable-libwavpack --enable-libwebp --enable-libx265 --enable-libxml2 --enable-libxvid --enable-libzmq --enable-libzvbi --enable-lv2 --enable-omx --enable-openal --enable-opencl --enable-opengl --enable-sdl2 --enable-libdc1394 --enable-libdrm --enable-libiec61883 --enable-nvenc --enable-chromaprint --enable-frei0r --enable-libx264 --enable-shared
  libavutil      56. 31.100 / 56. 31.100
  libavcodec     58. 54.100 / 58. 54.100
  libavformat    58. 29.100 / 58. 29.100
  libavdevice    58.  8.100 / 58.  8.100
  libavfilter     7. 57.100 /  7. 57.100
  libavresample   4.  0.  0 /  4.  0.  0
  libswscale      5.  5.100 /  5.  5.100
  libswresample   3.  5.100 /  3.  5.100
  libpostproc    55.  5.100 / 55.  5.100
[tcp @ 0x55b24c0d4c00] Starting connection attempt to 43.199.149.178 port 1935
[tcp @ 0x55b24c0d4c00] Successfully connected to 43.199.149.178 port 1935
[h264 @ 0x55b24c0e9240] Reinit context to 1024x624, pix_fmt: yuv420p
[flv @ 0x55b24c0d3980] max_analyze_duration 5000000 reached at 5000000 microseconds st:1
Input #0, flv, from 'rtmp://43.199.149.178/live/front_left':
  Metadata:
    title           : /camera5/rtsp
    comment         : rtsp_image_transport
    encoder         : Lavf58.29.100
    server          : SRS/5.0.213(Bee)
    server_version  : 5.0.213
  Duration: N/A, start: 0.000000, bitrate: N/A
    Stream #0:0: Data: none
    Stream #0:1: Video: h264 (Main), 1 reference frame, yuv420p(progressive, left), 1024x616 (1024x624) [SAR 1:1 DAR 128:77], 30 fps, 10 tbr, 1k tbn, 60 tbc
Unsupported codec with id 0 for input stream 0
[STREAM]
index=0
codec_name=unknown
codec_long_name=unknown
profile=unknown
codec_type=data
codec_tag_string=[0][0][0][0]
codec_tag=0x0000
id=N/A
r_frame_rate=0/0
avg_frame_rate=0/0
time_base=1/1000
start_pts=0
start_time=0.000000
duration_ts=N/A
duration=N/A
bit_rate=N/A
max_bit_rate=N/A
bits_per_raw_sample=N/A
nb_frames=N/A
nb_read_frames=N/A
nb_read_packets=N/A
DISPOSITION:default=0
DISPOSITION:dub=0
DISPOSITION:original=0
DISPOSITION:comment=0
DISPOSITION:lyrics=0
DISPOSITION:karaoke=0
DISPOSITION:forced=0
DISPOSITION:hearing_impaired=0
DISPOSITION:visual_impaired=0
DISPOSITION:clean_effects=0
DISPOSITION:attached_pic=0
DISPOSITION:timed_thumbnails=0
[/STREAM]
[STREAM]
index=1
codec_name=h264
codec_long_name=H.264 / AVC / MPEG-4 AVC / MPEG-4 part 10
profile=Main
codec_type=video
codec_time_base=1/60
codec_tag_string=[0][0][0][0]
codec_tag=0x0000
width=1024
height=616
coded_width=1024
coded_height=624
has_b_frames=0
sample_aspect_ratio=1:1
display_aspect_ratio=128:77
pix_fmt=yuv420p
level=31
color_range=unknown
color_space=unknown
color_transfer=unknown
color_primaries=unknown
chroma_location=left
field_order=progressive
timecode=N/A
refs=1
is_avc=true
nal_length_size=4
id=N/A
r_frame_rate=10/1
avg_frame_rate=30/1
time_base=1/1000
start_pts=10
start_time=0.010000
duration_ts=N/A
duration=N/A
bit_rate=N/A
max_bit_rate=N/A
bits_per_raw_sample=8
nb_frames=N/A
nb_read_frames=N/A
nb_read_packets=N/A
DISPOSITION:default=0
DISPOSITION:dub=0
DISPOSITION:original=0
DISPOSITION:comment=0
DISPOSITION:lyrics=0
DISPOSITION:karaoke=0
DISPOSITION:forced=0
DISPOSITION:hearing_impaired=0
DISPOSITION:visual_impaired=0
DISPOSITION:clean_effects=0
DISPOSITION:attached_pic=0
DISPOSITION:timed_thumbnails=0
[/STREAM]
[FORMAT]
filename=rtmp://43.199.149.178/live/front_left
nb_streams=2
nb_programs=0
format_name=flv
format_long_name=FLV (Flash Video)
start_time=0.000000
duration=N/A
size=N/A
bit_rate=N/A
probe_score=100
TAG:title=/camera5/rtsp
TAG:comment=rtsp_image_transport
TAG:encoder=Lavf58.29.100
TAG:server=SRS/5.0.213(Bee)
TAG:server_version=5.0.213
[/FORMAT]
[AVIOContext @ 0x55b24c0d6640] Statistics: 696463 bytes read, 0 seeks
---------------------[ ffprobe Log End ]----------------------
SUMMARY: Status OK. Check passed because ffprobe successfully connected to the stream and retrieved its information (Exit Code: 0).


------------------[ Checking Stream: front_right ]------------------
URL: rtmp://43.199.149.178/live/front_right
--------------------[ ffprobe Log Start ]---------------------
ffprobe version 4.2.7-0ubuntu0.1 Copyright (c) 2007-2022 the FFmpeg developers
  built with gcc 9 (Ubuntu 9.4.0-1ubuntu1~20.04.1)
  configuration: --prefix=/usr --extra-version=0ubuntu0.1 --toolchain=hardened --libdir=/usr/lib/x86_64-linux-gnu --incdir=/usr/include/x86_64-linux-gnu --arch=amd64 --enable-gpl --disable-stripping --enable-avresample --disable-filter=resample --enable-avisynth --enable-gnutls --enable-ladspa --enable-libaom --enable-libass --enable-libbluray --enable-libbs2b --enable-libcaca --enable-libcdio --enable-libcodec2 --enable-libflite --enable-libfontconfig --enable-libfreetype --enable-libfribidi --enable-libgme --enable-libgsm --enable-libjack --enable-libmp3lame --enable-libmysofa --enable-libopenjpeg --enable-libopenmpt --enable-libopus --enable-libpulse --enable-librsvg --enable-librubberband --enable-libshine --enable-libsnappy --enable-libsoxr --enable-libspeex --enable-libssh --enable-libtheora --enable-libtwolame --enable-libvidstab --enable-libvorbis --enable-libvpx --enable-libwavpack --enable-libwebp --enable-libx265 --enable-libxml2 --enable-libxvid --enable-libzmq --enable-libzvbi --enable-lv2 --enable-omx --enable-openal --enable-opencl --enable-opengl --enable-sdl2 --enable-libdc1394 --enable-libdrm --enable-libiec61883 --enable-nvenc --enable-chromaprint --enable-frei0r --enable-libx264 --enable-shared
  libavutil      56. 31.100 / 56. 31.100
  libavcodec     58. 54.100 / 58. 54.100
  libavformat    58. 29.100 / 58. 29.100
  libavdevice    58.  8.100 / 58.  8.100
  libavfilter     7. 57.100 /  7. 57.100
  libavresample   4.  0.  0 /  4.  0.  0
  libswscale      5.  5.100 /  5.  5.100
  libswresample   3.  5.100 /  3.  5.100
  libpostproc    55.  5.100 / 55.  5.100
[tcp @ 0x556657402c00] Starting connection attempt to 43.199.149.178 port 1935
[tcp @ 0x556657402c00] Successfully connected to 43.199.149.178 port 1935
[h264 @ 0x556657417240] Reinit context to 1024x624, pix_fmt: yuv420p
[flv @ 0x556657401980] max_analyze_duration 5000000 reached at 5000000 microseconds st:1
Input #0, flv, from 'rtmp://43.199.149.178/live/front_right':
  Metadata:
    title           : /camera3/rtsp
    comment         : rtsp_image_transport
    encoder         : Lavf58.29.100
    server          : SRS/5.0.213(Bee)
    server_version  : 5.0.213
  Duration: N/A, start: 0.000000, bitrate: N/A
    Stream #0:0: Data: none
    Stream #0:1: Video: h264 (Main), 1 reference frame, yuv420p(progressive, left), 1024x616 (1024x624) [SAR 1:1 DAR 128:77], 30 fps, 10 tbr, 1k tbn, 60 tbc
Unsupported codec with id 0 for input stream 0
[STREAM]
index=0
codec_name=unknown
codec_long_name=unknown
profile=unknown
codec_type=data
codec_tag_string=[0][0][0][0]
codec_tag=0x0000
id=N/A
r_frame_rate=0/0
avg_frame_rate=0/0
time_base=1/1000
start_pts=0
start_time=0.000000
duration_ts=N/A
duration=N/A
bit_rate=N/A
max_bit_rate=N/A
bits_per_raw_sample=N/A
nb_frames=N/A
nb_read_frames=N/A
nb_read_packets=N/A
DISPOSITION:default=0
DISPOSITION:dub=0
DISPOSITION:original=0
DISPOSITION:comment=0
DISPOSITION:lyrics=0
DISPOSITION:karaoke=0
DISPOSITION:forced=0
DISPOSITION:hearing_impaired=0
DISPOSITION:visual_impaired=0
DISPOSITION:clean_effects=0
DISPOSITION:attached_pic=0
DISPOSITION:timed_thumbnails=0
[/STREAM]
[STREAM]
index=1
codec_name=h264
codec_long_name=H.264 / AVC / MPEG-4 AVC / MPEG-4 part 10
profile=Main
codec_type=video
codec_time_base=1/60
codec_tag_string=[0][0][0][0]
codec_tag=0x0000
width=1024
height=616
coded_width=1024
coded_height=624
has_b_frames=0
sample_aspect_ratio=1:1
display_aspect_ratio=128:77
pix_fmt=yuv420p
level=31
color_range=unknown
color_space=unknown
color_transfer=unknown
color_primaries=unknown
chroma_location=left
field_order=progressive
timecode=N/A
refs=1
is_avc=true
nal_length_size=4
id=N/A
r_frame_rate=10/1
avg_frame_rate=30/1
time_base=1/1000
start_pts=10
start_time=0.010000
duration_ts=N/A
duration=N/A
bit_rate=N/A
max_bit_rate=N/A
bits_per_raw_sample=8
nb_frames=N/A
nb_read_frames=N/A
nb_read_packets=N/A
DISPOSITION:default=0
DISPOSITION:dub=0
DISPOSITION:original=0
DISPOSITION:comment=0
DISPOSITION:lyrics=0
DISPOSITION:karaoke=0
DISPOSITION:forced=0
DISPOSITION:hearing_impaired=0
DISPOSITION:visual_impaired=0
DISPOSITION:clean_effects=0
DISPOSITION:attached_pic=0
DISPOSITION:timed_thumbnails=0
[/STREAM]
[FORMAT]
filename=rtmp://43.199.149.178/live/front_right
nb_streams=2
nb_programs=0
format_name=flv
format_long_name=FLV (Flash Video)
start_time=0.000000
duration=N/A
size=N/A
bit_rate=N/A
probe_score=100
TAG:title=/camera3/rtsp
TAG:comment=rtsp_image_transport
TAG:encoder=Lavf58.29.100
TAG:server=SRS/5.0.213(Bee)
TAG:server_version=5.0.213
[/FORMAT]
[AVIOContext @ 0x556657404640] Statistics: 676368 bytes read, 0 seeks
---------------------[ ffprobe Log End ]----------------------
SUMMARY: Status OK. Check passed because ffprobe successfully connected to the stream and retrieved its information (Exit Code: 0).

====================[ End of Check Cycle ]====================

==========================================================
                STREAM STATUS CHECK @ Tuesday, July 22, 2025 AM11:01:22 HKT
==========================================================

------------------[ Checking Stream: front_left ]------------------
URL: rtmp://43.199.149.178/live/front_left
--------------------[ ffprobe Log Start ]---------------------
ffprobe version 4.2.7-0ubuntu0.1 Copyright (c) 2007-2022 the FFmpeg developers
  built with gcc 9 (Ubuntu 9.4.0-1ubuntu1~20.04.1)
  configuration: --prefix=/usr --extra-version=0ubuntu0.1 --toolchain=hardened --libdir=/usr/lib/x86_64-linux-gnu --incdir=/usr/include/x86_64-linux-gnu --arch=amd64 --enable-gpl --disable-stripping --enable-avresample --disable-filter=resample --enable-avisynth --enable-gnutls --enable-ladspa --enable-libaom --enable-libass --enable-libbluray --enable-libbs2b --enable-libcaca --enable-libcdio --enable-libcodec2 --enable-libflite --enable-libfontconfig --enable-libfreetype --enable-libfribidi --enable-libgme --enable-libgsm --enable-libjack --enable-libmp3lame --enable-libmysofa --enable-libopenjpeg --enable-libopenmpt --enable-libopus --enable-libpulse --enable-librsvg --enable-librubberband --enable-libshine --enable-libsnappy --enable-libsoxr --enable-libspeex --enable-libssh --enable-libtheora --enable-libtwolame --enable-libvidstab --enable-libvorbis --enable-libvpx --enable-libwavpack --enable-libwebp --enable-libx265 --enable-libxml2 --enable-libxvid --enable-libzmq --enable-libzvbi --enable-lv2 --enable-omx --enable-openal --enable-opencl --enable-opengl --enable-sdl2 --enable-libdc1394 --enable-libdrm --enable-libiec61883 --enable-nvenc --enable-chromaprint --enable-frei0r --enable-libx264 --enable-shared
  libavutil      56. 31.100 / 56. 31.100
  libavcodec     58. 54.100 / 58. 54.100
  libavformat    58. 29.100 / 58. 29.100
  libavdevice    58.  8.100 / 58.  8.100
  libavfilter     7. 57.100 /  7. 57.100
  libavresample   4.  0.  0 /  4.  0.  0
  libswscale      5.  5.100 /  5.  5.100
  libswresample   3.  5.100 /  3.  5.100
  libpostproc    55.  5.100 / 55.  5.100
[tcp @ 0x561d63959c00] Starting connection attempt to 43.199.149.178 port 1935
[tcp @ 0x561d63959c00] Successfully connected to 43.199.149.178 port 1935
[h264 @ 0x561d6396e240] Reinit context to 1024x624, pix_fmt: yuv420p
[flv @ 0x561d63958980] max_analyze_duration 5000000 reached at 5000000 microseconds st:1
Input #0, flv, from 'rtmp://43.199.149.178/live/front_left':
  Metadata:
    title           : /camera5/rtsp
    comment         : rtsp_image_transport
    encoder         : Lavf58.29.100
    server          : SRS/5.0.213(Bee)
    server_version  : 5.0.213
  Duration: N/A, start: 0.000000, bitrate: N/A
    Stream #0:0: Data: none
    Stream #0:1: Video: h264 (Main), 1 reference frame, yuv420p(progressive, left), 1024x616 (1024x624) [SAR 1:1 DAR 128:77], 30 fps, 10 tbr, 1k tbn, 60 tbc
Unsupported codec with id 0 for input stream 0
[STREAM]
index=0
codec_name=unknown
codec_long_name=unknown
profile=unknown
codec_type=data
codec_tag_string=[0][0][0][0]
codec_tag=0x0000
id=N/A
r_frame_rate=0/0
avg_frame_rate=0/0
time_base=1/1000
start_pts=0
start_time=0.000000
duration_ts=N/A
duration=N/A
bit_rate=N/A
max_bit_rate=N/A
bits_per_raw_sample=N/A
nb_frames=N/A
nb_read_frames=N/A
nb_read_packets=N/A
DISPOSITION:default=0
DISPOSITION:dub=0
DISPOSITION:original=0
DISPOSITION:comment=0
DISPOSITION:lyrics=0
DISPOSITION:karaoke=0
DISPOSITION:forced=0
DISPOSITION:hearing_impaired=0
DISPOSITION:visual_impaired=0
DISPOSITION:clean_effects=0
DISPOSITION:attached_pic=0
DISPOSITION:timed_thumbnails=0
[/STREAM]
[STREAM]
index=1
codec_name=h264
codec_long_name=H.264 / AVC / MPEG-4 AVC / MPEG-4 part 10
profile=Main
codec_type=video
codec_time_base=1/60
codec_tag_string=[0][0][0][0]
codec_tag=0x0000
width=1024
height=616
coded_width=1024
coded_height=624
has_b_frames=0
sample_aspect_ratio=1:1
display_aspect_ratio=128:77
pix_fmt=yuv420p
level=31
color_range=unknown
color_space=unknown
color_transfer=unknown
color_primaries=unknown
chroma_location=left
field_order=progressive
timecode=N/A
refs=1
is_avc=true
nal_length_size=4
id=N/A
r_frame_rate=10/1
avg_frame_rate=30/1
time_base=1/1000
start_pts=10
start_time=0.010000
duration_ts=N/A
duration=N/A
bit_rate=N/A
max_bit_rate=N/A
bits_per_raw_sample=8
nb_frames=N/A
nb_read_frames=N/A
nb_read_packets=N/A
DISPOSITION:default=0
DISPOSITION:dub=0
DISPOSITION:original=0
DISPOSITION:comment=0
DISPOSITION:lyrics=0
DISPOSITION:karaoke=0
DISPOSITION:forced=0
DISPOSITION:hearing_impaired=0
DISPOSITION:visual_impaired=0
DISPOSITION:clean_effects=0
DISPOSITION:attached_pic=0
DISPOSITION:timed_thumbnails=0
[/STREAM]
[FORMAT]
filename=rtmp://43.199.149.178/live/front_left
nb_streams=2
nb_programs=0
format_name=flv
format_long_name=FLV (Flash Video)
start_time=0.000000
duration=N/A
size=N/A
bit_rate=N/A
probe_score=100
TAG:title=/camera5/rtsp
TAG:comment=rtsp_image_transport
TAG:encoder=Lavf58.29.100
TAG:server=SRS/5.0.213(Bee)
TAG:server_version=5.0.213
[/FORMAT]
[AVIOContext @ 0x561d6395b640] Statistics: 638990 bytes read, 0 seeks
---------------------[ ffprobe Log End ]----------------------
SUMMARY: Status OK. Check passed because ffprobe successfully connected to the stream and retrieved its information (Exit Code: 0).


------------------[ Checking Stream: front_right ]------------------
URL: rtmp://43.199.149.178/live/front_right
--------------------[ ffprobe Log Start ]---------------------
ffprobe version 4.2.7-0ubuntu0.1 Copyright (c) 2007-2022 the FFmpeg developers
  built with gcc 9 (Ubuntu 9.4.0-1ubuntu1~20.04.1)
  configuration: --prefix=/usr --extra-version=0ubuntu0.1 --toolchain=hardened --libdir=/usr/lib/x86_64-linux-gnu --incdir=/usr/include/x86_64-linux-gnu --arch=amd64 --enable-gpl --disable-stripping --enable-avresample --disable-filter=resample --enable-avisynth --enable-gnutls --enable-ladspa --enable-libaom --enable-libass --enable-libbluray --enable-libbs2b --enable-libcaca --enable-libcdio --enable-libcodec2 --enable-libflite --enable-libfontconfig --enable-libfreetype --enable-libfribidi --enable-libgme --enable-libgsm --enable-libjack --enable-libmp3lame --enable-libmysofa --enable-libopenjpeg --enable-libopenmpt --enable-libopus --enable-libpulse --enable-librsvg --enable-librubberband --enable-libshine --enable-libsnappy --enable-libsoxr --enable-libspeex --enable-libssh --enable-libtheora --enable-libtwolame --enable-libvidstab --enable-libvorbis --enable-libvpx --enable-libwavpack --enable-libwebp --enable-libx265 --enable-libxml2 --enable-libxvid --enable-libzmq --enable-libzvbi --enable-lv2 --enable-omx --enable-openal --enable-opencl --enable-opengl --enable-sdl2 --enable-libdc1394 --enable-libdrm --enable-libiec61883 --enable-nvenc --enable-chromaprint --enable-frei0r --enable-libx264 --enable-shared
  libavutil      56. 31.100 / 56. 31.100
  libavcodec     58. 54.100 / 58. 54.100
  libavformat    58. 29.100 / 58. 29.100
  libavdevice    58.  8.100 / 58.  8.100
  libavfilter     7. 57.100 /  7. 57.100
  libavresample   4.  0.  0 /  4.  0.  0
  libswscale      5.  5.100 /  5.  5.100
  libswresample   3.  5.100 /  3.  5.100
  libpostproc    55.  5.100 / 55.  5.100
[tcp @ 0x5591b3787c00] Starting connection attempt to 43.199.149.178 port 1935
[tcp @ 0x5591b3787c00] Successfully connected to 43.199.149.178 port 1935
[h264 @ 0x5591b379c240] Reinit context to 1024x624, pix_fmt: yuv420p
[h264 @ 0x5591b379c240] error while decoding MB 21 19, bytestream -12
[h264 @ 0x5591b379c240] concealing 1308 DC, 1308 AC, 1308 MV errors in I frame
[flv @ 0x5591b3786980] max_analyze_duration 5000000 reached at 5000000 microseconds st:1
Input #0, flv, from 'rtmp://43.199.149.178/live/front_right':
  Metadata:
    title           : /camera3/rtsp
    comment         : rtsp_image_transport
    encoder         : Lavf58.29.100
    server          : SRS/5.0.213(Bee)
    server_version  : 5.0.213
  Duration: N/A, start: 0.000000, bitrate: N/A
    Stream #0:0: Data: none
    Stream #0:1: Video: h264 (Main), 1 reference frame, yuv420p(progressive, left), 1024x616 (1024x624) [SAR 1:1 DAR 128:77], 30 fps, 10 tbr, 1k tbn, 60 tbc
Unsupported codec with id 0 for input stream 0
[STREAM]
index=0
codec_name=unknown
codec_long_name=unknown
profile=unknown
codec_type=data
codec_tag_string=[0][0][0][0]
codec_tag=0x0000
id=N/A
r_frame_rate=0/0
avg_frame_rate=0/0
time_base=1/1000
start_pts=0
start_time=0.000000
duration_ts=N/A
duration=N/A
bit_rate=N/A
max_bit_rate=N/A
bits_per_raw_sample=N/A
nb_frames=N/A
nb_read_frames=N/A
nb_read_packets=N/A
DISPOSITION:default=0
DISPOSITION:dub=0
DISPOSITION:original=0
DISPOSITION:comment=0
DISPOSITION:lyrics=0
DISPOSITION:karaoke=0
DISPOSITION:forced=0
DISPOSITION:hearing_impaired=0
DISPOSITION:visual_impaired=0
DISPOSITION:clean_effects=0
DISPOSITION:attached_pic=0
DISPOSITION:timed_thumbnails=0
[/STREAM]
[STREAM]
index=1
codec_name=h264
codec_long_name=H.264 / AVC / MPEG-4 AVC / MPEG-4 part 10
profile=Main
codec_type=video
codec_time_base=1/60
codec_tag_string=[0][0][0][0]
codec_tag=0x0000
width=1024
height=616
coded_width=1024
coded_height=624
has_b_frames=0
sample_aspect_ratio=1:1
display_aspect_ratio=128:77
pix_fmt=yuv420p
level=31
color_range=unknown
color_space=unknown
color_transfer=unknown
color_primaries=unknown
chroma_location=left
field_order=progressive
timecode=N/A
refs=1
is_avc=true
nal_length_size=4
id=N/A
r_frame_rate=10/1
avg_frame_rate=30/1
time_base=1/1000
start_pts=10
start_time=0.010000
duration_ts=N/A
duration=N/A
bit_rate=N/A
max_bit_rate=N/A
bits_per_raw_sample=8
nb_frames=N/A
nb_read_frames=N/A
nb_read_packets=N/A
DISPOSITION:default=0
DISPOSITION:dub=0
DISPOSITION:original=0
DISPOSITION:comment=0
DISPOSITION:lyrics=0
DISPOSITION:karaoke=0
DISPOSITION:forced=0
DISPOSITION:hearing_impaired=0
DISPOSITION:visual_impaired=0
DISPOSITION:clean_effects=0
DISPOSITION:attached_pic=0
DISPOSITION:timed_thumbnails=0
[/STREAM]
[FORMAT]
filename=rtmp://43.199.149.178/live/front_right
nb_streams=2
nb_programs=0
format_name=flv
format_long_name=FLV (Flash Video)
start_time=0.000000
duration=N/A
size=N/A
bit_rate=N/A
probe_score=100
TAG:title=/camera3/rtsp
TAG:comment=rtsp_image_transport
TAG:encoder=Lavf58.29.100
TAG:server=SRS/5.0.213(Bee)
TAG:server_version=5.0.213
[/FORMAT]
[AVIOContext @ 0x5591b3789640] Statistics: 621060 bytes read, 0 seeks
---------------------[ ffprobe Log End ]----------------------
SUMMARY: Status OK. Check passed because ffprobe successfully connected to the stream and retrieved its information (Exit Code: 0).

====================[ End of Check Cycle ]====================

==========================================================
                STREAM STATUS CHECK @ Tuesday, July 22, 2025 AM11:02:52 HKT
==========================================================

------------------[ Checking Stream: front_left ]------------------
URL: rtmp://43.199.149.178/live/front_left
--------------------[ ffprobe Log Start ]---------------------
ffprobe version 4.2.7-0ubuntu0.1 Copyright (c) 2007-2022 the FFmpeg developers
  built with gcc 9 (Ubuntu 9.4.0-1ubuntu1~20.04.1)
  configuration: --prefix=/usr --extra-version=0ubuntu0.1 --toolchain=hardened --libdir=/usr/lib/x86_64-linux-gnu --incdir=/usr/include/x86_64-linux-gnu --arch=amd64 --enable-gpl --disable-stripping --enable-avresample --disable-filter=resample --enable-avisynth --enable-gnutls --enable-ladspa --enable-libaom --enable-libass --enable-libbluray --enable-libbs2b --enable-libcaca --enable-libcdio --enable-libcodec2 --enable-libflite --enable-libfontconfig --enable-libfreetype --enable-libfribidi --enable-libgme --enable-libgsm --enable-libjack --enable-libmp3lame --enable-libmysofa --enable-libopenjpeg --enable-libopenmpt --enable-libopus --enable-libpulse --enable-librsvg --enable-librubberband --enable-libshine --enable-libsnappy --enable-libsoxr --enable-libspeex --enable-libssh --enable-libtheora --enable-libtwolame --enable-libvidstab --enable-libvorbis --enable-libvpx --enable-libwavpack --enable-libwebp --enable-libx265 --enable-libxml2 --enable-libxvid --enable-libzmq --enable-libzvbi --enable-lv2 --enable-omx --enable-openal --enable-opencl --enable-opengl --enable-sdl2 --enable-libdc1394 --enable-libdrm --enable-libiec61883 --enable-nvenc --enable-chromaprint --enable-frei0r --enable-libx264 --enable-shared
  libavutil      56. 31.100 / 56. 31.100
  libavcodec     58. 54.100 / 58. 54.100
  libavformat    58. 29.100 / 58. 29.100
  libavdevice    58.  8.100 / 58.  8.100
  libavfilter     7. 57.100 /  7. 57.100
  libavresample   4.  0.  0 /  4.  0.  0
  libswscale      5.  5.100 /  5.  5.100
  libswresample   3.  5.100 /  3.  5.100
  libpostproc    55.  5.100 / 55.  5.100
[tcp @ 0x561bda173c00] Starting connection attempt to 43.199.149.178 port 1935
[tcp @ 0x561bda173c00] Successfully connected to 43.199.149.178 port 1935
[h264 @ 0x561bda188240] Reinit context to 1024x624, pix_fmt: yuv420p
[flv @ 0x561bda172980] max_analyze_duration 5000000 reached at 5000000 microseconds st:1
Input #0, flv, from 'rtmp://43.199.149.178/live/front_left':
  Metadata:
    title           : /camera5/rtsp
    comment         : rtsp_image_transport
    encoder         : Lavf58.29.100
    server          : SRS/5.0.213(Bee)
    server_version  : 5.0.213
  Duration: N/A, start: 0.000000, bitrate: N/A
    Stream #0:0: Data: none
    Stream #0:1: Video: h264 (Main), 1 reference frame, yuv420p(progressive, left), 1024x616 (1024x624) [SAR 1:1 DAR 128:77], 30 fps, 10 tbr, 1k tbn, 60 tbc
Unsupported codec with id 0 for input stream 0
[STREAM]
index=0
codec_name=unknown
codec_long_name=unknown
profile=unknown
codec_type=data
codec_tag_string=[0][0][0][0]
codec_tag=0x0000
id=N/A
r_frame_rate=0/0
avg_frame_rate=0/0
time_base=1/1000
start_pts=0
start_time=0.000000
duration_ts=N/A
duration=N/A
bit_rate=N/A
max_bit_rate=N/A
bits_per_raw_sample=N/A
nb_frames=N/A
nb_read_frames=N/A
nb_read_packets=N/A
DISPOSITION:default=0
DISPOSITION:dub=0
DISPOSITION:original=0
DISPOSITION:comment=0
DISPOSITION:lyrics=0
DISPOSITION:karaoke=0
DISPOSITION:forced=0
DISPOSITION:hearing_impaired=0
DISPOSITION:visual_impaired=0
DISPOSITION:clean_effects=0
DISPOSITION:attached_pic=0
DISPOSITION:timed_thumbnails=0
[/STREAM]
[STREAM]
index=1
codec_name=h264
codec_long_name=H.264 / AVC / MPEG-4 AVC / MPEG-4 part 10
profile=Main
codec_type=video
codec_time_base=1/60
codec_tag_string=[0][0][0][0]
codec_tag=0x0000
width=1024
height=616
coded_width=1024
coded_height=624
has_b_frames=0
sample_aspect_ratio=1:1
display_aspect_ratio=128:77
pix_fmt=yuv420p
level=31
color_range=unknown
color_space=unknown
color_transfer=unknown
color_primaries=unknown
chroma_location=left
field_order=progressive
timecode=N/A
refs=1
is_avc=true
nal_length_size=4
id=N/A
r_frame_rate=10/1
avg_frame_rate=30/1
time_base=1/1000
start_pts=10
start_time=0.010000
duration_ts=N/A
duration=N/A
bit_rate=N/A
max_bit_rate=N/A
bits_per_raw_sample=8
nb_frames=N/A
nb_read_frames=N/A
nb_read_packets=N/A
DISPOSITION:default=0
DISPOSITION:dub=0
DISPOSITION:original=0
DISPOSITION:comment=0
DISPOSITION:lyrics=0
DISPOSITION:karaoke=0
DISPOSITION:forced=0
DISPOSITION:hearing_impaired=0
DISPOSITION:visual_impaired=0
DISPOSITION:clean_effects=0
DISPOSITION:attached_pic=0
DISPOSITION:timed_thumbnails=0
[/STREAM]
[FORMAT]
filename=rtmp://43.199.149.178/live/front_left
nb_streams=2
nb_programs=0
format_name=flv
format_long_name=FLV (Flash Video)
start_time=0.000000
duration=N/A
size=N/A
bit_rate=N/A
probe_score=100
TAG:title=/camera5/rtsp
TAG:comment=rtsp_image_transport
TAG:encoder=Lavf58.29.100
TAG:server=SRS/5.0.213(Bee)
TAG:server_version=5.0.213
[/FORMAT]
[AVIOContext @ 0x561bda175640] Statistics: 694656 bytes read, 0 seeks
---------------------[ ffprobe Log End ]----------------------
SUMMARY: Status OK. Check passed because ffprobe successfully connected to the stream and retrieved its information (Exit Code: 0).


------------------[ Checking Stream: front_right ]------------------
URL: rtmp://43.199.149.178/live/front_right
--------------------[ ffprobe Log Start ]---------------------
ffprobe version 4.2.7-0ubuntu0.1 Copyright (c) 2007-2022 the FFmpeg developers
  built with gcc 9 (Ubuntu 9.4.0-1ubuntu1~20.04.1)
  configuration: --prefix=/usr --extra-version=0ubuntu0.1 --toolchain=hardened --libdir=/usr/lib/x86_64-linux-gnu --incdir=/usr/include/x86_64-linux-gnu --arch=amd64 --enable-gpl --disable-stripping --enable-avresample --disable-filter=resample --enable-avisynth --enable-gnutls --enable-ladspa --enable-libaom --enable-libass --enable-libbluray --enable-libbs2b --enable-libcaca --enable-libcdio --enable-libcodec2 --enable-libflite --enable-libfontconfig --enable-libfreetype --enable-libfribidi --enable-libgme --enable-libgsm --enable-libjack --enable-libmp3lame --enable-libmysofa --enable-libopenjpeg --enable-libopenmpt --enable-libopus --enable-libpulse --enable-librsvg --enable-librubberband --enable-libshine --enable-libsnappy --enable-libsoxr --enable-libspeex --enable-libssh --enable-libtheora --enable-libtwolame --enable-libvidstab --enable-libvorbis --enable-libvpx --enable-libwavpack --enable-libwebp --enable-libx265 --enable-libxml2 --enable-libxvid --enable-libzmq --enable-libzvbi --enable-lv2 --enable-omx --enable-openal --enable-opencl --enable-opengl --enable-sdl2 --enable-libdc1394 --enable-libdrm --enable-libiec61883 --enable-nvenc --enable-chromaprint --enable-frei0r --enable-libx264 --enable-shared
  libavutil      56. 31.100 / 56. 31.100
  libavcodec     58. 54.100 / 58. 54.100
  libavformat    58. 29.100 / 58. 29.100
  libavdevice    58.  8.100 / 58.  8.100
  libavfilter     7. 57.100 /  7. 57.100
  libavresample   4.  0.  0 /  4.  0.  0
  libswscale      5.  5.100 /  5.  5.100
  libswresample   3.  5.100 /  3.  5.100
  libpostproc    55.  5.100 / 55.  5.100
[tcp @ 0x55e1f49bfc00] Starting connection attempt to 43.199.149.178 port 1935
[tcp @ 0x55e1f49bfc00] Successfully connected to 43.199.149.178 port 1935
[h264 @ 0x55e1f49c3fc0] Reinit context to 1024x624, pix_fmt: yuv420p
[flv @ 0x55e1f49be980] max_analyze_duration 5000000 reached at 5000000 microseconds st:1
Input #0, flv, from 'rtmp://43.199.149.178/live/front_right':
  Metadata:
    title           : /camera3/rtsp
    comment         : rtsp_image_transport
    encoder         : Lavf58.29.100
    server          : SRS/5.0.213(Bee)
    server_version  : 5.0.213
  Duration: N/A, start: 0.000000, bitrate: N/A
    Stream #0:0: Data: none
    Stream #0:1: Video: h264 (Main), 1 reference frame, yuv420p(progressive, left), 1024x616 (1024x624) [SAR 1:1 DAR 128:77], 30 fps, 10 tbr, 1k tbn, 60 tbc
Unsupported codec with id 0 for input stream 0
[STREAM]
index=0
codec_name=unknown
codec_long_name=unknown
profile=unknown
codec_type=data
codec_tag_string=[0][0][0][0]
codec_tag=0x0000
id=N/A
r_frame_rate=0/0
avg_frame_rate=0/0
time_base=1/1000
start_pts=0
start_time=0.000000
duration_ts=N/A
duration=N/A
bit_rate=N/A
max_bit_rate=N/A
bits_per_raw_sample=N/A
nb_frames=N/A
nb_read_frames=N/A
nb_read_packets=N/A
DISPOSITION:default=0
DISPOSITION:dub=0
DISPOSITION:original=0
DISPOSITION:comment=0
DISPOSITION:lyrics=0
DISPOSITION:karaoke=0
DISPOSITION:forced=0
DISPOSITION:hearing_impaired=0
DISPOSITION:visual_impaired=0
DISPOSITION:clean_effects=0
DISPOSITION:attached_pic=0
DISPOSITION:timed_thumbnails=0
[/STREAM]
[STREAM]
index=1
codec_name=h264
codec_long_name=H.264 / AVC / MPEG-4 AVC / MPEG-4 part 10
profile=Main
codec_type=video
codec_time_base=1/60
codec_tag_string=[0][0][0][0]
codec_tag=0x0000
width=1024
height=616
coded_width=1024
coded_height=624
has_b_frames=0
sample_aspect_ratio=1:1
display_aspect_ratio=128:77
pix_fmt=yuv420p
level=31
color_range=unknown
color_space=unknown
color_transfer=unknown
color_primaries=unknown
chroma_location=left
field_order=progressive
timecode=N/A
refs=1
is_avc=true
nal_length_size=4
id=N/A
r_frame_rate=10/1
avg_frame_rate=30/1
time_base=1/1000
start_pts=10
start_time=0.010000
duration_ts=N/A
duration=N/A
bit_rate=N/A
max_bit_rate=N/A
bits_per_raw_sample=8
nb_frames=N/A
nb_read_frames=N/A
nb_read_packets=N/A
DISPOSITION:default=0
DISPOSITION:dub=0
DISPOSITION:original=0
DISPOSITION:comment=0
DISPOSITION:lyrics=0
DISPOSITION:karaoke=0
DISPOSITION:forced=0
DISPOSITION:hearing_impaired=0
DISPOSITION:visual_impaired=0
DISPOSITION:clean_effects=0
DISPOSITION:attached_pic=0
DISPOSITION:timed_thumbnails=0
[/STREAM]
[FORMAT]
filename=rtmp://43.199.149.178/live/front_right
nb_streams=2
nb_programs=0
format_name=flv
format_long_name=FLV (Flash Video)
start_time=0.000000
duration=N/A
size=N/A
bit_rate=N/A
probe_score=100
TAG:title=/camera3/rtsp
TAG:comment=rtsp_image_transport
TAG:encoder=Lavf58.29.100
TAG:server=SRS/5.0.213(Bee)
TAG:server_version=5.0.213
[/FORMAT]
[AVIOContext @ 0x55e1f49c1640] Statistics: 644177 bytes read, 0 seeks
---------------------[ ffprobe Log End ]----------------------
SUMMARY: Status OK. Check passed because ffprobe successfully connected to the stream and retrieved its information (Exit Code: 0).

====================[ End of Check Cycle ]====================

==========================================================
                STREAM STATUS CHECK @ Tuesday, July 22, 2025 AM11:04:23 HKT
==========================================================

------------------[ Checking Stream: front_left ]------------------
URL: rtmp://43.199.149.178/live/front_left
--------------------[ ffprobe Log Start ]---------------------
ffprobe version 4.2.7-0ubuntu0.1 Copyright (c) 2007-2022 the FFmpeg developers
  built with gcc 9 (Ubuntu 9.4.0-1ubuntu1~20.04.1)
  configuration: --prefix=/usr --extra-version=0ubuntu0.1 --toolchain=hardened --libdir=/usr/lib/x86_64-linux-gnu --incdir=/usr/include/x86_64-linux-gnu --arch=amd64 --enable-gpl --disable-stripping --enable-avresample --disable-filter=resample --enable-avisynth --enable-gnutls --enable-ladspa --enable-libaom --enable-libass --enable-libbluray --enable-libbs2b --enable-libcaca --enable-libcdio --enable-libcodec2 --enable-libflite --enable-libfontconfig --enable-libfreetype --enable-libfribidi --enable-libgme --enable-libgsm --enable-libjack --enable-libmp3lame --enable-libmysofa --enable-libopenjpeg --enable-libopenmpt --enable-libopus --enable-libpulse --enable-librsvg --enable-librubberband --enable-libshine --enable-libsnappy --enable-libsoxr --enable-libspeex --enable-libssh --enable-libtheora --enable-libtwolame --enable-libvidstab --enable-libvorbis --enable-libvpx --enable-libwavpack --enable-libwebp --enable-libx265 --enable-libxml2 --enable-libxvid --enable-libzmq --enable-libzvbi --enable-lv2 --enable-omx --enable-openal --enable-opencl --enable-opengl --enable-sdl2 --enable-libdc1394 --enable-libdrm --enable-libiec61883 --enable-nvenc --enable-chromaprint --enable-frei0r --enable-libx264 --enable-shared
  libavutil      56. 31.100 / 56. 31.100
  libavcodec     58. 54.100 / 58. 54.100
  libavformat    58. 29.100 / 58. 29.100
  libavdevice    58.  8.100 / 58.  8.100
  libavfilter     7. 57.100 /  7. 57.100
  libavresample   4.  0.  0 /  4.  0.  0
  libswscale      5.  5.100 /  5.  5.100
  libswresample   3.  5.100 /  3.  5.100
  libpostproc    55.  5.100 / 55.  5.100
[tcp @ 0x563e9ce64c00] Starting connection attempt to 43.199.149.178 port 1935
[tcp @ 0x563e9ce64c00] Successfully connected to 43.199.149.178 port 1935
[h264 @ 0x563e9ce68fc0] Reinit context to 1024x624, pix_fmt: yuv420p
[flv @ 0x563e9ce63980] max_analyze_duration 5000000 reached at 5000000 microseconds st:1
Input #0, flv, from 'rtmp://43.199.149.178/live/front_left':
  Metadata:
    title           : /camera5/rtsp
    comment         : rtsp_image_transport
    encoder         : Lavf58.29.100
    server          : SRS/5.0.213(Bee)
    server_version  : 5.0.213
  Duration: N/A, start: 0.000000, bitrate: N/A
    Stream #0:0: Data: none
    Stream #0:1: Video: h264 (Main), 1 reference frame, yuv420p(progressive, left), 1024x616 (1024x624) [SAR 1:1 DAR 128:77], 30 fps, 10 tbr, 1k tbn, 60 tbc
Unsupported codec with id 0 for input stream 0
[STREAM]
index=0
codec_name=unknown
codec_long_name=unknown
profile=unknown
codec_type=data
codec_tag_string=[0][0][0][0]
codec_tag=0x0000
id=N/A
r_frame_rate=0/0
avg_frame_rate=0/0
time_base=1/1000
start_pts=0
start_time=0.000000
duration_ts=N/A
duration=N/A
bit_rate=N/A
max_bit_rate=N/A
bits_per_raw_sample=N/A
nb_frames=N/A
nb_read_frames=N/A
nb_read_packets=N/A
DISPOSITION:default=0
DISPOSITION:dub=0
DISPOSITION:original=0
DISPOSITION:comment=0
DISPOSITION:lyrics=0
DISPOSITION:karaoke=0
DISPOSITION:forced=0
DISPOSITION:hearing_impaired=0
DISPOSITION:visual_impaired=0
DISPOSITION:clean_effects=0
DISPOSITION:attached_pic=0
DISPOSITION:timed_thumbnails=0
[/STREAM]
[STREAM]
index=1
codec_name=h264
codec_long_name=H.264 / AVC / MPEG-4 AVC / MPEG-4 part 10
profile=Main
codec_type=video
codec_time_base=1/60
codec_tag_string=[0][0][0][0]
codec_tag=0x0000
width=1024
height=616
coded_width=1024
coded_height=624
has_b_frames=0
sample_aspect_ratio=1:1
display_aspect_ratio=128:77
pix_fmt=yuv420p
level=31
color_range=unknown
color_space=unknown
color_transfer=unknown
color_primaries=unknown
chroma_location=left
field_order=progressive
timecode=N/A
refs=1
is_avc=true
nal_length_size=4
id=N/A
r_frame_rate=10/1
avg_frame_rate=30/1
time_base=1/1000
start_pts=10
start_time=0.010000
duration_ts=N/A
duration=N/A
bit_rate=N/A
max_bit_rate=N/A
bits_per_raw_sample=8
nb_frames=N/A
nb_read_frames=N/A
nb_read_packets=N/A
DISPOSITION:default=0
DISPOSITION:dub=0
DISPOSITION:original=0
DISPOSITION:comment=0
DISPOSITION:lyrics=0
DISPOSITION:karaoke=0
DISPOSITION:forced=0
DISPOSITION:hearing_impaired=0
DISPOSITION:visual_impaired=0
DISPOSITION:clean_effects=0
DISPOSITION:attached_pic=0
DISPOSITION:timed_thumbnails=0
[/STREAM]
[FORMAT]
filename=rtmp://43.199.149.178/live/front_left
nb_streams=2
nb_programs=0
format_name=flv
format_long_name=FLV (Flash Video)
start_time=0.000000
duration=N/A
size=N/A
bit_rate=N/A
probe_score=100
TAG:title=/camera5/rtsp
TAG:comment=rtsp_image_transport
TAG:encoder=Lavf58.29.100
TAG:server=SRS/5.0.213(Bee)
TAG:server_version=5.0.213
[/FORMAT]
[AVIOContext @ 0x563e9ce66640] Statistics: 637970 bytes read, 0 seeks
---------------------[ ffprobe Log End ]----------------------
SUMMARY: Status OK. Check passed because ffprobe successfully connected to the stream and retrieved its information (Exit Code: 0).


------------------[ Checking Stream: front_right ]------------------
URL: rtmp://43.199.149.178/live/front_right
--------------------[ ffprobe Log Start ]---------------------
ffprobe version 4.2.7-0ubuntu0.1 Copyright (c) 2007-2022 the FFmpeg developers
  built with gcc 9 (Ubuntu 9.4.0-1ubuntu1~20.04.1)
  configuration: --prefix=/usr --extra-version=0ubuntu0.1 --toolchain=hardened --libdir=/usr/lib/x86_64-linux-gnu --incdir=/usr/include/x86_64-linux-gnu --arch=amd64 --enable-gpl --disable-stripping --enable-avresample --disable-filter=resample --enable-avisynth --enable-gnutls --enable-ladspa --enable-libaom --enable-libass --enable-libbluray --enable-libbs2b --enable-libcaca --enable-libcdio --enable-libcodec2 --enable-libflite --enable-libfontconfig --enable-libfreetype --enable-libfribidi --enable-libgme --enable-libgsm --enable-libjack --enable-libmp3lame --enable-libmysofa --enable-libopenjpeg --enable-libopenmpt --enable-libopus --enable-libpulse --enable-librsvg --enable-librubberband --enable-libshine --enable-libsnappy --enable-libsoxr --enable-libspeex --enable-libssh --enable-libtheora --enable-libtwolame --enable-libvidstab --enable-libvorbis --enable-libvpx --enable-libwavpack --enable-libwebp --enable-libx265 --enable-libxml2 --enable-libxvid --enable-libzmq --enable-libzvbi --enable-lv2 --enable-omx --enable-openal --enable-opencl --enable-opengl --enable-sdl2 --enable-libdc1394 --enable-libdrm --enable-libiec61883 --enable-nvenc --enable-chromaprint --enable-frei0r --enable-libx264 --enable-shared
  libavutil      56. 31.100 / 56. 31.100
  libavcodec     58. 54.100 / 58. 54.100
  libavformat    58. 29.100 / 58. 29.100
  libavdevice    58.  8.100 / 58.  8.100
  libavfilter     7. 57.100 /  7. 57.100
  libavresample   4.  0.  0 /  4.  0.  0
  libswscale      5.  5.100 /  5.  5.100
  libswresample   3.  5.100 /  3.  5.100
  libpostproc    55.  5.100 / 55.  5.100
[tcp @ 0x55f5bda5cc00] Starting connection attempt to 43.199.149.178 port 1935
[tcp @ 0x55f5bda5cc00] Successfully connected to 43.199.149.178 port 1935
[h264 @ 0x55f5bda60fc0] Reinit context to 1024x624, pix_fmt: yuv420p
[flv @ 0x55f5bda5b980] max_analyze_duration 5000000 reached at 5000000 microseconds st:1
Input #0, flv, from 'rtmp://43.199.149.178/live/front_right':
  Metadata:
    title           : /camera3/rtsp
    comment         : rtsp_image_transport
    encoder         : Lavf58.29.100
    server          : SRS/5.0.213(Bee)
    server_version  : 5.0.213
  Duration: N/A, start: 0.000000, bitrate: N/A
    Stream #0:0: Data: none
    Stream #0:1: Video: h264 (Main), 1 reference frame, yuv420p(progressive, left), 1024x616 (1024x624) [SAR 1:1 DAR 128:77], 30 fps, 10 tbr, 1k tbn, 60 tbc
Unsupported codec with id 0 for input stream 0
[STREAM]
index=0
codec_name=unknown
codec_long_name=unknown
profile=unknown
codec_type=data
codec_tag_string=[0][0][0][0]
codec_tag=0x0000
id=N/A
r_frame_rate=0/0
avg_frame_rate=0/0
time_base=1/1000
start_pts=0
start_time=0.000000
duration_ts=N/A
duration=N/A
bit_rate=N/A
max_bit_rate=N/A
bits_per_raw_sample=N/A
nb_frames=N/A
nb_read_frames=N/A
nb_read_packets=N/A
DISPOSITION:default=0
DISPOSITION:dub=0
DISPOSITION:original=0
DISPOSITION:comment=0
DISPOSITION:lyrics=0
DISPOSITION:karaoke=0
DISPOSITION:forced=0
DISPOSITION:hearing_impaired=0
DISPOSITION:visual_impaired=0
DISPOSITION:clean_effects=0
DISPOSITION:attached_pic=0
DISPOSITION:timed_thumbnails=0
[/STREAM]
[STREAM]
index=1
codec_name=h264
codec_long_name=H.264 / AVC / MPEG-4 AVC / MPEG-4 part 10
profile=Main
codec_type=video
codec_time_base=1/60
codec_tag_string=[0][0][0][0]
codec_tag=0x0000
width=1024
height=616
coded_width=1024
coded_height=624
has_b_frames=0
sample_aspect_ratio=1:1
display_aspect_ratio=128:77
pix_fmt=yuv420p
level=31
color_range=unknown
color_space=unknown
color_transfer=unknown
color_primaries=unknown
chroma_location=left
field_order=progressive
timecode=N/A
refs=1
is_avc=true
nal_length_size=4
id=N/A
r_frame_rate=10/1
avg_frame_rate=30/1
time_base=1/1000
start_pts=10
start_time=0.010000
duration_ts=N/A
duration=N/A
bit_rate=N/A
max_bit_rate=N/A
bits_per_raw_sample=8
nb_frames=N/A
nb_read_frames=N/A
nb_read_packets=N/A
DISPOSITION:default=0
DISPOSITION:dub=0
DISPOSITION:original=0
DISPOSITION:comment=0
DISPOSITION:lyrics=0
DISPOSITION:karaoke=0
DISPOSITION:forced=0
DISPOSITION:hearing_impaired=0
DISPOSITION:visual_impaired=0
DISPOSITION:clean_effects=0
DISPOSITION:attached_pic=0
DISPOSITION:timed_thumbnails=0
[/STREAM]
[FORMAT]
filename=rtmp://43.199.149.178/live/front_right
nb_streams=2
nb_programs=0
format_name=flv
format_long_name=FLV (Flash Video)
start_time=0.000000
duration=N/A
size=N/A
bit_rate=N/A
probe_score=100
TAG:title=/camera3/rtsp
TAG:comment=rtsp_image_transport
TAG:encoder=Lavf58.29.100
TAG:server=SRS/5.0.213(Bee)
TAG:server_version=5.0.213
[/FORMAT]
[AVIOContext @ 0x55f5bda5e640] Statistics: 649960 bytes read, 0 seeks
---------------------[ ffprobe Log End ]----------------------
SUMMARY: Status OK. Check passed because ffprobe successfully connected to the stream and retrieved its information (Exit Code: 0).

====================[ End of Check Cycle ]====================

==========================================================
                STREAM STATUS CHECK @ Tuesday, July 22, 2025 AM11:05:52 HKT
==========================================================

------------------[ Checking Stream: front_left ]------------------
URL: rtmp://43.199.149.178/live/front_left
--------------------[ ffprobe Log Start ]---------------------
ffprobe version 4.2.7-0ubuntu0.1 Copyright (c) 2007-2022 the FFmpeg developers
  built with gcc 9 (Ubuntu 9.4.0-1ubuntu1~20.04.1)
  configuration: --prefix=/usr --extra-version=0ubuntu0.1 --toolchain=hardened --libdir=/usr/lib/x86_64-linux-gnu --incdir=/usr/include/x86_64-linux-gnu --arch=amd64 --enable-gpl --disable-stripping --enable-avresample --disable-filter=resample --enable-avisynth --enable-gnutls --enable-ladspa --enable-libaom --enable-libass --enable-libbluray --enable-libbs2b --enable-libcaca --enable-libcdio --enable-libcodec2 --enable-libflite --enable-libfontconfig --enable-libfreetype --enable-libfribidi --enable-libgme --enable-libgsm --enable-libjack --enable-libmp3lame --enable-libmysofa --enable-libopenjpeg --enable-libopenmpt --enable-libopus --enable-libpulse --enable-librsvg --enable-librubberband --enable-libshine --enable-libsnappy --enable-libsoxr --enable-libspeex --enable-libssh --enable-libtheora --enable-libtwolame --enable-libvidstab --enable-libvorbis --enable-libvpx --enable-libwavpack --enable-libwebp --enable-libx265 --enable-libxml2 --enable-libxvid --enable-libzmq --enable-libzvbi --enable-lv2 --enable-omx --enable-openal --enable-opencl --enable-opengl --enable-sdl2 --enable-libdc1394 --enable-libdrm --enable-libiec61883 --enable-nvenc --enable-chromaprint --enable-frei0r --enable-libx264 --enable-shared
  libavutil      56. 31.100 / 56. 31.100
  libavcodec     58. 54.100 / 58. 54.100
  libavformat    58. 29.100 / 58. 29.100
  libavdevice    58.  8.100 / 58.  8.100
  libavfilter     7. 57.100 /  7. 57.100
  libavresample   4.  0.  0 /  4.  0.  0
  libswscale      5.  5.100 /  5.  5.100
  libswresample   3.  5.100 /  3.  5.100
  libpostproc    55.  5.100 / 55.  5.100
[tcp @ 0x55f5510e0c00] Starting connection attempt to 43.199.149.178 port 1935
[tcp @ 0x55f5510e0c00] Successfully connected to 43.199.149.178 port 1935
[h264 @ 0x55f5510e4fc0] Reinit context to 1024x624, pix_fmt: yuv420p
[flv @ 0x55f5510df980] max_analyze_duration 5000000 reached at 5000000 microseconds st:1
Input #0, flv, from 'rtmp://43.199.149.178/live/front_left':
  Metadata:
    title           : /camera5/rtsp
    comment         : rtsp_image_transport
    encoder         : Lavf58.29.100
    server          : SRS/5.0.213(Bee)
    server_version  : 5.0.213
  Duration: N/A, start: 0.000000, bitrate: N/A
    Stream #0:0: Data: none
    Stream #0:1: Video: h264 (Main), 1 reference frame, yuv420p(progressive, left), 1024x616 (1024x624) [SAR 1:1 DAR 128:77], 30 fps, 10 tbr, 1k tbn, 60 tbc
Unsupported codec with id 0 for input stream 0
[STREAM]
index=0
codec_name=unknown
codec_long_name=unknown
profile=unknown
codec_type=data
codec_tag_string=[0][0][0][0]
codec_tag=0x0000
id=N/A
r_frame_rate=0/0
avg_frame_rate=0/0
time_base=1/1000
start_pts=0
start_time=0.000000
duration_ts=N/A
duration=N/A
bit_rate=N/A
max_bit_rate=N/A
bits_per_raw_sample=N/A
nb_frames=N/A
nb_read_frames=N/A
nb_read_packets=N/A
DISPOSITION:default=0
DISPOSITION:dub=0
DISPOSITION:original=0
DISPOSITION:comment=0
DISPOSITION:lyrics=0
DISPOSITION:karaoke=0
DISPOSITION:forced=0
DISPOSITION:hearing_impaired=0
DISPOSITION:visual_impaired=0
DISPOSITION:clean_effects=0
DISPOSITION:attached_pic=0
DISPOSITION:timed_thumbnails=0
[/STREAM]
[STREAM]
index=1
codec_name=h264
codec_long_name=H.264 / AVC / MPEG-4 AVC / MPEG-4 part 10
profile=Main
codec_type=video
codec_time_base=1/60
codec_tag_string=[0][0][0][0]
codec_tag=0x0000
width=1024
height=616
coded_width=1024
coded_height=624
has_b_frames=0
sample_aspect_ratio=1:1
display_aspect_ratio=128:77
pix_fmt=yuv420p
level=31
color_range=unknown
color_space=unknown
color_transfer=unknown
color_primaries=unknown
chroma_location=left
field_order=progressive
timecode=N/A
refs=1
is_avc=true
nal_length_size=4
id=N/A
r_frame_rate=10/1
avg_frame_rate=30/1
time_base=1/1000
start_pts=10
start_time=0.010000
duration_ts=N/A
duration=N/A
bit_rate=N/A
max_bit_rate=N/A
bits_per_raw_sample=8
nb_frames=N/A
nb_read_frames=N/A
nb_read_packets=N/A
DISPOSITION:default=0
DISPOSITION:dub=0
DISPOSITION:original=0
DISPOSITION:comment=0
DISPOSITION:lyrics=0
DISPOSITION:karaoke=0
DISPOSITION:forced=0
DISPOSITION:hearing_impaired=0
DISPOSITION:visual_impaired=0
DISPOSITION:clean_effects=0
DISPOSITION:attached_pic=0
DISPOSITION:timed_thumbnails=0
[/STREAM]
[FORMAT]
filename=rtmp://43.199.149.178/live/front_left
nb_streams=2
nb_programs=0
format_name=flv
format_long_name=FLV (Flash Video)
start_time=0.000000
duration=N/A
size=N/A
bit_rate=N/A
probe_score=100
TAG:title=/camera5/rtsp
TAG:comment=rtsp_image_transport
TAG:encoder=Lavf58.29.100
TAG:server=SRS/5.0.213(Bee)
TAG:server_version=5.0.213
[/FORMAT]
[AVIOContext @ 0x55f5510e2640] Statistics: 638616 bytes read, 0 seeks
---------------------[ ffprobe Log End ]----------------------
SUMMARY: Status OK. Check passed because ffprobe successfully connected to the stream and retrieved its information (Exit Code: 0).


------------------[ Checking Stream: front_right ]------------------
URL: rtmp://43.199.149.178/live/front_right
--------------------[ ffprobe Log Start ]---------------------
ffprobe version 4.2.7-0ubuntu0.1 Copyright (c) 2007-2022 the FFmpeg developers
  built with gcc 9 (Ubuntu 9.4.0-1ubuntu1~20.04.1)
  configuration: --prefix=/usr --extra-version=0ubuntu0.1 --toolchain=hardened --libdir=/usr/lib/x86_64-linux-gnu --incdir=/usr/include/x86_64-linux-gnu --arch=amd64 --enable-gpl --disable-stripping --enable-avresample --disable-filter=resample --enable-avisynth --enable-gnutls --enable-ladspa --enable-libaom --enable-libass --enable-libbluray --enable-libbs2b --enable-libcaca --enable-libcdio --enable-libcodec2 --enable-libflite --enable-libfontconfig --enable-libfreetype --enable-libfribidi --enable-libgme --enable-libgsm --enable-libjack --enable-libmp3lame --enable-libmysofa --enable-libopenjpeg --enable-libopenmpt --enable-libopus --enable-libpulse --enable-librsvg --enable-librubberband --enable-libshine --enable-libsnappy --enable-libsoxr --enable-libspeex --enable-libssh --enable-libtheora --enable-libtwolame --enable-libvidstab --enable-libvorbis --enable-libvpx --enable-libwavpack --enable-libwebp --enable-libx265 --enable-libxml2 --enable-libxvid --enable-libzmq --enable-libzvbi --enable-lv2 --enable-omx --enable-openal --enable-opencl --enable-opengl --enable-sdl2 --enable-libdc1394 --enable-libdrm --enable-libiec61883 --enable-nvenc --enable-chromaprint --enable-frei0r --enable-libx264 --enable-shared
  libavutil      56. 31.100 / 56. 31.100
  libavcodec     58. 54.100 / 58. 54.100
  libavformat    58. 29.100 / 58. 29.100
  libavdevice    58.  8.100 / 58.  8.100
  libavfilter     7. 57.100 /  7. 57.100
  libavresample   4.  0.  0 /  4.  0.  0
  libswscale      5.  5.100 /  5.  5.100
  libswresample   3.  5.100 /  3.  5.100
  libpostproc    55.  5.100 / 55.  5.100
[tcp @ 0x562127187c00] Starting connection attempt to 43.199.149.178 port 1935
[tcp @ 0x562127187c00] Successfully connected to 43.199.149.178 port 1935
[h264 @ 0x56212718bfc0] Reinit context to 1024x624, pix_fmt: yuv420p
[flv @ 0x562127186980] max_analyze_duration 5000000 reached at 5000000 microseconds st:1
Input #0, flv, from 'rtmp://43.199.149.178/live/front_right':
  Metadata:
    title           : /camera3/rtsp
    comment         : rtsp_image_transport
    encoder         : Lavf58.29.100
    server          : SRS/5.0.213(Bee)
    server_version  : 5.0.213
  Duration: N/A, start: 0.000000, bitrate: N/A
    Stream #0:0: Data: none
    Stream #0:1: Video: h264 (Main), 1 reference frame, yuv420p(progressive, left), 1024x616 (1024x624) [SAR 1:1 DAR 128:77], 30 fps, 10 tbr, 1k tbn, 60 tbc
Unsupported codec with id 0 for input stream 0
[STREAM]
index=0
codec_name=unknown
codec_long_name=unknown
profile=unknown
codec_type=data
codec_tag_string=[0][0][0][0]
codec_tag=0x0000
id=N/A
r_frame_rate=0/0
avg_frame_rate=0/0
time_base=1/1000
start_pts=0
start_time=0.000000
duration_ts=N/A
duration=N/A
bit_rate=N/A
max_bit_rate=N/A
bits_per_raw_sample=N/A
nb_frames=N/A
nb_read_frames=N/A
nb_read_packets=N/A
DISPOSITION:default=0
DISPOSITION:dub=0
DISPOSITION:original=0
DISPOSITION:comment=0
DISPOSITION:lyrics=0
DISPOSITION:karaoke=0
DISPOSITION:forced=0
DISPOSITION:hearing_impaired=0
DISPOSITION:visual_impaired=0
DISPOSITION:clean_effects=0
DISPOSITION:attached_pic=0
DISPOSITION:timed_thumbnails=0
[/STREAM]
[STREAM]
index=1
codec_name=h264
codec_long_name=H.264 / AVC / MPEG-4 AVC / MPEG-4 part 10
profile=Main
codec_type=video
codec_time_base=1/60
codec_tag_string=[0][0][0][0]
codec_tag=0x0000
width=1024
height=616
coded_width=1024
coded_height=624
has_b_frames=0
sample_aspect_ratio=1:1
display_aspect_ratio=128:77
pix_fmt=yuv420p
level=31
color_range=unknown
color_space=unknown
color_transfer=unknown
color_primaries=unknown
chroma_location=left
field_order=progressive
timecode=N/A
refs=1
is_avc=true
nal_length_size=4
id=N/A
r_frame_rate=10/1
avg_frame_rate=30/1
time_base=1/1000
start_pts=10
start_time=0.010000
duration_ts=N/A
duration=N/A
bit_rate=N/A
max_bit_rate=N/A
bits_per_raw_sample=8
nb_frames=N/A
nb_read_frames=N/A
nb_read_packets=N/A
DISPOSITION:default=0
DISPOSITION:dub=0
DISPOSITION:original=0
DISPOSITION:comment=0
DISPOSITION:lyrics=0
DISPOSITION:karaoke=0
DISPOSITION:forced=0
DISPOSITION:hearing_impaired=0
DISPOSITION:visual_impaired=0
DISPOSITION:clean_effects=0
DISPOSITION:attached_pic=0
DISPOSITION:timed_thumbnails=0
[/STREAM]
[FORMAT]
filename=rtmp://43.199.149.178/live/front_right
nb_streams=2
nb_programs=0
format_name=flv
format_long_name=FLV (Flash Video)
start_time=0.000000
duration=N/A
size=N/A
bit_rate=N/A
probe_score=100
TAG:title=/camera3/rtsp
TAG:comment=rtsp_image_transport
TAG:encoder=Lavf58.29.100
TAG:server=SRS/5.0.213(Bee)
TAG:server_version=5.0.213
[/FORMAT]
[AVIOContext @ 0x562127189640] Statistics: 649692 bytes read, 0 seeks
---------------------[ ffprobe Log End ]----------------------
SUMMARY: Status OK. Check passed because ffprobe successfully connected to the stream and retrieved its information (Exit Code: 0).

====================[ End of Check Cycle ]====================

==========================================================
                STREAM STATUS CHECK @ Tuesday, July 22, 2025 AM11:07:23 HKT
==========================================================

------------------[ Checking Stream: front_left ]------------------
URL: rtmp://43.199.149.178/live/front_left
--------------------[ ffprobe Log Start ]---------------------
ffprobe version 4.2.7-0ubuntu0.1 Copyright (c) 2007-2022 the FFmpeg developers
  built with gcc 9 (Ubuntu 9.4.0-1ubuntu1~20.04.1)
  configuration: --prefix=/usr --extra-version=0ubuntu0.1 --toolchain=hardened --libdir=/usr/lib/x86_64-linux-gnu --incdir=/usr/include/x86_64-linux-gnu --arch=amd64 --enable-gpl --disable-stripping --enable-avresample --disable-filter=resample --enable-avisynth --enable-gnutls --enable-ladspa --enable-libaom --enable-libass --enable-libbluray --enable-libbs2b --enable-libcaca --enable-libcdio --enable-libcodec2 --enable-libflite --enable-libfontconfig --enable-libfreetype --enable-libfribidi --enable-libgme --enable-libgsm --enable-libjack --enable-libmp3lame --enable-libmysofa --enable-libopenjpeg --enable-libopenmpt --enable-libopus --enable-libpulse --enable-librsvg --enable-librubberband --enable-libshine --enable-libsnappy --enable-libsoxr --enable-libspeex --enable-libssh --enable-libtheora --enable-libtwolame --enable-libvidstab --enable-libvorbis --enable-libvpx --enable-libwavpack --enable-libwebp --enable-libx265 --enable-libxml2 --enable-libxvid --enable-libzmq --enable-libzvbi --enable-lv2 --enable-omx --enable-openal --enable-opencl --enable-opengl --enable-sdl2 --enable-libdc1394 --enable-libdrm --enable-libiec61883 --enable-nvenc --enable-chromaprint --enable-frei0r --enable-libx264 --enable-shared
  libavutil      56. 31.100 / 56. 31.100
  libavcodec     58. 54.100 / 58. 54.100
  libavformat    58. 29.100 / 58. 29.100
  libavdevice    58.  8.100 / 58.  8.100
  libavfilter     7. 57.100 /  7. 57.100
  libavresample   4.  0.  0 /  4.  0.  0
  libswscale      5.  5.100 /  5.  5.100
  libswresample   3.  5.100 /  3.  5.100
  libpostproc    55.  5.100 / 55.  5.100
[tcp @ 0x56473fa5dc00] Starting connection attempt to 43.199.149.178 port 1935
[tcp @ 0x56473fa5dc00] Successfully connected to 43.199.149.178 port 1935
[h264 @ 0x56473fa61fc0] Reinit context to 1024x624, pix_fmt: yuv420p
[flv @ 0x56473fa5c980] max_analyze_duration 5000000 reached at 5000000 microseconds st:1
Input #0, flv, from 'rtmp://43.199.149.178/live/front_left':
  Metadata:
    title           : /camera5/rtsp
    comment         : rtsp_image_transport
    encoder         : Lavf58.29.100
    server          : SRS/5.0.213(Bee)
    server_version  : 5.0.213
  Duration: N/A, start: 0.000000, bitrate: N/A
    Stream #0:0: Data: none
    Stream #0:1: Video: h264 (Main), 1 reference frame, yuv420p(progressive, left), 1024x616 (1024x624) [SAR 1:1 DAR 128:77], 30 fps, 10 tbr, 1k tbn, 60 tbc
Unsupported codec with id 0 for input stream 0
[STREAM]
index=0
codec_name=unknown
codec_long_name=unknown
profile=unknown
codec_type=data
codec_tag_string=[0][0][0][0]
codec_tag=0x0000
id=N/A
r_frame_rate=0/0
avg_frame_rate=0/0
time_base=1/1000
start_pts=0
start_time=0.000000
duration_ts=N/A
duration=N/A
bit_rate=N/A
max_bit_rate=N/A
bits_per_raw_sample=N/A
nb_frames=N/A
nb_read_frames=N/A
nb_read_packets=N/A
DISPOSITION:default=0
DISPOSITION:dub=0
DISPOSITION:original=0
DISPOSITION:comment=0
DISPOSITION:lyrics=0
DISPOSITION:karaoke=0
DISPOSITION:forced=0
DISPOSITION:hearing_impaired=0
DISPOSITION:visual_impaired=0
DISPOSITION:clean_effects=0
DISPOSITION:attached_pic=0
DISPOSITION:timed_thumbnails=0
[/STREAM]
[STREAM]
index=1
codec_name=h264
codec_long_name=H.264 / AVC / MPEG-4 AVC / MPEG-4 part 10
profile=Main
codec_type=video
codec_time_base=1/60
codec_tag_string=[0][0][0][0]
codec_tag=0x0000
width=1024
height=616
coded_width=1024
coded_height=624
has_b_frames=0
sample_aspect_ratio=1:1
display_aspect_ratio=128:77
pix_fmt=yuv420p
level=31
color_range=unknown
color_space=unknown
color_transfer=unknown
color_primaries=unknown
chroma_location=left
field_order=progressive
timecode=N/A
refs=1
is_avc=true
nal_length_size=4
id=N/A
r_frame_rate=10/1
avg_frame_rate=30/1
time_base=1/1000
start_pts=10
start_time=0.010000
duration_ts=N/A
duration=N/A
bit_rate=N/A
max_bit_rate=N/A
bits_per_raw_sample=8
nb_frames=N/A
nb_read_frames=N/A
nb_read_packets=N/A
DISPOSITION:default=0
DISPOSITION:dub=0
DISPOSITION:original=0
DISPOSITION:comment=0
DISPOSITION:lyrics=0
DISPOSITION:karaoke=0
DISPOSITION:forced=0
DISPOSITION:hearing_impaired=0
DISPOSITION:visual_impaired=0
DISPOSITION:clean_effects=0
DISPOSITION:attached_pic=0
DISPOSITION:timed_thumbnails=0
[/STREAM]
[FORMAT]
filename=rtmp://43.199.149.178/live/front_left
nb_streams=2
nb_programs=0
format_name=flv
format_long_name=FLV (Flash Video)
start_time=0.000000
duration=N/A
size=N/A
bit_rate=N/A
probe_score=100
TAG:title=/camera5/rtsp
TAG:comment=rtsp_image_transport
TAG:encoder=Lavf58.29.100
TAG:server=SRS/5.0.213(Bee)
TAG:server_version=5.0.213
[/FORMAT]
[AVIOContext @ 0x56473fa5f640] Statistics: 644904 bytes read, 0 seeks
---------------------[ ffprobe Log End ]----------------------
SUMMARY: Status OK. Check passed because ffprobe successfully connected to the stream and retrieved its information (Exit Code: 0).


------------------[ Checking Stream: front_right ]------------------
URL: rtmp://43.199.149.178/live/front_right
--------------------[ ffprobe Log Start ]---------------------
ffprobe version 4.2.7-0ubuntu0.1 Copyright (c) 2007-2022 the FFmpeg developers
  built with gcc 9 (Ubuntu 9.4.0-1ubuntu1~20.04.1)
  configuration: --prefix=/usr --extra-version=0ubuntu0.1 --toolchain=hardened --libdir=/usr/lib/x86_64-linux-gnu --incdir=/usr/include/x86_64-linux-gnu --arch=amd64 --enable-gpl --disable-stripping --enable-avresample --disable-filter=resample --enable-avisynth --enable-gnutls --enable-ladspa --enable-libaom --enable-libass --enable-libbluray --enable-libbs2b --enable-libcaca --enable-libcdio --enable-libcodec2 --enable-libflite --enable-libfontconfig --enable-libfreetype --enable-libfribidi --enable-libgme --enable-libgsm --enable-libjack --enable-libmp3lame --enable-libmysofa --enable-libopenjpeg --enable-libopenmpt --enable-libopus --enable-libpulse --enable-librsvg --enable-librubberband --enable-libshine --enable-libsnappy --enable-libsoxr --enable-libspeex --enable-libssh --enable-libtheora --enable-libtwolame --enable-libvidstab --enable-libvorbis --enable-libvpx --enable-libwavpack --enable-libwebp --enable-libx265 --enable-libxml2 --enable-libxvid --enable-libzmq --enable-libzvbi --enable-lv2 --enable-omx --enable-openal --enable-opencl --enable-opengl --enable-sdl2 --enable-libdc1394 --enable-libdrm --enable-libiec61883 --enable-nvenc --enable-chromaprint --enable-frei0r --enable-libx264 --enable-shared
  libavutil      56. 31.100 / 56. 31.100
  libavcodec     58. 54.100 / 58. 54.100
  libavformat    58. 29.100 / 58. 29.100
  libavdevice    58.  8.100 / 58.  8.100
  libavfilter     7. 57.100 /  7. 57.100
  libavresample   4.  0.  0 /  4.  0.  0
  libswscale      5.  5.100 /  5.  5.100
  libswresample   3.  5.100 /  3.  5.100
  libpostproc    55.  5.100 / 55.  5.100
[tcp @ 0x55f3afdc4c00] Starting connection attempt to 43.199.149.178 port 1935
[tcp @ 0x55f3afdc4c00] Successfully connected to 43.199.149.178 port 1935
[h264 @ 0x55f3afdc8fc0] Reinit context to 1024x624, pix_fmt: yuv420p
[flv @ 0x55f3afdc3980] max_analyze_duration 5000000 reached at 5000000 microseconds st:1
Input #0, flv, from 'rtmp://43.199.149.178/live/front_right':
  Metadata:
    title           : /camera3/rtsp
    comment         : rtsp_image_transport
    encoder         : Lavf58.29.100
    server          : SRS/5.0.213(Bee)
    server_version  : 5.0.213
  Duration: N/A, start: 0.000000, bitrate: N/A
    Stream #0:0: Data: none
    Stream #0:1: Video: h264 (Main), 1 reference frame, yuv420p(progressive, left), 1024x616 (1024x624) [SAR 1:1 DAR 128:77], 30 fps, 60 tbr, 1k tbn, 60 tbc
Unsupported codec with id 0 for input stream 0
[STREAM]
index=0
codec_name=unknown
codec_long_name=unknown
profile=unknown
codec_type=data
codec_tag_string=[0][0][0][0]
codec_tag=0x0000
id=N/A
r_frame_rate=0/0
avg_frame_rate=0/0
time_base=1/1000
start_pts=0
start_time=0.000000
duration_ts=N/A
duration=N/A
bit_rate=N/A
max_bit_rate=N/A
bits_per_raw_sample=N/A
nb_frames=N/A
nb_read_frames=N/A
nb_read_packets=N/A
DISPOSITION:default=0
DISPOSITION:dub=0
DISPOSITION:original=0
DISPOSITION:comment=0
DISPOSITION:lyrics=0
DISPOSITION:karaoke=0
DISPOSITION:forced=0
DISPOSITION:hearing_impaired=0
DISPOSITION:visual_impaired=0
DISPOSITION:clean_effects=0
DISPOSITION:attached_pic=0
DISPOSITION:timed_thumbnails=0
[/STREAM]
[STREAM]
index=1
codec_name=h264
codec_long_name=H.264 / AVC / MPEG-4 AVC / MPEG-4 part 10
profile=Main
codec_type=video
codec_time_base=1/60
codec_tag_string=[0][0][0][0]
codec_tag=0x0000
width=1024
height=616
coded_width=1024
coded_height=624
has_b_frames=0
sample_aspect_ratio=1:1
display_aspect_ratio=128:77
pix_fmt=yuv420p
level=31
color_range=unknown
color_space=unknown
color_transfer=unknown
color_primaries=unknown
chroma_location=left
field_order=progressive
timecode=N/A
refs=1
is_avc=true
nal_length_size=4
id=N/A
r_frame_rate=60/1
avg_frame_rate=30/1
time_base=1/1000
start_pts=10
start_time=0.010000
duration_ts=N/A
duration=N/A
bit_rate=N/A
max_bit_rate=N/A
bits_per_raw_sample=8
nb_frames=N/A
nb_read_frames=N/A
nb_read_packets=N/A
DISPOSITION:default=0
DISPOSITION:dub=0
DISPOSITION:original=0
DISPOSITION:comment=0
DISPOSITION:lyrics=0
DISPOSITION:karaoke=0
DISPOSITION:forced=0
DISPOSITION:hearing_impaired=0
DISPOSITION:visual_impaired=0
DISPOSITION:clean_effects=0
DISPOSITION:attached_pic=0
DISPOSITION:timed_thumbnails=0
[/STREAM]
[FORMAT]
filename=rtmp://43.199.149.178/live/front_right
nb_streams=2
nb_programs=0
format_name=flv
format_long_name=FLV (Flash Video)
start_time=0.000000
duration=N/A
size=N/A
bit_rate=N/A
probe_score=100
TAG:title=/camera3/rtsp
TAG:comment=rtsp_image_transport
TAG:encoder=Lavf58.29.100
TAG:server=SRS/5.0.213(Bee)
TAG:server_version=5.0.213
[/FORMAT]
[AVIOContext @ 0x55f3afdc6640] Statistics: 618775 bytes read, 0 seeks
---------------------[ ffprobe Log End ]----------------------
SUMMARY: Status OK. Check passed because ffprobe successfully connected to the stream and retrieved its information (Exit Code: 0).

====================[ End of Check Cycle ]====================

==========================================================
                STREAM STATUS CHECK @ Tuesday, July 22, 2025 AM11:09:01 HKT
==========================================================

------------------[ Checking Stream: front_left ]------------------
URL: rtmp://43.199.149.178/live/front_left
--------------------[ ffprobe Log Start ]---------------------
ffprobe version 4.2.7-0ubuntu0.1 Copyright (c) 2007-2022 the FFmpeg developers
  built with gcc 9 (Ubuntu 9.4.0-1ubuntu1~20.04.1)
  configuration: --prefix=/usr --extra-version=0ubuntu0.1 --toolchain=hardened --libdir=/usr/lib/x86_64-linux-gnu --incdir=/usr/include/x86_64-linux-gnu --arch=amd64 --enable-gpl --disable-stripping --enable-avresample --disable-filter=resample --enable-avisynth --enable-gnutls --enable-ladspa --enable-libaom --enable-libass --enable-libbluray --enable-libbs2b --enable-libcaca --enable-libcdio --enable-libcodec2 --enable-libflite --enable-libfontconfig --enable-libfreetype --enable-libfribidi --enable-libgme --enable-libgsm --enable-libjack --enable-libmp3lame --enable-libmysofa --enable-libopenjpeg --enable-libopenmpt --enable-libopus --enable-libpulse --enable-librsvg --enable-librubberband --enable-libshine --enable-libsnappy --enable-libsoxr --enable-libspeex --enable-libssh --enable-libtheora --enable-libtwolame --enable-libvidstab --enable-libvorbis --enable-libvpx --enable-libwavpack --enable-libwebp --enable-libx265 --enable-libxml2 --enable-libxvid --enable-libzmq --enable-libzvbi --enable-lv2 --enable-omx --enable-openal --enable-opencl --enable-opengl --enable-sdl2 --enable-libdc1394 --enable-libdrm --enable-libiec61883 --enable-nvenc --enable-chromaprint --enable-frei0r --enable-libx264 --enable-shared
  libavutil      56. 31.100 / 56. 31.100
  libavcodec     58. 54.100 / 58. 54.100
  libavformat    58. 29.100 / 58. 29.100
  libavdevice    58.  8.100 / 58.  8.100
  libavfilter     7. 57.100 /  7. 57.100
  libavresample   4.  0.  0 /  4.  0.  0
  libswscale      5.  5.100 /  5.  5.100
  libswresample   3.  5.100 /  3.  5.100
  libpostproc    55.  5.100 / 55.  5.100
[tcp @ 0x564f02062c00] Starting connection attempt to 43.199.149.178 port 1935
[tcp @ 0x564f02062c00] Successfully connected to 43.199.149.178 port 1935
[h264 @ 0x564f02066fc0] Reinit context to 1024x624, pix_fmt: yuv420p
[flv @ 0x564f02061980] max_analyze_duration 5000000 reached at 5000000 microseconds st:1
Input #0, flv, from 'rtmp://43.199.149.178/live/front_left':
  Metadata:
    title           : /camera5/rtsp
    comment         : rtsp_image_transport
    encoder         : Lavf58.29.100
    server          : SRS/5.0.213(Bee)
    server_version  : 5.0.213
  Duration: N/A, start: 0.000000, bitrate: N/A
    Stream #0:0: Data: none
    Stream #0:1: Video: h264 (Main), 1 reference frame, yuv420p(progressive, left), 1024x616 (1024x624) [SAR 1:1 DAR 128:77], 30 fps, 10 tbr, 1k tbn, 60 tbc
Unsupported codec with id 0 for input stream 0
[STREAM]
index=0
codec_name=unknown
codec_long_name=unknown
profile=unknown
codec_type=data
codec_tag_string=[0][0][0][0]
codec_tag=0x0000
id=N/A
r_frame_rate=0/0
avg_frame_rate=0/0
time_base=1/1000
start_pts=0
start_time=0.000000
duration_ts=N/A
duration=N/A
bit_rate=N/A
max_bit_rate=N/A
bits_per_raw_sample=N/A
nb_frames=N/A
nb_read_frames=N/A
nb_read_packets=N/A
DISPOSITION:default=0
DISPOSITION:dub=0
DISPOSITION:original=0
DISPOSITION:comment=0
DISPOSITION:lyrics=0
DISPOSITION:karaoke=0
DISPOSITION:forced=0
DISPOSITION:hearing_impaired=0
DISPOSITION:visual_impaired=0
DISPOSITION:clean_effects=0
DISPOSITION:attached_pic=0
DISPOSITION:timed_thumbnails=0
[/STREAM]
[STREAM]
index=1
codec_name=h264
codec_long_name=H.264 / AVC / MPEG-4 AVC / MPEG-4 part 10
profile=Main
codec_type=video
codec_time_base=1/60
codec_tag_string=[0][0][0][0]
codec_tag=0x0000
width=1024
height=616
coded_width=1024
coded_height=624
has_b_frames=0
sample_aspect_ratio=1:1
display_aspect_ratio=128:77
pix_fmt=yuv420p
level=31
color_range=unknown
color_space=unknown
color_transfer=unknown
color_primaries=unknown
chroma_location=left
field_order=progressive
timecode=N/A
refs=1
is_avc=true
nal_length_size=4
id=N/A
r_frame_rate=10/1
avg_frame_rate=30/1
time_base=1/1000
start_pts=10
start_time=0.010000
duration_ts=N/A
duration=N/A
bit_rate=N/A
max_bit_rate=N/A
bits_per_raw_sample=8
nb_frames=N/A
nb_read_frames=N/A
nb_read_packets=N/A
DISPOSITION:default=0
DISPOSITION:dub=0
DISPOSITION:original=0
DISPOSITION:comment=0
DISPOSITION:lyrics=0
DISPOSITION:karaoke=0
DISPOSITION:forced=0
DISPOSITION:hearing_impaired=0
DISPOSITION:visual_impaired=0
DISPOSITION:clean_effects=0
DISPOSITION:attached_pic=0
DISPOSITION:timed_thumbnails=0
[/STREAM]
[FORMAT]
filename=rtmp://43.199.149.178/live/front_left
nb_streams=2
nb_programs=0
format_name=flv
format_long_name=FLV (Flash Video)
start_time=0.000000
duration=N/A
size=N/A
bit_rate=N/A
probe_score=100
TAG:title=/camera5/rtsp
TAG:comment=rtsp_image_transport
TAG:encoder=Lavf58.29.100
TAG:server=SRS/5.0.213(Bee)
TAG:server_version=5.0.213
[/FORMAT]
[AVIOContext @ 0x564f02064640] Statistics: 648221 bytes read, 0 seeks
---------------------[ ffprobe Log End ]----------------------
SUMMARY: Status OK. Check passed because ffprobe successfully connected to the stream and retrieved its information (Exit Code: 0).


------------------[ Checking Stream: front_right ]------------------
URL: rtmp://43.199.149.178/live/front_right
--------------------[ ffprobe Log Start ]---------------------
ffprobe version 4.2.7-0ubuntu0.1 Copyright (c) 2007-2022 the FFmpeg developers
  built with gcc 9 (Ubuntu 9.4.0-1ubuntu1~20.04.1)
  configuration: --prefix=/usr --extra-version=0ubuntu0.1 --toolchain=hardened --libdir=/usr/lib/x86_64-linux-gnu --incdir=/usr/include/x86_64-linux-gnu --arch=amd64 --enable-gpl --disable-stripping --enable-avresample --disable-filter=resample --enable-avisynth --enable-gnutls --enable-ladspa --enable-libaom --enable-libass --enable-libbluray --enable-libbs2b --enable-libcaca --enable-libcdio --enable-libcodec2 --enable-libflite --enable-libfontconfig --enable-libfreetype --enable-libfribidi --enable-libgme --enable-libgsm --enable-libjack --enable-libmp3lame --enable-libmysofa --enable-libopenjpeg --enable-libopenmpt --enable-libopus --enable-libpulse --enable-librsvg --enable-librubberband --enable-libshine --enable-libsnappy --enable-libsoxr --enable-libspeex --enable-libssh --enable-libtheora --enable-libtwolame --enable-libvidstab --enable-libvorbis --enable-libvpx --enable-libwavpack --enable-libwebp --enable-libx265 --enable-libxml2 --enable-libxvid --enable-libzmq --enable-libzvbi --enable-lv2 --enable-omx --enable-openal --enable-opencl --enable-opengl --enable-sdl2 --enable-libdc1394 --enable-libdrm --enable-libiec61883 --enable-nvenc --enable-chromaprint --enable-frei0r --enable-libx264 --enable-shared
  libavutil      56. 31.100 / 56. 31.100
  libavcodec     58. 54.100 / 58. 54.100
  libavformat    58. 29.100 / 58. 29.100
  libavdevice    58.  8.100 / 58.  8.100
  libavfilter     7. 57.100 /  7. 57.100
  libavresample   4.  0.  0 /  4.  0.  0
  libswscale      5.  5.100 /  5.  5.100
  libswresample   3.  5.100 /  3.  5.100
  libpostproc    55.  5.100 / 55.  5.100
[tcp @ 0x55adaeed7c00] Starting connection attempt to 43.199.149.178 port 1935
[tcp @ 0x55adaeed7c00] Successfully connected to 43.199.149.178 port 1935
[h264 @ 0x55adaeedbfc0] Reinit context to 1024x624, pix_fmt: yuv420p
[flv @ 0x55adaeed6980] max_analyze_duration 5000000 reached at 5000000 microseconds st:1
Input #0, flv, from 'rtmp://43.199.149.178/live/front_right':
  Metadata:
    title           : /camera3/rtsp
    comment         : rtsp_image_transport
    encoder         : Lavf58.29.100
    server          : SRS/5.0.213(Bee)
    server_version  : 5.0.213
  Duration: N/A, start: 0.000000, bitrate: N/A
    Stream #0:0: Data: none
    Stream #0:1: Video: h264 (Main), 1 reference frame, yuv420p(progressive, left), 1024x616 (1024x624) [SAR 1:1 DAR 128:77], 30 fps, 10 tbr, 1k tbn, 60 tbc
Unsupported codec with id 0 for input stream 0
[STREAM]
index=0
codec_name=unknown
codec_long_name=unknown
profile=unknown
codec_type=data
codec_tag_string=[0][0][0][0]
codec_tag=0x0000
id=N/A
r_frame_rate=0/0
avg_frame_rate=0/0
time_base=1/1000
start_pts=0
start_time=0.000000
duration_ts=N/A
duration=N/A
bit_rate=N/A
max_bit_rate=N/A
bits_per_raw_sample=N/A
nb_frames=N/A
nb_read_frames=N/A
nb_read_packets=N/A
DISPOSITION:default=0
DISPOSITION:dub=0
DISPOSITION:original=0
DISPOSITION:comment=0
DISPOSITION:lyrics=0
DISPOSITION:karaoke=0
DISPOSITION:forced=0
DISPOSITION:hearing_impaired=0
DISPOSITION:visual_impaired=0
DISPOSITION:clean_effects=0
DISPOSITION:attached_pic=0
DISPOSITION:timed_thumbnails=0
[/STREAM]
[STREAM]
index=1
codec_name=h264
codec_long_name=H.264 / AVC / MPEG-4 AVC / MPEG-4 part 10
profile=Main
codec_type=video
codec_time_base=1/60
codec_tag_string=[0][0][0][0]
codec_tag=0x0000
width=1024
height=616
coded_width=1024
coded_height=624
has_b_frames=0
sample_aspect_ratio=1:1
display_aspect_ratio=128:77
pix_fmt=yuv420p
level=31
color_range=unknown
color_space=unknown
color_transfer=unknown
color_primaries=unknown
chroma_location=left
field_order=progressive
timecode=N/A
refs=1
is_avc=true
nal_length_size=4
id=N/A
r_frame_rate=10/1
avg_frame_rate=30/1
time_base=1/1000
start_pts=10
start_time=0.010000
duration_ts=N/A
duration=N/A
bit_rate=N/A
max_bit_rate=N/A
bits_per_raw_sample=8
nb_frames=N/A
nb_read_frames=N/A
nb_read_packets=N/A
DISPOSITION:default=0
DISPOSITION:dub=0
DISPOSITION:original=0
DISPOSITION:comment=0
DISPOSITION:lyrics=0
DISPOSITION:karaoke=0
DISPOSITION:forced=0
DISPOSITION:hearing_impaired=0
DISPOSITION:visual_impaired=0
DISPOSITION:clean_effects=0
DISPOSITION:attached_pic=0
DISPOSITION:timed_thumbnails=0
[/STREAM]
[FORMAT]
filename=rtmp://43.199.149.178/live/front_right
nb_streams=2
nb_programs=0
format_name=flv
format_long_name=FLV (Flash Video)
start_time=0.000000
duration=N/A
size=N/A
bit_rate=N/A
probe_score=100
TAG:title=/camera3/rtsp
TAG:comment=rtsp_image_transport
TAG:encoder=Lavf58.29.100
TAG:server=SRS/5.0.213(Bee)
TAG:server_version=5.0.213
[/FORMAT]
[AVIOContext @ 0x55adaeed9640] Statistics: 648123 bytes read, 0 seeks
---------------------[ ffprobe Log End ]----------------------
SUMMARY: Status OK. Check passed because ffprobe successfully connected to the stream and retrieved its information (Exit Code: 0).

====================[ End of Check Cycle ]====================

==========================================================
                STREAM STATUS CHECK @ Tuesday, July 22, 2025 AM11:10:30 HKT
==========================================================

------------------[ Checking Stream: front_left ]------------------
URL: rtmp://43.199.149.178/live/front_left
--------------------[ ffprobe Log Start ]---------------------
ffprobe version 4.2.7-0ubuntu0.1 Copyright (c) 2007-2022 the FFmpeg developers
  built with gcc 9 (Ubuntu 9.4.0-1ubuntu1~20.04.1)
  configuration: --prefix=/usr --extra-version=0ubuntu0.1 --toolchain=hardened --libdir=/usr/lib/x86_64-linux-gnu --incdir=/usr/include/x86_64-linux-gnu --arch=amd64 --enable-gpl --disable-stripping --enable-avresample --disable-filter=resample --enable-avisynth --enable-gnutls --enable-ladspa --enable-libaom --enable-libass --enable-libbluray --enable-libbs2b --enable-libcaca --enable-libcdio --enable-libcodec2 --enable-libflite --enable-libfontconfig --enable-libfreetype --enable-libfribidi --enable-libgme --enable-libgsm --enable-libjack --enable-libmp3lame --enable-libmysofa --enable-libopenjpeg --enable-libopenmpt --enable-libopus --enable-libpulse --enable-librsvg --enable-librubberband --enable-libshine --enable-libsnappy --enable-libsoxr --enable-libspeex --enable-libssh --enable-libtheora --enable-libtwolame --enable-libvidstab --enable-libvorbis --enable-libvpx --enable-libwavpack --enable-libwebp --enable-libx265 --enable-libxml2 --enable-libxvid --enable-libzmq --enable-libzvbi --enable-lv2 --enable-omx --enable-openal --enable-opencl --enable-opengl --enable-sdl2 --enable-libdc1394 --enable-libdrm --enable-libiec61883 --enable-nvenc --enable-chromaprint --enable-frei0r --enable-libx264 --enable-shared
  libavutil      56. 31.100 / 56. 31.100
  libavcodec     58. 54.100 / 58. 54.100
  libavformat    58. 29.100 / 58. 29.100
  libavdevice    58.  8.100 / 58.  8.100
  libavfilter     7. 57.100 /  7. 57.100
  libavresample   4.  0.  0 /  4.  0.  0
  libswscale      5.  5.100 /  5.  5.100
  libswresample   3.  5.100 /  3.  5.100
  libpostproc    55.  5.100 / 55.  5.100
[tcp @ 0x55f1fe8c0c00] Starting connection attempt to 43.199.149.178 port 1935
[tcp @ 0x55f1fe8c0c00] Successfully connected to 43.199.149.178 port 1935
[h264 @ 0x55f1fe8c4fc0] Reinit context to 1024x624, pix_fmt: yuv420p
[flv @ 0x55f1fe8bf980] max_analyze_duration 5000000 reached at 5000000 microseconds st:1
Input #0, flv, from 'rtmp://43.199.149.178/live/front_left':
  Metadata:
    title           : /camera5/rtsp
    comment         : rtsp_image_transport
    encoder         : Lavf58.29.100
    server          : SRS/5.0.213(Bee)
    server_version  : 5.0.213
  Duration: N/A, start: 0.000000, bitrate: N/A
    Stream #0:0: Data: none
    Stream #0:1: Video: h264 (Main), 1 reference frame, yuv420p(progressive, left), 1024x616 (1024x624) [SAR 1:1 DAR 128:77], 30 fps, 10 tbr, 1k tbn, 60 tbc
Unsupported codec with id 0 for input stream 0
[STREAM]
index=0
codec_name=unknown
codec_long_name=unknown
profile=unknown
codec_type=data
codec_tag_string=[0][0][0][0]
codec_tag=0x0000
id=N/A
r_frame_rate=0/0
avg_frame_rate=0/0
time_base=1/1000
start_pts=0
start_time=0.000000
duration_ts=N/A
duration=N/A
bit_rate=N/A
max_bit_rate=N/A
bits_per_raw_sample=N/A
nb_frames=N/A
nb_read_frames=N/A
nb_read_packets=N/A
DISPOSITION:default=0
DISPOSITION:dub=0
DISPOSITION:original=0
DISPOSITION:comment=0
DISPOSITION:lyrics=0
DISPOSITION:karaoke=0
DISPOSITION:forced=0
DISPOSITION:hearing_impaired=0
DISPOSITION:visual_impaired=0
DISPOSITION:clean_effects=0
DISPOSITION:attached_pic=0
DISPOSITION:timed_thumbnails=0
[/STREAM]
[STREAM]
index=1
codec_name=h264
codec_long_name=H.264 / AVC / MPEG-4 AVC / MPEG-4 part 10
profile=Main
codec_type=video
codec_time_base=1/60
codec_tag_string=[0][0][0][0]
codec_tag=0x0000
width=1024
height=616
coded_width=1024
coded_height=624
has_b_frames=0
sample_aspect_ratio=1:1
display_aspect_ratio=128:77
pix_fmt=yuv420p
level=31
color_range=unknown
color_space=unknown
color_transfer=unknown
color_primaries=unknown
chroma_location=left
field_order=progressive
timecode=N/A
refs=1
is_avc=true
nal_length_size=4
id=N/A
r_frame_rate=10/1
avg_frame_rate=30/1
time_base=1/1000
start_pts=10
start_time=0.010000
duration_ts=N/A
duration=N/A
bit_rate=N/A
max_bit_rate=N/A
bits_per_raw_sample=8
nb_frames=N/A
nb_read_frames=N/A
nb_read_packets=N/A
DISPOSITION:default=0
DISPOSITION:dub=0
DISPOSITION:original=0
DISPOSITION:comment=0
DISPOSITION:lyrics=0
DISPOSITION:karaoke=0
DISPOSITION:forced=0
DISPOSITION:hearing_impaired=0
DISPOSITION:visual_impaired=0
DISPOSITION:clean_effects=0
DISPOSITION:attached_pic=0
DISPOSITION:timed_thumbnails=0
[/STREAM]
[FORMAT]
filename=rtmp://43.199.149.178/live/front_left
nb_streams=2
nb_programs=0
format_name=flv
format_long_name=FLV (Flash Video)
start_time=0.000000
duration=N/A
size=N/A
bit_rate=N/A
probe_score=100
TAG:title=/camera5/rtsp
TAG:comment=rtsp_image_transport
TAG:encoder=Lavf58.29.100
TAG:server=SRS/5.0.213(Bee)
TAG:server_version=5.0.213
[/FORMAT]
[AVIOContext @ 0x55f1fe8c2640] Statistics: 638013 bytes read, 0 seeks
---------------------[ ffprobe Log End ]----------------------
SUMMARY: Status OK. Check passed because ffprobe successfully connected to the stream and retrieved its information (Exit Code: 0).


------------------[ Checking Stream: front_right ]------------------
URL: rtmp://43.199.149.178/live/front_right
--------------------[ ffprobe Log Start ]---------------------
ffprobe version 4.2.7-0ubuntu0.1 Copyright (c) 2007-2022 the FFmpeg developers
  built with gcc 9 (Ubuntu 9.4.0-1ubuntu1~20.04.1)
  configuration: --prefix=/usr --extra-version=0ubuntu0.1 --toolchain=hardened --libdir=/usr/lib/x86_64-linux-gnu --incdir=/usr/include/x86_64-linux-gnu --arch=amd64 --enable-gpl --disable-stripping --enable-avresample --disable-filter=resample --enable-avisynth --enable-gnutls --enable-ladspa --enable-libaom --enable-libass --enable-libbluray --enable-libbs2b --enable-libcaca --enable-libcdio --enable-libcodec2 --enable-libflite --enable-libfontconfig --enable-libfreetype --enable-libfribidi --enable-libgme --enable-libgsm --enable-libjack --enable-libmp3lame --enable-libmysofa --enable-libopenjpeg --enable-libopenmpt --enable-libopus --enable-libpulse --enable-librsvg --enable-librubberband --enable-libshine --enable-libsnappy --enable-libsoxr --enable-libspeex --enable-libssh --enable-libtheora --enable-libtwolame --enable-libvidstab --enable-libvorbis --enable-libvpx --enable-libwavpack --enable-libwebp --enable-libx265 --enable-libxml2 --enable-libxvid --enable-libzmq --enable-libzvbi --enable-lv2 --enable-omx --enable-openal --enable-opencl --enable-opengl --enable-sdl2 --enable-libdc1394 --enable-libdrm --enable-libiec61883 --enable-nvenc --enable-chromaprint --enable-frei0r --enable-libx264 --enable-shared
  libavutil      56. 31.100 / 56. 31.100
  libavcodec     58. 54.100 / 58. 54.100
  libavformat    58. 29.100 / 58. 29.100
  libavdevice    58.  8.100 / 58.  8.100
  libavfilter     7. 57.100 /  7. 57.100
  libavresample   4.  0.  0 /  4.  0.  0
  libswscale      5.  5.100 /  5.  5.100
  libswresample   3.  5.100 /  3.  5.100
  libpostproc    55.  5.100 / 55.  5.100
[tcp @ 0x5637a5e1dc00] Starting connection attempt to 43.199.149.178 port 1935
[tcp @ 0x5637a5e1dc00] Successfully connected to 43.199.149.178 port 1935
[h264 @ 0x5637a5e21fc0] Reinit context to 1024x624, pix_fmt: yuv420p
[flv @ 0x5637a5e1c980] max_analyze_duration 5000000 reached at 5000000 microseconds st:1
Input #0, flv, from 'rtmp://43.199.149.178/live/front_right':
  Metadata:
    title           : /camera3/rtsp
    comment         : rtsp_image_transport
    encoder         : Lavf58.29.100
    server          : SRS/5.0.213(Bee)
    server_version  : 5.0.213
  Duration: N/A, start: 0.000000, bitrate: N/A
    Stream #0:0: Data: none
    Stream #0:1: Video: h264 (Main), 1 reference frame, yuv420p(progressive, left), 1024x616 (1024x624) [SAR 1:1 DAR 128:77], 30 fps, 10 tbr, 1k tbn, 60 tbc
Unsupported codec with id 0 for input stream 0
[STREAM]
index=0
codec_name=unknown
codec_long_name=unknown
profile=unknown
codec_type=data
codec_tag_string=[0][0][0][0]
codec_tag=0x0000
id=N/A
r_frame_rate=0/0
avg_frame_rate=0/0
time_base=1/1000
start_pts=0
start_time=0.000000
duration_ts=N/A
duration=N/A
bit_rate=N/A
max_bit_rate=N/A
bits_per_raw_sample=N/A
nb_frames=N/A
nb_read_frames=N/A
nb_read_packets=N/A
DISPOSITION:default=0
DISPOSITION:dub=0
DISPOSITION:original=0
DISPOSITION:comment=0
DISPOSITION:lyrics=0
DISPOSITION:karaoke=0
DISPOSITION:forced=0
DISPOSITION:hearing_impaired=0
DISPOSITION:visual_impaired=0
DISPOSITION:clean_effects=0
DISPOSITION:attached_pic=0
DISPOSITION:timed_thumbnails=0
[/STREAM]
[STREAM]
index=1
codec_name=h264
codec_long_name=H.264 / AVC / MPEG-4 AVC / MPEG-4 part 10
profile=Main
codec_type=video
codec_time_base=1/60
codec_tag_string=[0][0][0][0]
codec_tag=0x0000
width=1024
height=616
coded_width=1024
coded_height=624
has_b_frames=0
sample_aspect_ratio=1:1
display_aspect_ratio=128:77
pix_fmt=yuv420p
level=31
color_range=unknown
color_space=unknown
color_transfer=unknown
color_primaries=unknown
chroma_location=left
field_order=progressive
timecode=N/A
refs=1
is_avc=true
nal_length_size=4
id=N/A
r_frame_rate=10/1
avg_frame_rate=30/1
time_base=1/1000
start_pts=10
start_time=0.010000
duration_ts=N/A
duration=N/A
bit_rate=N/A
max_bit_rate=N/A
bits_per_raw_sample=8
nb_frames=N/A
nb_read_frames=N/A
nb_read_packets=N/A
DISPOSITION:default=0
DISPOSITION:dub=0
DISPOSITION:original=0
DISPOSITION:comment=0
DISPOSITION:lyrics=0
DISPOSITION:karaoke=0
DISPOSITION:forced=0
DISPOSITION:hearing_impaired=0
DISPOSITION:visual_impaired=0
DISPOSITION:clean_effects=0
DISPOSITION:attached_pic=0
DISPOSITION:timed_thumbnails=0
[/STREAM]
[FORMAT]
filename=rtmp://43.199.149.178/live/front_right
nb_streams=2
nb_programs=0
format_name=flv
format_long_name=FLV (Flash Video)
start_time=0.000000
duration=N/A
size=N/A
bit_rate=N/A
probe_score=100
TAG:title=/camera3/rtsp
TAG:comment=rtsp_image_transport
TAG:encoder=Lavf58.29.100
TAG:server=SRS/5.0.213(Bee)
TAG:server_version=5.0.213
[/FORMAT]
[AVIOContext @ 0x5637a5e1f640] Statistics: 596743 bytes read, 0 seeks
---------------------[ ffprobe Log End ]----------------------
SUMMARY: Status OK. Check passed because ffprobe successfully connected to the stream and retrieved its information (Exit Code: 0).

====================[ End of Check Cycle ]====================

==========================================================
                STREAM STATUS CHECK @ Tuesday, July 22, 2025 AM11:12:00 HKT
==========================================================

------------------[ Checking Stream: front_left ]------------------
URL: rtmp://43.199.149.178/live/front_left
--------------------[ ffprobe Log Start ]---------------------
ffprobe version 4.2.7-0ubuntu0.1 Copyright (c) 2007-2022 the FFmpeg developers
  built with gcc 9 (Ubuntu 9.4.0-1ubuntu1~20.04.1)
  configuration: --prefix=/usr --extra-version=0ubuntu0.1 --toolchain=hardened --libdir=/usr/lib/x86_64-linux-gnu --incdir=/usr/include/x86_64-linux-gnu --arch=amd64 --enable-gpl --disable-stripping --enable-avresample --disable-filter=resample --enable-avisynth --enable-gnutls --enable-ladspa --enable-libaom --enable-libass --enable-libbluray --enable-libbs2b --enable-libcaca --enable-libcdio --enable-libcodec2 --enable-libflite --enable-libfontconfig --enable-libfreetype --enable-libfribidi --enable-libgme --enable-libgsm --enable-libjack --enable-libmp3lame --enable-libmysofa --enable-libopenjpeg --enable-libopenmpt --enable-libopus --enable-libpulse --enable-librsvg --enable-librubberband --enable-libshine --enable-libsnappy --enable-libsoxr --enable-libspeex --enable-libssh --enable-libtheora --enable-libtwolame --enable-libvidstab --enable-libvorbis --enable-libvpx --enable-libwavpack --enable-libwebp --enable-libx265 --enable-libxml2 --enable-libxvid --enable-libzmq --enable-libzvbi --enable-lv2 --enable-omx --enable-openal --enable-opencl --enable-opengl --enable-sdl2 --enable-libdc1394 --enable-libdrm --enable-libiec61883 --enable-nvenc --enable-chromaprint --enable-frei0r --enable-libx264 --enable-shared
  libavutil      56. 31.100 / 56. 31.100
  libavcodec     58. 54.100 / 58. 54.100
  libavformat    58. 29.100 / 58. 29.100
  libavdevice    58.  8.100 / 58.  8.100
  libavfilter     7. 57.100 /  7. 57.100
  libavresample   4.  0.  0 /  4.  0.  0
  libswscale      5.  5.100 /  5.  5.100
  libswresample   3.  5.100 /  3.  5.100
  libpostproc    55.  5.100 / 55.  5.100
[tcp @ 0x564b510fac00] Starting connection attempt to 43.199.149.178 port 1935
[tcp @ 0x564b510fac00] Successfully connected to 43.199.149.178 port 1935
[h264 @ 0x564b510fefc0] Reinit context to 1024x624, pix_fmt: yuv420p
[flv @ 0x564b510f9980] max_analyze_duration 5000000 reached at 5000000 microseconds st:1
Input #0, flv, from 'rtmp://43.199.149.178/live/front_left':
  Metadata:
    title           : /camera5/rtsp
    comment         : rtsp_image_transport
    encoder         : Lavf58.29.100
    server          : SRS/5.0.213(Bee)
    server_version  : 5.0.213
  Duration: N/A, start: 0.000000, bitrate: N/A
    Stream #0:0: Data: none
    Stream #0:1: Video: h264 (Main), 1 reference frame, yuv420p(progressive, left), 1024x616 (1024x624) [SAR 1:1 DAR 128:77], 30 fps, 10 tbr, 1k tbn, 60 tbc
Unsupported codec with id 0 for input stream 0
[STREAM]
index=0
codec_name=unknown
codec_long_name=unknown
profile=unknown
codec_type=data
codec_tag_string=[0][0][0][0]
codec_tag=0x0000
id=N/A
r_frame_rate=0/0
avg_frame_rate=0/0
time_base=1/1000
start_pts=0
start_time=0.000000
duration_ts=N/A
duration=N/A
bit_rate=N/A
max_bit_rate=N/A
bits_per_raw_sample=N/A
nb_frames=N/A
nb_read_frames=N/A
nb_read_packets=N/A
DISPOSITION:default=0
DISPOSITION:dub=0
DISPOSITION:original=0
DISPOSITION:comment=0
DISPOSITION:lyrics=0
DISPOSITION:karaoke=0
DISPOSITION:forced=0
DISPOSITION:hearing_impaired=0
DISPOSITION:visual_impaired=0
DISPOSITION:clean_effects=0
DISPOSITION:attached_pic=0
DISPOSITION:timed_thumbnails=0
[/STREAM]
[STREAM]
index=1
codec_name=h264
codec_long_name=H.264 / AVC / MPEG-4 AVC / MPEG-4 part 10
profile=Main
codec_type=video
codec_time_base=1/60
codec_tag_string=[0][0][0][0]
codec_tag=0x0000
width=1024
height=616
coded_width=1024
coded_height=624
has_b_frames=0
sample_aspect_ratio=1:1
display_aspect_ratio=128:77
pix_fmt=yuv420p
level=31
color_range=unknown
color_space=unknown
color_transfer=unknown
color_primaries=unknown
chroma_location=left
field_order=progressive
timecode=N/A
refs=1
is_avc=true
nal_length_size=4
id=N/A
r_frame_rate=10/1
avg_frame_rate=30/1
time_base=1/1000
start_pts=10
start_time=0.010000
duration_ts=N/A
duration=N/A
bit_rate=N/A
max_bit_rate=N/A
bits_per_raw_sample=8
nb_frames=N/A
nb_read_frames=N/A
nb_read_packets=N/A
DISPOSITION:default=0
DISPOSITION:dub=0
DISPOSITION:original=0
DISPOSITION:comment=0
DISPOSITION:lyrics=0
DISPOSITION:karaoke=0
DISPOSITION:forced=0
DISPOSITION:hearing_impaired=0
DISPOSITION:visual_impaired=0
DISPOSITION:clean_effects=0
DISPOSITION:attached_pic=0
DISPOSITION:timed_thumbnails=0
[/STREAM]
[FORMAT]
filename=rtmp://43.199.149.178/live/front_left
nb_streams=2
nb_programs=0
format_name=flv
format_long_name=FLV (Flash Video)
start_time=0.000000
duration=N/A
size=N/A
bit_rate=N/A
probe_score=100
TAG:title=/camera5/rtsp
TAG:comment=rtsp_image_transport
TAG:encoder=Lavf58.29.100
TAG:server=SRS/5.0.213(Bee)
TAG:server_version=5.0.213
[/FORMAT]
[AVIOContext @ 0x564b510fc640] Statistics: 644707 bytes read, 0 seeks
---------------------[ ffprobe Log End ]----------------------
SUMMARY: Status OK. Check passed because ffprobe successfully connected to the stream and retrieved its information (Exit Code: 0).


------------------[ Checking Stream: front_right ]------------------
URL: rtmp://43.199.149.178/live/front_right
--------------------[ ffprobe Log Start ]---------------------
ffprobe version 4.2.7-0ubuntu0.1 Copyright (c) 2007-2022 the FFmpeg developers
  built with gcc 9 (Ubuntu 9.4.0-1ubuntu1~20.04.1)
  configuration: --prefix=/usr --extra-version=0ubuntu0.1 --toolchain=hardened --libdir=/usr/lib/x86_64-linux-gnu --incdir=/usr/include/x86_64-linux-gnu --arch=amd64 --enable-gpl --disable-stripping --enable-avresample --disable-filter=resample --enable-avisynth --enable-gnutls --enable-ladspa --enable-libaom --enable-libass --enable-libbluray --enable-libbs2b --enable-libcaca --enable-libcdio --enable-libcodec2 --enable-libflite --enable-libfontconfig --enable-libfreetype --enable-libfribidi --enable-libgme --enable-libgsm --enable-libjack --enable-libmp3lame --enable-libmysofa --enable-libopenjpeg --enable-libopenmpt --enable-libopus --enable-libpulse --enable-librsvg --enable-librubberband --enable-libshine --enable-libsnappy --enable-libsoxr --enable-libspeex --enable-libssh --enable-libtheora --enable-libtwolame --enable-libvidstab --enable-libvorbis --enable-libvpx --enable-libwavpack --enable-libwebp --enable-libx265 --enable-libxml2 --enable-libxvid --enable-libzmq --enable-libzvbi --enable-lv2 --enable-omx --enable-openal --enable-opencl --enable-opengl --enable-sdl2 --enable-libdc1394 --enable-libdrm --enable-libiec61883 --enable-nvenc --enable-chromaprint --enable-frei0r --enable-libx264 --enable-shared
  libavutil      56. 31.100 / 56. 31.100
  libavcodec     58. 54.100 / 58. 54.100
  libavformat    58. 29.100 / 58. 29.100
  libavdevice    58.  8.100 / 58.  8.100
  libavfilter     7. 57.100 /  7. 57.100
  libavresample   4.  0.  0 /  4.  0.  0
  libswscale      5.  5.100 /  5.  5.100
  libswresample   3.  5.100 /  3.  5.100
  libpostproc    55.  5.100 / 55.  5.100
[tcp @ 0x55a3fa28bc00] Starting connection attempt to 43.199.149.178 port 1935
[tcp @ 0x55a3fa28bc00] Successfully connected to 43.199.149.178 port 1935
[h264 @ 0x55a3fa28ffc0] Reinit context to 1024x624, pix_fmt: yuv420p
[flv @ 0x55a3fa28a980] max_analyze_duration 5000000 reached at 5000000 microseconds st:1
Input #0, flv, from 'rtmp://43.199.149.178/live/front_right':
  Metadata:
    title           : /camera3/rtsp
    comment         : rtsp_image_transport
    encoder         : Lavf58.29.100
    server          : SRS/5.0.213(Bee)
    server_version  : 5.0.213
  Duration: N/A, start: 0.000000, bitrate: N/A
    Stream #0:0: Data: none
    Stream #0:1: Video: h264 (Main), 1 reference frame, yuv420p(progressive, left), 1024x616 (1024x624) [SAR 1:1 DAR 128:77], 30 fps, 10 tbr, 1k tbn, 60 tbc
Unsupported codec with id 0 for input stream 0
[STREAM]
index=0
codec_name=unknown
codec_long_name=unknown
profile=unknown
codec_type=data
codec_tag_string=[0][0][0][0]
codec_tag=0x0000
id=N/A
r_frame_rate=0/0
avg_frame_rate=0/0
time_base=1/1000
start_pts=0
start_time=0.000000
duration_ts=N/A
duration=N/A
bit_rate=N/A
max_bit_rate=N/A
bits_per_raw_sample=N/A
nb_frames=N/A
nb_read_frames=N/A
nb_read_packets=N/A
DISPOSITION:default=0
DISPOSITION:dub=0
DISPOSITION:original=0
DISPOSITION:comment=0
DISPOSITION:lyrics=0
DISPOSITION:karaoke=0
DISPOSITION:forced=0
DISPOSITION:hearing_impaired=0
DISPOSITION:visual_impaired=0
DISPOSITION:clean_effects=0
DISPOSITION:attached_pic=0
DISPOSITION:timed_thumbnails=0
[/STREAM]
[STREAM]
index=1
codec_name=h264
codec_long_name=H.264 / AVC / MPEG-4 AVC / MPEG-4 part 10
profile=Main
codec_type=video
codec_time_base=1/60
codec_tag_string=[0][0][0][0]
codec_tag=0x0000
width=1024
height=616
coded_width=1024
coded_height=624
has_b_frames=0
sample_aspect_ratio=1:1
display_aspect_ratio=128:77
pix_fmt=yuv420p
level=31
color_range=unknown
color_space=unknown
color_transfer=unknown
color_primaries=unknown
chroma_location=left
field_order=progressive
timecode=N/A
refs=1
is_avc=true
nal_length_size=4
id=N/A
r_frame_rate=10/1
avg_frame_rate=30/1
time_base=1/1000
start_pts=10
start_time=0.010000
duration_ts=N/A
duration=N/A
bit_rate=N/A
max_bit_rate=N/A
bits_per_raw_sample=8
nb_frames=N/A
nb_read_frames=N/A
nb_read_packets=N/A
DISPOSITION:default=0
DISPOSITION:dub=0
DISPOSITION:original=0
DISPOSITION:comment=0
DISPOSITION:lyrics=0
DISPOSITION:karaoke=0
DISPOSITION:forced=0
DISPOSITION:hearing_impaired=0
DISPOSITION:visual_impaired=0
DISPOSITION:clean_effects=0
DISPOSITION:attached_pic=0
DISPOSITION:timed_thumbnails=0
[/STREAM]
[FORMAT]
filename=rtmp://43.199.149.178/live/front_right
nb_streams=2
nb_programs=0
format_name=flv
format_long_name=FLV (Flash Video)
start_time=0.000000
duration=N/A
size=N/A
bit_rate=N/A
probe_score=100
TAG:title=/camera3/rtsp
TAG:comment=rtsp_image_transport
TAG:encoder=Lavf58.29.100
TAG:server=SRS/5.0.213(Bee)
TAG:server_version=5.0.213
[/FORMAT]
[AVIOContext @ 0x55a3fa28d640] Statistics: 669323 bytes read, 0 seeks
---------------------[ ffprobe Log End ]----------------------
SUMMARY: Status OK. Check passed because ffprobe successfully connected to the stream and retrieved its information (Exit Code: 0).

====================[ End of Check Cycle ]====================

==========================================================
                STREAM STATUS CHECK @ Tuesday, July 22, 2025 AM11:13:30 HKT
==========================================================

------------------[ Checking Stream: front_left ]------------------
URL: rtmp://43.199.149.178/live/front_left
--------------------[ ffprobe Log Start ]---------------------
ffprobe version 4.2.7-0ubuntu0.1 Copyright (c) 2007-2022 the FFmpeg developers
  built with gcc 9 (Ubuntu 9.4.0-1ubuntu1~20.04.1)
  configuration: --prefix=/usr --extra-version=0ubuntu0.1 --toolchain=hardened --libdir=/usr/lib/x86_64-linux-gnu --incdir=/usr/include/x86_64-linux-gnu --arch=amd64 --enable-gpl --disable-stripping --enable-avresample --disable-filter=resample --enable-avisynth --enable-gnutls --enable-ladspa --enable-libaom --enable-libass --enable-libbluray --enable-libbs2b --enable-libcaca --enable-libcdio --enable-libcodec2 --enable-libflite --enable-libfontconfig --enable-libfreetype --enable-libfribidi --enable-libgme --enable-libgsm --enable-libjack --enable-libmp3lame --enable-libmysofa --enable-libopenjpeg --enable-libopenmpt --enable-libopus --enable-libpulse --enable-librsvg --enable-librubberband --enable-libshine --enable-libsnappy --enable-libsoxr --enable-libspeex --enable-libssh --enable-libtheora --enable-libtwolame --enable-libvidstab --enable-libvorbis --enable-libvpx --enable-libwavpack --enable-libwebp --enable-libx265 --enable-libxml2 --enable-libxvid --enable-libzmq --enable-libzvbi --enable-lv2 --enable-omx --enable-openal --enable-opencl --enable-opengl --enable-sdl2 --enable-libdc1394 --enable-libdrm --enable-libiec61883 --enable-nvenc --enable-chromaprint --enable-frei0r --enable-libx264 --enable-shared
  libavutil      56. 31.100 / 56. 31.100
  libavcodec     58. 54.100 / 58. 54.100
  libavformat    58. 29.100 / 58. 29.100
  libavdevice    58.  8.100 / 58.  8.100
  libavfilter     7. 57.100 /  7. 57.100
  libavresample   4.  0.  0 /  4.  0.  0
  libswscale      5.  5.100 /  5.  5.100
  libswresample   3.  5.100 /  3.  5.100
  libpostproc    55.  5.100 / 55.  5.100
[tcp @ 0x56332b2a6c00] Starting connection attempt to 43.199.149.178 port 1935
[tcp @ 0x56332b2a6c00] Successfully connected to 43.199.149.178 port 1935
[h264 @ 0x56332b2aafc0] Reinit context to 1024x624, pix_fmt: yuv420p
[flv @ 0x56332b2a5980] max_analyze_duration 5000000 reached at 5000000 microseconds st:1
Input #0, flv, from 'rtmp://43.199.149.178/live/front_left':
  Metadata:
    title           : /camera5/rtsp
    comment         : rtsp_image_transport
    encoder         : Lavf58.29.100
    server          : SRS/5.0.213(Bee)
    server_version  : 5.0.213
  Duration: N/A, start: 0.000000, bitrate: N/A
    Stream #0:0: Data: none
    Stream #0:1: Video: h264 (Main), 1 reference frame, yuv420p(progressive, left), 1024x616 (1024x624) [SAR 1:1 DAR 128:77], 30 fps, 10 tbr, 1k tbn, 60 tbc
Unsupported codec with id 0 for input stream 0
[STREAM]
index=0
codec_name=unknown
codec_long_name=unknown
profile=unknown
codec_type=data
codec_tag_string=[0][0][0][0]
codec_tag=0x0000
id=N/A
r_frame_rate=0/0
avg_frame_rate=0/0
time_base=1/1000
start_pts=0
start_time=0.000000
duration_ts=N/A
duration=N/A
bit_rate=N/A
max_bit_rate=N/A
bits_per_raw_sample=N/A
nb_frames=N/A
nb_read_frames=N/A
nb_read_packets=N/A
DISPOSITION:default=0
DISPOSITION:dub=0
DISPOSITION:original=0
DISPOSITION:comment=0
DISPOSITION:lyrics=0
DISPOSITION:karaoke=0
DISPOSITION:forced=0
DISPOSITION:hearing_impaired=0
DISPOSITION:visual_impaired=0
DISPOSITION:clean_effects=0
DISPOSITION:attached_pic=0
DISPOSITION:timed_thumbnails=0
[/STREAM]
[STREAM]
index=1
codec_name=h264
codec_long_name=H.264 / AVC / MPEG-4 AVC / MPEG-4 part 10
profile=Main
codec_type=video
codec_time_base=1/60
codec_tag_string=[0][0][0][0]
codec_tag=0x0000
width=1024
height=616
coded_width=1024
coded_height=624
has_b_frames=0
sample_aspect_ratio=1:1
display_aspect_ratio=128:77
pix_fmt=yuv420p
level=31
color_range=unknown
color_space=unknown
color_transfer=unknown
color_primaries=unknown
chroma_location=left
field_order=progressive
timecode=N/A
refs=1
is_avc=true
nal_length_size=4
id=N/A
r_frame_rate=10/1
avg_frame_rate=30/1
time_base=1/1000
start_pts=10
start_time=0.010000
duration_ts=N/A
duration=N/A
bit_rate=N/A
max_bit_rate=N/A
bits_per_raw_sample=8
nb_frames=N/A
nb_read_frames=N/A
nb_read_packets=N/A
DISPOSITION:default=0
DISPOSITION:dub=0
DISPOSITION:original=0
DISPOSITION:comment=0
DISPOSITION:lyrics=0
DISPOSITION:karaoke=0
DISPOSITION:forced=0
DISPOSITION:hearing_impaired=0
DISPOSITION:visual_impaired=0
DISPOSITION:clean_effects=0
DISPOSITION:attached_pic=0
DISPOSITION:timed_thumbnails=0
[/STREAM]
[FORMAT]
filename=rtmp://43.199.149.178/live/front_left
nb_streams=2
nb_programs=0
format_name=flv
format_long_name=FLV (Flash Video)
start_time=0.000000
duration=N/A
size=N/A
bit_rate=N/A
probe_score=100
TAG:title=/camera5/rtsp
TAG:comment=rtsp_image_transport
TAG:encoder=Lavf58.29.100
TAG:server=SRS/5.0.213(Bee)
TAG:server_version=5.0.213
[/FORMAT]
[AVIOContext @ 0x56332b2a8640] Statistics: 677182 bytes read, 0 seeks
---------------------[ ffprobe Log End ]----------------------
SUMMARY: Status OK. Check passed because ffprobe successfully connected to the stream and retrieved its information (Exit Code: 0).


------------------[ Checking Stream: front_right ]------------------
URL: rtmp://43.199.149.178/live/front_right
--------------------[ ffprobe Log Start ]---------------------
ffprobe version 4.2.7-0ubuntu0.1 Copyright (c) 2007-2022 the FFmpeg developers
  built with gcc 9 (Ubuntu 9.4.0-1ubuntu1~20.04.1)
  configuration: --prefix=/usr --extra-version=0ubuntu0.1 --toolchain=hardened --libdir=/usr/lib/x86_64-linux-gnu --incdir=/usr/include/x86_64-linux-gnu --arch=amd64 --enable-gpl --disable-stripping --enable-avresample --disable-filter=resample --enable-avisynth --enable-gnutls --enable-ladspa --enable-libaom --enable-libass --enable-libbluray --enable-libbs2b --enable-libcaca --enable-libcdio --enable-libcodec2 --enable-libflite --enable-libfontconfig --enable-libfreetype --enable-libfribidi --enable-libgme --enable-libgsm --enable-libjack --enable-libmp3lame --enable-libmysofa --enable-libopenjpeg --enable-libopenmpt --enable-libopus --enable-libpulse --enable-librsvg --enable-librubberband --enable-libshine --enable-libsnappy --enable-libsoxr --enable-libspeex --enable-libssh --enable-libtheora --enable-libtwolame --enable-libvidstab --enable-libvorbis --enable-libvpx --enable-libwavpack --enable-libwebp --enable-libx265 --enable-libxml2 --enable-libxvid --enable-libzmq --enable-libzvbi --enable-lv2 --enable-omx --enable-openal --enable-opencl --enable-opengl --enable-sdl2 --enable-libdc1394 --enable-libdrm --enable-libiec61883 --enable-nvenc --enable-chromaprint --enable-frei0r --enable-libx264 --enable-shared
  libavutil      56. 31.100 / 56. 31.100
  libavcodec     58. 54.100 / 58. 54.100
  libavformat    58. 29.100 / 58. 29.100
  libavdevice    58.  8.100 / 58.  8.100
  libavfilter     7. 57.100 /  7. 57.100
  libavresample   4.  0.  0 /  4.  0.  0
  libswscale      5.  5.100 /  5.  5.100
  libswresample   3.  5.100 /  3.  5.100
  libpostproc    55.  5.100 / 55.  5.100
[tcp @ 0x5606ee3e0c00] Starting connection attempt to 43.199.149.178 port 1935
[tcp @ 0x5606ee3e0c00] Successfully connected to 43.199.149.178 port 1935
[h264 @ 0x5606ee3e4fc0] Reinit context to 1024x624, pix_fmt: yuv420p
[flv @ 0x5606ee3df980] max_analyze_duration 5000000 reached at 5000000 microseconds st:1
Input #0, flv, from 'rtmp://43.199.149.178/live/front_right':
  Metadata:
    title           : /camera3/rtsp
    comment         : rtsp_image_transport
    encoder         : Lavf58.29.100
    server          : SRS/5.0.213(Bee)
    server_version  : 5.0.213
  Duration: N/A, start: 0.000000, bitrate: N/A
    Stream #0:0: Data: none
    Stream #0:1: Video: h264 (Main), 1 reference frame, yuv420p(progressive, left), 1024x616 (1024x624) [SAR 1:1 DAR 128:77], 30 fps, 10 tbr, 1k tbn, 60 tbc
Unsupported codec with id 0 for input stream 0
[STREAM]
index=0
codec_name=unknown
codec_long_name=unknown
profile=unknown
codec_type=data
codec_tag_string=[0][0][0][0]
codec_tag=0x0000
id=N/A
r_frame_rate=0/0
avg_frame_rate=0/0
time_base=1/1000
start_pts=0
start_time=0.000000
duration_ts=N/A
duration=N/A
bit_rate=N/A
max_bit_rate=N/A
bits_per_raw_sample=N/A
nb_frames=N/A
nb_read_frames=N/A
nb_read_packets=N/A
DISPOSITION:default=0
DISPOSITION:dub=0
DISPOSITION:original=0
DISPOSITION:comment=0
DISPOSITION:lyrics=0
DISPOSITION:karaoke=0
DISPOSITION:forced=0
DISPOSITION:hearing_impaired=0
DISPOSITION:visual_impaired=0
DISPOSITION:clean_effects=0
DISPOSITION:attached_pic=0
DISPOSITION:timed_thumbnails=0
[/STREAM]
[STREAM]
index=1
codec_name=h264
codec_long_name=H.264 / AVC / MPEG-4 AVC / MPEG-4 part 10
profile=Main
codec_type=video
codec_time_base=1/60
codec_tag_string=[0][0][0][0]
codec_tag=0x0000
width=1024
height=616
coded_width=1024
coded_height=624
has_b_frames=0
sample_aspect_ratio=1:1
display_aspect_ratio=128:77
pix_fmt=yuv420p
level=31
color_range=unknown
color_space=unknown
color_transfer=unknown
color_primaries=unknown
chroma_location=left
field_order=progressive
timecode=N/A
refs=1
is_avc=true
nal_length_size=4
id=N/A
r_frame_rate=10/1
avg_frame_rate=30/1
time_base=1/1000
start_pts=10
start_time=0.010000
duration_ts=N/A
duration=N/A
bit_rate=N/A
max_bit_rate=N/A
bits_per_raw_sample=8
nb_frames=N/A
nb_read_frames=N/A
nb_read_packets=N/A
DISPOSITION:default=0
DISPOSITION:dub=0
DISPOSITION:original=0
DISPOSITION:comment=0
DISPOSITION:lyrics=0
DISPOSITION:karaoke=0
DISPOSITION:forced=0
DISPOSITION:hearing_impaired=0
DISPOSITION:visual_impaired=0
DISPOSITION:clean_effects=0
DISPOSITION:attached_pic=0
DISPOSITION:timed_thumbnails=0
[/STREAM]
[FORMAT]
filename=rtmp://43.199.149.178/live/front_right
nb_streams=2
nb_programs=0
format_name=flv
format_long_name=FLV (Flash Video)
start_time=0.000000
duration=N/A
size=N/A
bit_rate=N/A
probe_score=100
TAG:title=/camera3/rtsp
TAG:comment=rtsp_image_transport
TAG:encoder=Lavf58.29.100
TAG:server=SRS/5.0.213(Bee)
TAG:server_version=5.0.213
[/FORMAT]
[AVIOContext @ 0x5606ee3e2640] Statistics: 644403 bytes read, 0 seeks
---------------------[ ffprobe Log End ]----------------------
SUMMARY: Status OK. Check passed because ffprobe successfully connected to the stream and retrieved its information (Exit Code: 0).

====================[ End of Check Cycle ]====================

==========================================================
                STREAM STATUS CHECK @ Tuesday, July 22, 2025 AM11:15:00 HKT
==========================================================

------------------[ Checking Stream: front_left ]------------------
URL: rtmp://43.199.149.178/live/front_left
--------------------[ ffprobe Log Start ]---------------------
ffprobe version 4.2.7-0ubuntu0.1 Copyright (c) 2007-2022 the FFmpeg developers
  built with gcc 9 (Ubuntu 9.4.0-1ubuntu1~20.04.1)
  configuration: --prefix=/usr --extra-version=0ubuntu0.1 --toolchain=hardened --libdir=/usr/lib/x86_64-linux-gnu --incdir=/usr/include/x86_64-linux-gnu --arch=amd64 --enable-gpl --disable-stripping --enable-avresample --disable-filter=resample --enable-avisynth --enable-gnutls --enable-ladspa --enable-libaom --enable-libass --enable-libbluray --enable-libbs2b --enable-libcaca --enable-libcdio --enable-libcodec2 --enable-libflite --enable-libfontconfig --enable-libfreetype --enable-libfribidi --enable-libgme --enable-libgsm --enable-libjack --enable-libmp3lame --enable-libmysofa --enable-libopenjpeg --enable-libopenmpt --enable-libopus --enable-libpulse --enable-librsvg --enable-librubberband --enable-libshine --enable-libsnappy --enable-libsoxr --enable-libspeex --enable-libssh --enable-libtheora --enable-libtwolame --enable-libvidstab --enable-libvorbis --enable-libvpx --enable-libwavpack --enable-libwebp --enable-libx265 --enable-libxml2 --enable-libxvid --enable-libzmq --enable-libzvbi --enable-lv2 --enable-omx --enable-openal --enable-opencl --enable-opengl --enable-sdl2 --enable-libdc1394 --enable-libdrm --enable-libiec61883 --enable-nvenc --enable-chromaprint --enable-frei0r --enable-libx264 --enable-shared
  libavutil      56. 31.100 / 56. 31.100
  libavcodec     58. 54.100 / 58. 54.100
  libavformat    58. 29.100 / 58. 29.100
  libavdevice    58.  8.100 / 58.  8.100
  libavfilter     7. 57.100 /  7. 57.100
  libavresample   4.  0.  0 /  4.  0.  0
  libswscale      5.  5.100 /  5.  5.100
  libswresample   3.  5.100 /  3.  5.100
  libpostproc    55.  5.100 / 55.  5.100
[tcp @ 0x55ff12a02c00] Starting connection attempt to 43.199.149.178 port 1935
[tcp @ 0x55ff12a02c00] Successfully connected to 43.199.149.178 port 1935
[h264 @ 0x55ff12a06fc0] Reinit context to 1024x624, pix_fmt: yuv420p
[flv @ 0x55ff12a01980] max_analyze_duration 5000000 reached at 5000000 microseconds st:1
Input #0, flv, from 'rtmp://43.199.149.178/live/front_left':
  Metadata:
    title           : /camera5/rtsp
    comment         : rtsp_image_transport
    encoder         : Lavf58.29.100
    server          : SRS/5.0.213(Bee)
    server_version  : 5.0.213
  Duration: N/A, start: 0.000000, bitrate: N/A
    Stream #0:0: Data: none
    Stream #0:1: Video: h264 (Main), 1 reference frame, yuv420p(progressive, left), 1024x616 (1024x624) [SAR 1:1 DAR 128:77], 30 fps, 10 tbr, 1k tbn, 60 tbc
Unsupported codec with id 0 for input stream 0
[STREAM]
index=0
codec_name=unknown
codec_long_name=unknown
profile=unknown
codec_type=data
codec_tag_string=[0][0][0][0]
codec_tag=0x0000
id=N/A
r_frame_rate=0/0
avg_frame_rate=0/0
time_base=1/1000
start_pts=0
start_time=0.000000
duration_ts=N/A
duration=N/A
bit_rate=N/A
max_bit_rate=N/A
bits_per_raw_sample=N/A
nb_frames=N/A
nb_read_frames=N/A
nb_read_packets=N/A
DISPOSITION:default=0
DISPOSITION:dub=0
DISPOSITION:original=0
DISPOSITION:comment=0
DISPOSITION:lyrics=0
DISPOSITION:karaoke=0
DISPOSITION:forced=0
DISPOSITION:hearing_impaired=0
DISPOSITION:visual_impaired=0
DISPOSITION:clean_effects=0
DISPOSITION:attached_pic=0
DISPOSITION:timed_thumbnails=0
[/STREAM]
[STREAM]
index=1
codec_name=h264
codec_long_name=H.264 / AVC / MPEG-4 AVC / MPEG-4 part 10
profile=Main
codec_type=video
codec_time_base=1/60
codec_tag_string=[0][0][0][0]
codec_tag=0x0000
width=1024
height=616
coded_width=1024
coded_height=624
has_b_frames=0
sample_aspect_ratio=1:1
display_aspect_ratio=128:77
pix_fmt=yuv420p
level=31
color_range=unknown
color_space=unknown
color_transfer=unknown
color_primaries=unknown
chroma_location=left
field_order=progressive
timecode=N/A
refs=1
is_avc=true
nal_length_size=4
id=N/A
r_frame_rate=10/1
avg_frame_rate=30/1
time_base=1/1000
start_pts=10
start_time=0.010000
duration_ts=N/A
duration=N/A
bit_rate=N/A
max_bit_rate=N/A
bits_per_raw_sample=8
nb_frames=N/A
nb_read_frames=N/A
nb_read_packets=N/A
DISPOSITION:default=0
DISPOSITION:dub=0
DISPOSITION:original=0
DISPOSITION:comment=0
DISPOSITION:lyrics=0
DISPOSITION:karaoke=0
DISPOSITION:forced=0
DISPOSITION:hearing_impaired=0
DISPOSITION:visual_impaired=0
DISPOSITION:clean_effects=0
DISPOSITION:attached_pic=0
DISPOSITION:timed_thumbnails=0
[/STREAM]
[FORMAT]
filename=rtmp://43.199.149.178/live/front_left
nb_streams=2
nb_programs=0
format_name=flv
format_long_name=FLV (Flash Video)
start_time=0.000000
duration=N/A
size=N/A
bit_rate=N/A
probe_score=100
TAG:title=/camera5/rtsp
TAG:comment=rtsp_image_transport
TAG:encoder=Lavf58.29.100
TAG:server=SRS/5.0.213(Bee)
TAG:server_version=5.0.213
[/FORMAT]
[AVIOContext @ 0x55ff12a04640] Statistics: 671844 bytes read, 0 seeks
---------------------[ ffprobe Log End ]----------------------
SUMMARY: Status OK. Check passed because ffprobe successfully connected to the stream and retrieved its information (Exit Code: 0).


------------------[ Checking Stream: front_right ]------------------
URL: rtmp://43.199.149.178/live/front_right
--------------------[ ffprobe Log Start ]---------------------
ffprobe version 4.2.7-0ubuntu0.1 Copyright (c) 2007-2022 the FFmpeg developers
  built with gcc 9 (Ubuntu 9.4.0-1ubuntu1~20.04.1)
  configuration: --prefix=/usr --extra-version=0ubuntu0.1 --toolchain=hardened --libdir=/usr/lib/x86_64-linux-gnu --incdir=/usr/include/x86_64-linux-gnu --arch=amd64 --enable-gpl --disable-stripping --enable-avresample --disable-filter=resample --enable-avisynth --enable-gnutls --enable-ladspa --enable-libaom --enable-libass --enable-libbluray --enable-libbs2b --enable-libcaca --enable-libcdio --enable-libcodec2 --enable-libflite --enable-libfontconfig --enable-libfreetype --enable-libfribidi --enable-libgme --enable-libgsm --enable-libjack --enable-libmp3lame --enable-libmysofa --enable-libopenjpeg --enable-libopenmpt --enable-libopus --enable-libpulse --enable-librsvg --enable-librubberband --enable-libshine --enable-libsnappy --enable-libsoxr --enable-libspeex --enable-libssh --enable-libtheora --enable-libtwolame --enable-libvidstab --enable-libvorbis --enable-libvpx --enable-libwavpack --enable-libwebp --enable-libx265 --enable-libxml2 --enable-libxvid --enable-libzmq --enable-libzvbi --enable-lv2 --enable-omx --enable-openal --enable-opencl --enable-opengl --enable-sdl2 --enable-libdc1394 --enable-libdrm --enable-libiec61883 --enable-nvenc --enable-chromaprint --enable-frei0r --enable-libx264 --enable-shared
  libavutil      56. 31.100 / 56. 31.100
  libavcodec     58. 54.100 / 58. 54.100
  libavformat    58. 29.100 / 58. 29.100
  libavdevice    58.  8.100 / 58.  8.100
  libavfilter     7. 57.100 /  7. 57.100
  libavresample   4.  0.  0 /  4.  0.  0
  libswscale      5.  5.100 /  5.  5.100
  libswresample   3.  5.100 /  3.  5.100
  libpostproc    55.  5.100 / 55.  5.100
[tcp @ 0x5567ff10ac00] Starting connection attempt to 43.199.149.178 port 1935
[tcp @ 0x5567ff10ac00] Successfully connected to 43.199.149.178 port 1935
[h264 @ 0x5567ff10efc0] Reinit context to 1024x624, pix_fmt: yuv420p
[flv @ 0x5567ff109980] max_analyze_duration 5000000 reached at 5000000 microseconds st:1
Input #0, flv, from 'rtmp://43.199.149.178/live/front_right':
  Metadata:
    title           : /camera3/rtsp
    comment         : rtsp_image_transport
    encoder         : Lavf58.29.100
    server          : SRS/5.0.213(Bee)
    server_version  : 5.0.213
  Duration: N/A, start: 0.000000, bitrate: N/A
    Stream #0:0: Data: none
    Stream #0:1: Video: h264 (Main), 1 reference frame, yuv420p(progressive, left), 1024x616 (1024x624) [SAR 1:1 DAR 128:77], 30 fps, 10 tbr, 1k tbn, 60 tbc
Unsupported codec with id 0 for input stream 0
[STREAM]
index=0
codec_name=unknown
codec_long_name=unknown
profile=unknown
codec_type=data
codec_tag_string=[0][0][0][0]
codec_tag=0x0000
id=N/A
r_frame_rate=0/0
avg_frame_rate=0/0
time_base=1/1000
start_pts=0
start_time=0.000000
duration_ts=N/A
duration=N/A
bit_rate=N/A
max_bit_rate=N/A
bits_per_raw_sample=N/A
nb_frames=N/A
nb_read_frames=N/A
nb_read_packets=N/A
DISPOSITION:default=0
DISPOSITION:dub=0
DISPOSITION:original=0
DISPOSITION:comment=0
DISPOSITION:lyrics=0
DISPOSITION:karaoke=0
DISPOSITION:forced=0
DISPOSITION:hearing_impaired=0
DISPOSITION:visual_impaired=0
DISPOSITION:clean_effects=0
DISPOSITION:attached_pic=0
DISPOSITION:timed_thumbnails=0
[/STREAM]
[STREAM]
index=1
codec_name=h264
codec_long_name=H.264 / AVC / MPEG-4 AVC / MPEG-4 part 10
profile=Main
codec_type=video
codec_time_base=1/60
codec_tag_string=[0][0][0][0]
codec_tag=0x0000
width=1024
height=616
coded_width=1024
coded_height=624
has_b_frames=0
sample_aspect_ratio=1:1
display_aspect_ratio=128:77
pix_fmt=yuv420p
level=31
color_range=unknown
color_space=unknown
color_transfer=unknown
color_primaries=unknown
chroma_location=left
field_order=progressive
timecode=N/A
refs=1
is_avc=true
nal_length_size=4
id=N/A
r_frame_rate=10/1
avg_frame_rate=30/1
time_base=1/1000
start_pts=10
start_time=0.010000
duration_ts=N/A
duration=N/A
bit_rate=N/A
max_bit_rate=N/A
bits_per_raw_sample=8
nb_frames=N/A
nb_read_frames=N/A
nb_read_packets=N/A
DISPOSITION:default=0
DISPOSITION:dub=0
DISPOSITION:original=0
DISPOSITION:comment=0
DISPOSITION:lyrics=0
DISPOSITION:karaoke=0
DISPOSITION:forced=0
DISPOSITION:hearing_impaired=0
DISPOSITION:visual_impaired=0
DISPOSITION:clean_effects=0
DISPOSITION:attached_pic=0
DISPOSITION:timed_thumbnails=0
[/STREAM]
[FORMAT]
filename=rtmp://43.199.149.178/live/front_right
nb_streams=2
nb_programs=0
format_name=flv
format_long_name=FLV (Flash Video)
start_time=0.000000
duration=N/A
size=N/A
bit_rate=N/A
probe_score=100
TAG:title=/camera3/rtsp
TAG:comment=rtsp_image_transport
TAG:encoder=Lavf58.29.100
TAG:server=SRS/5.0.213(Bee)
TAG:server_version=5.0.213
[/FORMAT]
[AVIOContext @ 0x5567ff10c640] Statistics: 592754 bytes read, 0 seeks
---------------------[ ffprobe Log End ]----------------------
SUMMARY: Status OK. Check passed because ffprobe successfully connected to the stream and retrieved its information (Exit Code: 0).

====================[ End of Check Cycle ]====================

==========================================================
                STREAM STATUS CHECK @ Tuesday, July 22, 2025 AM11:16:33 HKT
==========================================================

------------------[ Checking Stream: front_left ]------------------
URL: rtmp://43.199.149.178/live/front_left
--------------------[ ffprobe Log Start ]---------------------
ffprobe version 4.2.7-0ubuntu0.1 Copyright (c) 2007-2022 the FFmpeg developers
  built with gcc 9 (Ubuntu 9.4.0-1ubuntu1~20.04.1)
  configuration: --prefix=/usr --extra-version=0ubuntu0.1 --toolchain=hardened --libdir=/usr/lib/x86_64-linux-gnu --incdir=/usr/include/x86_64-linux-gnu --arch=amd64 --enable-gpl --disable-stripping --enable-avresample --disable-filter=resample --enable-avisynth --enable-gnutls --enable-ladspa --enable-libaom --enable-libass --enable-libbluray --enable-libbs2b --enable-libcaca --enable-libcdio --enable-libcodec2 --enable-libflite --enable-libfontconfig --enable-libfreetype --enable-libfribidi --enable-libgme --enable-libgsm --enable-libjack --enable-libmp3lame --enable-libmysofa --enable-libopenjpeg --enable-libopenmpt --enable-libopus --enable-libpulse --enable-librsvg --enable-librubberband --enable-libshine --enable-libsnappy --enable-libsoxr --enable-libspeex --enable-libssh --enable-libtheora --enable-libtwolame --enable-libvidstab --enable-libvorbis --enable-libvpx --enable-libwavpack --enable-libwebp --enable-libx265 --enable-libxml2 --enable-libxvid --enable-libzmq --enable-libzvbi --enable-lv2 --enable-omx --enable-openal --enable-opencl --enable-opengl --enable-sdl2 --enable-libdc1394 --enable-libdrm --enable-libiec61883 --enable-nvenc --enable-chromaprint --enable-frei0r --enable-libx264 --enable-shared
  libavutil      56. 31.100 / 56. 31.100
  libavcodec     58. 54.100 / 58. 54.100
  libavformat    58. 29.100 / 58. 29.100
  libavdevice    58.  8.100 / 58.  8.100
  libavfilter     7. 57.100 /  7. 57.100
  libavresample   4.  0.  0 /  4.  0.  0
  libswscale      5.  5.100 /  5.  5.100
  libswresample   3.  5.100 /  3.  5.100
  libpostproc    55.  5.100 / 55.  5.100
[tcp @ 0x55d110b5fc00] Starting connection attempt to 43.199.149.178 port 1935
[tcp @ 0x55d110b5fc00] Successfully connected to 43.199.149.178 port 1935
[h264 @ 0x55d110b63fc0] Reinit context to 1024x624, pix_fmt: yuv420p
[flv @ 0x55d110b5e980] max_analyze_duration 5000000 reached at 5000000 microseconds st:1
Input #0, flv, from 'rtmp://43.199.149.178/live/front_left':
  Metadata:
    title           : /camera5/rtsp
    comment         : rtsp_image_transport
    encoder         : Lavf58.29.100
    server          : SRS/5.0.213(Bee)
    server_version  : 5.0.213
  Duration: N/A, start: 0.000000, bitrate: N/A
    Stream #0:0: Data: none
    Stream #0:1: Video: h264 (Main), 1 reference frame, yuv420p(progressive, left), 1024x616 (1024x624) [SAR 1:1 DAR 128:77], 30 fps, 10 tbr, 1k tbn, 60 tbc
Unsupported codec with id 0 for input stream 0
[STREAM]
index=0
codec_name=unknown
codec_long_name=unknown
profile=unknown
codec_type=data
codec_tag_string=[0][0][0][0]
codec_tag=0x0000
id=N/A
r_frame_rate=0/0
avg_frame_rate=0/0
time_base=1/1000
start_pts=0
start_time=0.000000
duration_ts=N/A
duration=N/A
bit_rate=N/A
max_bit_rate=N/A
bits_per_raw_sample=N/A
nb_frames=N/A
nb_read_frames=N/A
nb_read_packets=N/A
DISPOSITION:default=0
DISPOSITION:dub=0
DISPOSITION:original=0
DISPOSITION:comment=0
DISPOSITION:lyrics=0
DISPOSITION:karaoke=0
DISPOSITION:forced=0
DISPOSITION:hearing_impaired=0
DISPOSITION:visual_impaired=0
DISPOSITION:clean_effects=0
DISPOSITION:attached_pic=0
DISPOSITION:timed_thumbnails=0
[/STREAM]
[STREAM]
index=1
codec_name=h264
codec_long_name=H.264 / AVC / MPEG-4 AVC / MPEG-4 part 10
profile=Main
codec_type=video
codec_time_base=1/60
codec_tag_string=[0][0][0][0]
codec_tag=0x0000
width=1024
height=616
coded_width=1024
coded_height=624
has_b_frames=0
sample_aspect_ratio=1:1
display_aspect_ratio=128:77
pix_fmt=yuv420p
level=31
color_range=unknown
color_space=unknown
color_transfer=unknown
color_primaries=unknown
chroma_location=left
field_order=progressive
timecode=N/A
refs=1
is_avc=true
nal_length_size=4
id=N/A
r_frame_rate=10/1
avg_frame_rate=30/1
time_base=1/1000
start_pts=10
start_time=0.010000
duration_ts=N/A
duration=N/A
bit_rate=N/A
max_bit_rate=N/A
bits_per_raw_sample=8
nb_frames=N/A
nb_read_frames=N/A
nb_read_packets=N/A
DISPOSITION:default=0
DISPOSITION:dub=0
DISPOSITION:original=0
DISPOSITION:comment=0
DISPOSITION:lyrics=0
DISPOSITION:karaoke=0
DISPOSITION:forced=0
DISPOSITION:hearing_impaired=0
DISPOSITION:visual_impaired=0
DISPOSITION:clean_effects=0
DISPOSITION:attached_pic=0
DISPOSITION:timed_thumbnails=0
[/STREAM]
[FORMAT]
filename=rtmp://43.199.149.178/live/front_left
nb_streams=2
nb_programs=0
format_name=flv
format_long_name=FLV (Flash Video)
start_time=0.000000
duration=N/A
size=N/A
bit_rate=N/A
probe_score=100
TAG:title=/camera5/rtsp
TAG:comment=rtsp_image_transport
TAG:encoder=Lavf58.29.100
TAG:server=SRS/5.0.213(Bee)
TAG:server_version=5.0.213
[/FORMAT]
[AVIOContext @ 0x55d110b61640] Statistics: 639975 bytes read, 0 seeks
---------------------[ ffprobe Log End ]----------------------
SUMMARY: Status OK. Check passed because ffprobe successfully connected to the stream and retrieved its information (Exit Code: 0).


------------------[ Checking Stream: front_right ]------------------
URL: rtmp://43.199.149.178/live/front_right
--------------------[ ffprobe Log Start ]---------------------
ffprobe version 4.2.7-0ubuntu0.1 Copyright (c) 2007-2022 the FFmpeg developers
  built with gcc 9 (Ubuntu 9.4.0-1ubuntu1~20.04.1)
  configuration: --prefix=/usr --extra-version=0ubuntu0.1 --toolchain=hardened --libdir=/usr/lib/x86_64-linux-gnu --incdir=/usr/include/x86_64-linux-gnu --arch=amd64 --enable-gpl --disable-stripping --enable-avresample --disable-filter=resample --enable-avisynth --enable-gnutls --enable-ladspa --enable-libaom --enable-libass --enable-libbluray --enable-libbs2b --enable-libcaca --enable-libcdio --enable-libcodec2 --enable-libflite --enable-libfontconfig --enable-libfreetype --enable-libfribidi --enable-libgme --enable-libgsm --enable-libjack --enable-libmp3lame --enable-libmysofa --enable-libopenjpeg --enable-libopenmpt --enable-libopus --enable-libpulse --enable-librsvg --enable-librubberband --enable-libshine --enable-libsnappy --enable-libsoxr --enable-libspeex --enable-libssh --enable-libtheora --enable-libtwolame --enable-libvidstab --enable-libvorbis --enable-libvpx --enable-libwavpack --enable-libwebp --enable-libx265 --enable-libxml2 --enable-libxvid --enable-libzmq --enable-libzvbi --enable-lv2 --enable-omx --enable-openal --enable-opencl --enable-opengl --enable-sdl2 --enable-libdc1394 --enable-libdrm --enable-libiec61883 --enable-nvenc --enable-chromaprint --enable-frei0r --enable-libx264 --enable-shared
  libavutil      56. 31.100 / 56. 31.100
  libavcodec     58. 54.100 / 58. 54.100
  libavformat    58. 29.100 / 58. 29.100
  libavdevice    58.  8.100 / 58.  8.100
  libavfilter     7. 57.100 /  7. 57.100
  libavresample   4.  0.  0 /  4.  0.  0
  libswscale      5.  5.100 /  5.  5.100
  libswresample   3.  5.100 /  3.  5.100
  libpostproc    55.  5.100 / 55.  5.100
[tcp @ 0x55b58fe64c00] Starting connection attempt to 43.199.149.178 port 1935
[tcp @ 0x55b58fe64c00] Successfully connected to 43.199.149.178 port 1935
[h264 @ 0x55b58fe68fc0] Reinit context to 1024x624, pix_fmt: yuv420p
[flv @ 0x55b58fe63980] max_analyze_duration 5000000 reached at 5000000 microseconds st:1
Input #0, flv, from 'rtmp://43.199.149.178/live/front_right':
  Metadata:
    title           : /camera3/rtsp
    comment         : rtsp_image_transport
    encoder         : Lavf58.29.100
    server          : SRS/5.0.213(Bee)
    server_version  : 5.0.213
  Duration: N/A, start: 0.000000, bitrate: N/A
    Stream #0:0: Data: none
    Stream #0:1: Video: h264 (Main), 1 reference frame, yuv420p(progressive, left), 1024x616 (1024x624) [SAR 1:1 DAR 128:77], 30 fps, 10 tbr, 1k tbn, 60 tbc
Unsupported codec with id 0 for input stream 0
[STREAM]
index=0
codec_name=unknown
codec_long_name=unknown
profile=unknown
codec_type=data
codec_tag_string=[0][0][0][0]
codec_tag=0x0000
id=N/A
r_frame_rate=0/0
avg_frame_rate=0/0
time_base=1/1000
start_pts=0
start_time=0.000000
duration_ts=N/A
duration=N/A
bit_rate=N/A
max_bit_rate=N/A
bits_per_raw_sample=N/A
nb_frames=N/A
nb_read_frames=N/A
nb_read_packets=N/A
DISPOSITION:default=0
DISPOSITION:dub=0
DISPOSITION:original=0
DISPOSITION:comment=0
DISPOSITION:lyrics=0
DISPOSITION:karaoke=0
DISPOSITION:forced=0
DISPOSITION:hearing_impaired=0
DISPOSITION:visual_impaired=0
DISPOSITION:clean_effects=0
DISPOSITION:attached_pic=0
DISPOSITION:timed_thumbnails=0
[/STREAM]
[STREAM]
index=1
codec_name=h264
codec_long_name=H.264 / AVC / MPEG-4 AVC / MPEG-4 part 10
profile=Main
codec_type=video
codec_time_base=1/60
codec_tag_string=[0][0][0][0]
codec_tag=0x0000
width=1024
height=616
coded_width=1024
coded_height=624
has_b_frames=0
sample_aspect_ratio=1:1
display_aspect_ratio=128:77
pix_fmt=yuv420p
level=31
color_range=unknown
color_space=unknown
color_transfer=unknown
color_primaries=unknown
chroma_location=left
field_order=progressive
timecode=N/A
refs=1
is_avc=true
nal_length_size=4
id=N/A
r_frame_rate=10/1
avg_frame_rate=30/1
time_base=1/1000
start_pts=10
start_time=0.010000
duration_ts=N/A
duration=N/A
bit_rate=N/A
max_bit_rate=N/A
bits_per_raw_sample=8
nb_frames=N/A
nb_read_frames=N/A
nb_read_packets=N/A
DISPOSITION:default=0
DISPOSITION:dub=0
DISPOSITION:original=0
DISPOSITION:comment=0
DISPOSITION:lyrics=0
DISPOSITION:karaoke=0
DISPOSITION:forced=0
DISPOSITION:hearing_impaired=0
DISPOSITION:visual_impaired=0
DISPOSITION:clean_effects=0
DISPOSITION:attached_pic=0
DISPOSITION:timed_thumbnails=0
[/STREAM]
[FORMAT]
filename=rtmp://43.199.149.178/live/front_right
nb_streams=2
nb_programs=0
format_name=flv
format_long_name=FLV (Flash Video)
start_time=0.000000
duration=N/A
size=N/A
bit_rate=N/A
probe_score=100
TAG:title=/camera3/rtsp
TAG:comment=rtsp_image_transport
TAG:encoder=Lavf58.29.100
TAG:server=SRS/5.0.213(Bee)
TAG:server_version=5.0.213
[/FORMAT]
[AVIOContext @ 0x55b58fe66640] Statistics: 710471 bytes read, 0 seeks
---------------------[ ffprobe Log End ]----------------------
SUMMARY: Status OK. Check passed because ffprobe successfully connected to the stream and retrieved its information (Exit Code: 0).

====================[ End of Check Cycle ]====================

==========================================================
                STREAM STATUS CHECK @ Tuesday, July 22, 2025 AM11:18:00 HKT
==========================================================

------------------[ Checking Stream: front_left ]------------------
URL: rtmp://43.199.149.178/live/front_left
--------------------[ ffprobe Log Start ]---------------------
ffprobe version 4.2.7-0ubuntu0.1 Copyright (c) 2007-2022 the FFmpeg developers
  built with gcc 9 (Ubuntu 9.4.0-1ubuntu1~20.04.1)
  configuration: --prefix=/usr --extra-version=0ubuntu0.1 --toolchain=hardened --libdir=/usr/lib/x86_64-linux-gnu --incdir=/usr/include/x86_64-linux-gnu --arch=amd64 --enable-gpl --disable-stripping --enable-avresample --disable-filter=resample --enable-avisynth --enable-gnutls --enable-ladspa --enable-libaom --enable-libass --enable-libbluray --enable-libbs2b --enable-libcaca --enable-libcdio --enable-libcodec2 --enable-libflite --enable-libfontconfig --enable-libfreetype --enable-libfribidi --enable-libgme --enable-libgsm --enable-libjack --enable-libmp3lame --enable-libmysofa --enable-libopenjpeg --enable-libopenmpt --enable-libopus --enable-libpulse --enable-librsvg --enable-librubberband --enable-libshine --enable-libsnappy --enable-libsoxr --enable-libspeex --enable-libssh --enable-libtheora --enable-libtwolame --enable-libvidstab --enable-libvorbis --enable-libvpx --enable-libwavpack --enable-libwebp --enable-libx265 --enable-libxml2 --enable-libxvid --enable-libzmq --enable-libzvbi --enable-lv2 --enable-omx --enable-openal --enable-opencl --enable-opengl --enable-sdl2 --enable-libdc1394 --enable-libdrm --enable-libiec61883 --enable-nvenc --enable-chromaprint --enable-frei0r --enable-libx264 --enable-shared
  libavutil      56. 31.100 / 56. 31.100
  libavcodec     58. 54.100 / 58. 54.100
  libavformat    58. 29.100 / 58. 29.100
  libavdevice    58.  8.100 / 58.  8.100
  libavfilter     7. 57.100 /  7. 57.100
  libavresample   4.  0.  0 /  4.  0.  0
  libswscale      5.  5.100 /  5.  5.100
  libswresample   3.  5.100 /  3.  5.100
  libpostproc    55.  5.100 / 55.  5.100
[tcp @ 0x55a6791c2c00] Starting connection attempt to 43.199.149.178 port 1935
[tcp @ 0x55a6791c2c00] Successfully connected to 43.199.149.178 port 1935
[h264 @ 0x55a6791c6fc0] Reinit context to 1024x624, pix_fmt: yuv420p
[flv @ 0x55a6791c1980] max_analyze_duration 5000000 reached at 5000000 microseconds st:1
Input #0, flv, from 'rtmp://43.199.149.178/live/front_left':
  Metadata:
    title           : /camera5/rtsp
    comment         : rtsp_image_transport
    encoder         : Lavf58.29.100
    server          : SRS/5.0.213(Bee)
    server_version  : 5.0.213
  Duration: N/A, start: 0.000000, bitrate: N/A
    Stream #0:0: Data: none
    Stream #0:1: Video: h264 (Main), 1 reference frame, yuv420p(progressive, left), 1024x616 (1024x624) [SAR 1:1 DAR 128:77], 30 fps, 10 tbr, 1k tbn, 60 tbc
Unsupported codec with id 0 for input stream 0
[STREAM]
index=0
codec_name=unknown
codec_long_name=unknown
profile=unknown
codec_type=data
codec_tag_string=[0][0][0][0]
codec_tag=0x0000
id=N/A
r_frame_rate=0/0
avg_frame_rate=0/0
time_base=1/1000
start_pts=0
start_time=0.000000
duration_ts=N/A
duration=N/A
bit_rate=N/A
max_bit_rate=N/A
bits_per_raw_sample=N/A
nb_frames=N/A
nb_read_frames=N/A
nb_read_packets=N/A
DISPOSITION:default=0
DISPOSITION:dub=0
DISPOSITION:original=0
DISPOSITION:comment=0
DISPOSITION:lyrics=0
DISPOSITION:karaoke=0
DISPOSITION:forced=0
DISPOSITION:hearing_impaired=0
DISPOSITION:visual_impaired=0
DISPOSITION:clean_effects=0
DISPOSITION:attached_pic=0
DISPOSITION:timed_thumbnails=0
[/STREAM]
[STREAM]
index=1
codec_name=h264
codec_long_name=H.264 / AVC / MPEG-4 AVC / MPEG-4 part 10
profile=Main
codec_type=video
codec_time_base=1/60
codec_tag_string=[0][0][0][0]
codec_tag=0x0000
width=1024
height=616
coded_width=1024
coded_height=624
has_b_frames=0
sample_aspect_ratio=1:1
display_aspect_ratio=128:77
pix_fmt=yuv420p
level=31
color_range=unknown
color_space=unknown
color_transfer=unknown
color_primaries=unknown
chroma_location=left
field_order=progressive
timecode=N/A
refs=1
is_avc=true
nal_length_size=4
id=N/A
r_frame_rate=10/1
avg_frame_rate=30/1
time_base=1/1000
start_pts=10
start_time=0.010000
duration_ts=N/A
duration=N/A
bit_rate=N/A
max_bit_rate=N/A
bits_per_raw_sample=8
nb_frames=N/A
nb_read_frames=N/A
nb_read_packets=N/A
DISPOSITION:default=0
DISPOSITION:dub=0
DISPOSITION:original=0
DISPOSITION:comment=0
DISPOSITION:lyrics=0
DISPOSITION:karaoke=0
DISPOSITION:forced=0
DISPOSITION:hearing_impaired=0
DISPOSITION:visual_impaired=0
DISPOSITION:clean_effects=0
DISPOSITION:attached_pic=0
DISPOSITION:timed_thumbnails=0
[/STREAM]
[FORMAT]
filename=rtmp://43.199.149.178/live/front_left
nb_streams=2
nb_programs=0
format_name=flv
format_long_name=FLV (Flash Video)
start_time=0.000000
duration=N/A
size=N/A
bit_rate=N/A
probe_score=100
TAG:title=/camera5/rtsp
TAG:comment=rtsp_image_transport
TAG:encoder=Lavf58.29.100
TAG:server=SRS/5.0.213(Bee)
TAG:server_version=5.0.213
[/FORMAT]
[AVIOContext @ 0x55a6791c4640] Statistics: 719117 bytes read, 0 seeks
---------------------[ ffprobe Log End ]----------------------
SUMMARY: Status OK. Check passed because ffprobe successfully connected to the stream and retrieved its information (Exit Code: 0).


------------------[ Checking Stream: front_right ]------------------
URL: rtmp://43.199.149.178/live/front_right
--------------------[ ffprobe Log Start ]---------------------
ffprobe version 4.2.7-0ubuntu0.1 Copyright (c) 2007-2022 the FFmpeg developers
  built with gcc 9 (Ubuntu 9.4.0-1ubuntu1~20.04.1)
  configuration: --prefix=/usr --extra-version=0ubuntu0.1 --toolchain=hardened --libdir=/usr/lib/x86_64-linux-gnu --incdir=/usr/include/x86_64-linux-gnu --arch=amd64 --enable-gpl --disable-stripping --enable-avresample --disable-filter=resample --enable-avisynth --enable-gnutls --enable-ladspa --enable-libaom --enable-libass --enable-libbluray --enable-libbs2b --enable-libcaca --enable-libcdio --enable-libcodec2 --enable-libflite --enable-libfontconfig --enable-libfreetype --enable-libfribidi --enable-libgme --enable-libgsm --enable-libjack --enable-libmp3lame --enable-libmysofa --enable-libopenjpeg --enable-libopenmpt --enable-libopus --enable-libpulse --enable-librsvg --enable-librubberband --enable-libshine --enable-libsnappy --enable-libsoxr --enable-libspeex --enable-libssh --enable-libtheora --enable-libtwolame --enable-libvidstab --enable-libvorbis --enable-libvpx --enable-libwavpack --enable-libwebp --enable-libx265 --enable-libxml2 --enable-libxvid --enable-libzmq --enable-libzvbi --enable-lv2 --enable-omx --enable-openal --enable-opencl --enable-opengl --enable-sdl2 --enable-libdc1394 --enable-libdrm --enable-libiec61883 --enable-nvenc --enable-chromaprint --enable-frei0r --enable-libx264 --enable-shared
  libavutil      56. 31.100 / 56. 31.100
  libavcodec     58. 54.100 / 58. 54.100
  libavformat    58. 29.100 / 58. 29.100
  libavdevice    58.  8.100 / 58.  8.100
  libavfilter     7. 57.100 /  7. 57.100
  libavresample   4.  0.  0 /  4.  0.  0
  libswscale      5.  5.100 /  5.  5.100
  libswresample   3.  5.100 /  3.  5.100
  libpostproc    55.  5.100 / 55.  5.100
[tcp @ 0x56377c616c00] Starting connection attempt to 43.199.149.178 port 1935
[tcp @ 0x56377c616c00] Successfully connected to 43.199.149.178 port 1935
[h264 @ 0x56377c61afc0] Reinit context to 1024x624, pix_fmt: yuv420p
[flv @ 0x56377c615980] max_analyze_duration 5000000 reached at 5000000 microseconds st:1
Input #0, flv, from 'rtmp://43.199.149.178/live/front_right':
  Metadata:
    title           : /camera3/rtsp
    comment         : rtsp_image_transport
    encoder         : Lavf58.29.100
    server          : SRS/5.0.213(Bee)
    server_version  : 5.0.213
  Duration: N/A, start: 0.000000, bitrate: N/A
    Stream #0:0: Data: none
    Stream #0:1: Video: h264 (Main), 1 reference frame, yuv420p(progressive, left), 1024x616 (1024x624) [SAR 1:1 DAR 128:77], 30 fps, 10 tbr, 1k tbn, 60 tbc
Unsupported codec with id 0 for input stream 0
[STREAM]
index=0
codec_name=unknown
codec_long_name=unknown
profile=unknown
codec_type=data
codec_tag_string=[0][0][0][0]
codec_tag=0x0000
id=N/A
r_frame_rate=0/0
avg_frame_rate=0/0
time_base=1/1000
start_pts=0
start_time=0.000000
duration_ts=N/A
duration=N/A
bit_rate=N/A
max_bit_rate=N/A
bits_per_raw_sample=N/A
nb_frames=N/A
nb_read_frames=N/A
nb_read_packets=N/A
DISPOSITION:default=0
DISPOSITION:dub=0
DISPOSITION:original=0
DISPOSITION:comment=0
DISPOSITION:lyrics=0
DISPOSITION:karaoke=0
DISPOSITION:forced=0
DISPOSITION:hearing_impaired=0
DISPOSITION:visual_impaired=0
DISPOSITION:clean_effects=0
DISPOSITION:attached_pic=0
DISPOSITION:timed_thumbnails=0
[/STREAM]
[STREAM]
index=1
codec_name=h264
codec_long_name=H.264 / AVC / MPEG-4 AVC / MPEG-4 part 10
profile=Main
codec_type=video
codec_time_base=1/60
codec_tag_string=[0][0][0][0]
codec_tag=0x0000
width=1024
height=616
coded_width=1024
coded_height=624
has_b_frames=0
sample_aspect_ratio=1:1
display_aspect_ratio=128:77
pix_fmt=yuv420p
level=31
color_range=unknown
color_space=unknown
color_transfer=unknown
color_primaries=unknown
chroma_location=left
field_order=progressive
timecode=N/A
refs=1
is_avc=true
nal_length_size=4
id=N/A
r_frame_rate=10/1
avg_frame_rate=30/1
time_base=1/1000
start_pts=10
start_time=0.010000
duration_ts=N/A
duration=N/A
bit_rate=N/A
max_bit_rate=N/A
bits_per_raw_sample=8
nb_frames=N/A
nb_read_frames=N/A
nb_read_packets=N/A
DISPOSITION:default=0
DISPOSITION:dub=0
DISPOSITION:original=0
DISPOSITION:comment=0
DISPOSITION:lyrics=0
DISPOSITION:karaoke=0
DISPOSITION:forced=0
DISPOSITION:hearing_impaired=0
DISPOSITION:visual_impaired=0
DISPOSITION:clean_effects=0
DISPOSITION:attached_pic=0
DISPOSITION:timed_thumbnails=0
[/STREAM]
[FORMAT]
filename=rtmp://43.199.149.178/live/front_right
nb_streams=2
nb_programs=0
format_name=flv
format_long_name=FLV (Flash Video)
start_time=0.000000
duration=N/A
size=N/A
bit_rate=N/A
probe_score=100
TAG:title=/camera3/rtsp
TAG:comment=rtsp_image_transport
TAG:encoder=Lavf58.29.100
TAG:server=SRS/5.0.213(Bee)
TAG:server_version=5.0.213
[/FORMAT]
[AVIOContext @ 0x56377c618640] Statistics: 620162 bytes read, 0 seeks
---------------------[ ffprobe Log End ]----------------------
SUMMARY: Status OK. Check passed because ffprobe successfully connected to the stream and retrieved its information (Exit Code: 0).

====================[ End of Check Cycle ]====================

==========================================================
                STREAM STATUS CHECK @ Tuesday, July 22, 2025 AM11:19:30 HKT
==========================================================

------------------[ Checking Stream: front_left ]------------------
URL: rtmp://43.199.149.178/live/front_left
--------------------[ ffprobe Log Start ]---------------------
ffprobe version 4.2.7-0ubuntu0.1 Copyright (c) 2007-2022 the FFmpeg developers
  built with gcc 9 (Ubuntu 9.4.0-1ubuntu1~20.04.1)
  configuration: --prefix=/usr --extra-version=0ubuntu0.1 --toolchain=hardened --libdir=/usr/lib/x86_64-linux-gnu --incdir=/usr/include/x86_64-linux-gnu --arch=amd64 --enable-gpl --disable-stripping --enable-avresample --disable-filter=resample --enable-avisynth --enable-gnutls --enable-ladspa --enable-libaom --enable-libass --enable-libbluray --enable-libbs2b --enable-libcaca --enable-libcdio --enable-libcodec2 --enable-libflite --enable-libfontconfig --enable-libfreetype --enable-libfribidi --enable-libgme --enable-libgsm --enable-libjack --enable-libmp3lame --enable-libmysofa --enable-libopenjpeg --enable-libopenmpt --enable-libopus --enable-libpulse --enable-librsvg --enable-librubberband --enable-libshine --enable-libsnappy --enable-libsoxr --enable-libspeex --enable-libssh --enable-libtheora --enable-libtwolame --enable-libvidstab --enable-libvorbis --enable-libvpx --enable-libwavpack --enable-libwebp --enable-libx265 --enable-libxml2 --enable-libxvid --enable-libzmq --enable-libzvbi --enable-lv2 --enable-omx --enable-openal --enable-opencl --enable-opengl --enable-sdl2 --enable-libdc1394 --enable-libdrm --enable-libiec61883 --enable-nvenc --enable-chromaprint --enable-frei0r --enable-libx264 --enable-shared
  libavutil      56. 31.100 / 56. 31.100
  libavcodec     58. 54.100 / 58. 54.100
  libavformat    58. 29.100 / 58. 29.100
  libavdevice    58.  8.100 / 58.  8.100
  libavfilter     7. 57.100 /  7. 57.100
  libavresample   4.  0.  0 /  4.  0.  0
  libswscale      5.  5.100 /  5.  5.100
  libswresample   3.  5.100 /  3.  5.100
  libpostproc    55.  5.100 / 55.  5.100
[tcp @ 0x55b0f3680c00] Starting connection attempt to 43.199.149.178 port 1935
[tcp @ 0x55b0f3680c00] Successfully connected to 43.199.149.178 port 1935
[h264 @ 0x55b0f3684fc0] Reinit context to 1024x624, pix_fmt: yuv420p
[flv @ 0x55b0f367f980] max_analyze_duration 5000000 reached at 5000000 microseconds st:1
Input #0, flv, from 'rtmp://43.199.149.178/live/front_left':
  Metadata:
    title           : /camera5/rtsp
    comment         : rtsp_image_transport
    encoder         : Lavf58.29.100
    server          : SRS/5.0.213(Bee)
    server_version  : 5.0.213
  Duration: N/A, start: 0.000000, bitrate: N/A
    Stream #0:0: Data: none
    Stream #0:1: Video: h264 (Main), 1 reference frame, yuv420p(progressive, left), 1024x616 (1024x624) [SAR 1:1 DAR 128:77], 30 fps, 10 tbr, 1k tbn, 60 tbc
Unsupported codec with id 0 for input stream 0
[STREAM]
index=0
codec_name=unknown
codec_long_name=unknown
profile=unknown
codec_type=data
codec_tag_string=[0][0][0][0]
codec_tag=0x0000
id=N/A
r_frame_rate=0/0
avg_frame_rate=0/0
time_base=1/1000
start_pts=0
start_time=0.000000
duration_ts=N/A
duration=N/A
bit_rate=N/A
max_bit_rate=N/A
bits_per_raw_sample=N/A
nb_frames=N/A
nb_read_frames=N/A
nb_read_packets=N/A
DISPOSITION:default=0
DISPOSITION:dub=0
DISPOSITION:original=0
DISPOSITION:comment=0
DISPOSITION:lyrics=0
DISPOSITION:karaoke=0
DISPOSITION:forced=0
DISPOSITION:hearing_impaired=0
DISPOSITION:visual_impaired=0
DISPOSITION:clean_effects=0
DISPOSITION:attached_pic=0
DISPOSITION:timed_thumbnails=0
[/STREAM]
[STREAM]
index=1
codec_name=h264
codec_long_name=H.264 / AVC / MPEG-4 AVC / MPEG-4 part 10
profile=Main
codec_type=video
codec_time_base=1/60
codec_tag_string=[0][0][0][0]
codec_tag=0x0000
width=1024
height=616
coded_width=1024
coded_height=624
has_b_frames=0
sample_aspect_ratio=1:1
display_aspect_ratio=128:77
pix_fmt=yuv420p
level=31
color_range=unknown
color_space=unknown
color_transfer=unknown
color_primaries=unknown
chroma_location=left
field_order=progressive
timecode=N/A
refs=1
is_avc=true
nal_length_size=4
id=N/A
r_frame_rate=10/1
avg_frame_rate=30/1
time_base=1/1000
start_pts=10
start_time=0.010000
duration_ts=N/A
duration=N/A
bit_rate=N/A
max_bit_rate=N/A
bits_per_raw_sample=8
nb_frames=N/A
nb_read_frames=N/A
nb_read_packets=N/A
DISPOSITION:default=0
DISPOSITION:dub=0
DISPOSITION:original=0
DISPOSITION:comment=0
DISPOSITION:lyrics=0
DISPOSITION:karaoke=0
DISPOSITION:forced=0
DISPOSITION:hearing_impaired=0
DISPOSITION:visual_impaired=0
DISPOSITION:clean_effects=0
DISPOSITION:attached_pic=0
DISPOSITION:timed_thumbnails=0
[/STREAM]
[FORMAT]
filename=rtmp://43.199.149.178/live/front_left
nb_streams=2
nb_programs=0
format_name=flv
format_long_name=FLV (Flash Video)
start_time=0.000000
duration=N/A
size=N/A
bit_rate=N/A
probe_score=100
TAG:title=/camera5/rtsp
TAG:comment=rtsp_image_transport
TAG:encoder=Lavf58.29.100
TAG:server=SRS/5.0.213(Bee)
TAG:server_version=5.0.213
[/FORMAT]
[AVIOContext @ 0x55b0f3682640] Statistics: 664049 bytes read, 0 seeks
---------------------[ ffprobe Log End ]----------------------
SUMMARY: Status OK. Check passed because ffprobe successfully connected to the stream and retrieved its information (Exit Code: 0).


------------------[ Checking Stream: front_right ]------------------
URL: rtmp://43.199.149.178/live/front_right
--------------------[ ffprobe Log Start ]---------------------
ffprobe version 4.2.7-0ubuntu0.1 Copyright (c) 2007-2022 the FFmpeg developers
  built with gcc 9 (Ubuntu 9.4.0-1ubuntu1~20.04.1)
  configuration: --prefix=/usr --extra-version=0ubuntu0.1 --toolchain=hardened --libdir=/usr/lib/x86_64-linux-gnu --incdir=/usr/include/x86_64-linux-gnu --arch=amd64 --enable-gpl --disable-stripping --enable-avresample --disable-filter=resample --enable-avisynth --enable-gnutls --enable-ladspa --enable-libaom --enable-libass --enable-libbluray --enable-libbs2b --enable-libcaca --enable-libcdio --enable-libcodec2 --enable-libflite --enable-libfontconfig --enable-libfreetype --enable-libfribidi --enable-libgme --enable-libgsm --enable-libjack --enable-libmp3lame --enable-libmysofa --enable-libopenjpeg --enable-libopenmpt --enable-libopus --enable-libpulse --enable-librsvg --enable-librubberband --enable-libshine --enable-libsnappy --enable-libsoxr --enable-libspeex --enable-libssh --enable-libtheora --enable-libtwolame --enable-libvidstab --enable-libvorbis --enable-libvpx --enable-libwavpack --enable-libwebp --enable-libx265 --enable-libxml2 --enable-libxvid --enable-libzmq --enable-libzvbi --enable-lv2 --enable-omx --enable-openal --enable-opencl --enable-opengl --enable-sdl2 --enable-libdc1394 --enable-libdrm --enable-libiec61883 --enable-nvenc --enable-chromaprint --enable-frei0r --enable-libx264 --enable-shared
  libavutil      56. 31.100 / 56. 31.100
  libavcodec     58. 54.100 / 58. 54.100
  libavformat    58. 29.100 / 58. 29.100
  libavdevice    58.  8.100 / 58.  8.100
  libavfilter     7. 57.100 /  7. 57.100
  libavresample   4.  0.  0 /  4.  0.  0
  libswscale      5.  5.100 /  5.  5.100
  libswresample   3.  5.100 /  3.  5.100
  libpostproc    55.  5.100 / 55.  5.100
[tcp @ 0x55e11b8a9c00] Starting connection attempt to 43.199.149.178 port 1935
[tcp @ 0x55e11b8a9c00] Successfully connected to 43.199.149.178 port 1935
[h264 @ 0x55e11b8adfc0] Reinit context to 1024x624, pix_fmt: yuv420p
[flv @ 0x55e11b8a8980] max_analyze_duration 5000000 reached at 5000000 microseconds st:1
Input #0, flv, from 'rtmp://43.199.149.178/live/front_right':
  Metadata:
    title           : /camera3/rtsp
    comment         : rtsp_image_transport
    encoder         : Lavf58.29.100
    server          : SRS/5.0.213(Bee)
    server_version  : 5.0.213
  Duration: N/A, start: 0.000000, bitrate: N/A
    Stream #0:0: Data: none
    Stream #0:1: Video: h264 (Main), 1 reference frame, yuv420p(progressive, left), 1024x616 (1024x624) [SAR 1:1 DAR 128:77], 30 fps, 10 tbr, 1k tbn, 60 tbc
Unsupported codec with id 0 for input stream 0
[STREAM]
index=0
codec_name=unknown
codec_long_name=unknown
profile=unknown
codec_type=data
codec_tag_string=[0][0][0][0]
codec_tag=0x0000
id=N/A
r_frame_rate=0/0
avg_frame_rate=0/0
time_base=1/1000
start_pts=0
start_time=0.000000
duration_ts=N/A
duration=N/A
bit_rate=N/A
max_bit_rate=N/A
bits_per_raw_sample=N/A
nb_frames=N/A
nb_read_frames=N/A
nb_read_packets=N/A
DISPOSITION:default=0
DISPOSITION:dub=0
DISPOSITION:original=0
DISPOSITION:comment=0
DISPOSITION:lyrics=0
DISPOSITION:karaoke=0
DISPOSITION:forced=0
DISPOSITION:hearing_impaired=0
DISPOSITION:visual_impaired=0
DISPOSITION:clean_effects=0
DISPOSITION:attached_pic=0
DISPOSITION:timed_thumbnails=0
[/STREAM]
[STREAM]
index=1
codec_name=h264
codec_long_name=H.264 / AVC / MPEG-4 AVC / MPEG-4 part 10
profile=Main
codec_type=video
codec_time_base=1/60
codec_tag_string=[0][0][0][0]
codec_tag=0x0000
width=1024
height=616
coded_width=1024
coded_height=624
has_b_frames=0
sample_aspect_ratio=1:1
display_aspect_ratio=128:77
pix_fmt=yuv420p
level=31
color_range=unknown
color_space=unknown
color_transfer=unknown
color_primaries=unknown
chroma_location=left
field_order=progressive
timecode=N/A
refs=1
is_avc=true
nal_length_size=4
id=N/A
r_frame_rate=10/1
avg_frame_rate=30/1
time_base=1/1000
start_pts=10
start_time=0.010000
duration_ts=N/A
duration=N/A
bit_rate=N/A
max_bit_rate=N/A
bits_per_raw_sample=8
nb_frames=N/A
nb_read_frames=N/A
nb_read_packets=N/A
DISPOSITION:default=0
DISPOSITION:dub=0
DISPOSITION:original=0
DISPOSITION:comment=0
DISPOSITION:lyrics=0
DISPOSITION:karaoke=0
DISPOSITION:forced=0
DISPOSITION:hearing_impaired=0
DISPOSITION:visual_impaired=0
DISPOSITION:clean_effects=0
DISPOSITION:attached_pic=0
DISPOSITION:timed_thumbnails=0
[/STREAM]
[FORMAT]
filename=rtmp://43.199.149.178/live/front_right
nb_streams=2
nb_programs=0
format_name=flv
format_long_name=FLV (Flash Video)
start_time=0.000000
duration=N/A
size=N/A
bit_rate=N/A
probe_score=100
TAG:title=/camera3/rtsp
TAG:comment=rtsp_image_transport
TAG:encoder=Lavf58.29.100
TAG:server=SRS/5.0.213(Bee)
TAG:server_version=5.0.213
[/FORMAT]
[AVIOContext @ 0x55e11b8ab640] Statistics: 611588 bytes read, 0 seeks
---------------------[ ffprobe Log End ]----------------------
SUMMARY: Status OK. Check passed because ffprobe successfully connected to the stream and retrieved its information (Exit Code: 0).

====================[ End of Check Cycle ]====================

==========================================================
                STREAM STATUS CHECK @ Tuesday, July 22, 2025 AM11:21:00 HKT
==========================================================

------------------[ Checking Stream: front_left ]------------------
URL: rtmp://43.199.149.178/live/front_left
--------------------[ ffprobe Log Start ]---------------------
ffprobe version 4.2.7-0ubuntu0.1 Copyright (c) 2007-2022 the FFmpeg developers
  built with gcc 9 (Ubuntu 9.4.0-1ubuntu1~20.04.1)
  configuration: --prefix=/usr --extra-version=0ubuntu0.1 --toolchain=hardened --libdir=/usr/lib/x86_64-linux-gnu --incdir=/usr/include/x86_64-linux-gnu --arch=amd64 --enable-gpl --disable-stripping --enable-avresample --disable-filter=resample --enable-avisynth --enable-gnutls --enable-ladspa --enable-libaom --enable-libass --enable-libbluray --enable-libbs2b --enable-libcaca --enable-libcdio --enable-libcodec2 --enable-libflite --enable-libfontconfig --enable-libfreetype --enable-libfribidi --enable-libgme --enable-libgsm --enable-libjack --enable-libmp3lame --enable-libmysofa --enable-libopenjpeg --enable-libopenmpt --enable-libopus --enable-libpulse --enable-librsvg --enable-librubberband --enable-libshine --enable-libsnappy --enable-libsoxr --enable-libspeex --enable-libssh --enable-libtheora --enable-libtwolame --enable-libvidstab --enable-libvorbis --enable-libvpx --enable-libwavpack --enable-libwebp --enable-libx265 --enable-libxml2 --enable-libxvid --enable-libzmq --enable-libzvbi --enable-lv2 --enable-omx --enable-openal --enable-opencl --enable-opengl --enable-sdl2 --enable-libdc1394 --enable-libdrm --enable-libiec61883 --enable-nvenc --enable-chromaprint --enable-frei0r --enable-libx264 --enable-shared
  libavutil      56. 31.100 / 56. 31.100
  libavcodec     58. 54.100 / 58. 54.100
  libavformat    58. 29.100 / 58. 29.100
  libavdevice    58.  8.100 / 58.  8.100
  libavfilter     7. 57.100 /  7. 57.100
  libavresample   4.  0.  0 /  4.  0.  0
  libswscale      5.  5.100 /  5.  5.100
  libswresample   3.  5.100 /  3.  5.100
  libpostproc    55.  5.100 / 55.  5.100
[tcp @ 0x5605fa29fc00] Starting connection attempt to 43.199.149.178 port 1935
[tcp @ 0x5605fa29fc00] Successfully connected to 43.199.149.178 port 1935
[h264 @ 0x5605fa2a3fc0] Reinit context to 1024x624, pix_fmt: yuv420p
[flv @ 0x5605fa29e980] max_analyze_duration 5000000 reached at 5000000 microseconds st:1
Input #0, flv, from 'rtmp://43.199.149.178/live/front_left':
  Metadata:
    title           : /camera5/rtsp
    comment         : rtsp_image_transport
    encoder         : Lavf58.29.100
    server          : SRS/5.0.213(Bee)
    server_version  : 5.0.213
  Duration: N/A, start: 0.000000, bitrate: N/A
    Stream #0:0: Data: none
    Stream #0:1: Video: h264 (Main), 1 reference frame, yuv420p(progressive, left), 1024x616 (1024x624) [SAR 1:1 DAR 128:77], 30 fps, 10 tbr, 1k tbn, 60 tbc
Unsupported codec with id 0 for input stream 0
[STREAM]
index=0
codec_name=unknown
codec_long_name=unknown
profile=unknown
codec_type=data
codec_tag_string=[0][0][0][0]
codec_tag=0x0000
id=N/A
r_frame_rate=0/0
avg_frame_rate=0/0
time_base=1/1000
start_pts=0
start_time=0.000000
duration_ts=N/A
duration=N/A
bit_rate=N/A
max_bit_rate=N/A
bits_per_raw_sample=N/A
nb_frames=N/A
nb_read_frames=N/A
nb_read_packets=N/A
DISPOSITION:default=0
DISPOSITION:dub=0
DISPOSITION:original=0
DISPOSITION:comment=0
DISPOSITION:lyrics=0
DISPOSITION:karaoke=0
DISPOSITION:forced=0
DISPOSITION:hearing_impaired=0
DISPOSITION:visual_impaired=0
DISPOSITION:clean_effects=0
DISPOSITION:attached_pic=0
DISPOSITION:timed_thumbnails=0
[/STREAM]
[STREAM]
index=1
codec_name=h264
codec_long_name=H.264 / AVC / MPEG-4 AVC / MPEG-4 part 10
profile=Main
codec_type=video
codec_time_base=1/60
codec_tag_string=[0][0][0][0]
codec_tag=0x0000
width=1024
height=616
coded_width=1024
coded_height=624
has_b_frames=0
sample_aspect_ratio=1:1
display_aspect_ratio=128:77
pix_fmt=yuv420p
level=31
color_range=unknown
color_space=unknown
color_transfer=unknown
color_primaries=unknown
chroma_location=left
field_order=progressive
timecode=N/A
refs=1
is_avc=true
nal_length_size=4
id=N/A
r_frame_rate=10/1
avg_frame_rate=30/1
time_base=1/1000
start_pts=10
start_time=0.010000
duration_ts=N/A
duration=N/A
bit_rate=N/A
max_bit_rate=N/A
bits_per_raw_sample=8
nb_frames=N/A
nb_read_frames=N/A
nb_read_packets=N/A
DISPOSITION:default=0
DISPOSITION:dub=0
DISPOSITION:original=0
DISPOSITION:comment=0
DISPOSITION:lyrics=0
DISPOSITION:karaoke=0
DISPOSITION:forced=0
DISPOSITION:hearing_impaired=0
DISPOSITION:visual_impaired=0
DISPOSITION:clean_effects=0
DISPOSITION:attached_pic=0
DISPOSITION:timed_thumbnails=0
[/STREAM]
[FORMAT]
filename=rtmp://43.199.149.178/live/front_left
nb_streams=2
nb_programs=0
format_name=flv
format_long_name=FLV (Flash Video)
start_time=0.000000
duration=N/A
size=N/A
bit_rate=N/A
probe_score=100
TAG:title=/camera5/rtsp
TAG:comment=rtsp_image_transport
TAG:encoder=Lavf58.29.100
TAG:server=SRS/5.0.213(Bee)
TAG:server_version=5.0.213
[/FORMAT]
[AVIOContext @ 0x5605fa2a1640] Statistics: 584995 bytes read, 0 seeks
---------------------[ ffprobe Log End ]----------------------
SUMMARY: Status OK. Check passed because ffprobe successfully connected to the stream and retrieved its information (Exit Code: 0).


------------------[ Checking Stream: front_right ]------------------
URL: rtmp://43.199.149.178/live/front_right
--------------------[ ffprobe Log Start ]---------------------
ffprobe version 4.2.7-0ubuntu0.1 Copyright (c) 2007-2022 the FFmpeg developers
  built with gcc 9 (Ubuntu 9.4.0-1ubuntu1~20.04.1)
  configuration: --prefix=/usr --extra-version=0ubuntu0.1 --toolchain=hardened --libdir=/usr/lib/x86_64-linux-gnu --incdir=/usr/include/x86_64-linux-gnu --arch=amd64 --enable-gpl --disable-stripping --enable-avresample --disable-filter=resample --enable-avisynth --enable-gnutls --enable-ladspa --enable-libaom --enable-libass --enable-libbluray --enable-libbs2b --enable-libcaca --enable-libcdio --enable-libcodec2 --enable-libflite --enable-libfontconfig --enable-libfreetype --enable-libfribidi --enable-libgme --enable-libgsm --enable-libjack --enable-libmp3lame --enable-libmysofa --enable-libopenjpeg --enable-libopenmpt --enable-libopus --enable-libpulse --enable-librsvg --enable-librubberband --enable-libshine --enable-libsnappy --enable-libsoxr --enable-libspeex --enable-libssh --enable-libtheora --enable-libtwolame --enable-libvidstab --enable-libvorbis --enable-libvpx --enable-libwavpack --enable-libwebp --enable-libx265 --enable-libxml2 --enable-libxvid --enable-libzmq --enable-libzvbi --enable-lv2 --enable-omx --enable-openal --enable-opencl --enable-opengl --enable-sdl2 --enable-libdc1394 --enable-libdrm --enable-libiec61883 --enable-nvenc --enable-chromaprint --enable-frei0r --enable-libx264 --enable-shared
  libavutil      56. 31.100 / 56. 31.100
  libavcodec     58. 54.100 / 58. 54.100
  libavformat    58. 29.100 / 58. 29.100
  libavdevice    58.  8.100 / 58.  8.100
  libavfilter     7. 57.100 /  7. 57.100
  libavresample   4.  0.  0 /  4.  0.  0
  libswscale      5.  5.100 /  5.  5.100
  libswresample   3.  5.100 /  3.  5.100
  libpostproc    55.  5.100 / 55.  5.100
[tcp @ 0x55e8b1d33c00] Starting connection attempt to 43.199.149.178 port 1935
[tcp @ 0x55e8b1d33c00] Successfully connected to 43.199.149.178 port 1935
[h264 @ 0x55e8b1d37fc0] Reinit context to 1024x624, pix_fmt: yuv420p
[flv @ 0x55e8b1d32980] max_analyze_duration 5000000 reached at 5000000 microseconds st:1
Input #0, flv, from 'rtmp://43.199.149.178/live/front_right':
  Metadata:
    title           : /camera3/rtsp
    comment         : rtsp_image_transport
    encoder         : Lavf58.29.100
    server          : SRS/5.0.213(Bee)
    server_version  : 5.0.213
  Duration: N/A, start: 0.000000, bitrate: N/A
    Stream #0:0: Data: none
    Stream #0:1: Video: h264 (Main), 1 reference frame, yuv420p(progressive, left), 1024x616 (1024x624) [SAR 1:1 DAR 128:77], 30 fps, 10 tbr, 1k tbn, 60 tbc
Unsupported codec with id 0 for input stream 0
[STREAM]
index=0
codec_name=unknown
codec_long_name=unknown
profile=unknown
codec_type=data
codec_tag_string=[0][0][0][0]
codec_tag=0x0000
id=N/A
r_frame_rate=0/0
avg_frame_rate=0/0
time_base=1/1000
start_pts=0
start_time=0.000000
duration_ts=N/A
duration=N/A
bit_rate=N/A
max_bit_rate=N/A
bits_per_raw_sample=N/A
nb_frames=N/A
nb_read_frames=N/A
nb_read_packets=N/A
DISPOSITION:default=0
DISPOSITION:dub=0
DISPOSITION:original=0
DISPOSITION:comment=0
DISPOSITION:lyrics=0
DISPOSITION:karaoke=0
DISPOSITION:forced=0
DISPOSITION:hearing_impaired=0
DISPOSITION:visual_impaired=0
DISPOSITION:clean_effects=0
DISPOSITION:attached_pic=0
DISPOSITION:timed_thumbnails=0
[/STREAM]
[STREAM]
index=1
codec_name=h264
codec_long_name=H.264 / AVC / MPEG-4 AVC / MPEG-4 part 10
profile=Main
codec_type=video
codec_time_base=1/60
codec_tag_string=[0][0][0][0]
codec_tag=0x0000
width=1024
height=616
coded_width=1024
coded_height=624
has_b_frames=0
sample_aspect_ratio=1:1
display_aspect_ratio=128:77
pix_fmt=yuv420p
level=31
color_range=unknown
color_space=unknown
color_transfer=unknown
color_primaries=unknown
chroma_location=left
field_order=progressive
timecode=N/A
refs=1
is_avc=true
nal_length_size=4
id=N/A
r_frame_rate=10/1
avg_frame_rate=30/1
time_base=1/1000
start_pts=10
start_time=0.010000
duration_ts=N/A
duration=N/A
bit_rate=N/A
max_bit_rate=N/A
bits_per_raw_sample=8
nb_frames=N/A
nb_read_frames=N/A
nb_read_packets=N/A
DISPOSITION:default=0
DISPOSITION:dub=0
DISPOSITION:original=0
DISPOSITION:comment=0
DISPOSITION:lyrics=0
DISPOSITION:karaoke=0
DISPOSITION:forced=0
DISPOSITION:hearing_impaired=0
DISPOSITION:visual_impaired=0
DISPOSITION:clean_effects=0
DISPOSITION:attached_pic=0
DISPOSITION:timed_thumbnails=0
[/STREAM]
[FORMAT]
filename=rtmp://43.199.149.178/live/front_right
nb_streams=2
nb_programs=0
format_name=flv
format_long_name=FLV (Flash Video)
start_time=0.000000
duration=N/A
size=N/A
bit_rate=N/A
probe_score=100
TAG:title=/camera3/rtsp
TAG:comment=rtsp_image_transport
TAG:encoder=Lavf58.29.100
TAG:server=SRS/5.0.213(Bee)
TAG:server_version=5.0.213
[/FORMAT]
[AVIOContext @ 0x55e8b1d35640] Statistics: 638986 bytes read, 0 seeks
---------------------[ ffprobe Log End ]----------------------
SUMMARY: Status OK. Check passed because ffprobe successfully connected to the stream and retrieved its information (Exit Code: 0).

====================[ End of Check Cycle ]====================

==========================================================
                STREAM STATUS CHECK @ Tuesday, July 22, 2025 AM11:22:30 HKT
==========================================================

------------------[ Checking Stream: front_left ]------------------
URL: rtmp://43.199.149.178/live/front_left
--------------------[ ffprobe Log Start ]---------------------
ffprobe version 4.2.7-0ubuntu0.1 Copyright (c) 2007-2022 the FFmpeg developers
  built with gcc 9 (Ubuntu 9.4.0-1ubuntu1~20.04.1)
  configuration: --prefix=/usr --extra-version=0ubuntu0.1 --toolchain=hardened --libdir=/usr/lib/x86_64-linux-gnu --incdir=/usr/include/x86_64-linux-gnu --arch=amd64 --enable-gpl --disable-stripping --enable-avresample --disable-filter=resample --enable-avisynth --enable-gnutls --enable-ladspa --enable-libaom --enable-libass --enable-libbluray --enable-libbs2b --enable-libcaca --enable-libcdio --enable-libcodec2 --enable-libflite --enable-libfontconfig --enable-libfreetype --enable-libfribidi --enable-libgme --enable-libgsm --enable-libjack --enable-libmp3lame --enable-libmysofa --enable-libopenjpeg --enable-libopenmpt --enable-libopus --enable-libpulse --enable-librsvg --enable-librubberband --enable-libshine --enable-libsnappy --enable-libsoxr --enable-libspeex --enable-libssh --enable-libtheora --enable-libtwolame --enable-libvidstab --enable-libvorbis --enable-libvpx --enable-libwavpack --enable-libwebp --enable-libx265 --enable-libxml2 --enable-libxvid --enable-libzmq --enable-libzvbi --enable-lv2 --enable-omx --enable-openal --enable-opencl --enable-opengl --enable-sdl2 --enable-libdc1394 --enable-libdrm --enable-libiec61883 --enable-nvenc --enable-chromaprint --enable-frei0r --enable-libx264 --enable-shared
  libavutil      56. 31.100 / 56. 31.100
  libavcodec     58. 54.100 / 58. 54.100
  libavformat    58. 29.100 / 58. 29.100
  libavdevice    58.  8.100 / 58.  8.100
  libavfilter     7. 57.100 /  7. 57.100
  libavresample   4.  0.  0 /  4.  0.  0
  libswscale      5.  5.100 /  5.  5.100
  libswresample   3.  5.100 /  3.  5.100
  libpostproc    55.  5.100 / 55.  5.100
[tcp @ 0x555aa4d4cc00] Starting connection attempt to 43.199.149.178 port 1935
[tcp @ 0x555aa4d4cc00] Successfully connected to 43.199.149.178 port 1935
[h264 @ 0x555aa4d61240] Reinit context to 1024x624, pix_fmt: yuv420p
[flv @ 0x555aa4d4b980] max_analyze_duration 5000000 reached at 5000000 microseconds st:1
Input #0, flv, from 'rtmp://43.199.149.178/live/front_left':
  Metadata:
    title           : /camera5/rtsp
    comment         : rtsp_image_transport
    encoder         : Lavf58.29.100
    server          : SRS/5.0.213(Bee)
    server_version  : 5.0.213
  Duration: N/A, start: 0.000000, bitrate: N/A
    Stream #0:0: Data: none
    Stream #0:1: Video: h264 (Main), 1 reference frame, yuv420p(progressive, left), 1024x616 (1024x624) [SAR 1:1 DAR 128:77], 30 fps, 10 tbr, 1k tbn, 60 tbc
Unsupported codec with id 0 for input stream 0
[STREAM]
index=0
codec_name=unknown
codec_long_name=unknown
profile=unknown
codec_type=data
codec_tag_string=[0][0][0][0]
codec_tag=0x0000
id=N/A
r_frame_rate=0/0
avg_frame_rate=0/0
time_base=1/1000
start_pts=0
start_time=0.000000
duration_ts=N/A
duration=N/A
bit_rate=N/A
max_bit_rate=N/A
bits_per_raw_sample=N/A
nb_frames=N/A
nb_read_frames=N/A
nb_read_packets=N/A
DISPOSITION:default=0
DISPOSITION:dub=0
DISPOSITION:original=0
DISPOSITION:comment=0
DISPOSITION:lyrics=0
DISPOSITION:karaoke=0
DISPOSITION:forced=0
DISPOSITION:hearing_impaired=0
DISPOSITION:visual_impaired=0
DISPOSITION:clean_effects=0
DISPOSITION:attached_pic=0
DISPOSITION:timed_thumbnails=0
[/STREAM]
[STREAM]
index=1
codec_name=h264
codec_long_name=H.264 / AVC / MPEG-4 AVC / MPEG-4 part 10
profile=Main
codec_type=video
codec_time_base=1/60
codec_tag_string=[0][0][0][0]
codec_tag=0x0000
width=1024
height=616
coded_width=1024
coded_height=624
has_b_frames=0
sample_aspect_ratio=1:1
display_aspect_ratio=128:77
pix_fmt=yuv420p
level=31
color_range=unknown
color_space=unknown
color_transfer=unknown
color_primaries=unknown
chroma_location=left
field_order=progressive
timecode=N/A
refs=1
is_avc=true
nal_length_size=4
id=N/A
r_frame_rate=10/1
avg_frame_rate=30/1
time_base=1/1000
start_pts=10
start_time=0.010000
duration_ts=N/A
duration=N/A
bit_rate=N/A
max_bit_rate=N/A
bits_per_raw_sample=8
nb_frames=N/A
nb_read_frames=N/A
nb_read_packets=N/A
DISPOSITION:default=0
DISPOSITION:dub=0
DISPOSITION:original=0
DISPOSITION:comment=0
DISPOSITION:lyrics=0
DISPOSITION:karaoke=0
DISPOSITION:forced=0
DISPOSITION:hearing_impaired=0
DISPOSITION:visual_impaired=0
DISPOSITION:clean_effects=0
DISPOSITION:attached_pic=0
DISPOSITION:timed_thumbnails=0
[/STREAM]
[FORMAT]
filename=rtmp://43.199.149.178/live/front_left
nb_streams=2
nb_programs=0
format_name=flv
format_long_name=FLV (Flash Video)
start_time=0.000000
duration=N/A
size=N/A
bit_rate=N/A
probe_score=100
TAG:title=/camera5/rtsp
TAG:comment=rtsp_image_transport
TAG:encoder=Lavf58.29.100
TAG:server=SRS/5.0.213(Bee)
TAG:server_version=5.0.213
[/FORMAT]
[AVIOContext @ 0x555aa4d4e640] Statistics: 646981 bytes read, 0 seeks
---------------------[ ffprobe Log End ]----------------------
SUMMARY: Status OK. Check passed because ffprobe successfully connected to the stream and retrieved its information (Exit Code: 0).


------------------[ Checking Stream: front_right ]------------------
URL: rtmp://43.199.149.178/live/front_right
--------------------[ ffprobe Log Start ]---------------------
ffprobe version 4.2.7-0ubuntu0.1 Copyright (c) 2007-2022 the FFmpeg developers
  built with gcc 9 (Ubuntu 9.4.0-1ubuntu1~20.04.1)
  configuration: --prefix=/usr --extra-version=0ubuntu0.1 --toolchain=hardened --libdir=/usr/lib/x86_64-linux-gnu --incdir=/usr/include/x86_64-linux-gnu --arch=amd64 --enable-gpl --disable-stripping --enable-avresample --disable-filter=resample --enable-avisynth --enable-gnutls --enable-ladspa --enable-libaom --enable-libass --enable-libbluray --enable-libbs2b --enable-libcaca --enable-libcdio --enable-libcodec2 --enable-libflite --enable-libfontconfig --enable-libfreetype --enable-libfribidi --enable-libgme --enable-libgsm --enable-libjack --enable-libmp3lame --enable-libmysofa --enable-libopenjpeg --enable-libopenmpt --enable-libopus --enable-libpulse --enable-librsvg --enable-librubberband --enable-libshine --enable-libsnappy --enable-libsoxr --enable-libspeex --enable-libssh --enable-libtheora --enable-libtwolame --enable-libvidstab --enable-libvorbis --enable-libvpx --enable-libwavpack --enable-libwebp --enable-libx265 --enable-libxml2 --enable-libxvid --enable-libzmq --enable-libzvbi --enable-lv2 --enable-omx --enable-openal --enable-opencl --enable-opengl --enable-sdl2 --enable-libdc1394 --enable-libdrm --enable-libiec61883 --enable-nvenc --enable-chromaprint --enable-frei0r --enable-libx264 --enable-shared
  libavutil      56. 31.100 / 56. 31.100
  libavcodec     58. 54.100 / 58. 54.100
  libavformat    58. 29.100 / 58. 29.100
  libavdevice    58.  8.100 / 58.  8.100
  libavfilter     7. 57.100 /  7. 57.100
  libavresample   4.  0.  0 /  4.  0.  0
  libswscale      5.  5.100 /  5.  5.100
  libswresample   3.  5.100 /  3.  5.100
  libpostproc    55.  5.100 / 55.  5.100
[tcp @ 0x55d10c2b5c00] Starting connection attempt to 43.199.149.178 port 1935
[tcp @ 0x55d10c2b5c00] Successfully connected to 43.199.149.178 port 1935
[h264 @ 0x55d10c2ca240] Reinit context to 1024x624, pix_fmt: yuv420p
[flv @ 0x55d10c2b4980] max_analyze_duration 5000000 reached at 5000000 microseconds st:1
Input #0, flv, from 'rtmp://43.199.149.178/live/front_right':
  Metadata:
    title           : /camera3/rtsp
    comment         : rtsp_image_transport
    encoder         : Lavf58.29.100
    server          : SRS/5.0.213(Bee)
    server_version  : 5.0.213
  Duration: N/A, start: 0.000000, bitrate: N/A
    Stream #0:0: Data: none
    Stream #0:1: Video: h264 (Main), 1 reference frame, yuv420p(progressive, left), 1024x616 (1024x624) [SAR 1:1 DAR 128:77], 30 fps, 10 tbr, 1k tbn, 60 tbc
Unsupported codec with id 0 for input stream 0
[STREAM]
index=0
codec_name=unknown
codec_long_name=unknown
profile=unknown
codec_type=data
codec_tag_string=[0][0][0][0]
codec_tag=0x0000
id=N/A
r_frame_rate=0/0
avg_frame_rate=0/0
time_base=1/1000
start_pts=0
start_time=0.000000
duration_ts=N/A
duration=N/A
bit_rate=N/A
max_bit_rate=N/A
bits_per_raw_sample=N/A
nb_frames=N/A
nb_read_frames=N/A
nb_read_packets=N/A
DISPOSITION:default=0
DISPOSITION:dub=0
DISPOSITION:original=0
DISPOSITION:comment=0
DISPOSITION:lyrics=0
DISPOSITION:karaoke=0
DISPOSITION:forced=0
DISPOSITION:hearing_impaired=0
DISPOSITION:visual_impaired=0
DISPOSITION:clean_effects=0
DISPOSITION:attached_pic=0
DISPOSITION:timed_thumbnails=0
[/STREAM]
[STREAM]
index=1
codec_name=h264
codec_long_name=H.264 / AVC / MPEG-4 AVC / MPEG-4 part 10
profile=Main
codec_type=video
codec_time_base=1/60
codec_tag_string=[0][0][0][0]
codec_tag=0x0000
width=1024
height=616
coded_width=1024
coded_height=624
has_b_frames=0
sample_aspect_ratio=1:1
display_aspect_ratio=128:77
pix_fmt=yuv420p
level=31
color_range=unknown
color_space=unknown
color_transfer=unknown
color_primaries=unknown
chroma_location=left
field_order=progressive
timecode=N/A
refs=1
is_avc=true
nal_length_size=4
id=N/A
r_frame_rate=10/1
avg_frame_rate=30/1
time_base=1/1000
start_pts=10
start_time=0.010000
duration_ts=N/A
duration=N/A
bit_rate=N/A
max_bit_rate=N/A
bits_per_raw_sample=8
nb_frames=N/A
nb_read_frames=N/A
nb_read_packets=N/A
DISPOSITION:default=0
DISPOSITION:dub=0
DISPOSITION:original=0
DISPOSITION:comment=0
DISPOSITION:lyrics=0
DISPOSITION:karaoke=0
DISPOSITION:forced=0
DISPOSITION:hearing_impaired=0
DISPOSITION:visual_impaired=0
DISPOSITION:clean_effects=0
DISPOSITION:attached_pic=0
DISPOSITION:timed_thumbnails=0
[/STREAM]
[FORMAT]
filename=rtmp://43.199.149.178/live/front_right
nb_streams=2
nb_programs=0
format_name=flv
format_long_name=FLV (Flash Video)
start_time=0.000000
duration=N/A
size=N/A
bit_rate=N/A
probe_score=100
TAG:title=/camera3/rtsp
TAG:comment=rtsp_image_transport
TAG:encoder=Lavf58.29.100
TAG:server=SRS/5.0.213(Bee)
TAG:server_version=5.0.213
[/FORMAT]
[AVIOContext @ 0x55d10c2b7640] Statistics: 682927 bytes read, 0 seeks
---------------------[ ffprobe Log End ]----------------------
SUMMARY: Status OK. Check passed because ffprobe successfully connected to the stream and retrieved its information (Exit Code: 0).

====================[ End of Check Cycle ]====================

==========================================================
                STREAM STATUS CHECK @ Tuesday, July 22, 2025 AM11:24:00 HKT
==========================================================

------------------[ Checking Stream: front_left ]------------------
URL: rtmp://43.199.149.178/live/front_left
--------------------[ ffprobe Log Start ]---------------------
ffprobe version 4.2.7-0ubuntu0.1 Copyright (c) 2007-2022 the FFmpeg developers
  built with gcc 9 (Ubuntu 9.4.0-1ubuntu1~20.04.1)
  configuration: --prefix=/usr --extra-version=0ubuntu0.1 --toolchain=hardened --libdir=/usr/lib/x86_64-linux-gnu --incdir=/usr/include/x86_64-linux-gnu --arch=amd64 --enable-gpl --disable-stripping --enable-avresample --disable-filter=resample --enable-avisynth --enable-gnutls --enable-ladspa --enable-libaom --enable-libass --enable-libbluray --enable-libbs2b --enable-libcaca --enable-libcdio --enable-libcodec2 --enable-libflite --enable-libfontconfig --enable-libfreetype --enable-libfribidi --enable-libgme --enable-libgsm --enable-libjack --enable-libmp3lame --enable-libmysofa --enable-libopenjpeg --enable-libopenmpt --enable-libopus --enable-libpulse --enable-librsvg --enable-librubberband --enable-libshine --enable-libsnappy --enable-libsoxr --enable-libspeex --enable-libssh --enable-libtheora --enable-libtwolame --enable-libvidstab --enable-libvorbis --enable-libvpx --enable-libwavpack --enable-libwebp --enable-libx265 --enable-libxml2 --enable-libxvid --enable-libzmq --enable-libzvbi --enable-lv2 --enable-omx --enable-openal --enable-opencl --enable-opengl --enable-sdl2 --enable-libdc1394 --enable-libdrm --enable-libiec61883 --enable-nvenc --enable-chromaprint --enable-frei0r --enable-libx264 --enable-shared
  libavutil      56. 31.100 / 56. 31.100
  libavcodec     58. 54.100 / 58. 54.100
  libavformat    58. 29.100 / 58. 29.100
  libavdevice    58.  8.100 / 58.  8.100
  libavfilter     7. 57.100 /  7. 57.100
  libavresample   4.  0.  0 /  4.  0.  0
  libswscale      5.  5.100 /  5.  5.100
  libswresample   3.  5.100 /  3.  5.100
  libpostproc    55.  5.100 / 55.  5.100
[tcp @ 0x55fea6fa6c00] Starting connection attempt to 43.199.149.178 port 1935
[tcp @ 0x55fea6fa6c00] Successfully connected to 43.199.149.178 port 1935
[h264 @ 0x55fea6faafc0] Reinit context to 1024x624, pix_fmt: yuv420p
[flv @ 0x55fea6fa5980] max_analyze_duration 5000000 reached at 5000000 microseconds st:1
Input #0, flv, from 'rtmp://43.199.149.178/live/front_left':
  Metadata:
    title           : /camera5/rtsp
    comment         : rtsp_image_transport
    encoder         : Lavf58.29.100
    server          : SRS/5.0.213(Bee)
    server_version  : 5.0.213
  Duration: N/A, start: 0.000000, bitrate: N/A
    Stream #0:0: Data: none
    Stream #0:1: Video: h264 (Main), 1 reference frame, yuv420p(progressive, left), 1024x616 (1024x624) [SAR 1:1 DAR 128:77], 30 fps, 10 tbr, 1k tbn, 60 tbc
Unsupported codec with id 0 for input stream 0
[STREAM]
index=0
codec_name=unknown
codec_long_name=unknown
profile=unknown
codec_type=data
codec_tag_string=[0][0][0][0]
codec_tag=0x0000
id=N/A
r_frame_rate=0/0
avg_frame_rate=0/0
time_base=1/1000
start_pts=0
start_time=0.000000
duration_ts=N/A
duration=N/A
bit_rate=N/A
max_bit_rate=N/A
bits_per_raw_sample=N/A
nb_frames=N/A
nb_read_frames=N/A
nb_read_packets=N/A
DISPOSITION:default=0
DISPOSITION:dub=0
DISPOSITION:original=0
DISPOSITION:comment=0
DISPOSITION:lyrics=0
DISPOSITION:karaoke=0
DISPOSITION:forced=0
DISPOSITION:hearing_impaired=0
DISPOSITION:visual_impaired=0
DISPOSITION:clean_effects=0
DISPOSITION:attached_pic=0
DISPOSITION:timed_thumbnails=0
[/STREAM]
[STREAM]
index=1
codec_name=h264
codec_long_name=H.264 / AVC / MPEG-4 AVC / MPEG-4 part 10
profile=Main
codec_type=video
codec_time_base=1/60
codec_tag_string=[0][0][0][0]
codec_tag=0x0000
width=1024
height=616
coded_width=1024
coded_height=624
has_b_frames=0
sample_aspect_ratio=1:1
display_aspect_ratio=128:77
pix_fmt=yuv420p
level=31
color_range=unknown
color_space=unknown
color_transfer=unknown
color_primaries=unknown
chroma_location=left
field_order=progressive
timecode=N/A
refs=1
is_avc=true
nal_length_size=4
id=N/A
r_frame_rate=10/1
avg_frame_rate=30/1
time_base=1/1000
start_pts=10
start_time=0.010000
duration_ts=N/A
duration=N/A
bit_rate=N/A
max_bit_rate=N/A
bits_per_raw_sample=8
nb_frames=N/A
nb_read_frames=N/A
nb_read_packets=N/A
DISPOSITION:default=0
DISPOSITION:dub=0
DISPOSITION:original=0
DISPOSITION:comment=0
DISPOSITION:lyrics=0
DISPOSITION:karaoke=0
DISPOSITION:forced=0
DISPOSITION:hearing_impaired=0
DISPOSITION:visual_impaired=0
DISPOSITION:clean_effects=0
DISPOSITION:attached_pic=0
DISPOSITION:timed_thumbnails=0
[/STREAM]
[FORMAT]
filename=rtmp://43.199.149.178/live/front_left
nb_streams=2
nb_programs=0
format_name=flv
format_long_name=FLV (Flash Video)
start_time=0.000000
duration=N/A
size=N/A
bit_rate=N/A
probe_score=100
TAG:title=/camera5/rtsp
TAG:comment=rtsp_image_transport
TAG:encoder=Lavf58.29.100
TAG:server=SRS/5.0.213(Bee)
TAG:server_version=5.0.213
[/FORMAT]
[AVIOContext @ 0x55fea6fa8640] Statistics: 625311 bytes read, 0 seeks
---------------------[ ffprobe Log End ]----------------------
SUMMARY: Status OK. Check passed because ffprobe successfully connected to the stream and retrieved its information (Exit Code: 0).


------------------[ Checking Stream: front_right ]------------------
URL: rtmp://43.199.149.178/live/front_right
--------------------[ ffprobe Log Start ]---------------------
ffprobe version 4.2.7-0ubuntu0.1 Copyright (c) 2007-2022 the FFmpeg developers
  built with gcc 9 (Ubuntu 9.4.0-1ubuntu1~20.04.1)
  configuration: --prefix=/usr --extra-version=0ubuntu0.1 --toolchain=hardened --libdir=/usr/lib/x86_64-linux-gnu --incdir=/usr/include/x86_64-linux-gnu --arch=amd64 --enable-gpl --disable-stripping --enable-avresample --disable-filter=resample --enable-avisynth --enable-gnutls --enable-ladspa --enable-libaom --enable-libass --enable-libbluray --enable-libbs2b --enable-libcaca --enable-libcdio --enable-libcodec2 --enable-libflite --enable-libfontconfig --enable-libfreetype --enable-libfribidi --enable-libgme --enable-libgsm --enable-libjack --enable-libmp3lame --enable-libmysofa --enable-libopenjpeg --enable-libopenmpt --enable-libopus --enable-libpulse --enable-librsvg --enable-librubberband --enable-libshine --enable-libsnappy --enable-libsoxr --enable-libspeex --enable-libssh --enable-libtheora --enable-libtwolame --enable-libvidstab --enable-libvorbis --enable-libvpx --enable-libwavpack --enable-libwebp --enable-libx265 --enable-libxml2 --enable-libxvid --enable-libzmq --enable-libzvbi --enable-lv2 --enable-omx --enable-openal --enable-opencl --enable-opengl --enable-sdl2 --enable-libdc1394 --enable-libdrm --enable-libiec61883 --enable-nvenc --enable-chromaprint --enable-frei0r --enable-libx264 --enable-shared
  libavutil      56. 31.100 / 56. 31.100
  libavcodec     58. 54.100 / 58. 54.100
  libavformat    58. 29.100 / 58. 29.100
  libavdevice    58.  8.100 / 58.  8.100
  libavfilter     7. 57.100 /  7. 57.100
  libavresample   4.  0.  0 /  4.  0.  0
  libswscale      5.  5.100 /  5.  5.100
  libswresample   3.  5.100 /  3.  5.100
  libpostproc    55.  5.100 / 55.  5.100
[tcp @ 0x564d73e68c00] Starting connection attempt to 43.199.149.178 port 1935
[tcp @ 0x564d73e68c00] Successfully connected to 43.199.149.178 port 1935
[h264 @ 0x564d73e7d240] Reinit context to 1024x624, pix_fmt: yuv420p
[flv @ 0x564d73e67980] max_analyze_duration 5000000 reached at 5000000 microseconds st:1
Input #0, flv, from 'rtmp://43.199.149.178/live/front_right':
  Metadata:
    title           : /camera3/rtsp
    comment         : rtsp_image_transport
    encoder         : Lavf58.29.100
    server          : SRS/5.0.213(Bee)
    server_version  : 5.0.213
  Duration: N/A, start: 0.000000, bitrate: N/A
    Stream #0:0: Data: none
    Stream #0:1: Video: h264 (Main), 1 reference frame, yuv420p(progressive, left), 1024x616 (1024x624) [SAR 1:1 DAR 128:77], 30 fps, 10 tbr, 1k tbn, 60 tbc
Unsupported codec with id 0 for input stream 0
[STREAM]
index=0
codec_name=unknown
codec_long_name=unknown
profile=unknown
codec_type=data
codec_tag_string=[0][0][0][0]
codec_tag=0x0000
id=N/A
r_frame_rate=0/0
avg_frame_rate=0/0
time_base=1/1000
start_pts=0
start_time=0.000000
duration_ts=N/A
duration=N/A
bit_rate=N/A
max_bit_rate=N/A
bits_per_raw_sample=N/A
nb_frames=N/A
nb_read_frames=N/A
nb_read_packets=N/A
DISPOSITION:default=0
DISPOSITION:dub=0
DISPOSITION:original=0
DISPOSITION:comment=0
DISPOSITION:lyrics=0
DISPOSITION:karaoke=0
DISPOSITION:forced=0
DISPOSITION:hearing_impaired=0
DISPOSITION:visual_impaired=0
DISPOSITION:clean_effects=0
DISPOSITION:attached_pic=0
DISPOSITION:timed_thumbnails=0
[/STREAM]
[STREAM]
index=1
codec_name=h264
codec_long_name=H.264 / AVC / MPEG-4 AVC / MPEG-4 part 10
profile=Main
codec_type=video
codec_time_base=1/60
codec_tag_string=[0][0][0][0]
codec_tag=0x0000
width=1024
height=616
coded_width=1024
coded_height=624
has_b_frames=0
sample_aspect_ratio=1:1
display_aspect_ratio=128:77
pix_fmt=yuv420p
level=31
color_range=unknown
color_space=unknown
color_transfer=unknown
color_primaries=unknown
chroma_location=left
field_order=progressive
timecode=N/A
refs=1
is_avc=true
nal_length_size=4
id=N/A
r_frame_rate=10/1
avg_frame_rate=30/1
time_base=1/1000
start_pts=10
start_time=0.010000
duration_ts=N/A
duration=N/A
bit_rate=N/A
max_bit_rate=N/A
bits_per_raw_sample=8
nb_frames=N/A
nb_read_frames=N/A
nb_read_packets=N/A
DISPOSITION:default=0
DISPOSITION:dub=0
DISPOSITION:original=0
DISPOSITION:comment=0
DISPOSITION:lyrics=0
DISPOSITION:karaoke=0
DISPOSITION:forced=0
DISPOSITION:hearing_impaired=0
DISPOSITION:visual_impaired=0
DISPOSITION:clean_effects=0
DISPOSITION:attached_pic=0
DISPOSITION:timed_thumbnails=0
[/STREAM]
[FORMAT]
filename=rtmp://43.199.149.178/live/front_right
nb_streams=2
nb_programs=0
format_name=flv
format_long_name=FLV (Flash Video)
start_time=0.000000
duration=N/A
size=N/A
bit_rate=N/A
probe_score=100
TAG:title=/camera3/rtsp
TAG:comment=rtsp_image_transport
TAG:encoder=Lavf58.29.100
TAG:server=SRS/5.0.213(Bee)
TAG:server_version=5.0.213
[/FORMAT]
[AVIOContext @ 0x564d73e6a640] Statistics: 716598 bytes read, 0 seeks
---------------------[ ffprobe Log End ]----------------------
SUMMARY: Status OK. Check passed because ffprobe successfully connected to the stream and retrieved its information (Exit Code: 0).

====================[ End of Check Cycle ]====================

==========================================================
                STREAM STATUS CHECK @ Tuesday, July 22, 2025 AM11:25:27 HKT
==========================================================

------------------[ Checking Stream: front_left ]------------------
URL: rtmp://43.199.149.178/live/front_left
--------------------[ ffprobe Log Start ]---------------------
ffprobe version 4.2.7-0ubuntu0.1 Copyright (c) 2007-2022 the FFmpeg developers
  built with gcc 9 (Ubuntu 9.4.0-1ubuntu1~20.04.1)
  configuration: --prefix=/usr --extra-version=0ubuntu0.1 --toolchain=hardened --libdir=/usr/lib/x86_64-linux-gnu --incdir=/usr/include/x86_64-linux-gnu --arch=amd64 --enable-gpl --disable-stripping --enable-avresample --disable-filter=resample --enable-avisynth --enable-gnutls --enable-ladspa --enable-libaom --enable-libass --enable-libbluray --enable-libbs2b --enable-libcaca --enable-libcdio --enable-libcodec2 --enable-libflite --enable-libfontconfig --enable-libfreetype --enable-libfribidi --enable-libgme --enable-libgsm --enable-libjack --enable-libmp3lame --enable-libmysofa --enable-libopenjpeg --enable-libopenmpt --enable-libopus --enable-libpulse --enable-librsvg --enable-librubberband --enable-libshine --enable-libsnappy --enable-libsoxr --enable-libspeex --enable-libssh --enable-libtheora --enable-libtwolame --enable-libvidstab --enable-libvorbis --enable-libvpx --enable-libwavpack --enable-libwebp --enable-libx265 --enable-libxml2 --enable-libxvid --enable-libzmq --enable-libzvbi --enable-lv2 --enable-omx --enable-openal --enable-opencl --enable-opengl --enable-sdl2 --enable-libdc1394 --enable-libdrm --enable-libiec61883 --enable-nvenc --enable-chromaprint --enable-frei0r --enable-libx264 --enable-shared
  libavutil      56. 31.100 / 56. 31.100
  libavcodec     58. 54.100 / 58. 54.100
  libavformat    58. 29.100 / 58. 29.100
  libavdevice    58.  8.100 / 58.  8.100
  libavfilter     7. 57.100 /  7. 57.100
  libavresample   4.  0.  0 /  4.  0.  0
  libswscale      5.  5.100 /  5.  5.100
  libswresample   3.  5.100 /  3.  5.100
  libpostproc    55.  5.100 / 55.  5.100
[tcp @ 0x556cbdf31c00] Starting connection attempt to 43.199.149.178 port 1935
[tcp @ 0x556cbdf31c00] Successfully connected to 43.199.149.178 port 1935
[h264 @ 0x556cbdf46240] Reinit context to 1024x624, pix_fmt: yuv420p
[flv @ 0x556cbdf30980] max_analyze_duration 5000000 reached at 5000000 microseconds st:1
Input #0, flv, from 'rtmp://43.199.149.178/live/front_left':
  Metadata:
    title           : /camera5/rtsp
    comment         : rtsp_image_transport
    encoder         : Lavf58.29.100
    server          : SRS/5.0.213(Bee)
    server_version  : 5.0.213
  Duration: N/A, start: 0.000000, bitrate: N/A
    Stream #0:0: Data: none
    Stream #0:1: Video: h264 (Main), 1 reference frame, yuv420p(progressive, left), 1024x616 (1024x624) [SAR 1:1 DAR 128:77], 30 fps, 10 tbr, 1k tbn, 60 tbc
Unsupported codec with id 0 for input stream 0
[STREAM]
index=0
codec_name=unknown
codec_long_name=unknown
profile=unknown
codec_type=data
codec_tag_string=[0][0][0][0]
codec_tag=0x0000
id=N/A
r_frame_rate=0/0
avg_frame_rate=0/0
time_base=1/1000
start_pts=0
start_time=0.000000
duration_ts=N/A
duration=N/A
bit_rate=N/A
max_bit_rate=N/A
bits_per_raw_sample=N/A
nb_frames=N/A
nb_read_frames=N/A
nb_read_packets=N/A
DISPOSITION:default=0
DISPOSITION:dub=0
DISPOSITION:original=0
DISPOSITION:comment=0
DISPOSITION:lyrics=0
DISPOSITION:karaoke=0
DISPOSITION:forced=0
DISPOSITION:hearing_impaired=0
DISPOSITION:visual_impaired=0
DISPOSITION:clean_effects=0
DISPOSITION:attached_pic=0
DISPOSITION:timed_thumbnails=0
[/STREAM]
[STREAM]
index=1
codec_name=h264
codec_long_name=H.264 / AVC / MPEG-4 AVC / MPEG-4 part 10
profile=Main
codec_type=video
codec_time_base=1/60
codec_tag_string=[0][0][0][0]
codec_tag=0x0000
width=1024
height=616
coded_width=1024
coded_height=624
has_b_frames=0
sample_aspect_ratio=1:1
display_aspect_ratio=128:77
pix_fmt=yuv420p
level=31
color_range=unknown
color_space=unknown
color_transfer=unknown
color_primaries=unknown
chroma_location=left
field_order=progressive
timecode=N/A
refs=1
is_avc=true
nal_length_size=4
id=N/A
r_frame_rate=10/1
avg_frame_rate=30/1
time_base=1/1000
start_pts=10
start_time=0.010000
duration_ts=N/A
duration=N/A
bit_rate=N/A
max_bit_rate=N/A
bits_per_raw_sample=8
nb_frames=N/A
nb_read_frames=N/A
nb_read_packets=N/A
DISPOSITION:default=0
DISPOSITION:dub=0
DISPOSITION:original=0
DISPOSITION:comment=0
DISPOSITION:lyrics=0
DISPOSITION:karaoke=0
DISPOSITION:forced=0
DISPOSITION:hearing_impaired=0
DISPOSITION:visual_impaired=0
DISPOSITION:clean_effects=0
DISPOSITION:attached_pic=0
DISPOSITION:timed_thumbnails=0
[/STREAM]
[FORMAT]
filename=rtmp://43.199.149.178/live/front_left
nb_streams=2
nb_programs=0
format_name=flv
format_long_name=FLV (Flash Video)
start_time=0.000000
duration=N/A
size=N/A
bit_rate=N/A
probe_score=100
TAG:title=/camera5/rtsp
TAG:comment=rtsp_image_transport
TAG:encoder=Lavf58.29.100
TAG:server=SRS/5.0.213(Bee)
TAG:server_version=5.0.213
[/FORMAT]
[AVIOContext @ 0x556cbdf33640] Statistics: 643199 bytes read, 0 seeks
---------------------[ ffprobe Log End ]----------------------
SUMMARY: Status OK. Check passed because ffprobe successfully connected to the stream and retrieved its information (Exit Code: 0).


------------------[ Checking Stream: front_right ]------------------
URL: rtmp://43.199.149.178/live/front_right
--------------------[ ffprobe Log Start ]---------------------
ffprobe version 4.2.7-0ubuntu0.1 Copyright (c) 2007-2022 the FFmpeg developers
  built with gcc 9 (Ubuntu 9.4.0-1ubuntu1~20.04.1)
  configuration: --prefix=/usr --extra-version=0ubuntu0.1 --toolchain=hardened --libdir=/usr/lib/x86_64-linux-gnu --incdir=/usr/include/x86_64-linux-gnu --arch=amd64 --enable-gpl --disable-stripping --enable-avresample --disable-filter=resample --enable-avisynth --enable-gnutls --enable-ladspa --enable-libaom --enable-libass --enable-libbluray --enable-libbs2b --enable-libcaca --enable-libcdio --enable-libcodec2 --enable-libflite --enable-libfontconfig --enable-libfreetype --enable-libfribidi --enable-libgme --enable-libgsm --enable-libjack --enable-libmp3lame --enable-libmysofa --enable-libopenjpeg --enable-libopenmpt --enable-libopus --enable-libpulse --enable-librsvg --enable-librubberband --enable-libshine --enable-libsnappy --enable-libsoxr --enable-libspeex --enable-libssh --enable-libtheora --enable-libtwolame --enable-libvidstab --enable-libvorbis --enable-libvpx --enable-libwavpack --enable-libwebp --enable-libx265 --enable-libxml2 --enable-libxvid --enable-libzmq --enable-libzvbi --enable-lv2 --enable-omx --enable-openal --enable-opencl --enable-opengl --enable-sdl2 --enable-libdc1394 --enable-libdrm --enable-libiec61883 --enable-nvenc --enable-chromaprint --enable-frei0r --enable-libx264 --enable-shared
  libavutil      56. 31.100 / 56. 31.100
  libavcodec     58. 54.100 / 58. 54.100
  libavformat    58. 29.100 / 58. 29.100
  libavdevice    58.  8.100 / 58.  8.100
  libavfilter     7. 57.100 /  7. 57.100
  libavresample   4.  0.  0 /  4.  0.  0
  libswscale      5.  5.100 /  5.  5.100
  libswresample   3.  5.100 /  3.  5.100
  libpostproc    55.  5.100 / 55.  5.100
[tcp @ 0x5625361f6c00] Starting connection attempt to 43.199.149.178 port 1935
[tcp @ 0x5625361f6c00] Successfully connected to 43.199.149.178 port 1935
[h264 @ 0x5625361f9a00] Reinit context to 1024x624, pix_fmt: yuv420p
[h264 @ 0x5625361f9a00] error while decoding MB 34 25, bytestream -20
[h264 @ 0x5625361f9a00] concealing 911 DC, 911 AC, 911 MV errors in I frame
[flv @ 0x5625361f5980] max_analyze_duration 5000000 reached at 5000000 microseconds st:1
Input #0, flv, from 'rtmp://43.199.149.178/live/front_right':
  Metadata:
    title           : /camera3/rtsp
    comment         : rtsp_image_transport
    encoder         : Lavf58.29.100
    server          : SRS/5.0.213(Bee)
    server_version  : 5.0.213
  Duration: N/A, start: 0.000000, bitrate: N/A
    Stream #0:0: Data: none
    Stream #0:1: Video: h264 (Main), 1 reference frame, yuv420p(progressive, left), 1024x616 (1024x624) [SAR 1:1 DAR 128:77], 30 fps, 10 tbr, 1k tbn, 60 tbc
Unsupported codec with id 0 for input stream 0
[STREAM]
index=0
codec_name=unknown
codec_long_name=unknown
profile=unknown
codec_type=data
codec_tag_string=[0][0][0][0]
codec_tag=0x0000
id=N/A
r_frame_rate=0/0
avg_frame_rate=0/0
time_base=1/1000
start_pts=0
start_time=0.000000
duration_ts=N/A
duration=N/A
bit_rate=N/A
max_bit_rate=N/A
bits_per_raw_sample=N/A
nb_frames=N/A
nb_read_frames=N/A
nb_read_packets=N/A
DISPOSITION:default=0
DISPOSITION:dub=0
DISPOSITION:original=0
DISPOSITION:comment=0
DISPOSITION:lyrics=0
DISPOSITION:karaoke=0
DISPOSITION:forced=0
DISPOSITION:hearing_impaired=0
DISPOSITION:visual_impaired=0
DISPOSITION:clean_effects=0
DISPOSITION:attached_pic=0
DISPOSITION:timed_thumbnails=0
[/STREAM]
[STREAM]
index=1
codec_name=h264
codec_long_name=H.264 / AVC / MPEG-4 AVC / MPEG-4 part 10
profile=Main
codec_type=video
codec_time_base=1/60
codec_tag_string=[0][0][0][0]
codec_tag=0x0000
width=1024
height=616
coded_width=1024
coded_height=624
has_b_frames=0
sample_aspect_ratio=1:1
display_aspect_ratio=128:77
pix_fmt=yuv420p
level=31
color_range=unknown
color_space=unknown
color_transfer=unknown
color_primaries=unknown
chroma_location=left
field_order=progressive
timecode=N/A
refs=1
is_avc=true
nal_length_size=4
id=N/A
r_frame_rate=10/1
avg_frame_rate=30/1
time_base=1/1000
start_pts=10
start_time=0.010000
duration_ts=N/A
duration=N/A
bit_rate=N/A
max_bit_rate=N/A
bits_per_raw_sample=8
nb_frames=N/A
nb_read_frames=N/A
nb_read_packets=N/A
DISPOSITION:default=0
DISPOSITION:dub=0
DISPOSITION:original=0
DISPOSITION:comment=0
DISPOSITION:lyrics=0
DISPOSITION:karaoke=0
DISPOSITION:forced=0
DISPOSITION:hearing_impaired=0
DISPOSITION:visual_impaired=0
DISPOSITION:clean_effects=0
DISPOSITION:attached_pic=0
DISPOSITION:timed_thumbnails=0
[/STREAM]
[FORMAT]
filename=rtmp://43.199.149.178/live/front_right
nb_streams=2
nb_programs=0
format_name=flv
format_long_name=FLV (Flash Video)
start_time=0.000000
duration=N/A
size=N/A
bit_rate=N/A
probe_score=100
TAG:title=/camera3/rtsp
TAG:comment=rtsp_image_transport
TAG:encoder=Lavf58.29.100
TAG:server=SRS/5.0.213(Bee)
TAG:server_version=5.0.213
[/FORMAT]
[AVIOContext @ 0x5625361f8640] Statistics: 662961 bytes read, 0 seeks
---------------------[ ffprobe Log End ]----------------------
SUMMARY: Status OK. Check passed because ffprobe successfully connected to the stream and retrieved its information (Exit Code: 0).

====================[ End of Check Cycle ]====================

==========================================================
                STREAM STATUS CHECK @ Tuesday, July 22, 2025 AM11:26:57 HKT
==========================================================

------------------[ Checking Stream: front_left ]------------------
URL: rtmp://43.199.149.178/live/front_left
--------------------[ ffprobe Log Start ]---------------------
ffprobe version 4.2.7-0ubuntu0.1 Copyright (c) 2007-2022 the FFmpeg developers
  built with gcc 9 (Ubuntu 9.4.0-1ubuntu1~20.04.1)
  configuration: --prefix=/usr --extra-version=0ubuntu0.1 --toolchain=hardened --libdir=/usr/lib/x86_64-linux-gnu --incdir=/usr/include/x86_64-linux-gnu --arch=amd64 --enable-gpl --disable-stripping --enable-avresample --disable-filter=resample --enable-avisynth --enable-gnutls --enable-ladspa --enable-libaom --enable-libass --enable-libbluray --enable-libbs2b --enable-libcaca --enable-libcdio --enable-libcodec2 --enable-libflite --enable-libfontconfig --enable-libfreetype --enable-libfribidi --enable-libgme --enable-libgsm --enable-libjack --enable-libmp3lame --enable-libmysofa --enable-libopenjpeg --enable-libopenmpt --enable-libopus --enable-libpulse --enable-librsvg --enable-librubberband --enable-libshine --enable-libsnappy --enable-libsoxr --enable-libspeex --enable-libssh --enable-libtheora --enable-libtwolame --enable-libvidstab --enable-libvorbis --enable-libvpx --enable-libwavpack --enable-libwebp --enable-libx265 --enable-libxml2 --enable-libxvid --enable-libzmq --enable-libzvbi --enable-lv2 --enable-omx --enable-openal --enable-opencl --enable-opengl --enable-sdl2 --enable-libdc1394 --enable-libdrm --enable-libiec61883 --enable-nvenc --enable-chromaprint --enable-frei0r --enable-libx264 --enable-shared
  libavutil      56. 31.100 / 56. 31.100
  libavcodec     58. 54.100 / 58. 54.100
  libavformat    58. 29.100 / 58. 29.100
  libavdevice    58.  8.100 / 58.  8.100
  libavfilter     7. 57.100 /  7. 57.100
  libavresample   4.  0.  0 /  4.  0.  0
  libswscale      5.  5.100 /  5.  5.100
  libswresample   3.  5.100 /  3.  5.100
  libpostproc    55.  5.100 / 55.  5.100
[tcp @ 0x55f97fa02c00] Starting connection attempt to 43.199.149.178 port 1935
[tcp @ 0x55f97fa02c00] Successfully connected to 43.199.149.178 port 1935
[h264 @ 0x55f97fa17240] Reinit context to 1024x624, pix_fmt: yuv420p
[flv @ 0x55f97fa01980] max_analyze_duration 5000000 reached at 5000000 microseconds st:1
Input #0, flv, from 'rtmp://43.199.149.178/live/front_left':
  Metadata:
    title           : /camera5/rtsp
    comment         : rtsp_image_transport
    encoder         : Lavf58.29.100
    server          : SRS/5.0.213(Bee)
    server_version  : 5.0.213
  Duration: N/A, start: 0.000000, bitrate: N/A
    Stream #0:0: Data: none
    Stream #0:1: Video: h264 (Main), 1 reference frame, yuv420p(progressive, left), 1024x616 (1024x624) [SAR 1:1 DAR 128:77], 30 fps, 10 tbr, 1k tbn, 60 tbc
Unsupported codec with id 0 for input stream 0
[STREAM]
index=0
codec_name=unknown
codec_long_name=unknown
profile=unknown
codec_type=data
codec_tag_string=[0][0][0][0]
codec_tag=0x0000
id=N/A
r_frame_rate=0/0
avg_frame_rate=0/0
time_base=1/1000
start_pts=0
start_time=0.000000
duration_ts=N/A
duration=N/A
bit_rate=N/A
max_bit_rate=N/A
bits_per_raw_sample=N/A
nb_frames=N/A
nb_read_frames=N/A
nb_read_packets=N/A
DISPOSITION:default=0
DISPOSITION:dub=0
DISPOSITION:original=0
DISPOSITION:comment=0
DISPOSITION:lyrics=0
DISPOSITION:karaoke=0
DISPOSITION:forced=0
DISPOSITION:hearing_impaired=0
DISPOSITION:visual_impaired=0
DISPOSITION:clean_effects=0
DISPOSITION:attached_pic=0
DISPOSITION:timed_thumbnails=0
[/STREAM]
[STREAM]
index=1
codec_name=h264
codec_long_name=H.264 / AVC / MPEG-4 AVC / MPEG-4 part 10
profile=Main
codec_type=video
codec_time_base=1/60
codec_tag_string=[0][0][0][0]
codec_tag=0x0000
width=1024
height=616
coded_width=1024
coded_height=624
has_b_frames=0
sample_aspect_ratio=1:1
display_aspect_ratio=128:77
pix_fmt=yuv420p
level=31
color_range=unknown
color_space=unknown
color_transfer=unknown
color_primaries=unknown
chroma_location=left
field_order=progressive
timecode=N/A
refs=1
is_avc=true
nal_length_size=4
id=N/A
r_frame_rate=10/1
avg_frame_rate=30/1
time_base=1/1000
start_pts=10
start_time=0.010000
duration_ts=N/A
duration=N/A
bit_rate=N/A
max_bit_rate=N/A
bits_per_raw_sample=8
nb_frames=N/A
nb_read_frames=N/A
nb_read_packets=N/A
DISPOSITION:default=0
DISPOSITION:dub=0
DISPOSITION:original=0
DISPOSITION:comment=0
DISPOSITION:lyrics=0
DISPOSITION:karaoke=0
DISPOSITION:forced=0
DISPOSITION:hearing_impaired=0
DISPOSITION:visual_impaired=0
DISPOSITION:clean_effects=0
DISPOSITION:attached_pic=0
DISPOSITION:timed_thumbnails=0
[/STREAM]
[FORMAT]
filename=rtmp://43.199.149.178/live/front_left
nb_streams=2
nb_programs=0
format_name=flv
format_long_name=FLV (Flash Video)
start_time=0.000000
duration=N/A
size=N/A
bit_rate=N/A
probe_score=100
TAG:title=/camera5/rtsp
TAG:comment=rtsp_image_transport
TAG:encoder=Lavf58.29.100
TAG:server=SRS/5.0.213(Bee)
TAG:server_version=5.0.213
[/FORMAT]
[AVIOContext @ 0x55f97fa04640] Statistics: 674764 bytes read, 0 seeks
---------------------[ ffprobe Log End ]----------------------
SUMMARY: Status OK. Check passed because ffprobe successfully connected to the stream and retrieved its information (Exit Code: 0).


------------------[ Checking Stream: front_right ]------------------
URL: rtmp://43.199.149.178/live/front_right
--------------------[ ffprobe Log Start ]---------------------
ffprobe version 4.2.7-0ubuntu0.1 Copyright (c) 2007-2022 the FFmpeg developers
  built with gcc 9 (Ubuntu 9.4.0-1ubuntu1~20.04.1)
  configuration: --prefix=/usr --extra-version=0ubuntu0.1 --toolchain=hardened --libdir=/usr/lib/x86_64-linux-gnu --incdir=/usr/include/x86_64-linux-gnu --arch=amd64 --enable-gpl --disable-stripping --enable-avresample --disable-filter=resample --enable-avisynth --enable-gnutls --enable-ladspa --enable-libaom --enable-libass --enable-libbluray --enable-libbs2b --enable-libcaca --enable-libcdio --enable-libcodec2 --enable-libflite --enable-libfontconfig --enable-libfreetype --enable-libfribidi --enable-libgme --enable-libgsm --enable-libjack --enable-libmp3lame --enable-libmysofa --enable-libopenjpeg --enable-libopenmpt --enable-libopus --enable-libpulse --enable-librsvg --enable-librubberband --enable-libshine --enable-libsnappy --enable-libsoxr --enable-libspeex --enable-libssh --enable-libtheora --enable-libtwolame --enable-libvidstab --enable-libvorbis --enable-libvpx --enable-libwavpack --enable-libwebp --enable-libx265 --enable-libxml2 --enable-libxvid --enable-libzmq --enable-libzvbi --enable-lv2 --enable-omx --enable-openal --enable-opencl --enable-opengl --enable-sdl2 --enable-libdc1394 --enable-libdrm --enable-libiec61883 --enable-nvenc --enable-chromaprint --enable-frei0r --enable-libx264 --enable-shared
  libavutil      56. 31.100 / 56. 31.100
  libavcodec     58. 54.100 / 58. 54.100
  libavformat    58. 29.100 / 58. 29.100
  libavdevice    58.  8.100 / 58.  8.100
  libavfilter     7. 57.100 /  7. 57.100
  libavresample   4.  0.  0 /  4.  0.  0
  libswscale      5.  5.100 /  5.  5.100
  libswresample   3.  5.100 /  3.  5.100
  libpostproc    55.  5.100 / 55.  5.100
[tcp @ 0x55dd2990ec00] Starting connection attempt to 43.199.149.178 port 1935
[tcp @ 0x55dd2990ec00] Successfully connected to 43.199.149.178 port 1935
[h264 @ 0x55dd29923240] Reinit context to 1024x624, pix_fmt: yuv420p
[h264 @ 0x55dd29923240] left block unavailable for requested intra mode
[h264 @ 0x55dd29923240] error while decoding MB 0 24, bytestream 12074
[h264 @ 0x55dd29923240] concealing 1009 DC, 1009 AC, 1009 MV errors in I frame
[flv @ 0x55dd2990d980] max_analyze_duration 5000000 reached at 5000000 microseconds st:1
Input #0, flv, from 'rtmp://43.199.149.178/live/front_right':
  Metadata:
    title           : /camera3/rtsp
    comment         : rtsp_image_transport
    encoder         : Lavf58.29.100
    server          : SRS/5.0.213(Bee)
    server_version  : 5.0.213
  Duration: N/A, start: 0.000000, bitrate: N/A
    Stream #0:0: Data: none
    Stream #0:1: Video: h264 (Main), 1 reference frame, yuv420p(progressive, left), 1024x616 (1024x624) [SAR 1:1 DAR 128:77], 30 fps, 10 tbr, 1k tbn, 60 tbc
Unsupported codec with id 0 for input stream 0
[STREAM]
index=0
codec_name=unknown
codec_long_name=unknown
profile=unknown
codec_type=data
codec_tag_string=[0][0][0][0]
codec_tag=0x0000
id=N/A
r_frame_rate=0/0
avg_frame_rate=0/0
time_base=1/1000
start_pts=0
start_time=0.000000
duration_ts=N/A
duration=N/A
bit_rate=N/A
max_bit_rate=N/A
bits_per_raw_sample=N/A
nb_frames=N/A
nb_read_frames=N/A
nb_read_packets=N/A
DISPOSITION:default=0
DISPOSITION:dub=0
DISPOSITION:original=0
DISPOSITION:comment=0
DISPOSITION:lyrics=0
DISPOSITION:karaoke=0
DISPOSITION:forced=0
DISPOSITION:hearing_impaired=0
DISPOSITION:visual_impaired=0
DISPOSITION:clean_effects=0
DISPOSITION:attached_pic=0
DISPOSITION:timed_thumbnails=0
[/STREAM]
[STREAM]
index=1
codec_name=h264
codec_long_name=H.264 / AVC / MPEG-4 AVC / MPEG-4 part 10
profile=Main
codec_type=video
codec_time_base=1/60
codec_tag_string=[0][0][0][0]
codec_tag=0x0000
width=1024
height=616
coded_width=1024
coded_height=624
has_b_frames=0
sample_aspect_ratio=1:1
display_aspect_ratio=128:77
pix_fmt=yuv420p
level=31
color_range=unknown
color_space=unknown
color_transfer=unknown
color_primaries=unknown
chroma_location=left
field_order=progressive
timecode=N/A
refs=1
is_avc=true
nal_length_size=4
id=N/A
r_frame_rate=10/1
avg_frame_rate=30/1
time_base=1/1000
start_pts=10
start_time=0.010000
duration_ts=N/A
duration=N/A
bit_rate=N/A
max_bit_rate=N/A
bits_per_raw_sample=8
nb_frames=N/A
nb_read_frames=N/A
nb_read_packets=N/A
DISPOSITION:default=0
DISPOSITION:dub=0
DISPOSITION:original=0
DISPOSITION:comment=0
DISPOSITION:lyrics=0
DISPOSITION:karaoke=0
DISPOSITION:forced=0
DISPOSITION:hearing_impaired=0
DISPOSITION:visual_impaired=0
DISPOSITION:clean_effects=0
DISPOSITION:attached_pic=0
DISPOSITION:timed_thumbnails=0
[/STREAM]
[FORMAT]
filename=rtmp://43.199.149.178/live/front_right
nb_streams=2
nb_programs=0
format_name=flv
format_long_name=FLV (Flash Video)
start_time=0.000000
duration=N/A
size=N/A
bit_rate=N/A
probe_score=100
TAG:title=/camera3/rtsp
TAG:comment=rtsp_image_transport
TAG:encoder=Lavf58.29.100
TAG:server=SRS/5.0.213(Bee)
TAG:server_version=5.0.213
[/FORMAT]
[AVIOContext @ 0x55dd29910640] Statistics: 672005 bytes read, 0 seeks
---------------------[ ffprobe Log End ]----------------------
SUMMARY: Status OK. Check passed because ffprobe successfully connected to the stream and retrieved its information (Exit Code: 0).

====================[ End of Check Cycle ]====================

==========================================================
                STREAM STATUS CHECK @ Tuesday, July 22, 2025 AM11:28:27 HKT
==========================================================

------------------[ Checking Stream: front_left ]------------------
URL: rtmp://43.199.149.178/live/front_left
--------------------[ ffprobe Log Start ]---------------------
ffprobe version 4.2.7-0ubuntu0.1 Copyright (c) 2007-2022 the FFmpeg developers
  built with gcc 9 (Ubuntu 9.4.0-1ubuntu1~20.04.1)
  configuration: --prefix=/usr --extra-version=0ubuntu0.1 --toolchain=hardened --libdir=/usr/lib/x86_64-linux-gnu --incdir=/usr/include/x86_64-linux-gnu --arch=amd64 --enable-gpl --disable-stripping --enable-avresample --disable-filter=resample --enable-avisynth --enable-gnutls --enable-ladspa --enable-libaom --enable-libass --enable-libbluray --enable-libbs2b --enable-libcaca --enable-libcdio --enable-libcodec2 --enable-libflite --enable-libfontconfig --enable-libfreetype --enable-libfribidi --enable-libgme --enable-libgsm --enable-libjack --enable-libmp3lame --enable-libmysofa --enable-libopenjpeg --enable-libopenmpt --enable-libopus --enable-libpulse --enable-librsvg --enable-librubberband --enable-libshine --enable-libsnappy --enable-libsoxr --enable-libspeex --enable-libssh --enable-libtheora --enable-libtwolame --enable-libvidstab --enable-libvorbis --enable-libvpx --enable-libwavpack --enable-libwebp --enable-libx265 --enable-libxml2 --enable-libxvid --enable-libzmq --enable-libzvbi --enable-lv2 --enable-omx --enable-openal --enable-opencl --enable-opengl --enable-sdl2 --enable-libdc1394 --enable-libdrm --enable-libiec61883 --enable-nvenc --enable-chromaprint --enable-frei0r --enable-libx264 --enable-shared
  libavutil      56. 31.100 / 56. 31.100
  libavcodec     58. 54.100 / 58. 54.100
  libavformat    58. 29.100 / 58. 29.100
  libavdevice    58.  8.100 / 58.  8.100
  libavfilter     7. 57.100 /  7. 57.100
  libavresample   4.  0.  0 /  4.  0.  0
  libswscale      5.  5.100 /  5.  5.100
  libswresample   3.  5.100 /  3.  5.100
  libpostproc    55.  5.100 / 55.  5.100
[tcp @ 0x5598dfaeac00] Starting connection attempt to 43.199.149.178 port 1935
[tcp @ 0x5598dfaeac00] Successfully connected to 43.199.149.178 port 1935
[h264 @ 0x5598dfaeda00] Reinit context to 1024x624, pix_fmt: yuv420p
[h264 @ 0x5598dfaeda00] error while decoding MB 61 23, bytestream -32
[h264 @ 0x5598dfaeda00] concealing 1012 DC, 1012 AC, 1012 MV errors in I frame
[flv @ 0x5598dfae9980] max_analyze_duration 5000000 reached at 5000000 microseconds st:1
Input #0, flv, from 'rtmp://43.199.149.178/live/front_left':
  Metadata:
    title           : /camera5/rtsp
    comment         : rtsp_image_transport
    encoder         : Lavf58.29.100
    server          : SRS/5.0.213(Bee)
    server_version  : 5.0.213
  Duration: N/A, start: 0.000000, bitrate: N/A
    Stream #0:0: Data: none
    Stream #0:1: Video: h264 (Main), 1 reference frame, yuv420p(progressive, left), 1024x616 (1024x624) [SAR 1:1 DAR 128:77], 30 fps, 10 tbr, 1k tbn, 60 tbc
Unsupported codec with id 0 for input stream 0
[STREAM]
index=0
codec_name=unknown
codec_long_name=unknown
profile=unknown
codec_type=data
codec_tag_string=[0][0][0][0]
codec_tag=0x0000
id=N/A
r_frame_rate=0/0
avg_frame_rate=0/0
time_base=1/1000
start_pts=0
start_time=0.000000
duration_ts=N/A
duration=N/A
bit_rate=N/A
max_bit_rate=N/A
bits_per_raw_sample=N/A
nb_frames=N/A
nb_read_frames=N/A
nb_read_packets=N/A
DISPOSITION:default=0
DISPOSITION:dub=0
DISPOSITION:original=0
DISPOSITION:comment=0
DISPOSITION:lyrics=0
DISPOSITION:karaoke=0
DISPOSITION:forced=0
DISPOSITION:hearing_impaired=0
DISPOSITION:visual_impaired=0
DISPOSITION:clean_effects=0
DISPOSITION:attached_pic=0
DISPOSITION:timed_thumbnails=0
[/STREAM]
[STREAM]
index=1
codec_name=h264
codec_long_name=H.264 / AVC / MPEG-4 AVC / MPEG-4 part 10
profile=Main
codec_type=video
codec_time_base=1/60
codec_tag_string=[0][0][0][0]
codec_tag=0x0000
width=1024
height=616
coded_width=1024
coded_height=624
has_b_frames=0
sample_aspect_ratio=1:1
display_aspect_ratio=128:77
pix_fmt=yuv420p
level=31
color_range=unknown
color_space=unknown
color_transfer=unknown
color_primaries=unknown
chroma_location=left
field_order=progressive
timecode=N/A
refs=1
is_avc=true
nal_length_size=4
id=N/A
r_frame_rate=10/1
avg_frame_rate=30/1
time_base=1/1000
start_pts=10
start_time=0.010000
duration_ts=N/A
duration=N/A
bit_rate=N/A
max_bit_rate=N/A
bits_per_raw_sample=8
nb_frames=N/A
nb_read_frames=N/A
nb_read_packets=N/A
DISPOSITION:default=0
DISPOSITION:dub=0
DISPOSITION:original=0
DISPOSITION:comment=0
DISPOSITION:lyrics=0
DISPOSITION:karaoke=0
DISPOSITION:forced=0
DISPOSITION:hearing_impaired=0
DISPOSITION:visual_impaired=0
DISPOSITION:clean_effects=0
DISPOSITION:attached_pic=0
DISPOSITION:timed_thumbnails=0
[/STREAM]
[FORMAT]
filename=rtmp://43.199.149.178/live/front_left
nb_streams=2
nb_programs=0
format_name=flv
format_long_name=FLV (Flash Video)
start_time=0.000000
duration=N/A
size=N/A
bit_rate=N/A
probe_score=100
TAG:title=/camera5/rtsp
TAG:comment=rtsp_image_transport
TAG:encoder=Lavf58.29.100
TAG:server=SRS/5.0.213(Bee)
TAG:server_version=5.0.213
[/FORMAT]
[AVIOContext @ 0x5598dfaec640] Statistics: 645594 bytes read, 0 seeks
---------------------[ ffprobe Log End ]----------------------
SUMMARY: Status OK. Check passed because ffprobe successfully connected to the stream and retrieved its information (Exit Code: 0).


------------------[ Checking Stream: front_right ]------------------
URL: rtmp://43.199.149.178/live/front_right
--------------------[ ffprobe Log Start ]---------------------
ffprobe version 4.2.7-0ubuntu0.1 Copyright (c) 2007-2022 the FFmpeg developers
  built with gcc 9 (Ubuntu 9.4.0-1ubuntu1~20.04.1)
  configuration: --prefix=/usr --extra-version=0ubuntu0.1 --toolchain=hardened --libdir=/usr/lib/x86_64-linux-gnu --incdir=/usr/include/x86_64-linux-gnu --arch=amd64 --enable-gpl --disable-stripping --enable-avresample --disable-filter=resample --enable-avisynth --enable-gnutls --enable-ladspa --enable-libaom --enable-libass --enable-libbluray --enable-libbs2b --enable-libcaca --enable-libcdio --enable-libcodec2 --enable-libflite --enable-libfontconfig --enable-libfreetype --enable-libfribidi --enable-libgme --enable-libgsm --enable-libjack --enable-libmp3lame --enable-libmysofa --enable-libopenjpeg --enable-libopenmpt --enable-libopus --enable-libpulse --enable-librsvg --enable-librubberband --enable-libshine --enable-libsnappy --enable-libsoxr --enable-libspeex --enable-libssh --enable-libtheora --enable-libtwolame --enable-libvidstab --enable-libvorbis --enable-libvpx --enable-libwavpack --enable-libwebp --enable-libx265 --enable-libxml2 --enable-libxvid --enable-libzmq --enable-libzvbi --enable-lv2 --enable-omx --enable-openal --enable-opencl --enable-opengl --enable-sdl2 --enable-libdc1394 --enable-libdrm --enable-libiec61883 --enable-nvenc --enable-chromaprint --enable-frei0r --enable-libx264 --enable-shared
  libavutil      56. 31.100 / 56. 31.100
  libavcodec     58. 54.100 / 58. 54.100
  libavformat    58. 29.100 / 58. 29.100
  libavdevice    58.  8.100 / 58.  8.100
  libavfilter     7. 57.100 /  7. 57.100
  libavresample   4.  0.  0 /  4.  0.  0
  libswscale      5.  5.100 /  5.  5.100
  libswresample   3.  5.100 /  3.  5.100
  libpostproc    55.  5.100 / 55.  5.100
[tcp @ 0x5567176f5c00] Starting connection attempt to 43.199.149.178 port 1935
[tcp @ 0x5567176f5c00] Successfully connected to 43.199.149.178 port 1935
[h264 @ 0x55671770a240] Reinit context to 1024x624, pix_fmt: yuv420p
[flv @ 0x5567176f4980] max_analyze_duration 5000000 reached at 5000000 microseconds st:1
Input #0, flv, from 'rtmp://43.199.149.178/live/front_right':
  Metadata:
    title           : /camera3/rtsp
    comment         : rtsp_image_transport
    encoder         : Lavf58.29.100
    server          : SRS/5.0.213(Bee)
    server_version  : 5.0.213
  Duration: N/A, start: 0.000000, bitrate: N/A
    Stream #0:0: Data: none
    Stream #0:1: Video: h264 (Main), 1 reference frame, yuv420p(progressive, left), 1024x616 (1024x624) [SAR 1:1 DAR 128:77], 30 fps, 10 tbr, 1k tbn, 60 tbc
Unsupported codec with id 0 for input stream 0
[STREAM]
index=0
codec_name=unknown
codec_long_name=unknown
profile=unknown
codec_type=data
codec_tag_string=[0][0][0][0]
codec_tag=0x0000
id=N/A
r_frame_rate=0/0
avg_frame_rate=0/0
time_base=1/1000
start_pts=0
start_time=0.000000
duration_ts=N/A
duration=N/A
bit_rate=N/A
max_bit_rate=N/A
bits_per_raw_sample=N/A
nb_frames=N/A
nb_read_frames=N/A
nb_read_packets=N/A
DISPOSITION:default=0
DISPOSITION:dub=0
DISPOSITION:original=0
DISPOSITION:comment=0
DISPOSITION:lyrics=0
DISPOSITION:karaoke=0
DISPOSITION:forced=0
DISPOSITION:hearing_impaired=0
DISPOSITION:visual_impaired=0
DISPOSITION:clean_effects=0
DISPOSITION:attached_pic=0
DISPOSITION:timed_thumbnails=0
[/STREAM]
[STREAM]
index=1
codec_name=h264
codec_long_name=H.264 / AVC / MPEG-4 AVC / MPEG-4 part 10
profile=Main
codec_type=video
codec_time_base=1/60
codec_tag_string=[0][0][0][0]
codec_tag=0x0000
width=1024
height=616
coded_width=1024
coded_height=624
has_b_frames=0
sample_aspect_ratio=1:1
display_aspect_ratio=128:77
pix_fmt=yuv420p
level=31
color_range=unknown
color_space=unknown
color_transfer=unknown
color_primaries=unknown
chroma_location=left
field_order=progressive
timecode=N/A
refs=1
is_avc=true
nal_length_size=4
id=N/A
r_frame_rate=10/1
avg_frame_rate=30/1
time_base=1/1000
start_pts=10
start_time=0.010000
duration_ts=N/A
duration=N/A
bit_rate=N/A
max_bit_rate=N/A
bits_per_raw_sample=8
nb_frames=N/A
nb_read_frames=N/A
nb_read_packets=N/A
DISPOSITION:default=0
DISPOSITION:dub=0
DISPOSITION:original=0
DISPOSITION:comment=0
DISPOSITION:lyrics=0
DISPOSITION:karaoke=0
DISPOSITION:forced=0
DISPOSITION:hearing_impaired=0
DISPOSITION:visual_impaired=0
DISPOSITION:clean_effects=0
DISPOSITION:attached_pic=0
DISPOSITION:timed_thumbnails=0
[/STREAM]
[FORMAT]
filename=rtmp://43.199.149.178/live/front_right
nb_streams=2
nb_programs=0
format_name=flv
format_long_name=FLV (Flash Video)
start_time=0.000000
duration=N/A
size=N/A
bit_rate=N/A
probe_score=100
TAG:title=/camera3/rtsp
TAG:comment=rtsp_image_transport
TAG:encoder=Lavf58.29.100
TAG:server=SRS/5.0.213(Bee)
TAG:server_version=5.0.213
[/FORMAT]
[AVIOContext @ 0x5567176f7640] Statistics: 650962 bytes read, 0 seeks
---------------------[ ffprobe Log End ]----------------------
SUMMARY: Status OK. Check passed because ffprobe successfully connected to the stream and retrieved its information (Exit Code: 0).

====================[ End of Check Cycle ]====================

==========================================================
                STREAM STATUS CHECK @ Tuesday, July 22, 2025 AM11:29:54 HKT
==========================================================

------------------[ Checking Stream: front_left ]------------------
URL: rtmp://43.199.149.178/live/front_left
--------------------[ ffprobe Log Start ]---------------------
ffprobe version 4.2.7-0ubuntu0.1 Copyright (c) 2007-2022 the FFmpeg developers
  built with gcc 9 (Ubuntu 9.4.0-1ubuntu1~20.04.1)
  configuration: --prefix=/usr --extra-version=0ubuntu0.1 --toolchain=hardened --libdir=/usr/lib/x86_64-linux-gnu --incdir=/usr/include/x86_64-linux-gnu --arch=amd64 --enable-gpl --disable-stripping --enable-avresample --disable-filter=resample --enable-avisynth --enable-gnutls --enable-ladspa --enable-libaom --enable-libass --enable-libbluray --enable-libbs2b --enable-libcaca --enable-libcdio --enable-libcodec2 --enable-libflite --enable-libfontconfig --enable-libfreetype --enable-libfribidi --enable-libgme --enable-libgsm --enable-libjack --enable-libmp3lame --enable-libmysofa --enable-libopenjpeg --enable-libopenmpt --enable-libopus --enable-libpulse --enable-librsvg --enable-librubberband --enable-libshine --enable-libsnappy --enable-libsoxr --enable-libspeex --enable-libssh --enable-libtheora --enable-libtwolame --enable-libvidstab --enable-libvorbis --enable-libvpx --enable-libwavpack --enable-libwebp --enable-libx265 --enable-libxml2 --enable-libxvid --enable-libzmq --enable-libzvbi --enable-lv2 --enable-omx --enable-openal --enable-opencl --enable-opengl --enable-sdl2 --enable-libdc1394 --enable-libdrm --enable-libiec61883 --enable-nvenc --enable-chromaprint --enable-frei0r --enable-libx264 --enable-shared
  libavutil      56. 31.100 / 56. 31.100
  libavcodec     58. 54.100 / 58. 54.100
  libavformat    58. 29.100 / 58. 29.100
  libavdevice    58.  8.100 / 58.  8.100
  libavfilter     7. 57.100 /  7. 57.100
  libavresample   4.  0.  0 /  4.  0.  0
  libswscale      5.  5.100 /  5.  5.100
  libswresample   3.  5.100 /  3.  5.100
  libpostproc    55.  5.100 / 55.  5.100
[tcp @ 0x560134cdcc00] Starting connection attempt to 43.199.149.178 port 1935
[tcp @ 0x560134cdcc00] Successfully connected to 43.199.149.178 port 1935
[h264 @ 0x560134cdfa00] Reinit context to 1024x624, pix_fmt: yuv420p
[h264 @ 0x560134cdfa00] error while decoding MB 25 20, bytestream -12
[h264 @ 0x560134cdfa00] concealing 1240 DC, 1240 AC, 1240 MV errors in I frame
[flv @ 0x560134cdb980] max_analyze_duration 5000000 reached at 5000000 microseconds st:1
Input #0, flv, from 'rtmp://43.199.149.178/live/front_left':
  Metadata:
    title           : /camera5/rtsp
    comment         : rtsp_image_transport
    encoder         : Lavf58.29.100
    server          : SRS/5.0.213(Bee)
    server_version  : 5.0.213
  Duration: N/A, start: 0.000000, bitrate: N/A
    Stream #0:0: Data: none
    Stream #0:1: Video: h264 (Main), 1 reference frame, yuv420p(progressive, left), 1024x616 (1024x624) [SAR 1:1 DAR 128:77], 30 fps, 10 tbr, 1k tbn, 60 tbc
Unsupported codec with id 0 for input stream 0
[STREAM]
index=0
codec_name=unknown
codec_long_name=unknown
profile=unknown
codec_type=data
codec_tag_string=[0][0][0][0]
codec_tag=0x0000
id=N/A
r_frame_rate=0/0
avg_frame_rate=0/0
time_base=1/1000
start_pts=0
start_time=0.000000
duration_ts=N/A
duration=N/A
bit_rate=N/A
max_bit_rate=N/A
bits_per_raw_sample=N/A
nb_frames=N/A
nb_read_frames=N/A
nb_read_packets=N/A
DISPOSITION:default=0
DISPOSITION:dub=0
DISPOSITION:original=0
DISPOSITION:comment=0
DISPOSITION:lyrics=0
DISPOSITION:karaoke=0
DISPOSITION:forced=0
DISPOSITION:hearing_impaired=0
DISPOSITION:visual_impaired=0
DISPOSITION:clean_effects=0
DISPOSITION:attached_pic=0
DISPOSITION:timed_thumbnails=0
[/STREAM]
[STREAM]
index=1
codec_name=h264
codec_long_name=H.264 / AVC / MPEG-4 AVC / MPEG-4 part 10
profile=Main
codec_type=video
codec_time_base=1/60
codec_tag_string=[0][0][0][0]
codec_tag=0x0000
width=1024
height=616
coded_width=1024
coded_height=624
has_b_frames=0
sample_aspect_ratio=1:1
display_aspect_ratio=128:77
pix_fmt=yuv420p
level=31
color_range=unknown
color_space=unknown
color_transfer=unknown
color_primaries=unknown
chroma_location=left
field_order=progressive
timecode=N/A
refs=1
is_avc=true
nal_length_size=4
id=N/A
r_frame_rate=10/1
avg_frame_rate=30/1
time_base=1/1000
start_pts=10
start_time=0.010000
duration_ts=N/A
duration=N/A
bit_rate=N/A
max_bit_rate=N/A
bits_per_raw_sample=8
nb_frames=N/A
nb_read_frames=N/A
nb_read_packets=N/A
DISPOSITION:default=0
DISPOSITION:dub=0
DISPOSITION:original=0
DISPOSITION:comment=0
DISPOSITION:lyrics=0
DISPOSITION:karaoke=0
DISPOSITION:forced=0
DISPOSITION:hearing_impaired=0
DISPOSITION:visual_impaired=0
DISPOSITION:clean_effects=0
DISPOSITION:attached_pic=0
DISPOSITION:timed_thumbnails=0
[/STREAM]
[FORMAT]
filename=rtmp://43.199.149.178/live/front_left
nb_streams=2
nb_programs=0
format_name=flv
format_long_name=FLV (Flash Video)
start_time=0.000000
duration=N/A
size=N/A
bit_rate=N/A
probe_score=100
TAG:title=/camera5/rtsp
TAG:comment=rtsp_image_transport
TAG:encoder=Lavf58.29.100
TAG:server=SRS/5.0.213(Bee)
TAG:server_version=5.0.213
[/FORMAT]
[AVIOContext @ 0x560134cde640] Statistics: 641997 bytes read, 0 seeks
---------------------[ ffprobe Log End ]----------------------
SUMMARY: Status OK. Check passed because ffprobe successfully connected to the stream and retrieved its information (Exit Code: 0).


------------------[ Checking Stream: front_right ]------------------
URL: rtmp://43.199.149.178/live/front_right
--------------------[ ffprobe Log Start ]---------------------
ffprobe version 4.2.7-0ubuntu0.1 Copyright (c) 2007-2022 the FFmpeg developers
  built with gcc 9 (Ubuntu 9.4.0-1ubuntu1~20.04.1)
  configuration: --prefix=/usr --extra-version=0ubuntu0.1 --toolchain=hardened --libdir=/usr/lib/x86_64-linux-gnu --incdir=/usr/include/x86_64-linux-gnu --arch=amd64 --enable-gpl --disable-stripping --enable-avresample --disable-filter=resample --enable-avisynth --enable-gnutls --enable-ladspa --enable-libaom --enable-libass --enable-libbluray --enable-libbs2b --enable-libcaca --enable-libcdio --enable-libcodec2 --enable-libflite --enable-libfontconfig --enable-libfreetype --enable-libfribidi --enable-libgme --enable-libgsm --enable-libjack --enable-libmp3lame --enable-libmysofa --enable-libopenjpeg --enable-libopenmpt --enable-libopus --enable-libpulse --enable-librsvg --enable-librubberband --enable-libshine --enable-libsnappy --enable-libsoxr --enable-libspeex --enable-libssh --enable-libtheora --enable-libtwolame --enable-libvidstab --enable-libvorbis --enable-libvpx --enable-libwavpack --enable-libwebp --enable-libx265 --enable-libxml2 --enable-libxvid --enable-libzmq --enable-libzvbi --enable-lv2 --enable-omx --enable-openal --enable-opencl --enable-opengl --enable-sdl2 --enable-libdc1394 --enable-libdrm --enable-libiec61883 --enable-nvenc --enable-chromaprint --enable-frei0r --enable-libx264 --enable-shared
  libavutil      56. 31.100 / 56. 31.100
  libavcodec     58. 54.100 / 58. 54.100
  libavformat    58. 29.100 / 58. 29.100
  libavdevice    58.  8.100 / 58.  8.100
  libavfilter     7. 57.100 /  7. 57.100
  libavresample   4.  0.  0 /  4.  0.  0
  libswscale      5.  5.100 /  5.  5.100
  libswresample   3.  5.100 /  3.  5.100
  libpostproc    55.  5.100 / 55.  5.100
[tcp @ 0x55967ee91c00] Starting connection attempt to 43.199.149.178 port 1935
[tcp @ 0x55967ee91c00] Successfully connected to 43.199.149.178 port 1935
[h264 @ 0x55967eea6240] Reinit context to 1024x624, pix_fmt: yuv420p
[flv @ 0x55967ee90980] max_analyze_duration 5000000 reached at 5000000 microseconds st:1
Input #0, flv, from 'rtmp://43.199.149.178/live/front_right':
  Metadata:
    title           : /camera3/rtsp
    comment         : rtsp_image_transport
    encoder         : Lavf58.29.100
    server          : SRS/5.0.213(Bee)
    server_version  : 5.0.213
  Duration: N/A, start: 0.000000, bitrate: N/A
    Stream #0:0: Data: none
    Stream #0:1: Video: h264 (Main), 1 reference frame, yuv420p(progressive, left), 1024x616 (1024x624) [SAR 1:1 DAR 128:77], 30 fps, 10 tbr, 1k tbn, 60 tbc
Unsupported codec with id 0 for input stream 0
[STREAM]
index=0
codec_name=unknown
codec_long_name=unknown
profile=unknown
codec_type=data
codec_tag_string=[0][0][0][0]
codec_tag=0x0000
id=N/A
r_frame_rate=0/0
avg_frame_rate=0/0
time_base=1/1000
start_pts=0
start_time=0.000000
duration_ts=N/A
duration=N/A
bit_rate=N/A
max_bit_rate=N/A
bits_per_raw_sample=N/A
nb_frames=N/A
nb_read_frames=N/A
nb_read_packets=N/A
DISPOSITION:default=0
DISPOSITION:dub=0
DISPOSITION:original=0
DISPOSITION:comment=0
DISPOSITION:lyrics=0
DISPOSITION:karaoke=0
DISPOSITION:forced=0
DISPOSITION:hearing_impaired=0
DISPOSITION:visual_impaired=0
DISPOSITION:clean_effects=0
DISPOSITION:attached_pic=0
DISPOSITION:timed_thumbnails=0
[/STREAM]
[STREAM]
index=1
codec_name=h264
codec_long_name=H.264 / AVC / MPEG-4 AVC / MPEG-4 part 10
profile=Main
codec_type=video
codec_time_base=1/60
codec_tag_string=[0][0][0][0]
codec_tag=0x0000
width=1024
height=616
coded_width=1024
coded_height=624
has_b_frames=0
sample_aspect_ratio=1:1
display_aspect_ratio=128:77
pix_fmt=yuv420p
level=31
color_range=unknown
color_space=unknown
color_transfer=unknown
color_primaries=unknown
chroma_location=left
field_order=progressive
timecode=N/A
refs=1
is_avc=true
nal_length_size=4
id=N/A
r_frame_rate=10/1
avg_frame_rate=30/1
time_base=1/1000
start_pts=10
start_time=0.010000
duration_ts=N/A
duration=N/A
bit_rate=N/A
max_bit_rate=N/A
bits_per_raw_sample=8
nb_frames=N/A
nb_read_frames=N/A
nb_read_packets=N/A
DISPOSITION:default=0
DISPOSITION:dub=0
DISPOSITION:original=0
DISPOSITION:comment=0
DISPOSITION:lyrics=0
DISPOSITION:karaoke=0
DISPOSITION:forced=0
DISPOSITION:hearing_impaired=0
DISPOSITION:visual_impaired=0
DISPOSITION:clean_effects=0
DISPOSITION:attached_pic=0
DISPOSITION:timed_thumbnails=0
[/STREAM]
[FORMAT]
filename=rtmp://43.199.149.178/live/front_right
nb_streams=2
nb_programs=0
format_name=flv
format_long_name=FLV (Flash Video)
start_time=0.000000
duration=N/A
size=N/A
bit_rate=N/A
probe_score=100
TAG:title=/camera3/rtsp
TAG:comment=rtsp_image_transport
TAG:encoder=Lavf58.29.100
TAG:server=SRS/5.0.213(Bee)
TAG:server_version=5.0.213
[/FORMAT]
[AVIOContext @ 0x55967ee93640] Statistics: 632182 bytes read, 0 seeks
---------------------[ ffprobe Log End ]----------------------
SUMMARY: Status OK. Check passed because ffprobe successfully connected to the stream and retrieved its information (Exit Code: 0).

====================[ End of Check Cycle ]====================

==========================================================
                STREAM STATUS CHECK @ Tuesday, July 22, 2025 AM11:31:21 HKT
==========================================================

------------------[ Checking Stream: front_left ]------------------
URL: rtmp://43.199.149.178/live/front_left
--------------------[ ffprobe Log Start ]---------------------
ffprobe version 4.2.7-0ubuntu0.1 Copyright (c) 2007-2022 the FFmpeg developers
  built with gcc 9 (Ubuntu 9.4.0-1ubuntu1~20.04.1)
  configuration: --prefix=/usr --extra-version=0ubuntu0.1 --toolchain=hardened --libdir=/usr/lib/x86_64-linux-gnu --incdir=/usr/include/x86_64-linux-gnu --arch=amd64 --enable-gpl --disable-stripping --enable-avresample --disable-filter=resample --enable-avisynth --enable-gnutls --enable-ladspa --enable-libaom --enable-libass --enable-libbluray --enable-libbs2b --enable-libcaca --enable-libcdio --enable-libcodec2 --enable-libflite --enable-libfontconfig --enable-libfreetype --enable-libfribidi --enable-libgme --enable-libgsm --enable-libjack --enable-libmp3lame --enable-libmysofa --enable-libopenjpeg --enable-libopenmpt --enable-libopus --enable-libpulse --enable-librsvg --enable-librubberband --enable-libshine --enable-libsnappy --enable-libsoxr --enable-libspeex --enable-libssh --enable-libtheora --enable-libtwolame --enable-libvidstab --enable-libvorbis --enable-libvpx --enable-libwavpack --enable-libwebp --enable-libx265 --enable-libxml2 --enable-libxvid --enable-libzmq --enable-libzvbi --enable-lv2 --enable-omx --enable-openal --enable-opencl --enable-opengl --enable-sdl2 --enable-libdc1394 --enable-libdrm --enable-libiec61883 --enable-nvenc --enable-chromaprint --enable-frei0r --enable-libx264 --enable-shared
  libavutil      56. 31.100 / 56. 31.100
  libavcodec     58. 54.100 / 58. 54.100
  libavformat    58. 29.100 / 58. 29.100
  libavdevice    58.  8.100 / 58.  8.100
  libavfilter     7. 57.100 /  7. 57.100
  libavresample   4.  0.  0 /  4.  0.  0
  libswscale      5.  5.100 /  5.  5.100
  libswresample   3.  5.100 /  3.  5.100
  libpostproc    55.  5.100 / 55.  5.100
[tcp @ 0x55e2d928fc00] Starting connection attempt to 43.199.149.178 port 1935
[tcp @ 0x55e2d928fc00] Successfully connected to 43.199.149.178 port 1935
[h264 @ 0x55e2d92a4240] Reinit context to 1024x624, pix_fmt: yuv420p
[flv @ 0x55e2d928e980] max_analyze_duration 5000000 reached at 5000000 microseconds st:1
Input #0, flv, from 'rtmp://43.199.149.178/live/front_left':
  Metadata:
    title           : /camera5/rtsp
    comment         : rtsp_image_transport
    encoder         : Lavf58.29.100
    server          : SRS/5.0.213(Bee)
    server_version  : 5.0.213
  Duration: N/A, start: 0.000000, bitrate: N/A
    Stream #0:0: Data: none
    Stream #0:1: Video: h264 (Main), 1 reference frame, yuv420p(progressive, left), 1024x616 (1024x624) [SAR 1:1 DAR 128:77], 30 fps, 10 tbr, 1k tbn, 60 tbc
Unsupported codec with id 0 for input stream 0
[STREAM]
index=0
codec_name=unknown
codec_long_name=unknown
profile=unknown
codec_type=data
codec_tag_string=[0][0][0][0]
codec_tag=0x0000
id=N/A
r_frame_rate=0/0
avg_frame_rate=0/0
time_base=1/1000
start_pts=0
start_time=0.000000
duration_ts=N/A
duration=N/A
bit_rate=N/A
max_bit_rate=N/A
bits_per_raw_sample=N/A
nb_frames=N/A
nb_read_frames=N/A
nb_read_packets=N/A
DISPOSITION:default=0
DISPOSITION:dub=0
DISPOSITION:original=0
DISPOSITION:comment=0
DISPOSITION:lyrics=0
DISPOSITION:karaoke=0
DISPOSITION:forced=0
DISPOSITION:hearing_impaired=0
DISPOSITION:visual_impaired=0
DISPOSITION:clean_effects=0
DISPOSITION:attached_pic=0
DISPOSITION:timed_thumbnails=0
[/STREAM]
[STREAM]
index=1
codec_name=h264
codec_long_name=H.264 / AVC / MPEG-4 AVC / MPEG-4 part 10
profile=Main
codec_type=video
codec_time_base=1/60
codec_tag_string=[0][0][0][0]
codec_tag=0x0000
width=1024
height=616
coded_width=1024
coded_height=624
has_b_frames=0
sample_aspect_ratio=1:1
display_aspect_ratio=128:77
pix_fmt=yuv420p
level=31
color_range=unknown
color_space=unknown
color_transfer=unknown
color_primaries=unknown
chroma_location=left
field_order=progressive
timecode=N/A
refs=1
is_avc=true
nal_length_size=4
id=N/A
r_frame_rate=10/1
avg_frame_rate=30/1
time_base=1/1000
start_pts=10
start_time=0.010000
duration_ts=N/A
duration=N/A
bit_rate=N/A
max_bit_rate=N/A
bits_per_raw_sample=8
nb_frames=N/A
nb_read_frames=N/A
nb_read_packets=N/A
DISPOSITION:default=0
DISPOSITION:dub=0
DISPOSITION:original=0
DISPOSITION:comment=0
DISPOSITION:lyrics=0
DISPOSITION:karaoke=0
DISPOSITION:forced=0
DISPOSITION:hearing_impaired=0
DISPOSITION:visual_impaired=0
DISPOSITION:clean_effects=0
DISPOSITION:attached_pic=0
DISPOSITION:timed_thumbnails=0
[/STREAM]
[FORMAT]
filename=rtmp://43.199.149.178/live/front_left
nb_streams=2
nb_programs=0
format_name=flv
format_long_name=FLV (Flash Video)
start_time=0.000000
duration=N/A
size=N/A
bit_rate=N/A
probe_score=100
TAG:title=/camera5/rtsp
TAG:comment=rtsp_image_transport
TAG:encoder=Lavf58.29.100
TAG:server=SRS/5.0.213(Bee)
TAG:server_version=5.0.213
[/FORMAT]
[AVIOContext @ 0x55e2d9291640] Statistics: 684399 bytes read, 0 seeks
---------------------[ ffprobe Log End ]----------------------
SUMMARY: Status OK. Check passed because ffprobe successfully connected to the stream and retrieved its information (Exit Code: 0).


------------------[ Checking Stream: front_right ]------------------
URL: rtmp://43.199.149.178/live/front_right
--------------------[ ffprobe Log Start ]---------------------
ffprobe version 4.2.7-0ubuntu0.1 Copyright (c) 2007-2022 the FFmpeg developers
  built with gcc 9 (Ubuntu 9.4.0-1ubuntu1~20.04.1)
  configuration: --prefix=/usr --extra-version=0ubuntu0.1 --toolchain=hardened --libdir=/usr/lib/x86_64-linux-gnu --incdir=/usr/include/x86_64-linux-gnu --arch=amd64 --enable-gpl --disable-stripping --enable-avresample --disable-filter=resample --enable-avisynth --enable-gnutls --enable-ladspa --enable-libaom --enable-libass --enable-libbluray --enable-libbs2b --enable-libcaca --enable-libcdio --enable-libcodec2 --enable-libflite --enable-libfontconfig --enable-libfreetype --enable-libfribidi --enable-libgme --enable-libgsm --enable-libjack --enable-libmp3lame --enable-libmysofa --enable-libopenjpeg --enable-libopenmpt --enable-libopus --enable-libpulse --enable-librsvg --enable-librubberband --enable-libshine --enable-libsnappy --enable-libsoxr --enable-libspeex --enable-libssh --enable-libtheora --enable-libtwolame --enable-libvidstab --enable-libvorbis --enable-libvpx --enable-libwavpack --enable-libwebp --enable-libx265 --enable-libxml2 --enable-libxvid --enable-libzmq --enable-libzvbi --enable-lv2 --enable-omx --enable-openal --enable-opencl --enable-opengl --enable-sdl2 --enable-libdc1394 --enable-libdrm --enable-libiec61883 --enable-nvenc --enable-chromaprint --enable-frei0r --enable-libx264 --enable-shared
  libavutil      56. 31.100 / 56. 31.100
  libavcodec     58. 54.100 / 58. 54.100
  libavformat    58. 29.100 / 58. 29.100
  libavdevice    58.  8.100 / 58.  8.100
  libavfilter     7. 57.100 /  7. 57.100
  libavresample   4.  0.  0 /  4.  0.  0
  libswscale      5.  5.100 /  5.  5.100
  libswresample   3.  5.100 /  3.  5.100
  libpostproc    55.  5.100 / 55.  5.100
[tcp @ 0x55b755d06c00] Starting connection attempt to 43.199.149.178 port 1935
[tcp @ 0x55b755d06c00] Successfully connected to 43.199.149.178 port 1935
[h264 @ 0x55b755d1b240] Reinit context to 1024x624, pix_fmt: yuv420p
[flv @ 0x55b755d05980] max_analyze_duration 5000000 reached at 5000000 microseconds st:1
Input #0, flv, from 'rtmp://43.199.149.178/live/front_right':
  Metadata:
    server          : SRS/5.0.213(Bee)
    title           : /camera3/rtsp
    comment         : rtsp_image_transport
    encoder         : Lavf58.29.100
    server_version  : 5.0.213
  Duration: N/A, start: 0.000000, bitrate: N/A
    Stream #0:0: Data: none
    Stream #0:1: Video: h264 (Main), 1 reference frame, yuv420p(progressive, left), 1024x616 (1024x624) [SAR 1:1 DAR 128:77], 30 fps, 20 tbr, 1k tbn, 60 tbc
Unsupported codec with id 0 for input stream 0
[STREAM]
index=0
codec_name=unknown
codec_long_name=unknown
profile=unknown
codec_type=data
codec_tag_string=[0][0][0][0]
codec_tag=0x0000
id=N/A
r_frame_rate=0/0
avg_frame_rate=0/0
time_base=1/1000
start_pts=0
start_time=0.000000
duration_ts=N/A
duration=N/A
bit_rate=N/A
max_bit_rate=N/A
bits_per_raw_sample=N/A
nb_frames=N/A
nb_read_frames=N/A
nb_read_packets=N/A
DISPOSITION:default=0
DISPOSITION:dub=0
DISPOSITION:original=0
DISPOSITION:comment=0
DISPOSITION:lyrics=0
DISPOSITION:karaoke=0
DISPOSITION:forced=0
DISPOSITION:hearing_impaired=0
DISPOSITION:visual_impaired=0
DISPOSITION:clean_effects=0
DISPOSITION:attached_pic=0
DISPOSITION:timed_thumbnails=0
[/STREAM]
[STREAM]
index=1
codec_name=h264
codec_long_name=H.264 / AVC / MPEG-4 AVC / MPEG-4 part 10
profile=Main
codec_type=video
codec_time_base=1/60
codec_tag_string=[0][0][0][0]
codec_tag=0x0000
width=1024
height=616
coded_width=1024
coded_height=624
has_b_frames=0
sample_aspect_ratio=1:1
display_aspect_ratio=128:77
pix_fmt=yuv420p
level=31
color_range=unknown
color_space=unknown
color_transfer=unknown
color_primaries=unknown
chroma_location=left
field_order=progressive
timecode=N/A
refs=1
is_avc=true
nal_length_size=4
id=N/A
r_frame_rate=20/1
avg_frame_rate=30/1
time_base=1/1000
start_pts=10
start_time=0.010000
duration_ts=N/A
duration=N/A
bit_rate=N/A
max_bit_rate=N/A
bits_per_raw_sample=8
nb_frames=N/A
nb_read_frames=N/A
nb_read_packets=N/A
DISPOSITION:default=0
DISPOSITION:dub=0
DISPOSITION:original=0
DISPOSITION:comment=0
DISPOSITION:lyrics=0
DISPOSITION:karaoke=0
DISPOSITION:forced=0
DISPOSITION:hearing_impaired=0
DISPOSITION:visual_impaired=0
DISPOSITION:clean_effects=0
DISPOSITION:attached_pic=0
DISPOSITION:timed_thumbnails=0
[/STREAM]
[FORMAT]
filename=rtmp://43.199.149.178/live/front_right
nb_streams=2
nb_programs=0
format_name=flv
format_long_name=FLV (Flash Video)
start_time=0.000000
duration=N/A
size=N/A
bit_rate=N/A
probe_score=100
TAG:server=SRS/5.0.213(Bee)
TAG:title=/camera3/rtsp
TAG:comment=rtsp_image_transport
TAG:encoder=Lavf58.29.100
TAG:server_version=5.0.213
[/FORMAT]
[AVIOContext @ 0x55b755d08640] Statistics: 608852 bytes read, 0 seeks
---------------------[ ffprobe Log End ]----------------------
SUMMARY: Status OK. Check passed because ffprobe successfully connected to the stream and retrieved its information (Exit Code: 0).

====================[ End of Check Cycle ]====================

==========================================================
                STREAM STATUS CHECK @ Tuesday, July 22, 2025 AM11:33:52 HKT
==========================================================

------------------[ Checking Stream: front_left ]------------------
URL: rtmp://43.199.149.178/live/front_left
--------------------[ ffprobe Log Start ]---------------------
ffprobe version 4.2.7-0ubuntu0.1 Copyright (c) 2007-2022 the FFmpeg developers
  built with gcc 9 (Ubuntu 9.4.0-1ubuntu1~20.04.1)
  configuration: --prefix=/usr --extra-version=0ubuntu0.1 --toolchain=hardened --libdir=/usr/lib/x86_64-linux-gnu --incdir=/usr/include/x86_64-linux-gnu --arch=amd64 --enable-gpl --disable-stripping --enable-avresample --disable-filter=resample --enable-avisynth --enable-gnutls --enable-ladspa --enable-libaom --enable-libass --enable-libbluray --enable-libbs2b --enable-libcaca --enable-libcdio --enable-libcodec2 --enable-libflite --enable-libfontconfig --enable-libfreetype --enable-libfribidi --enable-libgme --enable-libgsm --enable-libjack --enable-libmp3lame --enable-libmysofa --enable-libopenjpeg --enable-libopenmpt --enable-libopus --enable-libpulse --enable-librsvg --enable-librubberband --enable-libshine --enable-libsnappy --enable-libsoxr --enable-libspeex --enable-libssh --enable-libtheora --enable-libtwolame --enable-libvidstab --enable-libvorbis --enable-libvpx --enable-libwavpack --enable-libwebp --enable-libx265 --enable-libxml2 --enable-libxvid --enable-libzmq --enable-libzvbi --enable-lv2 --enable-omx --enable-openal --enable-opencl --enable-opengl --enable-sdl2 --enable-libdc1394 --enable-libdrm --enable-libiec61883 --enable-nvenc --enable-chromaprint --enable-frei0r --enable-libx264 --enable-shared
  libavutil      56. 31.100 / 56. 31.100
  libavcodec     58. 54.100 / 58. 54.100
  libavformat    58. 29.100 / 58. 29.100
  libavdevice    58.  8.100 / 58.  8.100
  libavfilter     7. 57.100 /  7. 57.100
  libavresample   4.  0.  0 /  4.  0.  0
  libswscale      5.  5.100 /  5.  5.100
  libswresample   3.  5.100 /  3.  5.100
  libpostproc    55.  5.100 / 55.  5.100
[tcp @ 0x5579dc62dc00] Starting connection attempt to 43.199.149.178 port 1935
[tcp @ 0x5579dc62dc00] Successfully connected to 43.199.149.178 port 1935
[h264 @ 0x5579dc630a00] Reinit context to 1024x624, pix_fmt: yuv420p
[h264 @ 0x5579dc630a00] error while decoding MB 22 21, bytestream -16
[h264 @ 0x5579dc630a00] concealing 1179 DC, 1179 AC, 1179 MV errors in I frame
[flv @ 0x5579dc62c980] max_analyze_duration 5000000 reached at 5000000 microseconds st:1
Input #0, flv, from 'rtmp://43.199.149.178/live/front_left':
  Metadata:
    title           : /camera5/rtsp
    comment         : rtsp_image_transport
    encoder         : Lavf58.29.100
    server          : SRS/5.0.213(Bee)
    server_version  : 5.0.213
  Duration: N/A, start: 0.000000, bitrate: N/A
    Stream #0:0: Data: none
    Stream #0:1: Video: h264 (Main), 1 reference frame, yuv420p(progressive, left), 1024x616 (1024x624) [SAR 1:1 DAR 128:77], 30 fps, 10 tbr, 1k tbn, 60 tbc
Unsupported codec with id 0 for input stream 0
[STREAM]
index=0
codec_name=unknown
codec_long_name=unknown
profile=unknown
codec_type=data
codec_tag_string=[0][0][0][0]
codec_tag=0x0000
id=N/A
r_frame_rate=0/0
avg_frame_rate=0/0
time_base=1/1000
start_pts=0
start_time=0.000000
duration_ts=N/A
duration=N/A
bit_rate=N/A
max_bit_rate=N/A
bits_per_raw_sample=N/A
nb_frames=N/A
nb_read_frames=N/A
nb_read_packets=N/A
DISPOSITION:default=0
DISPOSITION:dub=0
DISPOSITION:original=0
DISPOSITION:comment=0
DISPOSITION:lyrics=0
DISPOSITION:karaoke=0
DISPOSITION:forced=0
DISPOSITION:hearing_impaired=0
DISPOSITION:visual_impaired=0
DISPOSITION:clean_effects=0
DISPOSITION:attached_pic=0
DISPOSITION:timed_thumbnails=0
[/STREAM]
[STREAM]
index=1
codec_name=h264
codec_long_name=H.264 / AVC / MPEG-4 AVC / MPEG-4 part 10
profile=Main
codec_type=video
codec_time_base=1/60
codec_tag_string=[0][0][0][0]
codec_tag=0x0000
width=1024
height=616
coded_width=1024
coded_height=624
has_b_frames=0
sample_aspect_ratio=1:1
display_aspect_ratio=128:77
pix_fmt=yuv420p
level=31
color_range=unknown
color_space=unknown
color_transfer=unknown
color_primaries=unknown
chroma_location=left
field_order=progressive
timecode=N/A
refs=1
is_avc=true
nal_length_size=4
id=N/A
r_frame_rate=10/1
avg_frame_rate=30/1
time_base=1/1000
start_pts=10
start_time=0.010000
duration_ts=N/A
duration=N/A
bit_rate=N/A
max_bit_rate=N/A
bits_per_raw_sample=8
nb_frames=N/A
nb_read_frames=N/A
nb_read_packets=N/A
DISPOSITION:default=0
DISPOSITION:dub=0
DISPOSITION:original=0
DISPOSITION:comment=0
DISPOSITION:lyrics=0
DISPOSITION:karaoke=0
DISPOSITION:forced=0
DISPOSITION:hearing_impaired=0
DISPOSITION:visual_impaired=0
DISPOSITION:clean_effects=0
DISPOSITION:attached_pic=0
DISPOSITION:timed_thumbnails=0
[/STREAM]
[FORMAT]
filename=rtmp://43.199.149.178/live/front_left
nb_streams=2
nb_programs=0
format_name=flv
format_long_name=FLV (Flash Video)
start_time=0.000000
duration=N/A
size=N/A
bit_rate=N/A
probe_score=100
TAG:title=/camera5/rtsp
TAG:comment=rtsp_image_transport
TAG:encoder=Lavf58.29.100
TAG:server=SRS/5.0.213(Bee)
TAG:server_version=5.0.213
[/FORMAT]
[AVIOContext @ 0x5579dc62f640] Statistics: 655830 bytes read, 0 seeks
---------------------[ ffprobe Log End ]----------------------
SUMMARY: Status OK. Check passed because ffprobe successfully connected to the stream and retrieved its information (Exit Code: 0).


------------------[ Checking Stream: front_right ]------------------
URL: rtmp://43.199.149.178/live/front_right
--------------------[ ffprobe Log Start ]---------------------
ffprobe version 4.2.7-0ubuntu0.1 Copyright (c) 2007-2022 the FFmpeg developers
  built with gcc 9 (Ubuntu 9.4.0-1ubuntu1~20.04.1)
  configuration: --prefix=/usr --extra-version=0ubuntu0.1 --toolchain=hardened --libdir=/usr/lib/x86_64-linux-gnu --incdir=/usr/include/x86_64-linux-gnu --arch=amd64 --enable-gpl --disable-stripping --enable-avresample --disable-filter=resample --enable-avisynth --enable-gnutls --enable-ladspa --enable-libaom --enable-libass --enable-libbluray --enable-libbs2b --enable-libcaca --enable-libcdio --enable-libcodec2 --enable-libflite --enable-libfontconfig --enable-libfreetype --enable-libfribidi --enable-libgme --enable-libgsm --enable-libjack --enable-libmp3lame --enable-libmysofa --enable-libopenjpeg --enable-libopenmpt --enable-libopus --enable-libpulse --enable-librsvg --enable-librubberband --enable-libshine --enable-libsnappy --enable-libsoxr --enable-libspeex --enable-libssh --enable-libtheora --enable-libtwolame --enable-libvidstab --enable-libvorbis --enable-libvpx --enable-libwavpack --enable-libwebp --enable-libx265 --enable-libxml2 --enable-libxvid --enable-libzmq --enable-libzvbi --enable-lv2 --enable-omx --enable-openal --enable-opencl --enable-opengl --enable-sdl2 --enable-libdc1394 --enable-libdrm --enable-libiec61883 --enable-nvenc --enable-chromaprint --enable-frei0r --enable-libx264 --enable-shared
  libavutil      56. 31.100 / 56. 31.100
  libavcodec     58. 54.100 / 58. 54.100
  libavformat    58. 29.100 / 58. 29.100
  libavdevice    58.  8.100 / 58.  8.100
  libavfilter     7. 57.100 /  7. 57.100
  libavresample   4.  0.  0 /  4.  0.  0
  libswscale      5.  5.100 /  5.  5.100
  libswresample   3.  5.100 /  3.  5.100
  libpostproc    55.  5.100 / 55.  5.100
[tcp @ 0x5647d5729c00] Starting connection attempt to 43.199.149.178 port 1935
[tcp @ 0x5647d5729c00] Successfully connected to 43.199.149.178 port 1935
[h264 @ 0x5647d573e240] Reinit context to 1024x624, pix_fmt: yuv420p
[flv @ 0x5647d5728980] max_analyze_duration 5000000 reached at 5000000 microseconds st:1
Input #0, flv, from 'rtmp://43.199.149.178/live/front_right':
  Metadata:
    title           : /camera3/rtsp
    comment         : rtsp_image_transport
    encoder         : Lavf58.29.100
    server          : SRS/5.0.213(Bee)
    server_version  : 5.0.213
  Duration: N/A, start: 0.000000, bitrate: N/A
    Stream #0:0: Data: none
    Stream #0:1: Video: h264 (Main), 1 reference frame, yuv420p(progressive, left), 1024x616 (1024x624) [SAR 1:1 DAR 128:77], 30 fps, 10 tbr, 1k tbn, 60 tbc
Unsupported codec with id 0 for input stream 0
[STREAM]
index=0
codec_name=unknown
codec_long_name=unknown
profile=unknown
codec_type=data
codec_tag_string=[0][0][0][0]
codec_tag=0x0000
id=N/A
r_frame_rate=0/0
avg_frame_rate=0/0
time_base=1/1000
start_pts=0
start_time=0.000000
duration_ts=N/A
duration=N/A
bit_rate=N/A
max_bit_rate=N/A
bits_per_raw_sample=N/A
nb_frames=N/A
nb_read_frames=N/A
nb_read_packets=N/A
DISPOSITION:default=0
DISPOSITION:dub=0
DISPOSITION:original=0
DISPOSITION:comment=0
DISPOSITION:lyrics=0
DISPOSITION:karaoke=0
DISPOSITION:forced=0
DISPOSITION:hearing_impaired=0
DISPOSITION:visual_impaired=0
DISPOSITION:clean_effects=0
DISPOSITION:attached_pic=0
DISPOSITION:timed_thumbnails=0
[/STREAM]
[STREAM]
index=1
codec_name=h264
codec_long_name=H.264 / AVC / MPEG-4 AVC / MPEG-4 part 10
profile=Main
codec_type=video
codec_time_base=1/60
codec_tag_string=[0][0][0][0]
codec_tag=0x0000
width=1024
height=616
coded_width=1024
coded_height=624
has_b_frames=0
sample_aspect_ratio=1:1
display_aspect_ratio=128:77
pix_fmt=yuv420p
level=31
color_range=unknown
color_space=unknown
color_transfer=unknown
color_primaries=unknown
chroma_location=left
field_order=progressive
timecode=N/A
refs=1
is_avc=true
nal_length_size=4
id=N/A
r_frame_rate=10/1
avg_frame_rate=30/1
time_base=1/1000
start_pts=10
start_time=0.010000
duration_ts=N/A
duration=N/A
bit_rate=N/A
max_bit_rate=N/A
bits_per_raw_sample=8
nb_frames=N/A
nb_read_frames=N/A
nb_read_packets=N/A
DISPOSITION:default=0
DISPOSITION:dub=0
DISPOSITION:original=0
DISPOSITION:comment=0
DISPOSITION:lyrics=0
DISPOSITION:karaoke=0
DISPOSITION:forced=0
DISPOSITION:hearing_impaired=0
DISPOSITION:visual_impaired=0
DISPOSITION:clean_effects=0
DISPOSITION:attached_pic=0
DISPOSITION:timed_thumbnails=0
[/STREAM]
[FORMAT]
filename=rtmp://43.199.149.178/live/front_right
nb_streams=2
nb_programs=0
format_name=flv
format_long_name=FLV (Flash Video)
start_time=0.000000
duration=N/A
size=N/A
bit_rate=N/A
probe_score=100
TAG:title=/camera3/rtsp
TAG:comment=rtsp_image_transport
TAG:encoder=Lavf58.29.100
TAG:server=SRS/5.0.213(Bee)
TAG:server_version=5.0.213
[/FORMAT]
[AVIOContext @ 0x5647d572b640] Statistics: 630328 bytes read, 0 seeks
---------------------[ ffprobe Log End ]----------------------
SUMMARY: Status OK. Check passed because ffprobe successfully connected to the stream and retrieved its information (Exit Code: 0).

====================[ End of Check Cycle ]====================

==========================================================
                STREAM STATUS CHECK @ Tuesday, July 22, 2025 AM11:35:20 HKT
==========================================================

------------------[ Checking Stream: front_left ]------------------
URL: rtmp://43.199.149.178/live/front_left
--------------------[ ffprobe Log Start ]---------------------
ffprobe version 4.2.7-0ubuntu0.1 Copyright (c) 2007-2022 the FFmpeg developers
  built with gcc 9 (Ubuntu 9.4.0-1ubuntu1~20.04.1)
  configuration: --prefix=/usr --extra-version=0ubuntu0.1 --toolchain=hardened --libdir=/usr/lib/x86_64-linux-gnu --incdir=/usr/include/x86_64-linux-gnu --arch=amd64 --enable-gpl --disable-stripping --enable-avresample --disable-filter=resample --enable-avisynth --enable-gnutls --enable-ladspa --enable-libaom --enable-libass --enable-libbluray --enable-libbs2b --enable-libcaca --enable-libcdio --enable-libcodec2 --enable-libflite --enable-libfontconfig --enable-libfreetype --enable-libfribidi --enable-libgme --enable-libgsm --enable-libjack --enable-libmp3lame --enable-libmysofa --enable-libopenjpeg --enable-libopenmpt --enable-libopus --enable-libpulse --enable-librsvg --enable-librubberband --enable-libshine --enable-libsnappy --enable-libsoxr --enable-libspeex --enable-libssh --enable-libtheora --enable-libtwolame --enable-libvidstab --enable-libvorbis --enable-libvpx --enable-libwavpack --enable-libwebp --enable-libx265 --enable-libxml2 --enable-libxvid --enable-libzmq --enable-libzvbi --enable-lv2 --enable-omx --enable-openal --enable-opencl --enable-opengl --enable-sdl2 --enable-libdc1394 --enable-libdrm --enable-libiec61883 --enable-nvenc --enable-chromaprint --enable-frei0r --enable-libx264 --enable-shared
  libavutil      56. 31.100 / 56. 31.100
  libavcodec     58. 54.100 / 58. 54.100
  libavformat    58. 29.100 / 58. 29.100
  libavdevice    58.  8.100 / 58.  8.100
  libavfilter     7. 57.100 /  7. 57.100
  libavresample   4.  0.  0 /  4.  0.  0
  libswscale      5.  5.100 /  5.  5.100
  libswresample   3.  5.100 /  3.  5.100
  libpostproc    55.  5.100 / 55.  5.100
[tcp @ 0x561bcdc94c00] Starting connection attempt to 43.199.149.178 port 1935
[tcp @ 0x561bcdc94c00] Successfully connected to 43.199.149.178 port 1935
[h264 @ 0x561bcdc97a00] Reinit context to 1024x624, pix_fmt: yuv420p
[h264 @ 0x561bcdc97a00] error while decoding MB 35 18, bytestream -24
[h264 @ 0x561bcdc97a00] concealing 1358 DC, 1358 AC, 1358 MV errors in I frame
[flv @ 0x561bcdc93980] max_analyze_duration 5000000 reached at 5000000 microseconds st:1
Input #0, flv, from 'rtmp://43.199.149.178/live/front_left':
  Metadata:
    title           : /camera5/rtsp
    comment         : rtsp_image_transport
    encoder         : Lavf58.29.100
    server          : SRS/5.0.213(Bee)
    server_version  : 5.0.213
  Duration: N/A, start: 0.000000, bitrate: N/A
    Stream #0:0: Data: none
    Stream #0:1: Video: h264 (Main), 1 reference frame, yuv420p(progressive, left), 1024x616 (1024x624) [SAR 1:1 DAR 128:77], 30 fps, 10 tbr, 1k tbn, 60 tbc
Unsupported codec with id 0 for input stream 0
[STREAM]
index=0
codec_name=unknown
codec_long_name=unknown
profile=unknown
codec_type=data
codec_tag_string=[0][0][0][0]
codec_tag=0x0000
id=N/A
r_frame_rate=0/0
avg_frame_rate=0/0
time_base=1/1000
start_pts=0
start_time=0.000000
duration_ts=N/A
duration=N/A
bit_rate=N/A
max_bit_rate=N/A
bits_per_raw_sample=N/A
nb_frames=N/A
nb_read_frames=N/A
nb_read_packets=N/A
DISPOSITION:default=0
DISPOSITION:dub=0
DISPOSITION:original=0
DISPOSITION:comment=0
DISPOSITION:lyrics=0
DISPOSITION:karaoke=0
DISPOSITION:forced=0
DISPOSITION:hearing_impaired=0
DISPOSITION:visual_impaired=0
DISPOSITION:clean_effects=0
DISPOSITION:attached_pic=0
DISPOSITION:timed_thumbnails=0
[/STREAM]
[STREAM]
index=1
codec_name=h264
codec_long_name=H.264 / AVC / MPEG-4 AVC / MPEG-4 part 10
profile=Main
codec_type=video
codec_time_base=1/60
codec_tag_string=[0][0][0][0]
codec_tag=0x0000
width=1024
height=616
coded_width=1024
coded_height=624
has_b_frames=0
sample_aspect_ratio=1:1
display_aspect_ratio=128:77
pix_fmt=yuv420p
level=31
color_range=unknown
color_space=unknown
color_transfer=unknown
color_primaries=unknown
chroma_location=left
field_order=progressive
timecode=N/A
refs=1
is_avc=true
nal_length_size=4
id=N/A
r_frame_rate=10/1
avg_frame_rate=30/1
time_base=1/1000
start_pts=10
start_time=0.010000
duration_ts=N/A
duration=N/A
bit_rate=N/A
max_bit_rate=N/A
bits_per_raw_sample=8
nb_frames=N/A
nb_read_frames=N/A
nb_read_packets=N/A
DISPOSITION:default=0
DISPOSITION:dub=0
DISPOSITION:original=0
DISPOSITION:comment=0
DISPOSITION:lyrics=0
DISPOSITION:karaoke=0
DISPOSITION:forced=0
DISPOSITION:hearing_impaired=0
DISPOSITION:visual_impaired=0
DISPOSITION:clean_effects=0
DISPOSITION:attached_pic=0
DISPOSITION:timed_thumbnails=0
[/STREAM]
[FORMAT]
filename=rtmp://43.199.149.178/live/front_left
nb_streams=2
nb_programs=0
format_name=flv
format_long_name=FLV (Flash Video)
start_time=0.000000
duration=N/A
size=N/A
bit_rate=N/A
probe_score=100
TAG:title=/camera5/rtsp
TAG:comment=rtsp_image_transport
TAG:encoder=Lavf58.29.100
TAG:server=SRS/5.0.213(Bee)
TAG:server_version=5.0.213
[/FORMAT]
[AVIOContext @ 0x561bcdc96640] Statistics: 637738 bytes read, 0 seeks
---------------------[ ffprobe Log End ]----------------------
SUMMARY: Status OK. Check passed because ffprobe successfully connected to the stream and retrieved its information (Exit Code: 0).


------------------[ Checking Stream: front_right ]------------------
URL: rtmp://43.199.149.178/live/front_right
--------------------[ ffprobe Log Start ]---------------------
ffprobe version 4.2.7-0ubuntu0.1 Copyright (c) 2007-2022 the FFmpeg developers
  built with gcc 9 (Ubuntu 9.4.0-1ubuntu1~20.04.1)
  configuration: --prefix=/usr --extra-version=0ubuntu0.1 --toolchain=hardened --libdir=/usr/lib/x86_64-linux-gnu --incdir=/usr/include/x86_64-linux-gnu --arch=amd64 --enable-gpl --disable-stripping --enable-avresample --disable-filter=resample --enable-avisynth --enable-gnutls --enable-ladspa --enable-libaom --enable-libass --enable-libbluray --enable-libbs2b --enable-libcaca --enable-libcdio --enable-libcodec2 --enable-libflite --enable-libfontconfig --enable-libfreetype --enable-libfribidi --enable-libgme --enable-libgsm --enable-libjack --enable-libmp3lame --enable-libmysofa --enable-libopenjpeg --enable-libopenmpt --enable-libopus --enable-libpulse --enable-librsvg --enable-librubberband --enable-libshine --enable-libsnappy --enable-libsoxr --enable-libspeex --enable-libssh --enable-libtheora --enable-libtwolame --enable-libvidstab --enable-libvorbis --enable-libvpx --enable-libwavpack --enable-libwebp --enable-libx265 --enable-libxml2 --enable-libxvid --enable-libzmq --enable-libzvbi --enable-lv2 --enable-omx --enable-openal --enable-opencl --enable-opengl --enable-sdl2 --enable-libdc1394 --enable-libdrm --enable-libiec61883 --enable-nvenc --enable-chromaprint --enable-frei0r --enable-libx264 --enable-shared
  libavutil      56. 31.100 / 56. 31.100
  libavcodec     58. 54.100 / 58. 54.100
  libavformat    58. 29.100 / 58. 29.100
  libavdevice    58.  8.100 / 58.  8.100
  libavfilter     7. 57.100 /  7. 57.100
  libavresample   4.  0.  0 /  4.  0.  0
  libswscale      5.  5.100 /  5.  5.100
  libswresample   3.  5.100 /  3.  5.100
  libpostproc    55.  5.100 / 55.  5.100
[tcp @ 0x558508b4dc00] Starting connection attempt to 43.199.149.178 port 1935
[tcp @ 0x558508b4dc00] Successfully connected to 43.199.149.178 port 1935
[h264 @ 0x558508b62240] Reinit context to 1024x624, pix_fmt: yuv420p
[flv @ 0x558508b4c980] max_analyze_duration 5000000 reached at 5000000 microseconds st:1
Input #0, flv, from 'rtmp://43.199.149.178/live/front_right':
  Metadata:
    title           : /camera3/rtsp
    comment         : rtsp_image_transport
    encoder         : Lavf58.29.100
    server          : SRS/5.0.213(Bee)
    server_version  : 5.0.213
  Duration: N/A, start: 0.000000, bitrate: N/A
    Stream #0:0: Data: none
    Stream #0:1: Video: h264 (Main), 1 reference frame, yuv420p(progressive, left), 1024x616 (1024x624) [SAR 1:1 DAR 128:77], 30 fps, 10 tbr, 1k tbn, 60 tbc
Unsupported codec with id 0 for input stream 0
[STREAM]
index=0
codec_name=unknown
codec_long_name=unknown
profile=unknown
codec_type=data
codec_tag_string=[0][0][0][0]
codec_tag=0x0000
id=N/A
r_frame_rate=0/0
avg_frame_rate=0/0
time_base=1/1000
start_pts=0
start_time=0.000000
duration_ts=N/A
duration=N/A
bit_rate=N/A
max_bit_rate=N/A
bits_per_raw_sample=N/A
nb_frames=N/A
nb_read_frames=N/A
nb_read_packets=N/A
DISPOSITION:default=0
DISPOSITION:dub=0
DISPOSITION:original=0
DISPOSITION:comment=0
DISPOSITION:lyrics=0
DISPOSITION:karaoke=0
DISPOSITION:forced=0
DISPOSITION:hearing_impaired=0
DISPOSITION:visual_impaired=0
DISPOSITION:clean_effects=0
DISPOSITION:attached_pic=0
DISPOSITION:timed_thumbnails=0
[/STREAM]
[STREAM]
index=1
codec_name=h264
codec_long_name=H.264 / AVC / MPEG-4 AVC / MPEG-4 part 10
profile=Main
codec_type=video
codec_time_base=1/60
codec_tag_string=[0][0][0][0]
codec_tag=0x0000
width=1024
height=616
coded_width=1024
coded_height=624
has_b_frames=0
sample_aspect_ratio=1:1
display_aspect_ratio=128:77
pix_fmt=yuv420p
level=31
color_range=unknown
color_space=unknown
color_transfer=unknown
color_primaries=unknown
chroma_location=left
field_order=progressive
timecode=N/A
refs=1
is_avc=true
nal_length_size=4
id=N/A
r_frame_rate=10/1
avg_frame_rate=30/1
time_base=1/1000
start_pts=10
start_time=0.010000
duration_ts=N/A
duration=N/A
bit_rate=N/A
max_bit_rate=N/A
bits_per_raw_sample=8
nb_frames=N/A
nb_read_frames=N/A
nb_read_packets=N/A
DISPOSITION:default=0
DISPOSITION:dub=0
DISPOSITION:original=0
DISPOSITION:comment=0
DISPOSITION:lyrics=0
DISPOSITION:karaoke=0
DISPOSITION:forced=0
DISPOSITION:hearing_impaired=0
DISPOSITION:visual_impaired=0
DISPOSITION:clean_effects=0
DISPOSITION:attached_pic=0
DISPOSITION:timed_thumbnails=0
[/STREAM]
[FORMAT]
filename=rtmp://43.199.149.178/live/front_right
nb_streams=2
nb_programs=0
format_name=flv
format_long_name=FLV (Flash Video)
start_time=0.000000
duration=N/A
size=N/A
bit_rate=N/A
probe_score=100
TAG:title=/camera3/rtsp
TAG:comment=rtsp_image_transport
TAG:encoder=Lavf58.29.100
TAG:server=SRS/5.0.213(Bee)
TAG:server_version=5.0.213
[/FORMAT]
[AVIOContext @ 0x558508b4f640] Statistics: 698202 bytes read, 0 seeks
---------------------[ ffprobe Log End ]----------------------
SUMMARY: Status OK. Check passed because ffprobe successfully connected to the stream and retrieved its information (Exit Code: 0).

====================[ End of Check Cycle ]====================

==========================================================
                STREAM STATUS CHECK @ Tuesday, July 22, 2025 AM11:36:48 HKT
==========================================================

------------------[ Checking Stream: front_left ]------------------
URL: rtmp://43.199.149.178/live/front_left
--------------------[ ffprobe Log Start ]---------------------
ffprobe version 4.2.7-0ubuntu0.1 Copyright (c) 2007-2022 the FFmpeg developers
  built with gcc 9 (Ubuntu 9.4.0-1ubuntu1~20.04.1)
  configuration: --prefix=/usr --extra-version=0ubuntu0.1 --toolchain=hardened --libdir=/usr/lib/x86_64-linux-gnu --incdir=/usr/include/x86_64-linux-gnu --arch=amd64 --enable-gpl --disable-stripping --enable-avresample --disable-filter=resample --enable-avisynth --enable-gnutls --enable-ladspa --enable-libaom --enable-libass --enable-libbluray --enable-libbs2b --enable-libcaca --enable-libcdio --enable-libcodec2 --enable-libflite --enable-libfontconfig --enable-libfreetype --enable-libfribidi --enable-libgme --enable-libgsm --enable-libjack --enable-libmp3lame --enable-libmysofa --enable-libopenjpeg --enable-libopenmpt --enable-libopus --enable-libpulse --enable-librsvg --enable-librubberband --enable-libshine --enable-libsnappy --enable-libsoxr --enable-libspeex --enable-libssh --enable-libtheora --enable-libtwolame --enable-libvidstab --enable-libvorbis --enable-libvpx --enable-libwavpack --enable-libwebp --enable-libx265 --enable-libxml2 --enable-libxvid --enable-libzmq --enable-libzvbi --enable-lv2 --enable-omx --enable-openal --enable-opencl --enable-opengl --enable-sdl2 --enable-libdc1394 --enable-libdrm --enable-libiec61883 --enable-nvenc --enable-chromaprint --enable-frei0r --enable-libx264 --enable-shared
  libavutil      56. 31.100 / 56. 31.100
  libavcodec     58. 54.100 / 58. 54.100
  libavformat    58. 29.100 / 58. 29.100
  libavdevice    58.  8.100 / 58.  8.100
  libavfilter     7. 57.100 /  7. 57.100
  libavresample   4.  0.  0 /  4.  0.  0
  libswscale      5.  5.100 /  5.  5.100
  libswresample   3.  5.100 /  3.  5.100
  libpostproc    55.  5.100 / 55.  5.100
[tcp @ 0x5588a7081c00] Starting connection attempt to 43.199.149.178 port 1935
[tcp @ 0x5588a7081c00] Successfully connected to 43.199.149.178 port 1935
[h264 @ 0x5588a7084a00] Reinit context to 1024x624, pix_fmt: yuv420p
[h264 @ 0x5588a7084a00] error while decoding MB 52 19, bytestream -22
[h264 @ 0x5588a7084a00] concealing 1277 DC, 1277 AC, 1277 MV errors in I frame
[flv @ 0x5588a7080980] max_analyze_duration 5000000 reached at 5000000 microseconds st:1
Input #0, flv, from 'rtmp://43.199.149.178/live/front_left':
  Metadata:
    title           : /camera5/rtsp
    comment         : rtsp_image_transport
    encoder         : Lavf58.29.100
    server          : SRS/5.0.213(Bee)
    server_version  : 5.0.213
  Duration: N/A, start: 0.000000, bitrate: N/A
    Stream #0:0: Data: none
    Stream #0:1: Video: h264 (Main), 1 reference frame, yuv420p(progressive, left), 1024x616 (1024x624) [SAR 1:1 DAR 128:77], 30 fps, 10 tbr, 1k tbn, 60 tbc
Unsupported codec with id 0 for input stream 0
[STREAM]
index=0
codec_name=unknown
codec_long_name=unknown
profile=unknown
codec_type=data
codec_tag_string=[0][0][0][0]
codec_tag=0x0000
id=N/A
r_frame_rate=0/0
avg_frame_rate=0/0
time_base=1/1000
start_pts=0
start_time=0.000000
duration_ts=N/A
duration=N/A
bit_rate=N/A
max_bit_rate=N/A
bits_per_raw_sample=N/A
nb_frames=N/A
nb_read_frames=N/A
nb_read_packets=N/A
DISPOSITION:default=0
DISPOSITION:dub=0
DISPOSITION:original=0
DISPOSITION:comment=0
DISPOSITION:lyrics=0
DISPOSITION:karaoke=0
DISPOSITION:forced=0
DISPOSITION:hearing_impaired=0
DISPOSITION:visual_impaired=0
DISPOSITION:clean_effects=0
DISPOSITION:attached_pic=0
DISPOSITION:timed_thumbnails=0
[/STREAM]
[STREAM]
index=1
codec_name=h264
codec_long_name=H.264 / AVC / MPEG-4 AVC / MPEG-4 part 10
profile=Main
codec_type=video
codec_time_base=1/60
codec_tag_string=[0][0][0][0]
codec_tag=0x0000
width=1024
height=616
coded_width=1024
coded_height=624
has_b_frames=0
sample_aspect_ratio=1:1
display_aspect_ratio=128:77
pix_fmt=yuv420p
level=31
color_range=unknown
color_space=unknown
color_transfer=unknown
color_primaries=unknown
chroma_location=left
field_order=progressive
timecode=N/A
refs=1
is_avc=true
nal_length_size=4
id=N/A
r_frame_rate=10/1
avg_frame_rate=30/1
time_base=1/1000
start_pts=10
start_time=0.010000
duration_ts=N/A
duration=N/A
bit_rate=N/A
max_bit_rate=N/A
bits_per_raw_sample=8
nb_frames=N/A
nb_read_frames=N/A
nb_read_packets=N/A
DISPOSITION:default=0
DISPOSITION:dub=0
DISPOSITION:original=0
DISPOSITION:comment=0
DISPOSITION:lyrics=0
DISPOSITION:karaoke=0
DISPOSITION:forced=0
DISPOSITION:hearing_impaired=0
DISPOSITION:visual_impaired=0
DISPOSITION:clean_effects=0
DISPOSITION:attached_pic=0
DISPOSITION:timed_thumbnails=0
[/STREAM]
[FORMAT]
filename=rtmp://43.199.149.178/live/front_left
nb_streams=2
nb_programs=0
format_name=flv
format_long_name=FLV (Flash Video)
start_time=0.000000
duration=N/A
size=N/A
bit_rate=N/A
probe_score=100
TAG:title=/camera5/rtsp
TAG:comment=rtsp_image_transport
TAG:encoder=Lavf58.29.100
TAG:server=SRS/5.0.213(Bee)
TAG:server_version=5.0.213
[/FORMAT]
[AVIOContext @ 0x5588a7083640] Statistics: 632250 bytes read, 0 seeks
---------------------[ ffprobe Log End ]----------------------
SUMMARY: Status OK. Check passed because ffprobe successfully connected to the stream and retrieved its information (Exit Code: 0).


------------------[ Checking Stream: front_right ]------------------
URL: rtmp://43.199.149.178/live/front_right
--------------------[ ffprobe Log Start ]---------------------
ffprobe version 4.2.7-0ubuntu0.1 Copyright (c) 2007-2022 the FFmpeg developers
  built with gcc 9 (Ubuntu 9.4.0-1ubuntu1~20.04.1)
  configuration: --prefix=/usr --extra-version=0ubuntu0.1 --toolchain=hardened --libdir=/usr/lib/x86_64-linux-gnu --incdir=/usr/include/x86_64-linux-gnu --arch=amd64 --enable-gpl --disable-stripping --enable-avresample --disable-filter=resample --enable-avisynth --enable-gnutls --enable-ladspa --enable-libaom --enable-libass --enable-libbluray --enable-libbs2b --enable-libcaca --enable-libcdio --enable-libcodec2 --enable-libflite --enable-libfontconfig --enable-libfreetype --enable-libfribidi --enable-libgme --enable-libgsm --enable-libjack --enable-libmp3lame --enable-libmysofa --enable-libopenjpeg --enable-libopenmpt --enable-libopus --enable-libpulse --enable-librsvg --enable-librubberband --enable-libshine --enable-libsnappy --enable-libsoxr --enable-libspeex --enable-libssh --enable-libtheora --enable-libtwolame --enable-libvidstab --enable-libvorbis --enable-libvpx --enable-libwavpack --enable-libwebp --enable-libx265 --enable-libxml2 --enable-libxvid --enable-libzmq --enable-libzvbi --enable-lv2 --enable-omx --enable-openal --enable-opencl --enable-opengl --enable-sdl2 --enable-libdc1394 --enable-libdrm --enable-libiec61883 --enable-nvenc --enable-chromaprint --enable-frei0r --enable-libx264 --enable-shared
  libavutil      56. 31.100 / 56. 31.100
  libavcodec     58. 54.100 / 58. 54.100
  libavformat    58. 29.100 / 58. 29.100
  libavdevice    58.  8.100 / 58.  8.100
  libavfilter     7. 57.100 /  7. 57.100
  libavresample   4.  0.  0 /  4.  0.  0
  libswscale      5.  5.100 /  5.  5.100
  libswresample   3.  5.100 /  3.  5.100
  libpostproc    55.  5.100 / 55.  5.100
[tcp @ 0x55a5914a6c00] Starting connection attempt to 43.199.149.178 port 1935
[tcp @ 0x55a5914a6c00] Successfully connected to 43.199.149.178 port 1935
[h264 @ 0x55a5914bb240] Reinit context to 1024x624, pix_fmt: yuv420p
[flv @ 0x55a5914a5980] max_analyze_duration 5000000 reached at 5000000 microseconds st:1
Input #0, flv, from 'rtmp://43.199.149.178/live/front_right':
  Metadata:
    title           : /camera3/rtsp
    comment         : rtsp_image_transport
    encoder         : Lavf58.29.100
    server          : SRS/5.0.213(Bee)
    server_version  : 5.0.213
  Duration: N/A, start: 0.000000, bitrate: N/A
    Stream #0:0: Data: none
    Stream #0:1: Video: h264 (Main), 1 reference frame, yuv420p(progressive, left), 1024x616 (1024x624) [SAR 1:1 DAR 128:77], 30 fps, 10 tbr, 1k tbn, 60 tbc
Unsupported codec with id 0 for input stream 0
[STREAM]
index=0
codec_name=unknown
codec_long_name=unknown
profile=unknown
codec_type=data
codec_tag_string=[0][0][0][0]
codec_tag=0x0000
id=N/A
r_frame_rate=0/0
avg_frame_rate=0/0
time_base=1/1000
start_pts=0
start_time=0.000000
duration_ts=N/A
duration=N/A
bit_rate=N/A
max_bit_rate=N/A
bits_per_raw_sample=N/A
nb_frames=N/A
nb_read_frames=N/A
nb_read_packets=N/A
DISPOSITION:default=0
DISPOSITION:dub=0
DISPOSITION:original=0
DISPOSITION:comment=0
DISPOSITION:lyrics=0
DISPOSITION:karaoke=0
DISPOSITION:forced=0
DISPOSITION:hearing_impaired=0
DISPOSITION:visual_impaired=0
DISPOSITION:clean_effects=0
DISPOSITION:attached_pic=0
DISPOSITION:timed_thumbnails=0
[/STREAM]
[STREAM]
index=1
codec_name=h264
codec_long_name=H.264 / AVC / MPEG-4 AVC / MPEG-4 part 10
profile=Main
codec_type=video
codec_time_base=1/60
codec_tag_string=[0][0][0][0]
codec_tag=0x0000
width=1024
height=616
coded_width=1024
coded_height=624
has_b_frames=0
sample_aspect_ratio=1:1
display_aspect_ratio=128:77
pix_fmt=yuv420p
level=31
color_range=unknown
color_space=unknown
color_transfer=unknown
color_primaries=unknown
chroma_location=left
field_order=progressive
timecode=N/A
refs=1
is_avc=true
nal_length_size=4
id=N/A
r_frame_rate=10/1
avg_frame_rate=30/1
time_base=1/1000
start_pts=10
start_time=0.010000
duration_ts=N/A
duration=N/A
bit_rate=N/A
max_bit_rate=N/A
bits_per_raw_sample=8
nb_frames=N/A
nb_read_frames=N/A
nb_read_packets=N/A
DISPOSITION:default=0
DISPOSITION:dub=0
DISPOSITION:original=0
DISPOSITION:comment=0
DISPOSITION:lyrics=0
DISPOSITION:karaoke=0
DISPOSITION:forced=0
DISPOSITION:hearing_impaired=0
DISPOSITION:visual_impaired=0
DISPOSITION:clean_effects=0
DISPOSITION:attached_pic=0
DISPOSITION:timed_thumbnails=0
[/STREAM]
[FORMAT]
filename=rtmp://43.199.149.178/live/front_right
nb_streams=2
nb_programs=0
format_name=flv
format_long_name=FLV (Flash Video)
start_time=0.000000
duration=N/A
size=N/A
bit_rate=N/A
probe_score=100
TAG:title=/camera3/rtsp
TAG:comment=rtsp_image_transport
TAG:encoder=Lavf58.29.100
TAG:server=SRS/5.0.213(Bee)
TAG:server_version=5.0.213
[/FORMAT]
[AVIOContext @ 0x55a5914a8640] Statistics: 621921 bytes read, 0 seeks
---------------------[ ffprobe Log End ]----------------------
SUMMARY: Status OK. Check passed because ffprobe successfully connected to the stream and retrieved its information (Exit Code: 0).

====================[ End of Check Cycle ]====================

==========================================================
                STREAM STATUS CHECK @ Tuesday, July 22, 2025 AM11:38:18 HKT
==========================================================

------------------[ Checking Stream: front_left ]------------------
URL: rtmp://43.199.149.178/live/front_left
--------------------[ ffprobe Log Start ]---------------------
ffprobe version 4.2.7-0ubuntu0.1 Copyright (c) 2007-2022 the FFmpeg developers
  built with gcc 9 (Ubuntu 9.4.0-1ubuntu1~20.04.1)
  configuration: --prefix=/usr --extra-version=0ubuntu0.1 --toolchain=hardened --libdir=/usr/lib/x86_64-linux-gnu --incdir=/usr/include/x86_64-linux-gnu --arch=amd64 --enable-gpl --disable-stripping --enable-avresample --disable-filter=resample --enable-avisynth --enable-gnutls --enable-ladspa --enable-libaom --enable-libass --enable-libbluray --enable-libbs2b --enable-libcaca --enable-libcdio --enable-libcodec2 --enable-libflite --enable-libfontconfig --enable-libfreetype --enable-libfribidi --enable-libgme --enable-libgsm --enable-libjack --enable-libmp3lame --enable-libmysofa --enable-libopenjpeg --enable-libopenmpt --enable-libopus --enable-libpulse --enable-librsvg --enable-librubberband --enable-libshine --enable-libsnappy --enable-libsoxr --enable-libspeex --enable-libssh --enable-libtheora --enable-libtwolame --enable-libvidstab --enable-libvorbis --enable-libvpx --enable-libwavpack --enable-libwebp --enable-libx265 --enable-libxml2 --enable-libxvid --enable-libzmq --enable-libzvbi --enable-lv2 --enable-omx --enable-openal --enable-opencl --enable-opengl --enable-sdl2 --enable-libdc1394 --enable-libdrm --enable-libiec61883 --enable-nvenc --enable-chromaprint --enable-frei0r --enable-libx264 --enable-shared
  libavutil      56. 31.100 / 56. 31.100
  libavcodec     58. 54.100 / 58. 54.100
  libavformat    58. 29.100 / 58. 29.100
  libavdevice    58.  8.100 / 58.  8.100
  libavfilter     7. 57.100 /  7. 57.100
  libavresample   4.  0.  0 /  4.  0.  0
  libswscale      5.  5.100 /  5.  5.100
  libswresample   3.  5.100 /  3.  5.100
  libpostproc    55.  5.100 / 55.  5.100
[tcp @ 0x556bb0b3bc00] Starting connection attempt to 43.199.149.178 port 1935
[tcp @ 0x556bb0b3bc00] Successfully connected to 43.199.149.178 port 1935
[h264 @ 0x556bb0b50240] Reinit context to 1024x624, pix_fmt: yuv420p
[flv @ 0x556bb0b3a980] max_analyze_duration 5000000 reached at 5000000 microseconds st:1
Input #0, flv, from 'rtmp://43.199.149.178/live/front_left':
  Metadata:
    title           : /camera5/rtsp
    comment         : rtsp_image_transport
    encoder         : Lavf58.29.100
    server          : SRS/5.0.213(Bee)
    server_version  : 5.0.213
  Duration: N/A, start: 0.000000, bitrate: N/A
    Stream #0:0: Data: none
    Stream #0:1: Video: h264 (Main), 1 reference frame, yuv420p(progressive, left), 1024x616 (1024x624) [SAR 1:1 DAR 128:77], 30 fps, 10 tbr, 1k tbn, 60 tbc
Unsupported codec with id 0 for input stream 0
[STREAM]
index=0
codec_name=unknown
codec_long_name=unknown
profile=unknown
codec_type=data
codec_tag_string=[0][0][0][0]
codec_tag=0x0000
id=N/A
r_frame_rate=0/0
avg_frame_rate=0/0
time_base=1/1000
start_pts=0
start_time=0.000000
duration_ts=N/A
duration=N/A
bit_rate=N/A
max_bit_rate=N/A
bits_per_raw_sample=N/A
nb_frames=N/A
nb_read_frames=N/A
nb_read_packets=N/A
DISPOSITION:default=0
DISPOSITION:dub=0
DISPOSITION:original=0
DISPOSITION:comment=0
DISPOSITION:lyrics=0
DISPOSITION:karaoke=0
DISPOSITION:forced=0
DISPOSITION:hearing_impaired=0
DISPOSITION:visual_impaired=0
DISPOSITION:clean_effects=0
DISPOSITION:attached_pic=0
DISPOSITION:timed_thumbnails=0
[/STREAM]
[STREAM]
index=1
codec_name=h264
codec_long_name=H.264 / AVC / MPEG-4 AVC / MPEG-4 part 10
profile=Main
codec_type=video
codec_time_base=1/60
codec_tag_string=[0][0][0][0]
codec_tag=0x0000
width=1024
height=616
coded_width=1024
coded_height=624
has_b_frames=0
sample_aspect_ratio=1:1
display_aspect_ratio=128:77
pix_fmt=yuv420p
level=31
color_range=unknown
color_space=unknown
color_transfer=unknown
color_primaries=unknown
chroma_location=left
field_order=progressive
timecode=N/A
refs=1
is_avc=true
nal_length_size=4
id=N/A
r_frame_rate=10/1
avg_frame_rate=30/1
time_base=1/1000
start_pts=10
start_time=0.010000
duration_ts=N/A
duration=N/A
bit_rate=N/A
max_bit_rate=N/A
bits_per_raw_sample=8
nb_frames=N/A
nb_read_frames=N/A
nb_read_packets=N/A
DISPOSITION:default=0
DISPOSITION:dub=0
DISPOSITION:original=0
DISPOSITION:comment=0
DISPOSITION:lyrics=0
DISPOSITION:karaoke=0
DISPOSITION:forced=0
DISPOSITION:hearing_impaired=0
DISPOSITION:visual_impaired=0
DISPOSITION:clean_effects=0
DISPOSITION:attached_pic=0
DISPOSITION:timed_thumbnails=0
[/STREAM]
[FORMAT]
filename=rtmp://43.199.149.178/live/front_left
nb_streams=2
nb_programs=0
format_name=flv
format_long_name=FLV (Flash Video)
start_time=0.000000
duration=N/A
size=N/A
bit_rate=N/A
probe_score=100
TAG:title=/camera5/rtsp
TAG:comment=rtsp_image_transport
TAG:encoder=Lavf58.29.100
TAG:server=SRS/5.0.213(Bee)
TAG:server_version=5.0.213
[/FORMAT]
[AVIOContext @ 0x556bb0b3d640] Statistics: 664286 bytes read, 0 seeks
---------------------[ ffprobe Log End ]----------------------
SUMMARY: Status OK. Check passed because ffprobe successfully connected to the stream and retrieved its information (Exit Code: 0).


------------------[ Checking Stream: front_right ]------------------
URL: rtmp://43.199.149.178/live/front_right
--------------------[ ffprobe Log Start ]---------------------
ffprobe version 4.2.7-0ubuntu0.1 Copyright (c) 2007-2022 the FFmpeg developers
  built with gcc 9 (Ubuntu 9.4.0-1ubuntu1~20.04.1)
  configuration: --prefix=/usr --extra-version=0ubuntu0.1 --toolchain=hardened --libdir=/usr/lib/x86_64-linux-gnu --incdir=/usr/include/x86_64-linux-gnu --arch=amd64 --enable-gpl --disable-stripping --enable-avresample --disable-filter=resample --enable-avisynth --enable-gnutls --enable-ladspa --enable-libaom --enable-libass --enable-libbluray --enable-libbs2b --enable-libcaca --enable-libcdio --enable-libcodec2 --enable-libflite --enable-libfontconfig --enable-libfreetype --enable-libfribidi --enable-libgme --enable-libgsm --enable-libjack --enable-libmp3lame --enable-libmysofa --enable-libopenjpeg --enable-libopenmpt --enable-libopus --enable-libpulse --enable-librsvg --enable-librubberband --enable-libshine --enable-libsnappy --enable-libsoxr --enable-libspeex --enable-libssh --enable-libtheora --enable-libtwolame --enable-libvidstab --enable-libvorbis --enable-libvpx --enable-libwavpack --enable-libwebp --enable-libx265 --enable-libxml2 --enable-libxvid --enable-libzmq --enable-libzvbi --enable-lv2 --enable-omx --enable-openal --enable-opencl --enable-opengl --enable-sdl2 --enable-libdc1394 --enable-libdrm --enable-libiec61883 --enable-nvenc --enable-chromaprint --enable-frei0r --enable-libx264 --enable-shared
  libavutil      56. 31.100 / 56. 31.100
  libavcodec     58. 54.100 / 58. 54.100
  libavformat    58. 29.100 / 58. 29.100
  libavdevice    58.  8.100 / 58.  8.100
  libavfilter     7. 57.100 /  7. 57.100
  libavresample   4.  0.  0 /  4.  0.  0
  libswscale      5.  5.100 /  5.  5.100
  libswresample   3.  5.100 /  3.  5.100
  libpostproc    55.  5.100 / 55.  5.100
[tcp @ 0x55f9a3429c00] Starting connection attempt to 43.199.149.178 port 1935
[tcp @ 0x55f9a3429c00] Successfully connected to 43.199.149.178 port 1935
[h264 @ 0x55f9a343e240] Reinit context to 1024x624, pix_fmt: yuv420p
[flv @ 0x55f9a3428980] max_analyze_duration 5000000 reached at 5000000 microseconds st:1
Input #0, flv, from 'rtmp://43.199.149.178/live/front_right':
  Metadata:
    title           : /camera3/rtsp
    comment         : rtsp_image_transport
    encoder         : Lavf58.29.100
    server          : SRS/5.0.213(Bee)
    server_version  : 5.0.213
  Duration: N/A, start: 0.000000, bitrate: N/A
    Stream #0:0: Data: none
    Stream #0:1: Video: h264 (Main), 1 reference frame, yuv420p(progressive, left), 1024x616 (1024x624) [SAR 1:1 DAR 128:77], 30 fps, 10 tbr, 1k tbn, 60 tbc
Unsupported codec with id 0 for input stream 0
[STREAM]
index=0
codec_name=unknown
codec_long_name=unknown
profile=unknown
codec_type=data
codec_tag_string=[0][0][0][0]
codec_tag=0x0000
id=N/A
r_frame_rate=0/0
avg_frame_rate=0/0
time_base=1/1000
start_pts=0
start_time=0.000000
duration_ts=N/A
duration=N/A
bit_rate=N/A
max_bit_rate=N/A
bits_per_raw_sample=N/A
nb_frames=N/A
nb_read_frames=N/A
nb_read_packets=N/A
DISPOSITION:default=0
DISPOSITION:dub=0
DISPOSITION:original=0
DISPOSITION:comment=0
DISPOSITION:lyrics=0
DISPOSITION:karaoke=0
DISPOSITION:forced=0
DISPOSITION:hearing_impaired=0
DISPOSITION:visual_impaired=0
DISPOSITION:clean_effects=0
DISPOSITION:attached_pic=0
DISPOSITION:timed_thumbnails=0
[/STREAM]
[STREAM]
index=1
codec_name=h264
codec_long_name=H.264 / AVC / MPEG-4 AVC / MPEG-4 part 10
profile=Main
codec_type=video
codec_time_base=1/60
codec_tag_string=[0][0][0][0]
codec_tag=0x0000
width=1024
height=616
coded_width=1024
coded_height=624
has_b_frames=0
sample_aspect_ratio=1:1
display_aspect_ratio=128:77
pix_fmt=yuv420p
level=31
color_range=unknown
color_space=unknown
color_transfer=unknown
color_primaries=unknown
chroma_location=left
field_order=progressive
timecode=N/A
refs=1
is_avc=true
nal_length_size=4
id=N/A
r_frame_rate=10/1
avg_frame_rate=30/1
time_base=1/1000
start_pts=10
start_time=0.010000
duration_ts=N/A
duration=N/A
bit_rate=N/A
max_bit_rate=N/A
bits_per_raw_sample=8
nb_frames=N/A
nb_read_frames=N/A
nb_read_packets=N/A
DISPOSITION:default=0
DISPOSITION:dub=0
DISPOSITION:original=0
DISPOSITION:comment=0
DISPOSITION:lyrics=0
DISPOSITION:karaoke=0
DISPOSITION:forced=0
DISPOSITION:hearing_impaired=0
DISPOSITION:visual_impaired=0
DISPOSITION:clean_effects=0
DISPOSITION:attached_pic=0
DISPOSITION:timed_thumbnails=0
[/STREAM]
[FORMAT]
filename=rtmp://43.199.149.178/live/front_right
nb_streams=2
nb_programs=0
format_name=flv
format_long_name=FLV (Flash Video)
start_time=0.000000
duration=N/A
size=N/A
bit_rate=N/A
probe_score=100
TAG:title=/camera3/rtsp
TAG:comment=rtsp_image_transport
TAG:encoder=Lavf58.29.100
TAG:server=SRS/5.0.213(Bee)
TAG:server_version=5.0.213
[/FORMAT]
[AVIOContext @ 0x55f9a342b640] Statistics: 666353 bytes read, 0 seeks
---------------------[ ffprobe Log End ]----------------------
SUMMARY: Status OK. Check passed because ffprobe successfully connected to the stream and retrieved its information (Exit Code: 0).

====================[ End of Check Cycle ]====================

==========================================================
                STREAM STATUS CHECK @ Tuesday, July 22, 2025 AM11:39:49 HKT
==========================================================

------------------[ Checking Stream: front_left ]------------------
URL: rtmp://43.199.149.178/live/front_left
--------------------[ ffprobe Log Start ]---------------------
ffprobe version 4.2.7-0ubuntu0.1 Copyright (c) 2007-2022 the FFmpeg developers
  built with gcc 9 (Ubuntu 9.4.0-1ubuntu1~20.04.1)
  configuration: --prefix=/usr --extra-version=0ubuntu0.1 --toolchain=hardened --libdir=/usr/lib/x86_64-linux-gnu --incdir=/usr/include/x86_64-linux-gnu --arch=amd64 --enable-gpl --disable-stripping --enable-avresample --disable-filter=resample --enable-avisynth --enable-gnutls --enable-ladspa --enable-libaom --enable-libass --enable-libbluray --enable-libbs2b --enable-libcaca --enable-libcdio --enable-libcodec2 --enable-libflite --enable-libfontconfig --enable-libfreetype --enable-libfribidi --enable-libgme --enable-libgsm --enable-libjack --enable-libmp3lame --enable-libmysofa --enable-libopenjpeg --enable-libopenmpt --enable-libopus --enable-libpulse --enable-librsvg --enable-librubberband --enable-libshine --enable-libsnappy --enable-libsoxr --enable-libspeex --enable-libssh --enable-libtheora --enable-libtwolame --enable-libvidstab --enable-libvorbis --enable-libvpx --enable-libwavpack --enable-libwebp --enable-libx265 --enable-libxml2 --enable-libxvid --enable-libzmq --enable-libzvbi --enable-lv2 --enable-omx --enable-openal --enable-opencl --enable-opengl --enable-sdl2 --enable-libdc1394 --enable-libdrm --enable-libiec61883 --enable-nvenc --enable-chromaprint --enable-frei0r --enable-libx264 --enable-shared
  libavutil      56. 31.100 / 56. 31.100
  libavcodec     58. 54.100 / 58. 54.100
  libavformat    58. 29.100 / 58. 29.100
  libavdevice    58.  8.100 / 58.  8.100
  libavfilter     7. 57.100 /  7. 57.100
  libavresample   4.  0.  0 /  4.  0.  0
  libswscale      5.  5.100 /  5.  5.100
  libswresample   3.  5.100 /  3.  5.100
  libpostproc    55.  5.100 / 55.  5.100
[tcp @ 0x559e9aaf8c00] Starting connection attempt to 43.199.149.178 port 1935
[tcp @ 0x559e9aaf8c00] Successfully connected to 43.199.149.178 port 1935
[h264 @ 0x559e9ab0d240] Reinit context to 1024x624, pix_fmt: yuv420p
[flv @ 0x559e9aaf7980] max_analyze_duration 5000000 reached at 5000000 microseconds st:1
Input #0, flv, from 'rtmp://43.199.149.178/live/front_left':
  Metadata:
    title           : /camera5/rtsp
    comment         : rtsp_image_transport
    encoder         : Lavf58.29.100
    server          : SRS/5.0.213(Bee)
    server_version  : 5.0.213
  Duration: N/A, start: 0.000000, bitrate: N/A
    Stream #0:0: Data: none
    Stream #0:1: Video: h264 (Main), 1 reference frame, yuv420p(progressive, left), 1024x616 (1024x624) [SAR 1:1 DAR 128:77], 30 fps, 10 tbr, 1k tbn, 60 tbc
Unsupported codec with id 0 for input stream 0
[STREAM]
index=0
codec_name=unknown
codec_long_name=unknown
profile=unknown
codec_type=data
codec_tag_string=[0][0][0][0]
codec_tag=0x0000
id=N/A
r_frame_rate=0/0
avg_frame_rate=0/0
time_base=1/1000
start_pts=0
start_time=0.000000
duration_ts=N/A
duration=N/A
bit_rate=N/A
max_bit_rate=N/A
bits_per_raw_sample=N/A
nb_frames=N/A
nb_read_frames=N/A
nb_read_packets=N/A
DISPOSITION:default=0
DISPOSITION:dub=0
DISPOSITION:original=0
DISPOSITION:comment=0
DISPOSITION:lyrics=0
DISPOSITION:karaoke=0
DISPOSITION:forced=0
DISPOSITION:hearing_impaired=0
DISPOSITION:visual_impaired=0
DISPOSITION:clean_effects=0
DISPOSITION:attached_pic=0
DISPOSITION:timed_thumbnails=0
[/STREAM]
[STREAM]
index=1
codec_name=h264
codec_long_name=H.264 / AVC / MPEG-4 AVC / MPEG-4 part 10
profile=Main
codec_type=video
codec_time_base=1/60
codec_tag_string=[0][0][0][0]
codec_tag=0x0000
width=1024
height=616
coded_width=1024
coded_height=624
has_b_frames=0
sample_aspect_ratio=1:1
display_aspect_ratio=128:77
pix_fmt=yuv420p
level=31
color_range=unknown
color_space=unknown
color_transfer=unknown
color_primaries=unknown
chroma_location=left
field_order=progressive
timecode=N/A
refs=1
is_avc=true
nal_length_size=4
id=N/A
r_frame_rate=10/1
avg_frame_rate=30/1
time_base=1/1000
start_pts=10
start_time=0.010000
duration_ts=N/A
duration=N/A
bit_rate=N/A
max_bit_rate=N/A
bits_per_raw_sample=8
nb_frames=N/A
nb_read_frames=N/A
nb_read_packets=N/A
DISPOSITION:default=0
DISPOSITION:dub=0
DISPOSITION:original=0
DISPOSITION:comment=0
DISPOSITION:lyrics=0
DISPOSITION:karaoke=0
DISPOSITION:forced=0
DISPOSITION:hearing_impaired=0
DISPOSITION:visual_impaired=0
DISPOSITION:clean_effects=0
DISPOSITION:attached_pic=0
DISPOSITION:timed_thumbnails=0
[/STREAM]
[FORMAT]
filename=rtmp://43.199.149.178/live/front_left
nb_streams=2
nb_programs=0
format_name=flv
format_long_name=FLV (Flash Video)
start_time=0.000000
duration=N/A
size=N/A
bit_rate=N/A
probe_score=100
TAG:title=/camera5/rtsp
TAG:comment=rtsp_image_transport
TAG:encoder=Lavf58.29.100
TAG:server=SRS/5.0.213(Bee)
TAG:server_version=5.0.213
[/FORMAT]
[AVIOContext @ 0x559e9aafa640] Statistics: 656543 bytes read, 0 seeks
---------------------[ ffprobe Log End ]----------------------
SUMMARY: Status OK. Check passed because ffprobe successfully connected to the stream and retrieved its information (Exit Code: 0).


------------------[ Checking Stream: front_right ]------------------
URL: rtmp://43.199.149.178/live/front_right
--------------------[ ffprobe Log Start ]---------------------
ffprobe version 4.2.7-0ubuntu0.1 Copyright (c) 2007-2022 the FFmpeg developers
  built with gcc 9 (Ubuntu 9.4.0-1ubuntu1~20.04.1)
  configuration: --prefix=/usr --extra-version=0ubuntu0.1 --toolchain=hardened --libdir=/usr/lib/x86_64-linux-gnu --incdir=/usr/include/x86_64-linux-gnu --arch=amd64 --enable-gpl --disable-stripping --enable-avresample --disable-filter=resample --enable-avisynth --enable-gnutls --enable-ladspa --enable-libaom --enable-libass --enable-libbluray --enable-libbs2b --enable-libcaca --enable-libcdio --enable-libcodec2 --enable-libflite --enable-libfontconfig --enable-libfreetype --enable-libfribidi --enable-libgme --enable-libgsm --enable-libjack --enable-libmp3lame --enable-libmysofa --enable-libopenjpeg --enable-libopenmpt --enable-libopus --enable-libpulse --enable-librsvg --enable-librubberband --enable-libshine --enable-libsnappy --enable-libsoxr --enable-libspeex --enable-libssh --enable-libtheora --enable-libtwolame --enable-libvidstab --enable-libvorbis --enable-libvpx --enable-libwavpack --enable-libwebp --enable-libx265 --enable-libxml2 --enable-libxvid --enable-libzmq --enable-libzvbi --enable-lv2 --enable-omx --enable-openal --enable-opencl --enable-opengl --enable-sdl2 --enable-libdc1394 --enable-libdrm --enable-libiec61883 --enable-nvenc --enable-chromaprint --enable-frei0r --enable-libx264 --enable-shared
  libavutil      56. 31.100 / 56. 31.100
  libavcodec     58. 54.100 / 58. 54.100
  libavformat    58. 29.100 / 58. 29.100
  libavdevice    58.  8.100 / 58.  8.100
  libavfilter     7. 57.100 /  7. 57.100
  libavresample   4.  0.  0 /  4.  0.  0
  libswscale      5.  5.100 /  5.  5.100
  libswresample   3.  5.100 /  3.  5.100
  libpostproc    55.  5.100 / 55.  5.100
[tcp @ 0x55829ff86c00] Starting connection attempt to 43.199.149.178 port 1935
[tcp @ 0x55829ff86c00] Successfully connected to 43.199.149.178 port 1935
[h264 @ 0x55829ff9b240] Reinit context to 1024x624, pix_fmt: yuv420p
[flv @ 0x55829ff85980] max_analyze_duration 5000000 reached at 5000000 microseconds st:1
Input #0, flv, from 'rtmp://43.199.149.178/live/front_right':
  Metadata:
    title           : /camera3/rtsp
    comment         : rtsp_image_transport
    encoder         : Lavf58.29.100
    server          : SRS/5.0.213(Bee)
    server_version  : 5.0.213
  Duration: N/A, start: 0.000000, bitrate: N/A
    Stream #0:0: Data: none
    Stream #0:1: Video: h264 (Main), 1 reference frame, yuv420p(progressive, left), 1024x616 (1024x624) [SAR 1:1 DAR 128:77], 30 fps, 10 tbr, 1k tbn, 60 tbc
Unsupported codec with id 0 for input stream 0
[STREAM]
index=0
codec_name=unknown
codec_long_name=unknown
profile=unknown
codec_type=data
codec_tag_string=[0][0][0][0]
codec_tag=0x0000
id=N/A
r_frame_rate=0/0
avg_frame_rate=0/0
time_base=1/1000
start_pts=0
start_time=0.000000
duration_ts=N/A
duration=N/A
bit_rate=N/A
max_bit_rate=N/A
bits_per_raw_sample=N/A
nb_frames=N/A
nb_read_frames=N/A
nb_read_packets=N/A
DISPOSITION:default=0
DISPOSITION:dub=0
DISPOSITION:original=0
DISPOSITION:comment=0
DISPOSITION:lyrics=0
DISPOSITION:karaoke=0
DISPOSITION:forced=0
DISPOSITION:hearing_impaired=0
DISPOSITION:visual_impaired=0
DISPOSITION:clean_effects=0
DISPOSITION:attached_pic=0
DISPOSITION:timed_thumbnails=0
[/STREAM]
[STREAM]
index=1
codec_name=h264
codec_long_name=H.264 / AVC / MPEG-4 AVC / MPEG-4 part 10
profile=Main
codec_type=video
codec_time_base=1/60
codec_tag_string=[0][0][0][0]
codec_tag=0x0000
width=1024
height=616
coded_width=1024
coded_height=624
has_b_frames=0
sample_aspect_ratio=1:1
display_aspect_ratio=128:77
pix_fmt=yuv420p
level=31
color_range=unknown
color_space=unknown
color_transfer=unknown
color_primaries=unknown
chroma_location=left
field_order=progressive
timecode=N/A
refs=1
is_avc=true
nal_length_size=4
id=N/A
r_frame_rate=10/1
avg_frame_rate=30/1
time_base=1/1000
start_pts=10
start_time=0.010000
duration_ts=N/A
duration=N/A
bit_rate=N/A
max_bit_rate=N/A
bits_per_raw_sample=8
nb_frames=N/A
nb_read_frames=N/A
nb_read_packets=N/A
DISPOSITION:default=0
DISPOSITION:dub=0
DISPOSITION:original=0
DISPOSITION:comment=0
DISPOSITION:lyrics=0
DISPOSITION:karaoke=0
DISPOSITION:forced=0
DISPOSITION:hearing_impaired=0
DISPOSITION:visual_impaired=0
DISPOSITION:clean_effects=0
DISPOSITION:attached_pic=0
DISPOSITION:timed_thumbnails=0
[/STREAM]
[FORMAT]
filename=rtmp://43.199.149.178/live/front_right
nb_streams=2
nb_programs=0
format_name=flv
format_long_name=FLV (Flash Video)
start_time=0.000000
duration=N/A
size=N/A
bit_rate=N/A
probe_score=100
TAG:title=/camera3/rtsp
TAG:comment=rtsp_image_transport
TAG:encoder=Lavf58.29.100
TAG:server=SRS/5.0.213(Bee)
TAG:server_version=5.0.213
[/FORMAT]
[AVIOContext @ 0x55829ff88640] Statistics: 666619 bytes read, 0 seeks
---------------------[ ffprobe Log End ]----------------------
SUMMARY: Status OK. Check passed because ffprobe successfully connected to the stream and retrieved its information (Exit Code: 0).

====================[ End of Check Cycle ]====================

==========================================================
                STREAM STATUS CHECK @ Tuesday, July 22, 2025 AM11:41:19 HKT
==========================================================

------------------[ Checking Stream: front_left ]------------------
URL: rtmp://43.199.149.178/live/front_left
--------------------[ ffprobe Log Start ]---------------------
ffprobe version 4.2.7-0ubuntu0.1 Copyright (c) 2007-2022 the FFmpeg developers
  built with gcc 9 (Ubuntu 9.4.0-1ubuntu1~20.04.1)
  configuration: --prefix=/usr --extra-version=0ubuntu0.1 --toolchain=hardened --libdir=/usr/lib/x86_64-linux-gnu --incdir=/usr/include/x86_64-linux-gnu --arch=amd64 --enable-gpl --disable-stripping --enable-avresample --disable-filter=resample --enable-avisynth --enable-gnutls --enable-ladspa --enable-libaom --enable-libass --enable-libbluray --enable-libbs2b --enable-libcaca --enable-libcdio --enable-libcodec2 --enable-libflite --enable-libfontconfig --enable-libfreetype --enable-libfribidi --enable-libgme --enable-libgsm --enable-libjack --enable-libmp3lame --enable-libmysofa --enable-libopenjpeg --enable-libopenmpt --enable-libopus --enable-libpulse --enable-librsvg --enable-librubberband --enable-libshine --enable-libsnappy --enable-libsoxr --enable-libspeex --enable-libssh --enable-libtheora --enable-libtwolame --enable-libvidstab --enable-libvorbis --enable-libvpx --enable-libwavpack --enable-libwebp --enable-libx265 --enable-libxml2 --enable-libxvid --enable-libzmq --enable-libzvbi --enable-lv2 --enable-omx --enable-openal --enable-opencl --enable-opengl --enable-sdl2 --enable-libdc1394 --enable-libdrm --enable-libiec61883 --enable-nvenc --enable-chromaprint --enable-frei0r --enable-libx264 --enable-shared
  libavutil      56. 31.100 / 56. 31.100
  libavcodec     58. 54.100 / 58. 54.100
  libavformat    58. 29.100 / 58. 29.100
  libavdevice    58.  8.100 / 58.  8.100
  libavfilter     7. 57.100 /  7. 57.100
  libavresample   4.  0.  0 /  4.  0.  0
  libswscale      5.  5.100 /  5.  5.100
  libswresample   3.  5.100 /  3.  5.100
  libpostproc    55.  5.100 / 55.  5.100
[tcp @ 0x564157d1bc00] Starting connection attempt to 43.199.149.178 port 1935
[tcp @ 0x564157d1bc00] Successfully connected to 43.199.149.178 port 1935
[h264 @ 0x564157d30240] Reinit context to 1024x624, pix_fmt: yuv420p
[flv @ 0x564157d1a980] max_analyze_duration 5000000 reached at 5000000 microseconds st:1
Input #0, flv, from 'rtmp://43.199.149.178/live/front_left':
  Metadata:
    title           : /camera5/rtsp
    comment         : rtsp_image_transport
    encoder         : Lavf58.29.100
    server          : SRS/5.0.213(Bee)
    server_version  : 5.0.213
  Duration: N/A, start: 0.000000, bitrate: N/A
    Stream #0:0: Data: none
    Stream #0:1: Video: h264 (Main), 1 reference frame, yuv420p(progressive, left), 1024x616 (1024x624) [SAR 1:1 DAR 128:77], 30 fps, 10 tbr, 1k tbn, 60 tbc
Unsupported codec with id 0 for input stream 0
[STREAM]
index=0
codec_name=unknown
codec_long_name=unknown
profile=unknown
codec_type=data
codec_tag_string=[0][0][0][0]
codec_tag=0x0000
id=N/A
r_frame_rate=0/0
avg_frame_rate=0/0
time_base=1/1000
start_pts=0
start_time=0.000000
duration_ts=N/A
duration=N/A
bit_rate=N/A
max_bit_rate=N/A
bits_per_raw_sample=N/A
nb_frames=N/A
nb_read_frames=N/A
nb_read_packets=N/A
DISPOSITION:default=0
DISPOSITION:dub=0
DISPOSITION:original=0
DISPOSITION:comment=0
DISPOSITION:lyrics=0
DISPOSITION:karaoke=0
DISPOSITION:forced=0
DISPOSITION:hearing_impaired=0
DISPOSITION:visual_impaired=0
DISPOSITION:clean_effects=0
DISPOSITION:attached_pic=0
DISPOSITION:timed_thumbnails=0
[/STREAM]
[STREAM]
index=1
codec_name=h264
codec_long_name=H.264 / AVC / MPEG-4 AVC / MPEG-4 part 10
profile=Main
codec_type=video
codec_time_base=1/60
codec_tag_string=[0][0][0][0]
codec_tag=0x0000
width=1024
height=616
coded_width=1024
coded_height=624
has_b_frames=0
sample_aspect_ratio=1:1
display_aspect_ratio=128:77
pix_fmt=yuv420p
level=31
color_range=unknown
color_space=unknown
color_transfer=unknown
color_primaries=unknown
chroma_location=left
field_order=progressive
timecode=N/A
refs=1
is_avc=true
nal_length_size=4
id=N/A
r_frame_rate=10/1
avg_frame_rate=30/1
time_base=1/1000
start_pts=10
start_time=0.010000
duration_ts=N/A
duration=N/A
bit_rate=N/A
max_bit_rate=N/A
bits_per_raw_sample=8
nb_frames=N/A
nb_read_frames=N/A
nb_read_packets=N/A
DISPOSITION:default=0
DISPOSITION:dub=0
DISPOSITION:original=0
DISPOSITION:comment=0
DISPOSITION:lyrics=0
DISPOSITION:karaoke=0
DISPOSITION:forced=0
DISPOSITION:hearing_impaired=0
DISPOSITION:visual_impaired=0
DISPOSITION:clean_effects=0
DISPOSITION:attached_pic=0
DISPOSITION:timed_thumbnails=0
[/STREAM]
[FORMAT]
filename=rtmp://43.199.149.178/live/front_left
nb_streams=2
nb_programs=0
format_name=flv
format_long_name=FLV (Flash Video)
start_time=0.000000
duration=N/A
size=N/A
bit_rate=N/A
probe_score=100
TAG:title=/camera5/rtsp
TAG:comment=rtsp_image_transport
TAG:encoder=Lavf58.29.100
TAG:server=SRS/5.0.213(Bee)
TAG:server_version=5.0.213
[/FORMAT]
[AVIOContext @ 0x564157d1d640] Statistics: 666288 bytes read, 0 seeks
---------------------[ ffprobe Log End ]----------------------
SUMMARY: Status OK. Check passed because ffprobe successfully connected to the stream and retrieved its information (Exit Code: 0).


------------------[ Checking Stream: front_right ]------------------
URL: rtmp://43.199.149.178/live/front_right
--------------------[ ffprobe Log Start ]---------------------
ffprobe version 4.2.7-0ubuntu0.1 Copyright (c) 2007-2022 the FFmpeg developers
  built with gcc 9 (Ubuntu 9.4.0-1ubuntu1~20.04.1)
  configuration: --prefix=/usr --extra-version=0ubuntu0.1 --toolchain=hardened --libdir=/usr/lib/x86_64-linux-gnu --incdir=/usr/include/x86_64-linux-gnu --arch=amd64 --enable-gpl --disable-stripping --enable-avresample --disable-filter=resample --enable-avisynth --enable-gnutls --enable-ladspa --enable-libaom --enable-libass --enable-libbluray --enable-libbs2b --enable-libcaca --enable-libcdio --enable-libcodec2 --enable-libflite --enable-libfontconfig --enable-libfreetype --enable-libfribidi --enable-libgme --enable-libgsm --enable-libjack --enable-libmp3lame --enable-libmysofa --enable-libopenjpeg --enable-libopenmpt --enable-libopus --enable-libpulse --enable-librsvg --enable-librubberband --enable-libshine --enable-libsnappy --enable-libsoxr --enable-libspeex --enable-libssh --enable-libtheora --enable-libtwolame --enable-libvidstab --enable-libvorbis --enable-libvpx --enable-libwavpack --enable-libwebp --enable-libx265 --enable-libxml2 --enable-libxvid --enable-libzmq --enable-libzvbi --enable-lv2 --enable-omx --enable-openal --enable-opencl --enable-opengl --enable-sdl2 --enable-libdc1394 --enable-libdrm --enable-libiec61883 --enable-nvenc --enable-chromaprint --enable-frei0r --enable-libx264 --enable-shared
  libavutil      56. 31.100 / 56. 31.100
  libavcodec     58. 54.100 / 58. 54.100
  libavformat    58. 29.100 / 58. 29.100
  libavdevice    58.  8.100 / 58.  8.100
  libavfilter     7. 57.100 /  7. 57.100
  libavresample   4.  0.  0 /  4.  0.  0
  libswscale      5.  5.100 /  5.  5.100
  libswresample   3.  5.100 /  3.  5.100
  libpostproc    55.  5.100 / 55.  5.100
[tcp @ 0x56311dc76c00] Starting connection attempt to 43.199.149.178 port 1935
[tcp @ 0x56311dc76c00] Successfully connected to 43.199.149.178 port 1935
[h264 @ 0x56311dc8b240] Reinit context to 1024x624, pix_fmt: yuv420p
[flv @ 0x56311dc75980] max_analyze_duration 5000000 reached at 5000000 microseconds st:1
Input #0, flv, from 'rtmp://43.199.149.178/live/front_right':
  Metadata:
    title           : /camera3/rtsp
    comment         : rtsp_image_transport
    encoder         : Lavf58.29.100
    server          : SRS/5.0.213(Bee)
    server_version  : 5.0.213
  Duration: N/A, start: 0.000000, bitrate: N/A
    Stream #0:0: Data: none
    Stream #0:1: Video: h264 (Main), 1 reference frame, yuv420p(progressive, left), 1024x616 (1024x624) [SAR 1:1 DAR 128:77], 30 fps, 10 tbr, 1k tbn, 60 tbc
Unsupported codec with id 0 for input stream 0
[STREAM]
index=0
codec_name=unknown
codec_long_name=unknown
profile=unknown
codec_type=data
codec_tag_string=[0][0][0][0]
codec_tag=0x0000
id=N/A
r_frame_rate=0/0
avg_frame_rate=0/0
time_base=1/1000
start_pts=0
start_time=0.000000
duration_ts=N/A
duration=N/A
bit_rate=N/A
max_bit_rate=N/A
bits_per_raw_sample=N/A
nb_frames=N/A
nb_read_frames=N/A
nb_read_packets=N/A
DISPOSITION:default=0
DISPOSITION:dub=0
DISPOSITION:original=0
DISPOSITION:comment=0
DISPOSITION:lyrics=0
DISPOSITION:karaoke=0
DISPOSITION:forced=0
DISPOSITION:hearing_impaired=0
DISPOSITION:visual_impaired=0
DISPOSITION:clean_effects=0
DISPOSITION:attached_pic=0
DISPOSITION:timed_thumbnails=0
[/STREAM]
[STREAM]
index=1
codec_name=h264
codec_long_name=H.264 / AVC / MPEG-4 AVC / MPEG-4 part 10
profile=Main
codec_type=video
codec_time_base=1/60
codec_tag_string=[0][0][0][0]
codec_tag=0x0000
width=1024
height=616
coded_width=1024
coded_height=624
has_b_frames=0
sample_aspect_ratio=1:1
display_aspect_ratio=128:77
pix_fmt=yuv420p
level=31
color_range=unknown
color_space=unknown
color_transfer=unknown
color_primaries=unknown
chroma_location=left
field_order=progressive
timecode=N/A
refs=1
is_avc=true
nal_length_size=4
id=N/A
r_frame_rate=10/1
avg_frame_rate=30/1
time_base=1/1000
start_pts=10
start_time=0.010000
duration_ts=N/A
duration=N/A
bit_rate=N/A
max_bit_rate=N/A
bits_per_raw_sample=8
nb_frames=N/A
nb_read_frames=N/A
nb_read_packets=N/A
DISPOSITION:default=0
DISPOSITION:dub=0
DISPOSITION:original=0
DISPOSITION:comment=0
DISPOSITION:lyrics=0
DISPOSITION:karaoke=0
DISPOSITION:forced=0
DISPOSITION:hearing_impaired=0
DISPOSITION:visual_impaired=0
DISPOSITION:clean_effects=0
DISPOSITION:attached_pic=0
DISPOSITION:timed_thumbnails=0
[/STREAM]
[FORMAT]
filename=rtmp://43.199.149.178/live/front_right
nb_streams=2
nb_programs=0
format_name=flv
format_long_name=FLV (Flash Video)
start_time=0.000000
duration=N/A
size=N/A
bit_rate=N/A
probe_score=100
TAG:title=/camera3/rtsp
TAG:comment=rtsp_image_transport
TAG:encoder=Lavf58.29.100
TAG:server=SRS/5.0.213(Bee)
TAG:server_version=5.0.213
[/FORMAT]
[AVIOContext @ 0x56311dc78640] Statistics: 645294 bytes read, 0 seeks
---------------------[ ffprobe Log End ]----------------------
SUMMARY: Status OK. Check passed because ffprobe successfully connected to the stream and retrieved its information (Exit Code: 0).

====================[ End of Check Cycle ]====================

==========================================================
                STREAM STATUS CHECK @ Tuesday, July 22, 2025 AM11:42:49 HKT
==========================================================

------------------[ Checking Stream: front_left ]------------------
URL: rtmp://43.199.149.178/live/front_left
--------------------[ ffprobe Log Start ]---------------------
ffprobe version 4.2.7-0ubuntu0.1 Copyright (c) 2007-2022 the FFmpeg developers
  built with gcc 9 (Ubuntu 9.4.0-1ubuntu1~20.04.1)
  configuration: --prefix=/usr --extra-version=0ubuntu0.1 --toolchain=hardened --libdir=/usr/lib/x86_64-linux-gnu --incdir=/usr/include/x86_64-linux-gnu --arch=amd64 --enable-gpl --disable-stripping --enable-avresample --disable-filter=resample --enable-avisynth --enable-gnutls --enable-ladspa --enable-libaom --enable-libass --enable-libbluray --enable-libbs2b --enable-libcaca --enable-libcdio --enable-libcodec2 --enable-libflite --enable-libfontconfig --enable-libfreetype --enable-libfribidi --enable-libgme --enable-libgsm --enable-libjack --enable-libmp3lame --enable-libmysofa --enable-libopenjpeg --enable-libopenmpt --enable-libopus --enable-libpulse --enable-librsvg --enable-librubberband --enable-libshine --enable-libsnappy --enable-libsoxr --enable-libspeex --enable-libssh --enable-libtheora --enable-libtwolame --enable-libvidstab --enable-libvorbis --enable-libvpx --enable-libwavpack --enable-libwebp --enable-libx265 --enable-libxml2 --enable-libxvid --enable-libzmq --enable-libzvbi --enable-lv2 --enable-omx --enable-openal --enable-opencl --enable-opengl --enable-sdl2 --enable-libdc1394 --enable-libdrm --enable-libiec61883 --enable-nvenc --enable-chromaprint --enable-frei0r --enable-libx264 --enable-shared
  libavutil      56. 31.100 / 56. 31.100
  libavcodec     58. 54.100 / 58. 54.100
  libavformat    58. 29.100 / 58. 29.100
  libavdevice    58.  8.100 / 58.  8.100
  libavfilter     7. 57.100 /  7. 57.100
  libavresample   4.  0.  0 /  4.  0.  0
  libswscale      5.  5.100 /  5.  5.100
  libswresample   3.  5.100 /  3.  5.100
  libpostproc    55.  5.100 / 55.  5.100
[tcp @ 0x5652fd5eac00] Starting connection attempt to 43.199.149.178 port 1935
[tcp @ 0x5652fd5eac00] Successfully connected to 43.199.149.178 port 1935
[h264 @ 0x5652fd5eefc0] Reinit context to 1024x624, pix_fmt: yuv420p
[flv @ 0x5652fd5e9980] max_analyze_duration 5000000 reached at 5000000 microseconds st:1
Input #0, flv, from 'rtmp://43.199.149.178/live/front_left':
  Metadata:
    title           : /camera5/rtsp
    comment         : rtsp_image_transport
    encoder         : Lavf58.29.100
    server          : SRS/5.0.213(Bee)
    server_version  : 5.0.213
  Duration: N/A, start: 0.000000, bitrate: N/A
    Stream #0:0: Data: none
    Stream #0:1: Video: h264 (Main), 1 reference frame, yuv420p(progressive, left), 1024x616 (1024x624) [SAR 1:1 DAR 128:77], 30 fps, 10 tbr, 1k tbn, 60 tbc
Unsupported codec with id 0 for input stream 0
[STREAM]
index=0
codec_name=unknown
codec_long_name=unknown
profile=unknown
codec_type=data
codec_tag_string=[0][0][0][0]
codec_tag=0x0000
id=N/A
r_frame_rate=0/0
avg_frame_rate=0/0
time_base=1/1000
start_pts=0
start_time=0.000000
duration_ts=N/A
duration=N/A
bit_rate=N/A
max_bit_rate=N/A
bits_per_raw_sample=N/A
nb_frames=N/A
nb_read_frames=N/A
nb_read_packets=N/A
DISPOSITION:default=0
DISPOSITION:dub=0
DISPOSITION:original=0
DISPOSITION:comment=0
DISPOSITION:lyrics=0
DISPOSITION:karaoke=0
DISPOSITION:forced=0
DISPOSITION:hearing_impaired=0
DISPOSITION:visual_impaired=0
DISPOSITION:clean_effects=0
DISPOSITION:attached_pic=0
DISPOSITION:timed_thumbnails=0
[/STREAM]
[STREAM]
index=1
codec_name=h264
codec_long_name=H.264 / AVC / MPEG-4 AVC / MPEG-4 part 10
profile=Main
codec_type=video
codec_time_base=1/60
codec_tag_string=[0][0][0][0]
codec_tag=0x0000
width=1024
height=616
coded_width=1024
coded_height=624
has_b_frames=0
sample_aspect_ratio=1:1
display_aspect_ratio=128:77
pix_fmt=yuv420p
level=31
color_range=unknown
color_space=unknown
color_transfer=unknown
color_primaries=unknown
chroma_location=left
field_order=progressive
timecode=N/A
refs=1
is_avc=true
nal_length_size=4
id=N/A
r_frame_rate=10/1
avg_frame_rate=30/1
time_base=1/1000
start_pts=10
start_time=0.010000
duration_ts=N/A
duration=N/A
bit_rate=N/A
max_bit_rate=N/A
bits_per_raw_sample=8
nb_frames=N/A
nb_read_frames=N/A
nb_read_packets=N/A
DISPOSITION:default=0
DISPOSITION:dub=0
DISPOSITION:original=0
DISPOSITION:comment=0
DISPOSITION:lyrics=0
DISPOSITION:karaoke=0
DISPOSITION:forced=0
DISPOSITION:hearing_impaired=0
DISPOSITION:visual_impaired=0
DISPOSITION:clean_effects=0
DISPOSITION:attached_pic=0
DISPOSITION:timed_thumbnails=0
[/STREAM]
[FORMAT]
filename=rtmp://43.199.149.178/live/front_left
nb_streams=2
nb_programs=0
format_name=flv
format_long_name=FLV (Flash Video)
start_time=0.000000
duration=N/A
size=N/A
bit_rate=N/A
probe_score=100
TAG:title=/camera5/rtsp
TAG:comment=rtsp_image_transport
TAG:encoder=Lavf58.29.100
TAG:server=SRS/5.0.213(Bee)
TAG:server_version=5.0.213
[/FORMAT]
[AVIOContext @ 0x5652fd5ec640] Statistics: 620303 bytes read, 0 seeks
---------------------[ ffprobe Log End ]----------------------
SUMMARY: Status OK. Check passed because ffprobe successfully connected to the stream and retrieved its information (Exit Code: 0).


------------------[ Checking Stream: front_right ]------------------
URL: rtmp://43.199.149.178/live/front_right
--------------------[ ffprobe Log Start ]---------------------
ffprobe version 4.2.7-0ubuntu0.1 Copyright (c) 2007-2022 the FFmpeg developers
  built with gcc 9 (Ubuntu 9.4.0-1ubuntu1~20.04.1)
  configuration: --prefix=/usr --extra-version=0ubuntu0.1 --toolchain=hardened --libdir=/usr/lib/x86_64-linux-gnu --incdir=/usr/include/x86_64-linux-gnu --arch=amd64 --enable-gpl --disable-stripping --enable-avresample --disable-filter=resample --enable-avisynth --enable-gnutls --enable-ladspa --enable-libaom --enable-libass --enable-libbluray --enable-libbs2b --enable-libcaca --enable-libcdio --enable-libcodec2 --enable-libflite --enable-libfontconfig --enable-libfreetype --enable-libfribidi --enable-libgme --enable-libgsm --enable-libjack --enable-libmp3lame --enable-libmysofa --enable-libopenjpeg --enable-libopenmpt --enable-libopus --enable-libpulse --enable-librsvg --enable-librubberband --enable-libshine --enable-libsnappy --enable-libsoxr --enable-libspeex --enable-libssh --enable-libtheora --enable-libtwolame --enable-libvidstab --enable-libvorbis --enable-libvpx --enable-libwavpack --enable-libwebp --enable-libx265 --enable-libxml2 --enable-libxvid --enable-libzmq --enable-libzvbi --enable-lv2 --enable-omx --enable-openal --enable-opencl --enable-opengl --enable-sdl2 --enable-libdc1394 --enable-libdrm --enable-libiec61883 --enable-nvenc --enable-chromaprint --enable-frei0r --enable-libx264 --enable-shared
  libavutil      56. 31.100 / 56. 31.100
  libavcodec     58. 54.100 / 58. 54.100
  libavformat    58. 29.100 / 58. 29.100
  libavdevice    58.  8.100 / 58.  8.100
  libavfilter     7. 57.100 /  7. 57.100
  libavresample   4.  0.  0 /  4.  0.  0
  libswscale      5.  5.100 /  5.  5.100
  libswresample   3.  5.100 /  3.  5.100
  libpostproc    55.  5.100 / 55.  5.100
[tcp @ 0x5569572fdc00] Starting connection attempt to 43.199.149.178 port 1935
[tcp @ 0x5569572fdc00] Successfully connected to 43.199.149.178 port 1935
[h264 @ 0x556957301fc0] Reinit context to 1024x624, pix_fmt: yuv420p
[flv @ 0x5569572fc980] max_analyze_duration 5000000 reached at 5000000 microseconds st:1
Input #0, flv, from 'rtmp://43.199.149.178/live/front_right':
  Metadata:
    title           : /camera3/rtsp
    comment         : rtsp_image_transport
    encoder         : Lavf58.29.100
    server          : SRS/5.0.213(Bee)
    server_version  : 5.0.213
  Duration: N/A, start: 0.000000, bitrate: N/A
    Stream #0:0: Data: none
    Stream #0:1: Video: h264 (Main), 1 reference frame, yuv420p(progressive, left), 1024x616 (1024x624) [SAR 1:1 DAR 128:77], 30 fps, 10 tbr, 1k tbn, 60 tbc
Unsupported codec with id 0 for input stream 0
[STREAM]
index=0
codec_name=unknown
codec_long_name=unknown
profile=unknown
codec_type=data
codec_tag_string=[0][0][0][0]
codec_tag=0x0000
id=N/A
r_frame_rate=0/0
avg_frame_rate=0/0
time_base=1/1000
start_pts=0
start_time=0.000000
duration_ts=N/A
duration=N/A
bit_rate=N/A
max_bit_rate=N/A
bits_per_raw_sample=N/A
nb_frames=N/A
nb_read_frames=N/A
nb_read_packets=N/A
DISPOSITION:default=0
DISPOSITION:dub=0
DISPOSITION:original=0
DISPOSITION:comment=0
DISPOSITION:lyrics=0
DISPOSITION:karaoke=0
DISPOSITION:forced=0
DISPOSITION:hearing_impaired=0
DISPOSITION:visual_impaired=0
DISPOSITION:clean_effects=0
DISPOSITION:attached_pic=0
DISPOSITION:timed_thumbnails=0
[/STREAM]
[STREAM]
index=1
codec_name=h264
codec_long_name=H.264 / AVC / MPEG-4 AVC / MPEG-4 part 10
profile=Main
codec_type=video
codec_time_base=1/60
codec_tag_string=[0][0][0][0]
codec_tag=0x0000
width=1024
height=616
coded_width=1024
coded_height=624
has_b_frames=0
sample_aspect_ratio=1:1
display_aspect_ratio=128:77
pix_fmt=yuv420p
level=31
color_range=unknown
color_space=unknown
color_transfer=unknown
color_primaries=unknown
chroma_location=left
field_order=progressive
timecode=N/A
refs=1
is_avc=true
nal_length_size=4
id=N/A
r_frame_rate=10/1
avg_frame_rate=30/1
time_base=1/1000
start_pts=10
start_time=0.010000
duration_ts=N/A
duration=N/A
bit_rate=N/A
max_bit_rate=N/A
bits_per_raw_sample=8
nb_frames=N/A
nb_read_frames=N/A
nb_read_packets=N/A
DISPOSITION:default=0
DISPOSITION:dub=0
DISPOSITION:original=0
DISPOSITION:comment=0
DISPOSITION:lyrics=0
DISPOSITION:karaoke=0
DISPOSITION:forced=0
DISPOSITION:hearing_impaired=0
DISPOSITION:visual_impaired=0
DISPOSITION:clean_effects=0
DISPOSITION:attached_pic=0
DISPOSITION:timed_thumbnails=0
[/STREAM]
[FORMAT]
filename=rtmp://43.199.149.178/live/front_right
nb_streams=2
nb_programs=0
format_name=flv
format_long_name=FLV (Flash Video)
start_time=0.000000
duration=N/A
size=N/A
bit_rate=N/A
probe_score=100
TAG:title=/camera3/rtsp
TAG:comment=rtsp_image_transport
TAG:encoder=Lavf58.29.100
TAG:server=SRS/5.0.213(Bee)
TAG:server_version=5.0.213
[/FORMAT]
[AVIOContext @ 0x5569572ff640] Statistics: 664927 bytes read, 0 seeks
---------------------[ ffprobe Log End ]----------------------
SUMMARY: Status OK. Check passed because ffprobe successfully connected to the stream and retrieved its information (Exit Code: 0).

====================[ End of Check Cycle ]====================

==========================================================
                STREAM STATUS CHECK @ Tuesday, July 22, 2025 AM11:44:19 HKT
==========================================================

------------------[ Checking Stream: front_left ]------------------
URL: rtmp://43.199.149.178/live/front_left
--------------------[ ffprobe Log Start ]---------------------
ffprobe version 4.2.7-0ubuntu0.1 Copyright (c) 2007-2022 the FFmpeg developers
  built with gcc 9 (Ubuntu 9.4.0-1ubuntu1~20.04.1)
  configuration: --prefix=/usr --extra-version=0ubuntu0.1 --toolchain=hardened --libdir=/usr/lib/x86_64-linux-gnu --incdir=/usr/include/x86_64-linux-gnu --arch=amd64 --enable-gpl --disable-stripping --enable-avresample --disable-filter=resample --enable-avisynth --enable-gnutls --enable-ladspa --enable-libaom --enable-libass --enable-libbluray --enable-libbs2b --enable-libcaca --enable-libcdio --enable-libcodec2 --enable-libflite --enable-libfontconfig --enable-libfreetype --enable-libfribidi --enable-libgme --enable-libgsm --enable-libjack --enable-libmp3lame --enable-libmysofa --enable-libopenjpeg --enable-libopenmpt --enable-libopus --enable-libpulse --enable-librsvg --enable-librubberband --enable-libshine --enable-libsnappy --enable-libsoxr --enable-libspeex --enable-libssh --enable-libtheora --enable-libtwolame --enable-libvidstab --enable-libvorbis --enable-libvpx --enable-libwavpack --enable-libwebp --enable-libx265 --enable-libxml2 --enable-libxvid --enable-libzmq --enable-libzvbi --enable-lv2 --enable-omx --enable-openal --enable-opencl --enable-opengl --enable-sdl2 --enable-libdc1394 --enable-libdrm --enable-libiec61883 --enable-nvenc --enable-chromaprint --enable-frei0r --enable-libx264 --enable-shared
  libavutil      56. 31.100 / 56. 31.100
  libavcodec     58. 54.100 / 58. 54.100
  libavformat    58. 29.100 / 58. 29.100
  libavdevice    58.  8.100 / 58.  8.100
  libavfilter     7. 57.100 /  7. 57.100
  libavresample   4.  0.  0 /  4.  0.  0
  libswscale      5.  5.100 /  5.  5.100
  libswresample   3.  5.100 /  3.  5.100
  libpostproc    55.  5.100 / 55.  5.100
[tcp @ 0x55c765f71c00] Starting connection attempt to 43.199.149.178 port 1935
[tcp @ 0x55c765f71c00] Successfully connected to 43.199.149.178 port 1935
[h264 @ 0x55c765f75fc0] Reinit context to 1024x624, pix_fmt: yuv420p
[flv @ 0x55c765f70980] max_analyze_duration 5000000 reached at 5000000 microseconds st:1
Input #0, flv, from 'rtmp://43.199.149.178/live/front_left':
  Metadata:
    title           : /camera5/rtsp
    comment         : rtsp_image_transport
    encoder         : Lavf58.29.100
    server          : SRS/5.0.213(Bee)
    server_version  : 5.0.213
  Duration: N/A, start: 0.000000, bitrate: N/A
    Stream #0:0: Data: none
    Stream #0:1: Video: h264 (Main), 1 reference frame, yuv420p(progressive, left), 1024x616 (1024x624) [SAR 1:1 DAR 128:77], 30 fps, 10 tbr, 1k tbn, 60 tbc
Unsupported codec with id 0 for input stream 0
[STREAM]
index=0
codec_name=unknown
codec_long_name=unknown
profile=unknown
codec_type=data
codec_tag_string=[0][0][0][0]
codec_tag=0x0000
id=N/A
r_frame_rate=0/0
avg_frame_rate=0/0
time_base=1/1000
start_pts=0
start_time=0.000000
duration_ts=N/A
duration=N/A
bit_rate=N/A
max_bit_rate=N/A
bits_per_raw_sample=N/A
nb_frames=N/A
nb_read_frames=N/A
nb_read_packets=N/A
DISPOSITION:default=0
DISPOSITION:dub=0
DISPOSITION:original=0
DISPOSITION:comment=0
DISPOSITION:lyrics=0
DISPOSITION:karaoke=0
DISPOSITION:forced=0
DISPOSITION:hearing_impaired=0
DISPOSITION:visual_impaired=0
DISPOSITION:clean_effects=0
DISPOSITION:attached_pic=0
DISPOSITION:timed_thumbnails=0
[/STREAM]
[STREAM]
index=1
codec_name=h264
codec_long_name=H.264 / AVC / MPEG-4 AVC / MPEG-4 part 10
profile=Main
codec_type=video
codec_time_base=1/60
codec_tag_string=[0][0][0][0]
codec_tag=0x0000
width=1024
height=616
coded_width=1024
coded_height=624
has_b_frames=0
sample_aspect_ratio=1:1
display_aspect_ratio=128:77
pix_fmt=yuv420p
level=31
color_range=unknown
color_space=unknown
color_transfer=unknown
color_primaries=unknown
chroma_location=left
field_order=progressive
timecode=N/A
refs=1
is_avc=true
nal_length_size=4
id=N/A
r_frame_rate=10/1
avg_frame_rate=30/1
time_base=1/1000
start_pts=10
start_time=0.010000
duration_ts=N/A
duration=N/A
bit_rate=N/A
max_bit_rate=N/A
bits_per_raw_sample=8
nb_frames=N/A
nb_read_frames=N/A
nb_read_packets=N/A
DISPOSITION:default=0
DISPOSITION:dub=0
DISPOSITION:original=0
DISPOSITION:comment=0
DISPOSITION:lyrics=0
DISPOSITION:karaoke=0
DISPOSITION:forced=0
DISPOSITION:hearing_impaired=0
DISPOSITION:visual_impaired=0
DISPOSITION:clean_effects=0
DISPOSITION:attached_pic=0
DISPOSITION:timed_thumbnails=0
[/STREAM]
[FORMAT]
filename=rtmp://43.199.149.178/live/front_left
nb_streams=2
nb_programs=0
format_name=flv
format_long_name=FLV (Flash Video)
start_time=0.000000
duration=N/A
size=N/A
bit_rate=N/A
probe_score=100
TAG:title=/camera5/rtsp
TAG:comment=rtsp_image_transport
TAG:encoder=Lavf58.29.100
TAG:server=SRS/5.0.213(Bee)
TAG:server_version=5.0.213
[/FORMAT]
[AVIOContext @ 0x55c765f73640] Statistics: 639174 bytes read, 0 seeks
---------------------[ ffprobe Log End ]----------------------
SUMMARY: Status OK. Check passed because ffprobe successfully connected to the stream and retrieved its information (Exit Code: 0).


------------------[ Checking Stream: front_right ]------------------
URL: rtmp://43.199.149.178/live/front_right
--------------------[ ffprobe Log Start ]---------------------
ffprobe version 4.2.7-0ubuntu0.1 Copyright (c) 2007-2022 the FFmpeg developers
  built with gcc 9 (Ubuntu 9.4.0-1ubuntu1~20.04.1)
  configuration: --prefix=/usr --extra-version=0ubuntu0.1 --toolchain=hardened --libdir=/usr/lib/x86_64-linux-gnu --incdir=/usr/include/x86_64-linux-gnu --arch=amd64 --enable-gpl --disable-stripping --enable-avresample --disable-filter=resample --enable-avisynth --enable-gnutls --enable-ladspa --enable-libaom --enable-libass --enable-libbluray --enable-libbs2b --enable-libcaca --enable-libcdio --enable-libcodec2 --enable-libflite --enable-libfontconfig --enable-libfreetype --enable-libfribidi --enable-libgme --enable-libgsm --enable-libjack --enable-libmp3lame --enable-libmysofa --enable-libopenjpeg --enable-libopenmpt --enable-libopus --enable-libpulse --enable-librsvg --enable-librubberband --enable-libshine --enable-libsnappy --enable-libsoxr --enable-libspeex --enable-libssh --enable-libtheora --enable-libtwolame --enable-libvidstab --enable-libvorbis --enable-libvpx --enable-libwavpack --enable-libwebp --enable-libx265 --enable-libxml2 --enable-libxvid --enable-libzmq --enable-libzvbi --enable-lv2 --enable-omx --enable-openal --enable-opencl --enable-opengl --enable-sdl2 --enable-libdc1394 --enable-libdrm --enable-libiec61883 --enable-nvenc --enable-chromaprint --enable-frei0r --enable-libx264 --enable-shared
  libavutil      56. 31.100 / 56. 31.100
  libavcodec     58. 54.100 / 58. 54.100
  libavformat    58. 29.100 / 58. 29.100
  libavdevice    58.  8.100 / 58.  8.100
  libavfilter     7. 57.100 /  7. 57.100
  libavresample   4.  0.  0 /  4.  0.  0
  libswscale      5.  5.100 /  5.  5.100
  libswresample   3.  5.100 /  3.  5.100
  libpostproc    55.  5.100 / 55.  5.100
[tcp @ 0x560829f5dc00] Starting connection attempt to 43.199.149.178 port 1935
[tcp @ 0x560829f5dc00] Successfully connected to 43.199.149.178 port 1935
[h264 @ 0x560829f61fc0] Reinit context to 1024x624, pix_fmt: yuv420p
[flv @ 0x560829f5c980] max_analyze_duration 5000000 reached at 5000000 microseconds st:1
Input #0, flv, from 'rtmp://43.199.149.178/live/front_right':
  Metadata:
    title           : /camera3/rtsp
    comment         : rtsp_image_transport
    encoder         : Lavf58.29.100
    server          : SRS/5.0.213(Bee)
    server_version  : 5.0.213
  Duration: N/A, start: 0.000000, bitrate: N/A
    Stream #0:0: Data: none
    Stream #0:1: Video: h264 (Main), 1 reference frame, yuv420p(progressive, left), 1024x616 (1024x624) [SAR 1:1 DAR 128:77], 30 fps, 10 tbr, 1k tbn, 60 tbc
Unsupported codec with id 0 for input stream 0
[STREAM]
index=0
codec_name=unknown
codec_long_name=unknown
profile=unknown
codec_type=data
codec_tag_string=[0][0][0][0]
codec_tag=0x0000
id=N/A
r_frame_rate=0/0
avg_frame_rate=0/0
time_base=1/1000
start_pts=0
start_time=0.000000
duration_ts=N/A
duration=N/A
bit_rate=N/A
max_bit_rate=N/A
bits_per_raw_sample=N/A
nb_frames=N/A
nb_read_frames=N/A
nb_read_packets=N/A
DISPOSITION:default=0
DISPOSITION:dub=0
DISPOSITION:original=0
DISPOSITION:comment=0
DISPOSITION:lyrics=0
DISPOSITION:karaoke=0
DISPOSITION:forced=0
DISPOSITION:hearing_impaired=0
DISPOSITION:visual_impaired=0
DISPOSITION:clean_effects=0
DISPOSITION:attached_pic=0
DISPOSITION:timed_thumbnails=0
[/STREAM]
[STREAM]
index=1
codec_name=h264
codec_long_name=H.264 / AVC / MPEG-4 AVC / MPEG-4 part 10
profile=Main
codec_type=video
codec_time_base=1/60
codec_tag_string=[0][0][0][0]
codec_tag=0x0000
width=1024
height=616
coded_width=1024
coded_height=624
has_b_frames=0
sample_aspect_ratio=1:1
display_aspect_ratio=128:77
pix_fmt=yuv420p
level=31
color_range=unknown
color_space=unknown
color_transfer=unknown
color_primaries=unknown
chroma_location=left
field_order=progressive
timecode=N/A
refs=1
is_avc=true
nal_length_size=4
id=N/A
r_frame_rate=10/1
avg_frame_rate=30/1
time_base=1/1000
start_pts=10
start_time=0.010000
duration_ts=N/A
duration=N/A
bit_rate=N/A
max_bit_rate=N/A
bits_per_raw_sample=8
nb_frames=N/A
nb_read_frames=N/A
nb_read_packets=N/A
DISPOSITION:default=0
DISPOSITION:dub=0
DISPOSITION:original=0
DISPOSITION:comment=0
DISPOSITION:lyrics=0
DISPOSITION:karaoke=0
DISPOSITION:forced=0
DISPOSITION:hearing_impaired=0
DISPOSITION:visual_impaired=0
DISPOSITION:clean_effects=0
DISPOSITION:attached_pic=0
DISPOSITION:timed_thumbnails=0
[/STREAM]
[FORMAT]
filename=rtmp://43.199.149.178/live/front_right
nb_streams=2
nb_programs=0
format_name=flv
format_long_name=FLV (Flash Video)
start_time=0.000000
duration=N/A
size=N/A
bit_rate=N/A
probe_score=100
TAG:title=/camera3/rtsp
TAG:comment=rtsp_image_transport
TAG:encoder=Lavf58.29.100
TAG:server=SRS/5.0.213(Bee)
TAG:server_version=5.0.213
[/FORMAT]
[AVIOContext @ 0x560829f5f640] Statistics: 673102 bytes read, 0 seeks
---------------------[ ffprobe Log End ]----------------------
SUMMARY: Status OK. Check passed because ffprobe successfully connected to the stream and retrieved its information (Exit Code: 0).

====================[ End of Check Cycle ]====================

==========================================================
                STREAM STATUS CHECK @ Tuesday, July 22, 2025 AM11:45:51 HKT
==========================================================

------------------[ Checking Stream: front_left ]------------------
URL: rtmp://43.199.149.178/live/front_left
--------------------[ ffprobe Log Start ]---------------------
ffprobe version 4.2.7-0ubuntu0.1 Copyright (c) 2007-2022 the FFmpeg developers
  built with gcc 9 (Ubuntu 9.4.0-1ubuntu1~20.04.1)
  configuration: --prefix=/usr --extra-version=0ubuntu0.1 --toolchain=hardened --libdir=/usr/lib/x86_64-linux-gnu --incdir=/usr/include/x86_64-linux-gnu --arch=amd64 --enable-gpl --disable-stripping --enable-avresample --disable-filter=resample --enable-avisynth --enable-gnutls --enable-ladspa --enable-libaom --enable-libass --enable-libbluray --enable-libbs2b --enable-libcaca --enable-libcdio --enable-libcodec2 --enable-libflite --enable-libfontconfig --enable-libfreetype --enable-libfribidi --enable-libgme --enable-libgsm --enable-libjack --enable-libmp3lame --enable-libmysofa --enable-libopenjpeg --enable-libopenmpt --enable-libopus --enable-libpulse --enable-librsvg --enable-librubberband --enable-libshine --enable-libsnappy --enable-libsoxr --enable-libspeex --enable-libssh --enable-libtheora --enable-libtwolame --enable-libvidstab --enable-libvorbis --enable-libvpx --enable-libwavpack --enable-libwebp --enable-libx265 --enable-libxml2 --enable-libxvid --enable-libzmq --enable-libzvbi --enable-lv2 --enable-omx --enable-openal --enable-opencl --enable-opengl --enable-sdl2 --enable-libdc1394 --enable-libdrm --enable-libiec61883 --enable-nvenc --enable-chromaprint --enable-frei0r --enable-libx264 --enable-shared
  libavutil      56. 31.100 / 56. 31.100
  libavcodec     58. 54.100 / 58. 54.100
  libavformat    58. 29.100 / 58. 29.100
  libavdevice    58.  8.100 / 58.  8.100
  libavfilter     7. 57.100 /  7. 57.100
  libavresample   4.  0.  0 /  4.  0.  0
  libswscale      5.  5.100 /  5.  5.100
  libswresample   3.  5.100 /  3.  5.100
  libpostproc    55.  5.100 / 55.  5.100
[tcp @ 0x556d892c9c00] Starting connection attempt to 43.199.149.178 port 1935
[tcp @ 0x556d892c9c00] Successfully connected to 43.199.149.178 port 1935
[h264 @ 0x556d892cdfc0] Reinit context to 1024x624, pix_fmt: yuv420p
[flv @ 0x556d892c8980] max_analyze_duration 5000000 reached at 5000000 microseconds st:1
Input #0, flv, from 'rtmp://43.199.149.178/live/front_left':
  Metadata:
    title           : /camera5/rtsp
    comment         : rtsp_image_transport
    encoder         : Lavf58.29.100
    server          : SRS/5.0.213(Bee)
    server_version  : 5.0.213
  Duration: N/A, start: 0.000000, bitrate: N/A
    Stream #0:0: Data: none
    Stream #0:1: Video: h264 (Main), 1 reference frame, yuv420p(progressive, left), 1024x616 (1024x624) [SAR 1:1 DAR 128:77], 30 fps, 10 tbr, 1k tbn, 60 tbc
Unsupported codec with id 0 for input stream 0
[STREAM]
index=0
codec_name=unknown
codec_long_name=unknown
profile=unknown
codec_type=data
codec_tag_string=[0][0][0][0]
codec_tag=0x0000
id=N/A
r_frame_rate=0/0
avg_frame_rate=0/0
time_base=1/1000
start_pts=0
start_time=0.000000
duration_ts=N/A
duration=N/A
bit_rate=N/A
max_bit_rate=N/A
bits_per_raw_sample=N/A
nb_frames=N/A
nb_read_frames=N/A
nb_read_packets=N/A
DISPOSITION:default=0
DISPOSITION:dub=0
DISPOSITION:original=0
DISPOSITION:comment=0
DISPOSITION:lyrics=0
DISPOSITION:karaoke=0
DISPOSITION:forced=0
DISPOSITION:hearing_impaired=0
DISPOSITION:visual_impaired=0
DISPOSITION:clean_effects=0
DISPOSITION:attached_pic=0
DISPOSITION:timed_thumbnails=0
[/STREAM]
[STREAM]
index=1
codec_name=h264
codec_long_name=H.264 / AVC / MPEG-4 AVC / MPEG-4 part 10
profile=Main
codec_type=video
codec_time_base=1/60
codec_tag_string=[0][0][0][0]
codec_tag=0x0000
width=1024
height=616
coded_width=1024
coded_height=624
has_b_frames=0
sample_aspect_ratio=1:1
display_aspect_ratio=128:77
pix_fmt=yuv420p
level=31
color_range=unknown
color_space=unknown
color_transfer=unknown
color_primaries=unknown
chroma_location=left
field_order=progressive
timecode=N/A
refs=1
is_avc=true
nal_length_size=4
id=N/A
r_frame_rate=10/1
avg_frame_rate=30/1
time_base=1/1000
start_pts=10
start_time=0.010000
duration_ts=N/A
duration=N/A
bit_rate=N/A
max_bit_rate=N/A
bits_per_raw_sample=8
nb_frames=N/A
nb_read_frames=N/A
nb_read_packets=N/A
DISPOSITION:default=0
DISPOSITION:dub=0
DISPOSITION:original=0
DISPOSITION:comment=0
DISPOSITION:lyrics=0
DISPOSITION:karaoke=0
DISPOSITION:forced=0
DISPOSITION:hearing_impaired=0
DISPOSITION:visual_impaired=0
DISPOSITION:clean_effects=0
DISPOSITION:attached_pic=0
DISPOSITION:timed_thumbnails=0
[/STREAM]
[FORMAT]
filename=rtmp://43.199.149.178/live/front_left
nb_streams=2
nb_programs=0
format_name=flv
format_long_name=FLV (Flash Video)
start_time=0.000000
duration=N/A
size=N/A
bit_rate=N/A
probe_score=100
TAG:title=/camera5/rtsp
TAG:comment=rtsp_image_transport
TAG:encoder=Lavf58.29.100
TAG:server=SRS/5.0.213(Bee)
TAG:server_version=5.0.213
[/FORMAT]
[AVIOContext @ 0x556d892cb640] Statistics: 643842 bytes read, 0 seeks
---------------------[ ffprobe Log End ]----------------------
SUMMARY: Status OK. Check passed because ffprobe successfully connected to the stream and retrieved its information (Exit Code: 0).


------------------[ Checking Stream: front_right ]------------------
URL: rtmp://43.199.149.178/live/front_right
--------------------[ ffprobe Log Start ]---------------------
ffprobe version 4.2.7-0ubuntu0.1 Copyright (c) 2007-2022 the FFmpeg developers
  built with gcc 9 (Ubuntu 9.4.0-1ubuntu1~20.04.1)
  configuration: --prefix=/usr --extra-version=0ubuntu0.1 --toolchain=hardened --libdir=/usr/lib/x86_64-linux-gnu --incdir=/usr/include/x86_64-linux-gnu --arch=amd64 --enable-gpl --disable-stripping --enable-avresample --disable-filter=resample --enable-avisynth --enable-gnutls --enable-ladspa --enable-libaom --enable-libass --enable-libbluray --enable-libbs2b --enable-libcaca --enable-libcdio --enable-libcodec2 --enable-libflite --enable-libfontconfig --enable-libfreetype --enable-libfribidi --enable-libgme --enable-libgsm --enable-libjack --enable-libmp3lame --enable-libmysofa --enable-libopenjpeg --enable-libopenmpt --enable-libopus --enable-libpulse --enable-librsvg --enable-librubberband --enable-libshine --enable-libsnappy --enable-libsoxr --enable-libspeex --enable-libssh --enable-libtheora --enable-libtwolame --enable-libvidstab --enable-libvorbis --enable-libvpx --enable-libwavpack --enable-libwebp --enable-libx265 --enable-libxml2 --enable-libxvid --enable-libzmq --enable-libzvbi --enable-lv2 --enable-omx --enable-openal --enable-opencl --enable-opengl --enable-sdl2 --enable-libdc1394 --enable-libdrm --enable-libiec61883 --enable-nvenc --enable-chromaprint --enable-frei0r --enable-libx264 --enable-shared
  libavutil      56. 31.100 / 56. 31.100
  libavcodec     58. 54.100 / 58. 54.100
  libavformat    58. 29.100 / 58. 29.100
  libavdevice    58.  8.100 / 58.  8.100
  libavfilter     7. 57.100 /  7. 57.100
  libavresample   4.  0.  0 /  4.  0.  0
  libswscale      5.  5.100 /  5.  5.100
  libswresample   3.  5.100 /  3.  5.100
  libpostproc    55.  5.100 / 55.  5.100
[tcp @ 0x55c04b283c00] Starting connection attempt to 43.199.149.178 port 1935
[tcp @ 0x55c04b283c00] Successfully connected to 43.199.149.178 port 1935
[h264 @ 0x55c04b287fc0] Reinit context to 1024x624, pix_fmt: yuv420p
[flv @ 0x55c04b282980] max_analyze_duration 5000000 reached at 5000000 microseconds st:1
Input #0, flv, from 'rtmp://43.199.149.178/live/front_right':
  Metadata:
    title           : /camera3/rtsp
    comment         : rtsp_image_transport
    encoder         : Lavf58.29.100
    server          : SRS/5.0.213(Bee)
    server_version  : 5.0.213
  Duration: N/A, start: 0.000000, bitrate: N/A
    Stream #0:0: Data: none
    Stream #0:1: Video: h264 (Main), 1 reference frame, yuv420p(progressive, left), 1024x616 (1024x624) [SAR 1:1 DAR 128:77], 30 fps, 10 tbr, 1k tbn, 60 tbc
Unsupported codec with id 0 for input stream 0
[STREAM]
index=0
codec_name=unknown
codec_long_name=unknown
profile=unknown
codec_type=data
codec_tag_string=[0][0][0][0]
codec_tag=0x0000
id=N/A
r_frame_rate=0/0
avg_frame_rate=0/0
time_base=1/1000
start_pts=0
start_time=0.000000
duration_ts=N/A
duration=N/A
bit_rate=N/A
max_bit_rate=N/A
bits_per_raw_sample=N/A
nb_frames=N/A
nb_read_frames=N/A
nb_read_packets=N/A
DISPOSITION:default=0
DISPOSITION:dub=0
DISPOSITION:original=0
DISPOSITION:comment=0
DISPOSITION:lyrics=0
DISPOSITION:karaoke=0
DISPOSITION:forced=0
DISPOSITION:hearing_impaired=0
DISPOSITION:visual_impaired=0
DISPOSITION:clean_effects=0
DISPOSITION:attached_pic=0
DISPOSITION:timed_thumbnails=0
[/STREAM]
[STREAM]
index=1
codec_name=h264
codec_long_name=H.264 / AVC / MPEG-4 AVC / MPEG-4 part 10
profile=Main
codec_type=video
codec_time_base=1/60
codec_tag_string=[0][0][0][0]
codec_tag=0x0000
width=1024
height=616
coded_width=1024
coded_height=624
has_b_frames=0
sample_aspect_ratio=1:1
display_aspect_ratio=128:77
pix_fmt=yuv420p
level=31
color_range=unknown
color_space=unknown
color_transfer=unknown
color_primaries=unknown
chroma_location=left
field_order=progressive
timecode=N/A
refs=1
is_avc=true
nal_length_size=4
id=N/A
r_frame_rate=10/1
avg_frame_rate=30/1
time_base=1/1000
start_pts=10
start_time=0.010000
duration_ts=N/A
duration=N/A
bit_rate=N/A
max_bit_rate=N/A
bits_per_raw_sample=8
nb_frames=N/A
nb_read_frames=N/A
nb_read_packets=N/A
DISPOSITION:default=0
DISPOSITION:dub=0
DISPOSITION:original=0
DISPOSITION:comment=0
DISPOSITION:lyrics=0
DISPOSITION:karaoke=0
DISPOSITION:forced=0
DISPOSITION:hearing_impaired=0
DISPOSITION:visual_impaired=0
DISPOSITION:clean_effects=0
DISPOSITION:attached_pic=0
DISPOSITION:timed_thumbnails=0
[/STREAM]
[FORMAT]
filename=rtmp://43.199.149.178/live/front_right
nb_streams=2
nb_programs=0
format_name=flv
format_long_name=FLV (Flash Video)
start_time=0.000000
duration=N/A
size=N/A
bit_rate=N/A
probe_score=100
TAG:title=/camera3/rtsp
TAG:comment=rtsp_image_transport
TAG:encoder=Lavf58.29.100
TAG:server=SRS/5.0.213(Bee)
TAG:server_version=5.0.213
[/FORMAT]
[AVIOContext @ 0x55c04b285640] Statistics: 650815 bytes read, 0 seeks
---------------------[ ffprobe Log End ]----------------------
SUMMARY: Status OK. Check passed because ffprobe successfully connected to the stream and retrieved its information (Exit Code: 0).

====================[ End of Check Cycle ]====================

==========================================================
                STREAM STATUS CHECK @ Tuesday, July 22, 2025 AM11:47:18 HKT
==========================================================

------------------[ Checking Stream: front_left ]------------------
URL: rtmp://43.199.149.178/live/front_left
--------------------[ ffprobe Log Start ]---------------------
ffprobe version 4.2.7-0ubuntu0.1 Copyright (c) 2007-2022 the FFmpeg developers
  built with gcc 9 (Ubuntu 9.4.0-1ubuntu1~20.04.1)
  configuration: --prefix=/usr --extra-version=0ubuntu0.1 --toolchain=hardened --libdir=/usr/lib/x86_64-linux-gnu --incdir=/usr/include/x86_64-linux-gnu --arch=amd64 --enable-gpl --disable-stripping --enable-avresample --disable-filter=resample --enable-avisynth --enable-gnutls --enable-ladspa --enable-libaom --enable-libass --enable-libbluray --enable-libbs2b --enable-libcaca --enable-libcdio --enable-libcodec2 --enable-libflite --enable-libfontconfig --enable-libfreetype --enable-libfribidi --enable-libgme --enable-libgsm --enable-libjack --enable-libmp3lame --enable-libmysofa --enable-libopenjpeg --enable-libopenmpt --enable-libopus --enable-libpulse --enable-librsvg --enable-librubberband --enable-libshine --enable-libsnappy --enable-libsoxr --enable-libspeex --enable-libssh --enable-libtheora --enable-libtwolame --enable-libvidstab --enable-libvorbis --enable-libvpx --enable-libwavpack --enable-libwebp --enable-libx265 --enable-libxml2 --enable-libxvid --enable-libzmq --enable-libzvbi --enable-lv2 --enable-omx --enable-openal --enable-opencl --enable-opengl --enable-sdl2 --enable-libdc1394 --enable-libdrm --enable-libiec61883 --enable-nvenc --enable-chromaprint --enable-frei0r --enable-libx264 --enable-shared
  libavutil      56. 31.100 / 56. 31.100
  libavcodec     58. 54.100 / 58. 54.100
  libavformat    58. 29.100 / 58. 29.100
  libavdevice    58.  8.100 / 58.  8.100
  libavfilter     7. 57.100 /  7. 57.100
  libavresample   4.  0.  0 /  4.  0.  0
  libswscale      5.  5.100 /  5.  5.100
  libswresample   3.  5.100 /  3.  5.100
  libpostproc    55.  5.100 / 55.  5.100
[tcp @ 0x55f907af3c00] Starting connection attempt to 43.199.149.178 port 1935
[tcp @ 0x55f907af3c00] Successfully connected to 43.199.149.178 port 1935
[h264 @ 0x55f907b08240] Reinit context to 1024x624, pix_fmt: yuv420p
[flv @ 0x55f907af2980] max_analyze_duration 5000000 reached at 5000000 microseconds st:1
Input #0, flv, from 'rtmp://43.199.149.178/live/front_left':
  Metadata:
    title           : /camera5/rtsp
    comment         : rtsp_image_transport
    encoder         : Lavf58.29.100
    server          : SRS/5.0.213(Bee)
    server_version  : 5.0.213
  Duration: N/A, start: 0.000000, bitrate: N/A
    Stream #0:0: Data: none
    Stream #0:1: Video: h264 (Main), 1 reference frame, yuv420p(progressive, left), 1024x616 (1024x624) [SAR 1:1 DAR 128:77], 30 fps, 10 tbr, 1k tbn, 60 tbc
Unsupported codec with id 0 for input stream 0
[STREAM]
index=0
codec_name=unknown
codec_long_name=unknown
profile=unknown
codec_type=data
codec_tag_string=[0][0][0][0]
codec_tag=0x0000
id=N/A
r_frame_rate=0/0
avg_frame_rate=0/0
time_base=1/1000
start_pts=0
start_time=0.000000
duration_ts=N/A
duration=N/A
bit_rate=N/A
max_bit_rate=N/A
bits_per_raw_sample=N/A
nb_frames=N/A
nb_read_frames=N/A
nb_read_packets=N/A
DISPOSITION:default=0
DISPOSITION:dub=0
DISPOSITION:original=0
DISPOSITION:comment=0
DISPOSITION:lyrics=0
DISPOSITION:karaoke=0
DISPOSITION:forced=0
DISPOSITION:hearing_impaired=0
DISPOSITION:visual_impaired=0
DISPOSITION:clean_effects=0
DISPOSITION:attached_pic=0
DISPOSITION:timed_thumbnails=0
[/STREAM]
[STREAM]
index=1
codec_name=h264
codec_long_name=H.264 / AVC / MPEG-4 AVC / MPEG-4 part 10
profile=Main
codec_type=video
codec_time_base=1/60
codec_tag_string=[0][0][0][0]
codec_tag=0x0000
width=1024
height=616
coded_width=1024
coded_height=624
has_b_frames=0
sample_aspect_ratio=1:1
display_aspect_ratio=128:77
pix_fmt=yuv420p
level=31
color_range=unknown
color_space=unknown
color_transfer=unknown
color_primaries=unknown
chroma_location=left
field_order=progressive
timecode=N/A
refs=1
is_avc=true
nal_length_size=4
id=N/A
r_frame_rate=10/1
avg_frame_rate=30/1
time_base=1/1000
start_pts=10
start_time=0.010000
duration_ts=N/A
duration=N/A
bit_rate=N/A
max_bit_rate=N/A
bits_per_raw_sample=8
nb_frames=N/A
nb_read_frames=N/A
nb_read_packets=N/A
DISPOSITION:default=0
DISPOSITION:dub=0
DISPOSITION:original=0
DISPOSITION:comment=0
DISPOSITION:lyrics=0
DISPOSITION:karaoke=0
DISPOSITION:forced=0
DISPOSITION:hearing_impaired=0
DISPOSITION:visual_impaired=0
DISPOSITION:clean_effects=0
DISPOSITION:attached_pic=0
DISPOSITION:timed_thumbnails=0
[/STREAM]
[FORMAT]
filename=rtmp://43.199.149.178/live/front_left
nb_streams=2
nb_programs=0
format_name=flv
format_long_name=FLV (Flash Video)
start_time=0.000000
duration=N/A
size=N/A
bit_rate=N/A
probe_score=100
TAG:title=/camera5/rtsp
TAG:comment=rtsp_image_transport
TAG:encoder=Lavf58.29.100
TAG:server=SRS/5.0.213(Bee)
TAG:server_version=5.0.213
[/FORMAT]
[AVIOContext @ 0x55f907af5640] Statistics: 687976 bytes read, 0 seeks
---------------------[ ffprobe Log End ]----------------------
SUMMARY: Status OK. Check passed because ffprobe successfully connected to the stream and retrieved its information (Exit Code: 0).


------------------[ Checking Stream: front_right ]------------------
URL: rtmp://43.199.149.178/live/front_right
--------------------[ ffprobe Log Start ]---------------------
ffprobe version 4.2.7-0ubuntu0.1 Copyright (c) 2007-2022 the FFmpeg developers
  built with gcc 9 (Ubuntu 9.4.0-1ubuntu1~20.04.1)
  configuration: --prefix=/usr --extra-version=0ubuntu0.1 --toolchain=hardened --libdir=/usr/lib/x86_64-linux-gnu --incdir=/usr/include/x86_64-linux-gnu --arch=amd64 --enable-gpl --disable-stripping --enable-avresample --disable-filter=resample --enable-avisynth --enable-gnutls --enable-ladspa --enable-libaom --enable-libass --enable-libbluray --enable-libbs2b --enable-libcaca --enable-libcdio --enable-libcodec2 --enable-libflite --enable-libfontconfig --enable-libfreetype --enable-libfribidi --enable-libgme --enable-libgsm --enable-libjack --enable-libmp3lame --enable-libmysofa --enable-libopenjpeg --enable-libopenmpt --enable-libopus --enable-libpulse --enable-librsvg --enable-librubberband --enable-libshine --enable-libsnappy --enable-libsoxr --enable-libspeex --enable-libssh --enable-libtheora --enable-libtwolame --enable-libvidstab --enable-libvorbis --enable-libvpx --enable-libwavpack --enable-libwebp --enable-libx265 --enable-libxml2 --enable-libxvid --enable-libzmq --enable-libzvbi --enable-lv2 --enable-omx --enable-openal --enable-opencl --enable-opengl --enable-sdl2 --enable-libdc1394 --enable-libdrm --enable-libiec61883 --enable-nvenc --enable-chromaprint --enable-frei0r --enable-libx264 --enable-shared
  libavutil      56. 31.100 / 56. 31.100
  libavcodec     58. 54.100 / 58. 54.100
  libavformat    58. 29.100 / 58. 29.100
  libavdevice    58.  8.100 / 58.  8.100
  libavfilter     7. 57.100 /  7. 57.100
  libavresample   4.  0.  0 /  4.  0.  0
  libswscale      5.  5.100 /  5.  5.100
  libswresample   3.  5.100 /  3.  5.100
  libpostproc    55.  5.100 / 55.  5.100
[tcp @ 0x56197d818c00] Starting connection attempt to 43.199.149.178 port 1935
[tcp @ 0x56197d818c00] Successfully connected to 43.199.149.178 port 1935
[h264 @ 0x56197d81cfc0] Reinit context to 1024x624, pix_fmt: yuv420p
[flv @ 0x56197d817980] max_analyze_duration 5000000 reached at 5000000 microseconds st:1
Input #0, flv, from 'rtmp://43.199.149.178/live/front_right':
  Metadata:
    title           : /camera3/rtsp
    comment         : rtsp_image_transport
    encoder         : Lavf58.29.100
    server          : SRS/5.0.213(Bee)
    server_version  : 5.0.213
  Duration: N/A, start: 0.000000, bitrate: N/A
    Stream #0:0: Data: none
    Stream #0:1: Video: h264 (Main), 1 reference frame, yuv420p(progressive, left), 1024x616 (1024x624) [SAR 1:1 DAR 128:77], 30 fps, 10 tbr, 1k tbn, 60 tbc
Unsupported codec with id 0 for input stream 0
[STREAM]
index=0
codec_name=unknown
codec_long_name=unknown
profile=unknown
codec_type=data
codec_tag_string=[0][0][0][0]
codec_tag=0x0000
id=N/A
r_frame_rate=0/0
avg_frame_rate=0/0
time_base=1/1000
start_pts=0
start_time=0.000000
duration_ts=N/A
duration=N/A
bit_rate=N/A
max_bit_rate=N/A
bits_per_raw_sample=N/A
nb_frames=N/A
nb_read_frames=N/A
nb_read_packets=N/A
DISPOSITION:default=0
DISPOSITION:dub=0
DISPOSITION:original=0
DISPOSITION:comment=0
DISPOSITION:lyrics=0
DISPOSITION:karaoke=0
DISPOSITION:forced=0
DISPOSITION:hearing_impaired=0
DISPOSITION:visual_impaired=0
DISPOSITION:clean_effects=0
DISPOSITION:attached_pic=0
DISPOSITION:timed_thumbnails=0
[/STREAM]
[STREAM]
index=1
codec_name=h264
codec_long_name=H.264 / AVC / MPEG-4 AVC / MPEG-4 part 10
profile=Main
codec_type=video
codec_time_base=1/60
codec_tag_string=[0][0][0][0]
codec_tag=0x0000
width=1024
height=616
coded_width=1024
coded_height=624
has_b_frames=0
sample_aspect_ratio=1:1
display_aspect_ratio=128:77
pix_fmt=yuv420p
level=31
color_range=unknown
color_space=unknown
color_transfer=unknown
color_primaries=unknown
chroma_location=left
field_order=progressive
timecode=N/A
refs=1
is_avc=true
nal_length_size=4
id=N/A
r_frame_rate=10/1
avg_frame_rate=30/1
time_base=1/1000
start_pts=10
start_time=0.010000
duration_ts=N/A
duration=N/A
bit_rate=N/A
max_bit_rate=N/A
bits_per_raw_sample=8
nb_frames=N/A
nb_read_frames=N/A
nb_read_packets=N/A
DISPOSITION:default=0
DISPOSITION:dub=0
DISPOSITION:original=0
DISPOSITION:comment=0
DISPOSITION:lyrics=0
DISPOSITION:karaoke=0
DISPOSITION:forced=0
DISPOSITION:hearing_impaired=0
DISPOSITION:visual_impaired=0
DISPOSITION:clean_effects=0
DISPOSITION:attached_pic=0
DISPOSITION:timed_thumbnails=0
[/STREAM]
[FORMAT]
filename=rtmp://43.199.149.178/live/front_right
nb_streams=2
nb_programs=0
format_name=flv
format_long_name=FLV (Flash Video)
start_time=0.000000
duration=N/A
size=N/A
bit_rate=N/A
probe_score=100
TAG:title=/camera3/rtsp
TAG:comment=rtsp_image_transport
TAG:encoder=Lavf58.29.100
TAG:server=SRS/5.0.213(Bee)
TAG:server_version=5.0.213
[/FORMAT]
[AVIOContext @ 0x56197d81a640] Statistics: 667828 bytes read, 0 seeks
---------------------[ ffprobe Log End ]----------------------
SUMMARY: Status OK. Check passed because ffprobe successfully connected to the stream and retrieved its information (Exit Code: 0).

====================[ End of Check Cycle ]====================

==========================================================
                STREAM STATUS CHECK @ Tuesday, July 22, 2025 AM11:48:45 HKT
==========================================================

------------------[ Checking Stream: front_left ]------------------
URL: rtmp://43.199.149.178/live/front_left
--------------------[ ffprobe Log Start ]---------------------
ffprobe version 4.2.7-0ubuntu0.1 Copyright (c) 2007-2022 the FFmpeg developers
  built with gcc 9 (Ubuntu 9.4.0-1ubuntu1~20.04.1)
  configuration: --prefix=/usr --extra-version=0ubuntu0.1 --toolchain=hardened --libdir=/usr/lib/x86_64-linux-gnu --incdir=/usr/include/x86_64-linux-gnu --arch=amd64 --enable-gpl --disable-stripping --enable-avresample --disable-filter=resample --enable-avisynth --enable-gnutls --enable-ladspa --enable-libaom --enable-libass --enable-libbluray --enable-libbs2b --enable-libcaca --enable-libcdio --enable-libcodec2 --enable-libflite --enable-libfontconfig --enable-libfreetype --enable-libfribidi --enable-libgme --enable-libgsm --enable-libjack --enable-libmp3lame --enable-libmysofa --enable-libopenjpeg --enable-libopenmpt --enable-libopus --enable-libpulse --enable-librsvg --enable-librubberband --enable-libshine --enable-libsnappy --enable-libsoxr --enable-libspeex --enable-libssh --enable-libtheora --enable-libtwolame --enable-libvidstab --enable-libvorbis --enable-libvpx --enable-libwavpack --enable-libwebp --enable-libx265 --enable-libxml2 --enable-libxvid --enable-libzmq --enable-libzvbi --enable-lv2 --enable-omx --enable-openal --enable-opencl --enable-opengl --enable-sdl2 --enable-libdc1394 --enable-libdrm --enable-libiec61883 --enable-nvenc --enable-chromaprint --enable-frei0r --enable-libx264 --enable-shared
  libavutil      56. 31.100 / 56. 31.100
  libavcodec     58. 54.100 / 58. 54.100
  libavformat    58. 29.100 / 58. 29.100
  libavdevice    58.  8.100 / 58.  8.100
  libavfilter     7. 57.100 /  7. 57.100
  libavresample   4.  0.  0 /  4.  0.  0
  libswscale      5.  5.100 /  5.  5.100
  libswresample   3.  5.100 /  3.  5.100
  libpostproc    55.  5.100 / 55.  5.100
[tcp @ 0x563e33bf0c00] Starting connection attempt to 43.199.149.178 port 1935
[tcp @ 0x563e33bf0c00] Successfully connected to 43.199.149.178 port 1935
[h264 @ 0x563e33bf3400] Reinit context to 1024x624, pix_fmt: yuv420p
[h264 @ 0x563e33bf3400] error while decoding MB 48 16, bytestream -29
[h264 @ 0x563e33bf3400] concealing 1473 DC, 1473 AC, 1473 MV errors in I frame
[flv @ 0x563e33bef980] max_analyze_duration 5000000 reached at 5000000 microseconds st:1
Input #0, flv, from 'rtmp://43.199.149.178/live/front_left':
  Metadata:
    title           : /camera5/rtsp
    comment         : rtsp_image_transport
    encoder         : Lavf58.29.100
    server          : SRS/5.0.213(Bee)
    server_version  : 5.0.213
  Duration: N/A, start: 0.000000, bitrate: N/A
    Stream #0:0: Data: none
    Stream #0:1: Video: h264 (Main), 1 reference frame, yuv420p(progressive, left), 1024x616 (1024x624) [SAR 1:1 DAR 128:77], 30 fps, 10 tbr, 1k tbn, 60 tbc
Unsupported codec with id 0 for input stream 0
[STREAM]
index=0
codec_name=unknown
codec_long_name=unknown
profile=unknown
codec_type=data
codec_tag_string=[0][0][0][0]
codec_tag=0x0000
id=N/A
r_frame_rate=0/0
avg_frame_rate=0/0
time_base=1/1000
start_pts=0
start_time=0.000000
duration_ts=N/A
duration=N/A
bit_rate=N/A
max_bit_rate=N/A
bits_per_raw_sample=N/A
nb_frames=N/A
nb_read_frames=N/A
nb_read_packets=N/A
DISPOSITION:default=0
DISPOSITION:dub=0
DISPOSITION:original=0
DISPOSITION:comment=0
DISPOSITION:lyrics=0
DISPOSITION:karaoke=0
DISPOSITION:forced=0
DISPOSITION:hearing_impaired=0
DISPOSITION:visual_impaired=0
DISPOSITION:clean_effects=0
DISPOSITION:attached_pic=0
DISPOSITION:timed_thumbnails=0
[/STREAM]
[STREAM]
index=1
codec_name=h264
codec_long_name=H.264 / AVC / MPEG-4 AVC / MPEG-4 part 10
profile=Main
codec_type=video
codec_time_base=1/60
codec_tag_string=[0][0][0][0]
codec_tag=0x0000
width=1024
height=616
coded_width=1024
coded_height=624
has_b_frames=0
sample_aspect_ratio=1:1
display_aspect_ratio=128:77
pix_fmt=yuv420p
level=31
color_range=unknown
color_space=unknown
color_transfer=unknown
color_primaries=unknown
chroma_location=left
field_order=progressive
timecode=N/A
refs=1
is_avc=true
nal_length_size=4
id=N/A
r_frame_rate=10/1
avg_frame_rate=30/1
time_base=1/1000
start_pts=10
start_time=0.010000
duration_ts=N/A
duration=N/A
bit_rate=N/A
max_bit_rate=N/A
bits_per_raw_sample=8
nb_frames=N/A
nb_read_frames=N/A
nb_read_packets=N/A
DISPOSITION:default=0
DISPOSITION:dub=0
DISPOSITION:original=0
DISPOSITION:comment=0
DISPOSITION:lyrics=0
DISPOSITION:karaoke=0
DISPOSITION:forced=0
DISPOSITION:hearing_impaired=0
DISPOSITION:visual_impaired=0
DISPOSITION:clean_effects=0
DISPOSITION:attached_pic=0
DISPOSITION:timed_thumbnails=0
[/STREAM]
[FORMAT]
filename=rtmp://43.199.149.178/live/front_left
nb_streams=2
nb_programs=0
format_name=flv
format_long_name=FLV (Flash Video)
start_time=0.000000
duration=N/A
size=N/A
bit_rate=N/A
probe_score=100
TAG:title=/camera5/rtsp
TAG:comment=rtsp_image_transport
TAG:encoder=Lavf58.29.100
TAG:server=SRS/5.0.213(Bee)
TAG:server_version=5.0.213
[/FORMAT]
[AVIOContext @ 0x563e33bf2640] Statistics: 614937 bytes read, 0 seeks
---------------------[ ffprobe Log End ]----------------------
SUMMARY: Status OK. Check passed because ffprobe successfully connected to the stream and retrieved its information (Exit Code: 0).


------------------[ Checking Stream: front_right ]------------------
URL: rtmp://43.199.149.178/live/front_right
--------------------[ ffprobe Log Start ]---------------------
ffprobe version 4.2.7-0ubuntu0.1 Copyright (c) 2007-2022 the FFmpeg developers
  built with gcc 9 (Ubuntu 9.4.0-1ubuntu1~20.04.1)
  configuration: --prefix=/usr --extra-version=0ubuntu0.1 --toolchain=hardened --libdir=/usr/lib/x86_64-linux-gnu --incdir=/usr/include/x86_64-linux-gnu --arch=amd64 --enable-gpl --disable-stripping --enable-avresample --disable-filter=resample --enable-avisynth --enable-gnutls --enable-ladspa --enable-libaom --enable-libass --enable-libbluray --enable-libbs2b --enable-libcaca --enable-libcdio --enable-libcodec2 --enable-libflite --enable-libfontconfig --enable-libfreetype --enable-libfribidi --enable-libgme --enable-libgsm --enable-libjack --enable-libmp3lame --enable-libmysofa --enable-libopenjpeg --enable-libopenmpt --enable-libopus --enable-libpulse --enable-librsvg --enable-librubberband --enable-libshine --enable-libsnappy --enable-libsoxr --enable-libspeex --enable-libssh --enable-libtheora --enable-libtwolame --enable-libvidstab --enable-libvorbis --enable-libvpx --enable-libwavpack --enable-libwebp --enable-libx265 --enable-libxml2 --enable-libxvid --enable-libzmq --enable-libzvbi --enable-lv2 --enable-omx --enable-openal --enable-opencl --enable-opengl --enable-sdl2 --enable-libdc1394 --enable-libdrm --enable-libiec61883 --enable-nvenc --enable-chromaprint --enable-frei0r --enable-libx264 --enable-shared
  libavutil      56. 31.100 / 56. 31.100
  libavcodec     58. 54.100 / 58. 54.100
  libavformat    58. 29.100 / 58. 29.100
  libavdevice    58.  8.100 / 58.  8.100
  libavfilter     7. 57.100 /  7. 57.100
  libavresample   4.  0.  0 /  4.  0.  0
  libswscale      5.  5.100 /  5.  5.100
  libswresample   3.  5.100 /  3.  5.100
  libpostproc    55.  5.100 / 55.  5.100
[tcp @ 0x555ad948cc00] Starting connection attempt to 43.199.149.178 port 1935
[tcp @ 0x555ad948cc00] Successfully connected to 43.199.149.178 port 1935
[h264 @ 0x555ad948fa00] Reinit context to 1024x624, pix_fmt: yuv420p
[h264 @ 0x555ad948fa00] error while decoding MB 59 16, bytestream -10
[h264 @ 0x555ad948fa00] concealing 1462 DC, 1462 AC, 1462 MV errors in I frame
[flv @ 0x555ad948b980] max_analyze_duration 5000000 reached at 5000000 microseconds st:1
Input #0, flv, from 'rtmp://43.199.149.178/live/front_right':
  Metadata:
    title           : /camera3/rtsp
    comment         : rtsp_image_transport
    encoder         : Lavf58.29.100
    server          : SRS/5.0.213(Bee)
    server_version  : 5.0.213
  Duration: N/A, start: 0.000000, bitrate: N/A
    Stream #0:0: Data: none
    Stream #0:1: Video: h264 (Main), 1 reference frame, yuv420p(progressive, left), 1024x616 (1024x624) [SAR 1:1 DAR 128:77], 30 fps, 10 tbr, 1k tbn, 60 tbc
Unsupported codec with id 0 for input stream 0
[STREAM]
index=0
codec_name=unknown
codec_long_name=unknown
profile=unknown
codec_type=data
codec_tag_string=[0][0][0][0]
codec_tag=0x0000
id=N/A
r_frame_rate=0/0
avg_frame_rate=0/0
time_base=1/1000
start_pts=0
start_time=0.000000
duration_ts=N/A
duration=N/A
bit_rate=N/A
max_bit_rate=N/A
bits_per_raw_sample=N/A
nb_frames=N/A
nb_read_frames=N/A
nb_read_packets=N/A
DISPOSITION:default=0
DISPOSITION:dub=0
DISPOSITION:original=0
DISPOSITION:comment=0
DISPOSITION:lyrics=0
DISPOSITION:karaoke=0
DISPOSITION:forced=0
DISPOSITION:hearing_impaired=0
DISPOSITION:visual_impaired=0
DISPOSITION:clean_effects=0
DISPOSITION:attached_pic=0
DISPOSITION:timed_thumbnails=0
[/STREAM]
[STREAM]
index=1
codec_name=h264
codec_long_name=H.264 / AVC / MPEG-4 AVC / MPEG-4 part 10
profile=Main
codec_type=video
codec_time_base=1/60
codec_tag_string=[0][0][0][0]
codec_tag=0x0000
width=1024
height=616
coded_width=1024
coded_height=624
has_b_frames=0
sample_aspect_ratio=1:1
display_aspect_ratio=128:77
pix_fmt=yuv420p
level=31
color_range=unknown
color_space=unknown
color_transfer=unknown
color_primaries=unknown
chroma_location=left
field_order=progressive
timecode=N/A
refs=1
is_avc=true
nal_length_size=4
id=N/A
r_frame_rate=10/1
avg_frame_rate=30/1
time_base=1/1000
start_pts=10
start_time=0.010000
duration_ts=N/A
duration=N/A
bit_rate=N/A
max_bit_rate=N/A
bits_per_raw_sample=8
nb_frames=N/A
nb_read_frames=N/A
nb_read_packets=N/A
DISPOSITION:default=0
DISPOSITION:dub=0
DISPOSITION:original=0
DISPOSITION:comment=0
DISPOSITION:lyrics=0
DISPOSITION:karaoke=0
DISPOSITION:forced=0
DISPOSITION:hearing_impaired=0
DISPOSITION:visual_impaired=0
DISPOSITION:clean_effects=0
DISPOSITION:attached_pic=0
DISPOSITION:timed_thumbnails=0
[/STREAM]
[FORMAT]
filename=rtmp://43.199.149.178/live/front_right
nb_streams=2
nb_programs=0
format_name=flv
format_long_name=FLV (Flash Video)
start_time=0.000000
duration=N/A
size=N/A
bit_rate=N/A
probe_score=100
TAG:title=/camera3/rtsp
TAG:comment=rtsp_image_transport
TAG:encoder=Lavf58.29.100
TAG:server=SRS/5.0.213(Bee)
TAG:server_version=5.0.213
[/FORMAT]
[AVIOContext @ 0x555ad948e640] Statistics: 591883 bytes read, 0 seeks
---------------------[ ffprobe Log End ]----------------------
SUMMARY: Status OK. Check passed because ffprobe successfully connected to the stream and retrieved its information (Exit Code: 0).

====================[ End of Check Cycle ]====================

==========================================================
                STREAM STATUS CHECK @ Tuesday, July 22, 2025 AM11:50:12 HKT
==========================================================

------------------[ Checking Stream: front_left ]------------------
URL: rtmp://43.199.149.178/live/front_left
--------------------[ ffprobe Log Start ]---------------------
ffprobe version 4.2.7-0ubuntu0.1 Copyright (c) 2007-2022 the FFmpeg developers
  built with gcc 9 (Ubuntu 9.4.0-1ubuntu1~20.04.1)
  configuration: --prefix=/usr --extra-version=0ubuntu0.1 --toolchain=hardened --libdir=/usr/lib/x86_64-linux-gnu --incdir=/usr/include/x86_64-linux-gnu --arch=amd64 --enable-gpl --disable-stripping --enable-avresample --disable-filter=resample --enable-avisynth --enable-gnutls --enable-ladspa --enable-libaom --enable-libass --enable-libbluray --enable-libbs2b --enable-libcaca --enable-libcdio --enable-libcodec2 --enable-libflite --enable-libfontconfig --enable-libfreetype --enable-libfribidi --enable-libgme --enable-libgsm --enable-libjack --enable-libmp3lame --enable-libmysofa --enable-libopenjpeg --enable-libopenmpt --enable-libopus --enable-libpulse --enable-librsvg --enable-librubberband --enable-libshine --enable-libsnappy --enable-libsoxr --enable-libspeex --enable-libssh --enable-libtheora --enable-libtwolame --enable-libvidstab --enable-libvorbis --enable-libvpx --enable-libwavpack --enable-libwebp --enable-libx265 --enable-libxml2 --enable-libxvid --enable-libzmq --enable-libzvbi --enable-lv2 --enable-omx --enable-openal --enable-opencl --enable-opengl --enable-sdl2 --enable-libdc1394 --enable-libdrm --enable-libiec61883 --enable-nvenc --enable-chromaprint --enable-frei0r --enable-libx264 --enable-shared
  libavutil      56. 31.100 / 56. 31.100
  libavcodec     58. 54.100 / 58. 54.100
  libavformat    58. 29.100 / 58. 29.100
  libavdevice    58.  8.100 / 58.  8.100
  libavfilter     7. 57.100 /  7. 57.100
  libavresample   4.  0.  0 /  4.  0.  0
  libswscale      5.  5.100 /  5.  5.100
  libswresample   3.  5.100 /  3.  5.100
  libpostproc    55.  5.100 / 55.  5.100
[tcp @ 0x55c27941ec00] Starting connection attempt to 43.199.149.178 port 1935
[tcp @ 0x55c27941ec00] Successfully connected to 43.199.149.178 port 1935
[h264 @ 0x55c279433240] Reinit context to 1024x624, pix_fmt: yuv420p
[flv @ 0x55c27941d980] max_analyze_duration 5000000 reached at 5000000 microseconds st:1
Input #0, flv, from 'rtmp://43.199.149.178/live/front_left':
  Metadata:
    title           : /camera5/rtsp
    comment         : rtsp_image_transport
    encoder         : Lavf58.29.100
    server          : SRS/5.0.213(Bee)
    server_version  : 5.0.213
  Duration: N/A, start: 0.000000, bitrate: N/A
    Stream #0:0: Data: none
    Stream #0:1: Video: h264 (Main), 1 reference frame, yuv420p(progressive, left), 1024x616 (1024x624) [SAR 1:1 DAR 128:77], 30 fps, 10 tbr, 1k tbn, 60 tbc
Unsupported codec with id 0 for input stream 0
[STREAM]
index=0
codec_name=unknown
codec_long_name=unknown
profile=unknown
codec_type=data
codec_tag_string=[0][0][0][0]
codec_tag=0x0000
id=N/A
r_frame_rate=0/0
avg_frame_rate=0/0
time_base=1/1000
start_pts=0
start_time=0.000000
duration_ts=N/A
duration=N/A
bit_rate=N/A
max_bit_rate=N/A
bits_per_raw_sample=N/A
nb_frames=N/A
nb_read_frames=N/A
nb_read_packets=N/A
DISPOSITION:default=0
DISPOSITION:dub=0
DISPOSITION:original=0
DISPOSITION:comment=0
DISPOSITION:lyrics=0
DISPOSITION:karaoke=0
DISPOSITION:forced=0
DISPOSITION:hearing_impaired=0
DISPOSITION:visual_impaired=0
DISPOSITION:clean_effects=0
DISPOSITION:attached_pic=0
DISPOSITION:timed_thumbnails=0
[/STREAM]
[STREAM]
index=1
codec_name=h264
codec_long_name=H.264 / AVC / MPEG-4 AVC / MPEG-4 part 10
profile=Main
codec_type=video
codec_time_base=1/60
codec_tag_string=[0][0][0][0]
codec_tag=0x0000
width=1024
height=616
coded_width=1024
coded_height=624
has_b_frames=0
sample_aspect_ratio=1:1
display_aspect_ratio=128:77
pix_fmt=yuv420p
level=31
color_range=unknown
color_space=unknown
color_transfer=unknown
color_primaries=unknown
chroma_location=left
field_order=progressive
timecode=N/A
refs=1
is_avc=true
nal_length_size=4
id=N/A
r_frame_rate=10/1
avg_frame_rate=30/1
time_base=1/1000
start_pts=10
start_time=0.010000
duration_ts=N/A
duration=N/A
bit_rate=N/A
max_bit_rate=N/A
bits_per_raw_sample=8
nb_frames=N/A
nb_read_frames=N/A
nb_read_packets=N/A
DISPOSITION:default=0
DISPOSITION:dub=0
DISPOSITION:original=0
DISPOSITION:comment=0
DISPOSITION:lyrics=0
DISPOSITION:karaoke=0
DISPOSITION:forced=0
DISPOSITION:hearing_impaired=0
DISPOSITION:visual_impaired=0
DISPOSITION:clean_effects=0
DISPOSITION:attached_pic=0
DISPOSITION:timed_thumbnails=0
[/STREAM]
[FORMAT]
filename=rtmp://43.199.149.178/live/front_left
nb_streams=2
nb_programs=0
format_name=flv
format_long_name=FLV (Flash Video)
start_time=0.000000
duration=N/A
size=N/A
bit_rate=N/A
probe_score=100
TAG:title=/camera5/rtsp
TAG:comment=rtsp_image_transport
TAG:encoder=Lavf58.29.100
TAG:server=SRS/5.0.213(Bee)
TAG:server_version=5.0.213
[/FORMAT]
[AVIOContext @ 0x55c279420640] Statistics: 656226 bytes read, 0 seeks
---------------------[ ffprobe Log End ]----------------------
SUMMARY: Status OK. Check passed because ffprobe successfully connected to the stream and retrieved its information (Exit Code: 0).


------------------[ Checking Stream: front_right ]------------------
URL: rtmp://43.199.149.178/live/front_right
--------------------[ ffprobe Log Start ]---------------------
ffprobe version 4.2.7-0ubuntu0.1 Copyright (c) 2007-2022 the FFmpeg developers
  built with gcc 9 (Ubuntu 9.4.0-1ubuntu1~20.04.1)
  configuration: --prefix=/usr --extra-version=0ubuntu0.1 --toolchain=hardened --libdir=/usr/lib/x86_64-linux-gnu --incdir=/usr/include/x86_64-linux-gnu --arch=amd64 --enable-gpl --disable-stripping --enable-avresample --disable-filter=resample --enable-avisynth --enable-gnutls --enable-ladspa --enable-libaom --enable-libass --enable-libbluray --enable-libbs2b --enable-libcaca --enable-libcdio --enable-libcodec2 --enable-libflite --enable-libfontconfig --enable-libfreetype --enable-libfribidi --enable-libgme --enable-libgsm --enable-libjack --enable-libmp3lame --enable-libmysofa --enable-libopenjpeg --enable-libopenmpt --enable-libopus --enable-libpulse --enable-librsvg --enable-librubberband --enable-libshine --enable-libsnappy --enable-libsoxr --enable-libspeex --enable-libssh --enable-libtheora --enable-libtwolame --enable-libvidstab --enable-libvorbis --enable-libvpx --enable-libwavpack --enable-libwebp --enable-libx265 --enable-libxml2 --enable-libxvid --enable-libzmq --enable-libzvbi --enable-lv2 --enable-omx --enable-openal --enable-opencl --enable-opengl --enable-sdl2 --enable-libdc1394 --enable-libdrm --enable-libiec61883 --enable-nvenc --enable-chromaprint --enable-frei0r --enable-libx264 --enable-shared
  libavutil      56. 31.100 / 56. 31.100
  libavcodec     58. 54.100 / 58. 54.100
  libavformat    58. 29.100 / 58. 29.100
  libavdevice    58.  8.100 / 58.  8.100
  libavfilter     7. 57.100 /  7. 57.100
  libavresample   4.  0.  0 /  4.  0.  0
  libswscale      5.  5.100 /  5.  5.100
  libswresample   3.  5.100 /  3.  5.100
  libpostproc    55.  5.100 / 55.  5.100
[tcp @ 0x56362e220c00] Starting connection attempt to 43.199.149.178 port 1935
[tcp @ 0x56362e220c00] Successfully connected to 43.199.149.178 port 1935
[h264 @ 0x56362e235240] Reinit context to 1024x624, pix_fmt: yuv420p
